machine_id,day,age_years,volt,rotate,pressure,vibration,failure_type,has_failure
0,0,5.9,177.05,444.29,99.79,38.38,none,0
0,1,5.9,168.16,473.29,96.46,27.57,none,0
0,2,5.9,167.61,426.85,98.38,35.47,none,0
0,3,5.9,166.12,451.06,99.52,41.2,none,0
0,4,5.9,169.58,445.03,100.08,42.09,none,0
0,5,5.9,165.03,477.83,97.65,38.17,none,0
0,6,5.9,168.57,460.04,99.86,23.37,none,0
0,7,5.9,166.29,456.97,101.22,42.03,none,0
0,8,5.9,163.59,453.19,99.89,37.64,none,0
0,9,5.9,165.21,450.66,97.98,35.76,none,0
0,10,5.9,171.95,417.63,104.33,45.0,none,0
0,11,5.9,168.42,497.05,100.73,50.09,none,0
0,12,5.9,175.77,427.83,95.01,50.84,none,0
0,13,5.9,164.71,479.86,96.09,30.46,none,0
0,14,5.9,156.42,433.61,100.23,34.28,none,0
0,15,5.9,177.08,443.79,97.4,29.56,none,0
0,16,5.9,167.68,408.09,97.14,41.38,none,0
0,17,5.9,178.8,448.7,101.39,42.5,none,0
0,18,5.9,149.79,360.47,117.14,63.82,comp1,1
0,19,5.9,173.94,410.03,93.19,49.76,none,0
0,20,5.9,177.65,425.14,107.0,48.76,none,0
0,21,5.9,170.11,470.61,99.72,38.11,none,0
0,22,5.9,167.87,458.99,102.17,36.71,none,0
0,23,5.9,171.93,464.26,100.66,22.35,none,0
0,24,5.9,169.77,448.52,101.27,50.13,none,0
0,25,5.9,172.23,474.57,104.05,33.4,none,0
0,26,5.9,166.67,448.05,96.56,31.36,none,0
0,27,5.9,171.01,462.24,95.77,33.89,none,0
0,28,5.9,159.74,468.22,96.41,46.58,none,0
0,29,5.9,163.91,415.76,102.82,46.05,none,0
0,30,5.9,173.13,453.67,93.93,38.59,none,0
0,31,5.9,166.0,454.33,98.44,46.3,none,0
0,32,5.9,157.26,406.5,101.46,41.03,none,0
0,33,5.9,175.39,457.96,97.85,47.18,none,0
0,34,5.9,170.4,464.11,97.87,45.59,none,0
0,35,5.9,165.76,453.35,97.98,32.29,none,0
0,36,5.9,163.09,420.44,96.8,38.63,none,0
0,37,5.9,172.33,453.95,104.44,49.9,none,0
0,38,5.9,169.93,454.03,101.37,49.69,none,0
0,39,5.9,165.83,436.48,100.48,58.24,none,0
0,40,5.9,161.47,444.63,101.83,47.03,none,0
0,41,5.9,164.09,443.34,100.83,46.9,none,0
0,42,5.9,169.06,469.17,97.15,42.91,none,0
0,43,5.9,174.65,493.17,95.32,41.06,none,0
0,44,5.9,171.44,447.67,100.64,48.43,none,0
0,45,5.9,167.11,446.74,100.01,45.1,none,0
0,46,5.9,168.35,445.14,100.18,39.24,none,0
0,47,5.9,167.08,437.24,106.22,32.82,none,0
0,48,5.9,170.94,420.83,98.94,43.51,none,0
0,49,5.9,174.86,499.11,101.73,35.29,none,0
0,50,5.9,172.12,453.68,101.32,43.18,none,0
0,51,5.9,165.77,432.78,94.72,26.46,none,0
0,52,5.9,169.54,452.92,96.33,41.68,none,0
0,53,5.9,176.16,426.91,103.49,39.98,none,0
0,54,5.9,173.63,463.3,98.06,46.71,none,0
0,55,5.9,172.34,456.07,102.62,46.25,none,0
0,56,5.9,172.63,427.29,96.95,35.35,none,0
0,57,5.9,172.57,462.41,97.46,43.65,none,0
0,58,5.9,165.05,454.25,104.57,46.98,none,0
0,59,5.9,171.69,448.0,98.6,31.07,none,0
0,60,5.9,170.14,451.77,101.49,39.2,none,0
0,61,5.9,174.5,478.3,99.88,39.62,none,0
0,62,5.9,168.59,473.48,100.14,52.32,none,0
0,63,5.9,155.52,417.16,120.67,73.33,comp3,1
0,64,5.9,165.71,429.74,97.52,53.46,none,0
0,65,5.9,170.4,445.99,102.63,31.01,none,0
0,66,5.9,163.68,449.6,97.49,45.15,none,0
0,67,5.9,169.5,426.88,98.9,53.38,none,0
0,68,5.9,165.15,434.78,98.18,44.33,none,0
0,69,5.9,162.63,459.66,98.87,48.46,none,0
0,70,5.9,166.28,462.54,100.15,37.99,none,0
0,71,5.9,162.81,449.88,101.93,36.35,none,0
0,72,5.9,168.18,486.49,94.97,48.09,none,0
0,73,5.9,170.91,437.25,100.63,37.98,none,0
0,74,5.9,167.13,471.77,101.3,26.62,none,0
0,75,5.9,169.82,453.94,101.28,33.76,none,0
0,76,5.9,162.33,469.33,99.61,33.8,none,0
0,77,5.9,176.61,490.14,99.31,41.38,none,0
0,78,5.9,168.56,402.89,95.72,41.21,none,0
0,79,5.9,173.44,449.05,101.74,36.28,none,0
0,80,5.9,165.12,452.09,100.83,47.22,none,0
0,81,5.9,164.63,442.55,102.46,43.3,none,0
0,82,5.9,178.75,490.3,99.25,27.06,none,0
0,83,5.9,173.11,455.4,96.53,47.89,none,0
0,84,5.9,168.66,458.59,99.75,34.63,none,0
0,85,5.9,171.25,443.27,102.18,49.05,none,0
0,86,5.9,164.0,476.34,99.61,41.17,none,0
0,87,5.9,175.94,444.99,97.09,44.78,none,0
0,88,5.9,170.97,420.31,106.15,35.6,none,0
0,89,5.9,168.53,427.14,100.98,36.16,none,0
0,90,5.9,165.1,426.08,102.14,33.33,none,0
0,91,5.9,171.53,424.76,96.21,45.46,none,0
0,92,5.9,169.51,455.48,97.73,35.47,none,0
0,93,5.9,173.74,446.19,96.43,55.0,none,0
0,94,5.9,174.31,448.83,100.1,39.53,none,0
0,95,5.9,179.29,478.13,100.26,43.26,none,0
0,96,5.9,167.11,465.79,102.26,29.77,none,0
0,97,5.9,175.02,423.0,98.43,36.44,none,0
0,98,5.9,174.8,448.71,100.66,41.86,none,0
0,99,5.9,176.57,391.97,100.34,30.59,none,0
0,100,5.9,177.1,449.14,101.14,59.05,none,0
0,101,5.9,174.98,436.32,99.02,36.3,none,0
0,102,5.9,165.72,476.07,101.36,36.94,none,0
0,103,5.9,173.23,468.65,100.88,54.33,none,0
0,104,5.9,173.15,452.76,97.86,45.09,none,0
0,105,5.9,158.14,461.33,96.88,36.02,none,0
0,106,5.9,170.01,424.78,100.62,36.92,none,0
0,107,5.9,163.88,462.0,103.96,40.15,none,0
0,108,5.9,166.54,430.12,99.63,40.83,none,0
0,109,5.9,159.71,450.51,99.75,52.13,none,0
0,110,5.9,170.6,457.96,98.11,52.68,none,0
0,111,5.9,170.58,486.25,102.46,18.46,none,0
0,112,5.9,169.66,443.29,96.38,47.85,none,0
0,113,5.9,170.68,398.29,101.18,45.43,none,0
0,114,5.9,162.71,451.14,107.27,42.96,none,0
0,115,5.9,176.08,436.28,100.11,62.65,none,0
0,116,5.9,171.19,458.51,98.66,44.69,none,0
0,117,5.9,172.25,479.28,99.71,54.19,none,0
0,118,5.9,173.46,457.51,105.18,23.26,none,0
0,119,5.9,170.29,455.89,98.06,31.91,none,0
1,0,13.1,165.94,402.47,96.85,43.16,none,0
1,1,13.1,162.72,490.41,101.47,37.23,none,0
1,2,13.1,165.97,465.76,101.42,35.55,none,0
1,3,13.1,174.48,503.86,100.93,50.42,none,0
1,4,13.1,164.66,441.34,96.12,32.3,none,0
1,5,13.1,174.51,438.89,99.78,31.02,none,0
1,6,13.1,167.74,429.19,100.8,38.39,none,0
1,7,13.1,169.59,414.61,100.09,33.74,none,0
1,8,13.1,172.15,459.8,100.87,46.91,none,0
1,9,13.1,169.58,449.51,96.3,49.41,none,0
1,10,13.1,168.91,418.85,100.17,48.51,none,0
1,11,13.1,166.41,461.48,100.79,54.8,none,0
1,12,13.1,165.47,461.02,102.78,41.64,none,0
1,13,13.1,176.12,464.71,103.1,34.51,none,0
1,14,13.1,163.33,434.35,96.95,40.28,none,0
1,15,13.1,166.71,424.8,101.93,32.96,none,0
1,16,13.1,164.41,438.02,104.04,29.57,none,0
1,17,13.1,162.02,436.61,96.17,60.2,none,0
1,18,13.1,163.02,490.98,102.67,31.68,none,0
1,19,13.1,178.19,485.9,98.27,34.2,none,0
1,20,13.1,165.06,491.75,93.09,22.54,none,0
1,21,13.1,162.66,463.94,103.14,27.9,none,0
1,22,13.1,170.04,450.74,98.1,35.38,none,0
1,23,13.1,180.02,437.95,104.55,30.36,none,0
1,24,13.1,174.0,467.11,99.86,47.49,none,0
1,25,13.1,169.33,443.11,97.8,34.69,none,0
1,26,13.1,177.01,416.82,96.76,40.73,none,0
1,27,13.1,180.62,444.43,102.95,54.69,none,0
1,28,13.1,166.17,456.32,97.07,41.84,none,0
1,29,13.1,168.35,452.84,100.53,43.58,none,0
1,30,13.1,164.51,422.69,99.07,35.17,none,0
1,31,13.1,156.01,432.11,97.31,48.09,none,0
1,32,13.1,169.22,434.34,97.76,29.04,none,0
1,33,13.1,177.9,446.05,95.27,30.52,none,0
1,34,13.1,179.14,455.77,100.56,30.6,none,0
1,35,13.1,160.0,443.5,98.53,48.31,none,0
1,36,13.1,167.99,440.63,97.59,40.17,none,0
1,37,13.1,167.42,456.25,100.07,16.7,none,0
1,38,13.1,169.41,445.22,96.28,31.85,none,0
1,39,13.1,162.54,444.29,101.44,30.17,none,0
1,40,13.1,169.56,445.09,102.02,41.49,none,0
1,41,13.1,162.9,438.07,97.54,40.45,none,0
1,42,13.1,174.31,474.8,96.59,34.19,none,0
1,43,13.1,171.51,454.44,100.29,37.22,none,0
1,44,13.1,174.05,463.1,97.34,39.99,none,0
1,45,13.1,173.26,430.22,99.45,35.52,none,0
1,46,13.1,164.85,446.55,100.58,18.8,none,0
1,47,13.1,168.94,431.9,97.64,39.11,none,0
1,48,13.1,166.34,472.61,98.43,34.42,none,0
1,49,13.1,168.8,455.47,99.96,49.85,none,0
1,50,13.1,169.76,438.88,99.05,44.69,none,0
1,51,13.1,168.59,457.8,100.69,28.29,none,0
1,52,13.1,167.83,473.22,98.89,35.61,none,0
1,53,13.1,165.5,452.29,97.48,36.62,none,0
1,54,13.1,171.74,469.93,98.75,36.0,none,0
1,55,13.1,173.31,450.31,100.42,49.0,none,0
1,56,13.1,170.11,426.75,99.43,31.28,none,0
1,57,13.1,165.72,424.83,98.0,45.28,none,0
1,58,13.1,163.56,429.22,100.15,29.31,none,0
1,59,13.1,178.67,442.96,99.45,37.19,none,0
1,60,13.1,171.29,442.07,104.97,21.84,none,0
1,61,13.1,176.65,425.63,95.19,28.79,none,0
1,62,13.1,173.42,456.97,102.1,52.72,none,0
1,63,13.1,176.48,464.62,98.38,43.28,none,0
1,64,13.1,172.34,473.7,98.49,40.08,none,0
1,65,13.1,173.42,406.49,100.81,41.69,none,0
1,66,13.1,170.21,418.55,98.38,37.0,none,0
1,67,13.1,172.98,453.37,98.99,45.95,none,0
1,68,13.1,169.69,440.56,101.11,41.8,none,0
1,69,13.1,173.2,415.58,97.75,43.65,none,0
1,70,13.1,163.78,433.13,100.43,30.32,none,0
1,71,13.1,172.37,407.2,96.15,43.89,none,0
1,72,13.1,167.98,473.89,103.53,33.08,none,0
1,73,13.1,176.24,441.85,99.76,45.91,none,0
1,74,13.1,171.07,434.66,99.59,50.57,none,0
1,75,13.1,173.77,436.4,103.7,43.09,none,0
1,76,13.1,178.74,471.85,96.55,34.11,none,0
1,77,13.1,166.33,443.92,96.61,36.6,none,0
1,78,13.1,166.04,464.59,100.02,34.94,none,0
1,79,13.1,168.78,426.3,100.8,44.51,none,0
1,80,13.1,176.62,434.1,99.38,34.6,none,0
1,81,13.1,185.88,470.1,98.21,40.49,none,0
1,82,13.1,171.71,458.45,98.81,46.13,none,0
1,83,13.1,171.07,435.32,96.33,32.56,none,0
1,84,13.1,167.15,468.32,102.29,39.61,none,0
1,85,13.1,172.32,442.99,103.95,36.81,none,0
1,86,13.1,159.26,473.14,105.66,54.39,none,0
1,87,13.1,172.12,436.31,95.88,27.46,none,0
1,88,13.1,174.1,446.01,97.55,35.11,none,0
1,89,13.1,172.82,440.47,99.56,37.48,none,0
1,90,13.1,163.85,439.99,100.64,40.92,none,0
1,91,13.1,174.91,478.77,106.03,48.19,none,0
1,92,13.1,174.43,423.01,98.53,42.55,none,0
1,93,13.1,161.75,454.13,96.53,47.69,none,0
1,94,13.1,165.54,486.9,97.09,45.93,none,0
1,95,13.1,172.87,469.72,101.07,43.1,none,0
1,96,13.1,170.16,472.09,100.9,25.65,none,0
1,97,13.1,172.63,473.87,97.24,41.57,none,0
1,98,13.1,165.38,441.16,104.32,43.24,none,0
1,99,13.1,162.56,437.17,93.5,26.37,none,0
1,100,13.1,167.5,440.43,97.72,43.07,none,0
1,101,13.1,161.72,477.48,99.31,34.16,none,0
1,102,13.1,167.74,437.12,97.37,28.86,none,0
1,103,13.1,172.54,463.86,100.34,51.81,none,0
1,104,13.1,169.3,437.22,102.01,36.66,none,0
1,105,13.1,168.64,457.27,103.5,31.13,none,0
1,106,13.1,167.25,457.82,104.22,38.73,none,0
1,107,13.1,162.8,442.5,96.0,30.01,none,0
1,108,13.1,172.47,455.04,101.99,44.7,none,0
1,109,13.1,167.4,436.15,100.21,35.63,none,0
1,110,13.1,166.84,443.78,98.38,40.36,none,0
1,111,13.1,172.53,455.11,100.77,41.21,none,0
1,112,13.1,164.4,434.09,100.03,30.11,none,0
1,113,13.1,170.43,480.07,95.98,44.65,none,0
1,114,13.1,178.43,449.72,100.78,38.18,none,0
1,115,13.1,162.16,428.76,96.18,45.7,none,0
1,116,13.1,175.46,441.19,106.18,47.93,none,0
1,117,13.1,174.96,441.35,101.8,27.7,none,0
1,118,13.1,167.74,452.37,105.07,37.11,none,0
1,119,13.1,169.65,431.8,99.15,42.94,none,0
2,0,5.2,172.37,454.76,101.24,59.8,none,0
2,1,5.2,163.74,480.2,98.14,52.01,none,0
2,2,5.2,163.33,472.76,103.22,52.9,none,0
2,3,5.2,178.98,447.83,102.0,51.59,none,0
2,4,5.2,163.47,464.81,101.52,47.07,none,0
2,5,5.2,166.42,462.48,98.9,39.04,none,0
2,6,5.2,166.45,467.91,100.35,43.88,none,0
2,7,5.2,161.71,459.18,105.32,40.19,none,0
2,8,5.2,166.37,445.63,100.29,41.8,none,0
2,9,5.2,179.08,449.5,101.63,36.23,none,0
2,10,5.2,174.85,444.27,100.13,36.71,none,0
2,11,5.2,168.57,450.16,102.48,52.82,none,0
2,12,5.2,168.23,460.07,99.66,61.49,none,0
2,13,5.2,173.47,444.73,107.16,46.05,none,0
2,14,5.2,170.11,443.01,98.76,25.31,none,0
2,15,5.2,166.64,454.56,103.33,43.05,none,0
2,16,5.2,169.04,461.29,102.38,46.19,none,0
2,17,5.2,163.71,448.5,98.95,40.99,none,0
2,18,5.2,167.35,422.95,99.93,52.21,none,0
2,19,5.2,164.16,438.16,100.36,42.62,none,0
2,20,5.2,174.39,453.58,101.0,40.36,none,0
2,21,5.2,162.6,438.28,96.58,46.14,none,0
2,22,5.2,166.99,474.73,101.79,41.2,none,0
2,23,5.2,168.3,455.36,102.89,31.98,none,0
2,24,5.2,167.08,437.88,103.66,47.38,none,0
2,25,5.2,175.37,438.02,98.86,43.21,none,0
2,26,5.2,174.48,428.37,99.66,31.3,none,0
2,27,5.2,172.4,451.71,98.41,35.04,none,0
2,28,5.2,166.19,442.83,101.89,41.23,none,0
2,29,5.2,163.31,438.39,99.91,43.3,none,0
2,30,5.2,167.6,431.44,100.81,35.26,none,0
2,31,5.2,174.16,449.26,100.91,31.97,none,0
2,32,5.2,175.82,445.66,105.19,49.72,none,0
2,33,5.2,176.05,475.52,100.19,50.55,none,0
2,34,5.2,177.51,434.22,102.26,40.73,none,0
2,35,5.2,165.86,460.4,99.32,54.45,none,0
2,36,5.2,171.59,421.87,101.69,35.49,none,0
2,37,5.2,163.33,495.89,94.64,41.43,none,0
2,38,5.2,178.95,417.68,99.1,44.87,none,0
2,39,5.2,163.6,454.13,101.0,36.36,none,0
2,40,5.2,180.13,446.67,100.99,37.03,none,0
2,41,5.2,171.18,459.05,95.6,32.57,none,0
2,42,5.2,168.16,430.87,95.02,37.68,none,0
2,43,5.2,175.31,443.76,98.77,43.99,none,0
2,44,5.2,168.09,421.82,96.11,41.65,none,0
2,45,5.2,167.52,449.66,99.58,48.84,none,0
2,46,5.2,166.43,417.08,97.96,44.22,none,0
2,47,5.2,173.67,439.14,96.99,34.9,none,0
2,48,5.2,163.44,421.04,98.51,38.17,none,0
2,49,5.2,175.12,445.99,96.33,27.97,none,0
2,50,5.2,181.2,480.82,101.77,48.12,none,0
2,51,5.2,168.92,460.6,98.43,42.24,none,0
2,52,5.2,157.07,449.28,98.1,32.24,none,0
2,53,5.2,176.64,430.59,97.59,24.73,none,0
2,54,5.2,174.72,468.11,95.72,38.5,none,0
2,55,5.2,161.22,460.67,98.05,40.61,none,0
2,56,5.2,176.05,452.53,97.86,45.41,none,0
2,57,5.2,174.06,447.88,102.07,36.71,none,0
2,58,5.2,170.08,417.85,99.6,36.17,none,0
2,59,5.2,167.59,430.85,96.63,39.89,none,0
2,60,5.2,164.76,434.74,97.88,39.45,none,0
2,61,5.2,169.35,451.43,98.87,40.25,none,0
2,62,5.2,160.93,438.22,101.68,32.15,none,0
2,63,5.2,176.79,467.96,103.46,58.38,none,0
2,64,5.2,176.09,429.85,93.37,43.81,none,0
2,65,5.2,170.47,438.68,103.58,33.71,none,0
2,66,5.2,172.73,447.49,96.43,39.74,none,0
2,67,5.2,169.02,436.84,105.45,49.76,none,0
2,68,5.2,168.96,469.04,99.56,46.1,none,0
2,69,5.2,171.86,430.89,95.6,27.79,none,0
2,70,5.2,173.84,440.31,103.52,36.48,none,0
2,71,5.2,171.86,461.55,100.62,45.16,none,0
2,72,5.2,167.39,439.44,97.08,36.3,none,0
2,73,5.2,176.81,463.95,94.85,37.9,none,0
2,74,5.2,172.84,471.13,100.22,49.98,none,0
2,75,5.2,164.44,494.23,96.2,45.41,none,0
2,76,5.2,170.63,459.81,100.44,29.77,none,0
2,77,5.2,177.29,470.05,101.97,25.01,none,0
2,78,5.2,164.3,460.91,99.58,39.58,none,0
2,79,5.2,172.9,449.74,103.24,36.36,none,0
2,80,5.2,174.44,428.39,93.5,32.35,none,0
2,81,5.2,164.92,458.52,98.22,33.62,none,0
2,82,5.2,168.25,450.76,101.05,35.95,none,0
2,83,5.2,164.31,473.76,108.99,44.44,none,0
2,84,5.2,166.46,452.25,104.61,35.77,none,0
2,85,5.2,170.33,482.46,102.81,46.97,none,0
2,86,5.2,165.0,441.23,100.06,34.68,none,0
2,87,5.2,168.29,450.02,103.33,32.65,none,0
2,88,5.2,160.42,441.27,97.89,48.33,none,0
2,89,5.2,170.48,456.76,97.46,36.26,none,0
2,90,5.2,164.03,440.59,101.83,31.67,none,0
2,91,5.2,170.51,436.86,102.17,36.65,none,0
2,92,5.2,159.87,483.61,103.56,23.87,none,0
2,93,5.2,171.39,472.73,103.33,50.22,none,0
2,94,5.2,165.87,448.44,98.43,31.39,none,0
2,95,5.2,167.76,441.58,101.39,43.01,none,0
2,96,5.2,175.8,448.06,101.37,43.35,none,0
2,97,5.2,160.19,440.46,95.83,44.87,none,0
2,98,5.2,171.54,455.21,102.53,42.1,none,0
2,99,5.2,169.33,451.4,95.78,36.98,none,0
2,100,5.2,174.06,446.34,98.21,53.1,none,0
2,101,5.2,171.96,450.71,104.82,52.87,none,0
2,102,5.2,166.77,432.05,105.8,40.68,none,0
2,103,5.2,169.45,445.14,100.89,44.73,none,0
2,104,5.2,166.22,457.62,102.54,40.88,none,0
2,105,5.2,173.92,486.59,101.26,31.85,none,0
2,106,5.2,169.39,412.06,97.32,34.0,none,0
2,107,5.2,176.53,476.05,98.89,24.57,none,0
2,108,5.2,166.58,480.13,98.8,31.45,none,0
2,109,5.2,174.11,459.24,101.08,29.35,none,0
2,110,5.2,166.98,461.26,100.69,53.64,none,0
2,111,5.2,163.95,443.06,98.17,44.58,none,0
2,112,5.2,179.52,435.75,99.5,52.19,none,0
2,113,5.2,177.66,443.59,101.43,26.89,none,0
2,114,5.2,170.25,450.74,99.83,43.59,none,0
2,115,5.2,171.47,414.73,105.67,35.04,none,0
2,116,5.2,170.83,423.38,98.84,41.43,none,0
2,117,5.2,179.71,429.2,95.4,47.82,none,0
2,118,5.2,168.14,433.26,97.03,44.61,none,0
2,119,5.2,173.24,474.0,102.11,34.73,none,0
3,0,1.6,163.93,499.15,99.9,50.81,none,0
3,1,1.6,167.42,459.67,102.35,35.61,none,0
3,2,1.6,164.66,457.73,101.08,38.66,none,0
3,3,1.6,173.2,478.37,99.23,50.15,none,0
3,4,1.6,170.13,450.97,93.94,44.31,none,0
3,5,1.6,174.09,409.17,100.58,31.17,none,0
3,6,1.6,179.27,453.25,98.9,30.08,none,0
3,7,1.6,166.97,435.55,98.22,40.34,none,0
3,8,1.6,170.99,470.69,100.05,43.2,none,0
3,9,1.6,161.21,427.44,99.6,31.78,none,0
3,10,1.6,171.61,462.3,100.16,46.29,none,0
3,11,1.6,176.97,446.05,97.33,35.79,none,0
3,12,1.6,163.04,451.84,101.49,24.92,none,0
3,13,1.6,175.88,432.33,102.14,44.48,none,0
3,14,1.6,183.94,430.78,99.58,51.52,none,0
3,15,1.6,164.27,479.07,96.17,37.76,none,0
3,16,1.6,171.08,456.69,96.85,57.69,none,0
3,17,1.6,168.44,447.09,101.47,43.25,none,0
3,18,1.6,168.13,485.14,100.62,36.74,none,0
3,19,1.6,169.7,437.04,97.68,27.48,none,0
3,20,1.6,170.2,449.4,98.22,32.93,none,0
3,21,1.6,175.95,432.51,94.28,30.43,none,0
3,22,1.6,171.0,467.74,100.28,37.6,none,0
3,23,1.6,165.42,430.21,97.54,29.76,none,0
3,24,1.6,165.22,431.65,100.19,42.84,none,0
3,25,1.6,178.62,484.07,99.17,44.79,none,0
3,26,1.6,169.12,444.04,99.85,31.45,none,0
3,27,1.6,166.4,476.4,98.45,41.08,none,0
3,28,1.6,166.23,502.8,98.32,37.72,none,0
3,29,1.6,172.32,437.24,95.9,41.49,none,0
3,30,1.6,176.09,432.28,98.04,46.84,none,0
3,31,1.6,163.7,457.55,103.97,48.46,none,0
3,32,1.6,165.45,477.83,98.09,25.02,none,0
3,33,1.6,177.22,445.2,97.39,42.69,none,0
3,34,1.6,171.92,441.27,96.82,47.09,none,0
3,35,1.6,156.96,453.07,103.83,39.9,none,0
3,36,1.6,172.11,436.2,99.47,49.12,none,0
3,37,1.6,175.39,492.44,102.51,37.61,none,0
3,38,1.6,172.77,446.72,100.52,41.06,none,0
3,39,1.6,164.86,471.85,103.88,51.75,none,0
3,40,1.6,176.52,471.58,101.03,43.68,none,0
3,41,1.6,165.5,479.4,97.69,37.08,none,0
3,42,1.6,165.9,455.15,98.26,39.09,none,0
3,43,1.6,174.88,399.13,104.23,37.41,none,0
3,44,1.6,169.6,437.16,105.77,28.14,none,0
3,45,1.6,167.84,462.64,101.69,35.95,none,0
3,46,1.6,174.05,462.35,98.0,21.28,none,0
3,47,1.6,169.3,476.47,98.13,52.28,none,0
3,48,1.6,162.15,423.95,93.2,30.22,none,0
3,49,1.6,177.55,473.29,104.97,49.46,none,0
3,50,1.6,165.69,453.54,97.39,44.95,none,0
3,51,1.6,171.21,484.32,101.59,40.07,none,0
3,52,1.6,178.59,442.89,98.34,31.34,none,0
3,53,1.6,171.26,447.27,99.28,39.41,none,0
3,54,1.6,172.24,456.57,103.86,38.19,none,0
3,55,1.6,170.94,466.42,101.33,29.81,none,0
3,56,1.6,168.0,490.19,100.49,28.23,none,0
3,57,1.6,162.43,447.83,101.82,37.69,none,0
3,58,1.6,171.07,441.98,97.11,47.37,none,0
3,59,1.6,170.95,450.82,102.39,37.52,none,0
3,60,1.6,171.15,459.03,103.06,34.05,none,0
3,61,1.6,166.74,471.08,102.7,39.38,none,0
3,62,1.6,176.41,414.55,101.04,42.43,none,0
3,63,1.6,168.75,445.82,100.3,35.26,none,0
3,64,1.6,175.72,416.55,97.07,52.0,none,0
3,65,1.6,164.8,427.84,102.71,38.02,none,0
3,66,1.6,157.81,336.18,120.38,62.23,comp3,1
3,67,1.6,171.26,460.07,97.15,43.06,none,0
3,68,1.6,169.37,458.67,101.54,27.12,none,0
3,69,1.6,165.38,466.06,98.33,37.63,none,0
3,70,1.6,165.57,471.3,102.5,45.45,none,0
3,71,1.6,165.05,447.17,93.88,46.22,none,0
3,72,1.6,172.47,423.41,104.88,33.39,none,0
3,73,1.6,162.92,435.73,101.86,19.65,none,0
3,74,1.6,176.75,469.44,94.95,27.25,none,0
3,75,1.6,169.41,452.95,101.65,41.78,none,0
3,76,1.6,173.19,415.78,97.27,44.51,none,0
3,77,1.6,165.64,472.49,99.84,39.47,none,0
3,78,1.6,175.8,435.0,98.74,51.64,none,0
3,79,1.6,175.94,428.45,100.31,34.56,none,0
3,80,1.6,167.88,480.66,98.55,46.06,none,0
3,81,1.6,175.68,506.58,103.98,47.82,none,0
3,82,1.6,162.17,448.74,97.92,26.64,none,0
3,83,1.6,164.96,432.04,99.79,33.78,none,0
3,84,1.6,168.73,421.11,99.11,38.76,none,0
3,85,1.6,166.03,472.2,99.46,50.36,none,0
3,86,1.6,165.82,426.85,98.42,33.92,none,0
3,87,1.6,172.31,414.18,97.31,39.21,none,0
3,88,1.6,172.69,452.13,98.82,44.96,none,0
3,89,1.6,172.64,455.0,98.65,47.08,none,0
3,90,1.6,175.69,437.62,103.7,48.15,none,0
3,91,1.6,180.97,435.17,100.57,56.29,none,0
3,92,1.6,169.05,445.31,105.89,37.01,none,0
3,93,1.6,166.15,471.34,98.19,30.27,none,0
3,94,1.6,165.57,431.59,99.52,45.19,none,0
3,95,1.6,179.26,409.16,96.64,59.71,none,0
3,96,1.6,172.13,421.19,104.58,39.64,none,0
3,97,1.6,168.56,462.23,99.53,40.21,none,0
3,98,1.6,172.53,467.18,97.62,35.9,none,0
3,99,1.6,178.34,463.26,99.35,42.75,none,0
3,100,1.6,176.11,481.12,93.76,40.29,none,0
3,101,1.6,174.38,446.86,96.75,42.17,none,0
3,102,1.6,171.59,480.0,99.57,48.43,none,0
3,103,1.6,164.71,473.43,102.75,37.75,none,0
3,104,1.6,169.45,479.39,95.97,39.31,none,0
3,105,1.6,172.38,439.99,98.31,55.19,none,0
3,106,1.6,167.57,455.53,95.53,47.82,none,0
3,107,1.6,166.72,483.6,96.97,36.24,none,0
3,108,1.6,173.89,453.1,103.78,30.05,none,0
3,109,1.6,177.22,430.11,102.73,39.94,none,0
3,110,1.6,177.42,456.52,97.98,37.89,none,0
3,111,1.6,170.0,468.77,96.69,30.89,none,0
3,112,1.6,167.66,476.69,100.97,38.81,none,0
3,113,1.6,178.62,438.2,93.51,39.56,none,0
3,114,1.6,177.57,455.55,98.53,22.9,none,0
3,115,1.6,159.74,450.0,101.25,43.26,none,0
3,116,1.6,158.3,429.13,103.47,42.47,none,0
3,117,1.6,171.44,448.13,98.06,38.6,none,0
3,118,1.6,172.62,453.28,97.19,55.52,none,0
3,119,1.6,168.66,459.74,98.99,36.53,none,0
4,0,19.2,173.77,413.97,99.26,44.99,none,0
4,1,19.2,164.34,446.78,99.27,37.45,none,0
4,2,19.2,169.04,460.47,96.11,44.01,none,0
4,3,19.2,165.41,431.34,100.79,42.9,none,0
4,4,19.2,162.06,451.66,96.8,30.36,none,0
4,5,19.2,168.79,468.02,100.71,37.55,none,0
4,6,19.2,166.7,457.57,97.73,47.52,none,0
4,7,19.2,176.37,403.21,95.69,51.28,none,0
4,8,19.2,180.14,440.72,98.87,33.64,none,0
4,9,19.2,162.86,477.29,103.33,37.5,none,0
4,10,19.2,169.45,454.5,101.53,30.41,none,0
4,11,19.2,168.8,465.26,101.22,45.79,none,0
4,12,19.2,176.21,437.04,105.79,41.29,none,0
4,13,19.2,171.79,466.87,93.43,45.74,none,0
4,14,19.2,175.44,461.91,96.13,40.85,none,0
4,15,19.2,171.74,453.29,94.34,32.47,none,0
4,16,19.2,176.99,429.11,100.41,45.51,none,0
4,17,19.2,168.02,448.43,100.58,39.89,none,0
4,18,19.2,161.51,487.13,102.7,37.74,none,0
4,19,19.2,164.37,456.13,101.65,45.55,none,0
4,20,19.2,175.83,479.5,100.57,44.82,none,0
4,21,19.2,163.21,419.98,105.99,29.25,none,0
4,22,19.2,163.14,460.99,99.3,59.49,none,0
4,23,19.2,166.34,470.08,102.5,34.08,none,0
4,24,19.2,170.46,428.77,99.92,46.47,none,0
4,25,19.2,174.16,480.26,101.44,37.02,none,0
4,26,19.2,174.38,403.19,105.13,27.39,none,0
4,27,19.2,173.3,436.32,98.06,30.68,none,0
4,28,19.2,171.5,465.36,99.71,42.9,none,0
4,29,19.2,166.3,442.51,103.97,22.1,none,0
4,30,19.2,178.13,447.79,100.57,35.87,none,0
4,31,19.2,168.53,472.94,102.28,49.72,none,0
4,32,19.2,174.89,419.96,104.29,43.45,none,0
4,33,19.2,167.56,465.78,99.58,30.95,none,0
4,34,19.2,165.72,484.25,101.39,50.61,none,0
4,35,19.2,164.23,455.07,104.65,46.76,none,0
4,36,19.2,168.45,502.04,96.48,43.09,none,0
4,37,19.2,176.48,484.07,108.3,36.64,none,0
4,38,19.2,166.74,459.39,98.36,48.26,none,0
4,39,19.2,178.94,472.61,101.76,38.51,none,0
4,40,19.2,172.15,448.97,100.0,32.83,none,0
4,41,19.2,167.33,442.5,101.03,21.26,none,0
4,42,19.2,168.69,490.58,99.72,42.73,none,0
4,43,19.2,165.17,486.82,102.81,24.81,none,0
4,44,19.2,170.28,447.39,103.93,36.76,none,0
4,45,19.2,162.7,427.7,97.4,38.09,none,0
4,46,19.2,158.76,446.48,101.67,45.35,none,0
4,47,19.2,168.98,411.28,101.23,27.15,none,0
4,48,19.2,169.36,444.07,101.42,29.65,none,0
4,49,19.2,171.31,452.26,98.63,40.36,none,0
4,50,19.2,169.44,408.59,103.74,52.74,none,0
4,51,19.2,176.35,439.38,107.59,35.3,none,0
4,52,19.2,171.07,414.57,104.25,42.15,none,0
4,53,19.2,154.56,422.86,99.07,56.43,none,0
4,54,19.2,170.69,461.66,97.89,47.31,none,0
4,55,19.2,163.55,455.49,96.9,38.51,none,0
4,56,19.2,168.59,407.04,98.4,37.66,none,0
4,57,19.2,169.8,456.4,104.12,28.06,none,0
4,58,19.2,170.18,472.12,101.36,44.74,none,0
4,59,19.2,177.16,430.92,103.06,60.44,none,0
4,60,19.2,167.35,464.96,101.62,39.19,none,0
4,61,19.2,173.94,422.06,103.02,45.7,none,0
4,62,19.2,164.13,455.03,96.0,30.74,none,0
4,63,19.2,165.54,452.14,100.09,41.36,none,0
4,64,19.2,175.65,459.4,100.82,26.07,none,0
4,65,19.2,162.38,481.95,99.3,39.82,none,0
4,66,19.2,163.81,463.47,101.16,31.69,none,0
4,67,19.2,175.79,430.27,102.11,61.78,none,0
4,68,19.2,169.46,451.71,100.65,25.15,none,0
4,69,19.2,160.64,421.21,99.31,40.05,none,0
4,70,19.2,157.03,454.01,98.83,38.14,none,0
4,71,19.2,165.17,458.65,98.18,31.19,none,0
4,72,19.2,170.32,468.97,95.23,41.4,none,0
4,73,19.2,166.32,450.31,102.34,40.26,none,0
4,74,19.2,170.56,463.24,97.71,43.73,none,0
4,75,19.2,178.16,459.14,98.87,33.8,none,0
4,76,19.2,165.14,444.45,99.38,30.83,none,0
4,77,19.2,173.09,447.33,95.48,52.66,none,0
4,78,19.2,174.6,465.82,102.23,44.14,none,0
4,79,19.2,162.2,460.59,103.27,39.18,none,0
4,80,19.2,171.92,436.03,99.94,41.16,none,0
4,81,19.2,163.04,451.9,99.14,34.4,none,0
4,82,19.2,159.02,420.91,100.08,41.96,none,0
4,83,19.2,171.01,438.24,96.96,39.05,none,0
4,84,19.2,164.96,460.6,97.47,35.54,none,0
4,85,19.2,166.59,486.94,97.67,37.33,none,0
4,86,19.2,163.26,467.44,97.24,44.41,none,0
4,87,19.2,168.5,424.89,102.41,53.06,none,0
4,88,19.2,174.85,457.97,97.05,30.42,none,0
4,89,19.2,169.08,453.65,99.45,16.95,none,0
4,90,19.2,173.96,463.47,97.7,43.21,none,0
4,91,19.2,170.72,439.73,100.63,46.03,none,0
4,92,19.2,166.61,455.11,104.3,42.08,none,0
4,93,19.2,170.33,449.64,96.88,39.33,none,0
4,94,19.2,170.22,441.84,104.03,29.22,none,0
4,95,19.2,179.51,483.27,101.23,45.3,none,0
4,96,19.2,167.52,427.22,99.6,33.58,none,0
4,97,19.2,173.1,484.96,98.14,34.59,none,0
4,98,19.2,174.05,445.44,97.49,49.23,none,0
4,99,19.2,171.47,426.67,99.39,49.98,none,0
4,100,19.2,167.67,429.64,103.31,32.12,none,0
4,101,19.2,170.14,448.57,97.58,22.24,none,0
4,102,19.2,169.07,434.06,102.5,43.43,none,0
4,103,19.2,172.64,442.89,98.05,37.85,none,0
4,104,19.2,170.54,436.77,99.21,51.76,none,0
4,105,19.2,162.0,473.66,101.03,47.73,none,0
4,106,19.2,175.59,481.28,101.5,57.73,none,0
4,107,19.2,172.01,443.57,100.41,46.75,none,0
4,108,19.2,167.97,430.08,96.32,33.26,none,0
4,109,19.2,172.11,459.65,108.56,36.7,none,0
4,110,19.2,171.78,464.2,96.3,30.44,none,0
4,111,19.2,169.22,462.33,98.39,38.22,none,0
4,112,19.2,170.96,441.14,96.68,45.1,none,0
4,113,19.2,173.58,479.18,102.27,53.13,none,0
4,114,19.2,177.95,426.24,97.44,24.14,none,0
4,115,19.2,166.33,445.27,102.29,48.32,none,0
4,116,19.2,175.58,433.26,99.32,45.14,none,0
4,117,19.2,169.31,444.85,98.89,39.78,none,0
4,118,19.2,177.71,464.72,98.82,42.14,none,0
4,119,19.2,166.19,450.24,97.47,45.99,none,0
5,0,0.4,173.7,458.09,100.95,42.49,none,0
5,1,0.4,166.5,434.99,99.71,31.99,none,0
5,2,0.4,174.55,455.03,99.02,45.35,none,0
5,3,0.4,146.21,403.73,108.1,65.37,comp1,1
5,4,0.4,172.38,472.45,99.26,33.54,none,0
5,5,0.4,170.21,406.53,109.64,34.54,none,0
5,6,0.4,178.71,481.77,101.65,39.05,none,0
5,7,0.4,171.12,447.02,100.1,52.39,none,0
5,8,0.4,171.47,440.14,106.36,40.54,none,0
5,9,0.4,163.36,463.57,99.07,49.19,none,0
5,10,0.4,165.8,449.09,99.94,42.88,none,0
5,11,0.4,171.16,460.0,97.83,35.52,none,0
5,12,0.4,166.53,437.54,101.84,57.8,none,0
5,13,0.4,176.77,435.99,95.73,40.25,none,0
5,14,0.4,173.57,439.11,100.22,35.48,none,0
5,15,0.4,170.89,439.62,98.82,42.27,none,0
5,16,0.4,167.59,475.55,98.12,30.54,none,0
5,17,0.4,170.71,462.82,97.21,36.43,none,0
5,18,0.4,177.69,462.13,101.27,33.29,none,0
5,19,0.4,173.83,458.13,99.49,41.36,none,0
5,20,0.4,166.28,447.82,103.38,34.58,none,0
5,21,0.4,159.61,442.43,100.17,41.04,none,0
5,22,0.4,165.36,454.31,101.57,36.31,none,0
5,23,0.4,163.82,461.12,100.42,46.83,none,0
5,24,0.4,160.75,476.53,100.71,38.81,none,0
5,25,0.4,168.83,451.68,100.52,30.19,none,0
5,26,0.4,166.33,437.82,97.76,51.74,none,0
5,27,0.4,171.46,460.82,102.28,39.12,none,0
5,28,0.4,162.42,479.73,99.91,48.88,none,0
5,29,0.4,169.09,481.2,100.86,39.91,none,0
5,30,0.4,170.35,510.69,100.56,36.94,none,0
5,31,0.4,164.51,443.45,100.58,41.77,none,0
5,32,0.4,164.26,426.14,97.15,26.51,none,0
5,33,0.4,166.21,449.49,96.21,31.89,none,0
5,34,0.4,164.1,458.82,100.71,53.11,none,0
5,35,0.4,174.53,471.82,98.47,44.02,none,0
5,36,0.4,162.81,471.68,97.36,48.07,none,0
5,37,0.4,172.83,451.47,99.69,31.38,none,0
5,38,0.4,161.66,448.48,101.65,54.63,none,0
5,39,0.4,168.38,466.76,100.99,37.22,none,0
5,40,0.4,171.89,450.13,97.52,21.22,none,0
5,41,0.4,168.49,450.24,102.38,50.79,none,0
5,42,0.4,171.8,472.86,104.91,36.04,none,0
5,43,0.4,169.89,463.05,101.6,32.15,none,0
5,44,0.4,174.65,441.56,98.26,44.51,none,0
5,45,0.4,168.6,439.16,99.82,54.64,none,0
5,46,0.4,170.69,432.89,101.02,51.49,none,0
5,47,0.4,171.26,425.88,105.3,43.49,none,0
5,48,0.4,168.53,406.7,101.19,37.61,none,0
5,49,0.4,163.8,470.02,98.55,39.82,none,0
5,50,0.4,165.82,479.51,102.71,35.57,none,0
5,51,0.4,160.15,419.99,105.32,43.58,none,0
5,52,0.4,162.77,424.58,98.36,34.56,none,0
5,53,0.4,165.36,482.49,99.38,42.98,none,0
5,54,0.4,168.12,484.23,103.9,32.57,none,0
5,55,0.4,168.65,436.69,103.16,26.74,none,0
5,56,0.4,164.65,446.97,102.6,50.64,none,0
5,57,0.4,161.61,460.01,99.63,56.28,none,0
5,58,0.4,180.18,438.53,95.63,50.09,none,0
5,59,0.4,168.41,428.93,99.67,46.09,none,0
5,60,0.4,166.42,439.72,102.91,23.96,none,0
5,61,0.4,168.63,455.33,102.24,39.7,none,0
5,62,0.4,173.54,452.0,101.04,31.36,none,0
5,63,0.4,174.03,451.15,102.94,39.22,none,0
5,64,0.4,175.5,478.4,97.53,35.99,none,0
5,65,0.4,176.41,441.55,104.4,42.56,none,0
5,66,0.4,170.23,405.33,98.89,43.58,none,0
5,67,0.4,173.62,471.78,98.2,47.72,none,0
5,68,0.4,179.61,453.49,101.29,25.54,none,0
5,69,0.4,170.58,462.04,99.71,41.29,none,0
5,70,0.4,169.83,469.42,101.19,37.32,none,0
5,71,0.4,175.51,425.93,97.41,34.79,none,0
5,72,0.4,176.58,437.94,100.44,44.2,none,0
5,73,0.4,172.89,472.41,100.75,43.97,none,0
5,74,0.4,163.93,473.18,105.08,43.08,none,0
5,75,0.4,162.71,439.52,96.89,47.33,none,0
5,76,0.4,171.2,480.01,97.77,45.71,none,0
5,77,0.4,173.45,419.28,102.98,43.22,none,0
5,78,0.4,175.72,411.13,101.7,41.42,none,0
5,79,0.4,166.59,449.49,103.82,44.49,none,0
5,80,0.4,169.5,457.85,99.89,35.6,none,0
5,81,0.4,171.77,465.73,102.95,48.7,none,0
5,82,0.4,173.29,490.16,99.1,50.98,none,0
5,83,0.4,172.11,433.4,100.09,41.01,none,0
5,84,0.4,173.32,463.67,106.7,43.7,none,0
5,85,0.4,163.19,460.2,98.61,39.49,none,0
5,86,0.4,175.88,440.43,97.25,33.16,none,0
5,87,0.4,172.28,433.11,94.19,27.09,none,0
5,88,0.4,162.62,440.4,94.19,32.72,none,0
5,89,0.4,169.47,469.01,102.2,40.77,none,0
5,90,0.4,169.7,427.03,106.45,32.95,none,0
5,91,0.4,163.1,464.25,98.24,40.91,none,0
5,92,0.4,159.58,486.12,98.08,60.13,none,0
5,93,0.4,165.74,452.95,92.02,38.35,none,0
5,94,0.4,169.9,464.46,94.85,51.44,none,0
5,95,0.4,171.74,443.93,100.48,46.95,none,0
5,96,0.4,176.93,461.0,106.87,56.32,none,0
5,97,0.4,174.74,457.84,97.55,37.36,none,0
5,98,0.4,180.28,441.48,101.51,42.27,none,0
5,99,0.4,168.53,451.95,99.72,49.44,none,0
5,100,0.4,166.44,470.6,100.36,27.61,none,0
5,101,0.4,167.82,437.18,103.18,29.63,none,0
5,102,0.4,161.3,479.76,98.26,38.6,none,0
5,103,0.4,170.62,465.25,96.54,35.77,none,0
5,104,0.4,181.22,436.1,98.2,35.93,none,0
5,105,0.4,171.65,466.95,102.31,31.36,none,0
5,106,0.4,162.59,443.23,96.53,44.14,none,0
5,107,0.4,172.87,423.39,103.15,39.02,none,0
5,108,0.4,166.12,438.71,101.28,32.24,none,0
5,109,0.4,161.67,437.56,102.01,47.44,none,0
5,110,0.4,168.6,436.76,100.64,27.94,none,0
5,111,0.4,170.73,441.36,98.14,48.05,none,0
5,112,0.4,167.51,443.48,91.33,52.02,none,0
5,113,0.4,171.01,427.65,96.66,28.38,none,0
5,114,0.4,171.48,426.27,98.07,45.13,none,0
5,115,0.4,168.96,415.75,102.06,37.04,none,0
5,116,0.4,172.72,488.11,101.12,37.57,none,0
5,117,0.4,179.92,433.04,98.05,23.49,none,0
5,118,0.4,166.47,466.87,101.24,9.8,none,0
5,119,0.4,168.96,468.83,101.73,49.22,none,0
6,0,8.9,173.26,433.08,90.63,33.3,none,0
6,1,8.9,165.39,505.49,95.69,41.2,none,0
6,2,8.9,167.64,468.83,96.3,45.32,none,0
6,3,8.9,169.86,449.39,105.22,55.06,none,0
6,4,8.9,165.67,477.32,96.95,33.56,none,0
6,5,8.9,167.55,457.83,102.25,31.11,none,0
6,6,8.9,169.65,468.32,102.89,34.38,none,0
6,7,8.9,164.76,454.16,97.4,36.88,none,0
6,8,8.9,162.56,430.42,100.66,31.51,none,0
6,9,8.9,166.13,471.49,102.93,50.15,none,0
6,10,8.9,168.21,483.47,97.31,27.27,none,0
6,11,8.9,171.66,453.53,100.94,31.54,none,0
6,12,8.9,170.12,481.94,100.7,42.09,none,0
6,13,8.9,169.66,457.36,101.07,43.17,none,0
6,14,8.9,160.96,460.36,101.97,43.52,none,0
6,15,8.9,180.25,465.18,101.11,38.99,none,0
6,16,8.9,166.83,442.39,103.68,33.73,none,0
6,17,8.9,172.54,441.88,100.47,49.54,none,0
6,18,8.9,170.19,474.32,97.4,37.83,none,0
6,19,8.9,174.51,465.67,94.54,43.23,none,0
6,20,8.9,167.82,419.35,98.21,56.95,none,0
6,21,8.9,169.53,446.81,97.51,21.86,none,0
6,22,8.9,163.87,449.32,95.76,42.66,none,0
6,23,8.9,168.57,442.24,98.75,31.51,none,0
6,24,8.9,164.89,469.67,99.85,37.59,none,0
6,25,8.9,169.24,450.84,104.66,41.96,none,0
6,26,8.9,166.29,444.13,98.9,33.84,none,0
6,27,8.9,172.46,454.16,100.21,50.91,none,0
6,28,8.9,167.31,431.62,107.09,42.35,none,0
6,29,8.9,169.96,434.83,102.97,21.16,none,0
6,30,8.9,176.05,431.66,100.0,33.78,none,0
6,31,8.9,175.48,450.81,102.27,32.58,none,0
6,32,8.9,171.68,419.85,99.08,34.88,none,0
6,33,8.9,172.38,434.42,104.0,39.44,none,0
6,34,8.9,166.26,471.23,106.34,45.7,none,0
6,35,8.9,167.39,484.72,98.98,49.3,none,0
6,36,8.9,169.22,441.17,95.91,33.14,none,0
6,37,8.9,166.9,445.17,100.41,54.31,none,0
6,38,8.9,162.23,457.16,98.47,48.34,none,0
6,39,8.9,165.1,451.8,102.1,40.59,none,0
6,40,8.9,164.2,448.77,96.16,36.23,none,0
6,41,8.9,170.33,482.23,99.98,48.43,none,0
6,42,8.9,168.78,501.32,102.98,37.81,none,0
6,43,8.9,172.95,471.27,103.28,49.15,none,0
6,44,8.9,174.73,441.48,94.04,32.12,none,0
6,45,8.9,160.49,447.19,101.41,41.9,none,0
6,46,8.9,172.47,438.59,97.37,57.53,none,0
6,47,8.9,170.0,451.62,96.11,44.67,none,0
6,48,8.9,162.04,488.75,93.51,33.5,none,0
6,49,8.9,173.43,445.56,103.89,31.45,none,0
6,50,8.9,169.52,430.83,103.86,39.7,none,0
6,51,8.9,172.74,493.75,100.79,34.39,none,0
6,52,8.9,171.49,451.62,99.62,35.21,none,0
6,53,8.9,177.47,443.71,101.2,45.53,none,0
6,54,8.9,175.9,396.6,102.62,34.41,none,0
6,55,8.9,162.04,410.83,101.75,42.19,none,0
6,56,8.9,167.2,462.69,99.3,33.95,none,0
6,57,8.9,176.5,425.43,95.55,35.18,none,0
6,58,8.9,172.63,405.65,97.34,45.15,none,0
6,59,8.9,166.5,419.76,97.18,38.32,none,0
6,60,8.9,163.18,429.36,102.11,40.11,none,0
6,61,8.9,173.21,441.3,102.3,49.83,none,0
6,62,8.9,169.78,444.14,104.27,38.57,none,0
6,63,8.9,176.86,427.52,101.1,43.21,none,0
6,64,8.9,164.56,454.1,103.59,49.53,none,0
6,65,8.9,163.98,417.64,99.27,52.15,none,0
6,66,8.9,165.95,458.99,100.48,52.09,none,0
6,67,8.9,169.2,455.75,100.37,36.23,none,0
6,68,8.9,169.71,471.4,99.78,32.86,none,0
6,69,8.9,172.95,466.43,97.67,48.31,none,0
6,70,8.9,166.44,472.05,94.6,44.18,none,0
6,71,8.9,170.89,421.42,103.65,35.92,none,0
6,72,8.9,164.13,424.71,99.89,33.77,none,0
6,73,8.9,174.93,444.71,97.56,34.89,none,0
6,74,8.9,172.03,445.47,97.94,57.05,none,0
6,75,8.9,165.21,453.51,101.23,37.55,none,0
6,76,8.9,172.63,479.12,99.86,45.99,none,0
6,77,8.9,171.94,454.21,102.35,47.29,none,0
6,78,8.9,161.87,440.79,96.86,25.7,none,0
6,79,8.9,174.72,446.49,98.27,35.57,none,0
6,80,8.9,168.61,450.69,100.43,45.47,none,0
6,81,8.9,176.11,458.51,101.08,42.62,none,0
6,82,8.9,169.85,430.08,99.34,45.37,none,0
6,83,8.9,159.25,467.27,105.59,34.33,none,0
6,84,8.9,181.37,456.76,98.85,44.47,none,0
6,85,8.9,176.35,444.49,101.13,47.47,none,0
6,86,8.9,172.59,445.05,99.82,43.43,none,0
6,87,8.9,163.03,436.58,97.87,39.01,none,0
6,88,8.9,171.96,446.66,101.93,35.07,none,0
6,89,8.9,169.15,473.01,100.38,33.5,none,0
6,90,8.9,170.51,450.09,102.89,38.39,none,0
6,91,8.9,158.1,473.18,98.75,44.02,none,0
6,92,8.9,171.47,426.12,101.0,50.28,none,0
6,93,8.9,177.2,451.05,99.31,27.6,none,0
6,94,8.9,167.98,431.84,104.39,34.98,none,0
6,95,8.9,166.94,445.87,97.72,29.05,none,0
6,96,8.9,176.55,433.54,99.6,39.77,none,0
6,97,8.9,171.59,458.49,102.46,39.13,none,0
6,98,8.9,173.76,455.12,102.9,33.96,none,0
6,99,8.9,172.48,454.5,100.34,37.95,none,0
6,100,8.9,168.82,455.0,98.4,53.3,none,0
6,101,8.9,174.68,459.45,97.19,34.15,none,0
6,102,8.9,165.1,425.26,98.59,39.2,none,0
6,103,8.9,167.58,439.32,102.09,45.14,none,0
6,104,8.9,165.09,474.95,97.17,32.94,none,0
6,105,8.9,173.77,452.09,93.91,61.71,none,0
6,106,8.9,176.13,450.25,97.42,35.67,none,0
6,107,8.9,165.39,422.93,105.83,55.25,none,0
6,108,8.9,174.1,409.65,100.55,48.29,none,0
6,109,8.9,165.06,443.2,96.16,37.84,none,0
6,110,8.9,161.64,444.05,97.19,53.58,none,0
6,111,8.9,173.83,447.05,105.36,45.61,none,0
6,112,8.9,162.12,441.07,101.71,37.74,none,0
6,113,8.9,169.05,473.2,101.8,41.32,none,0
6,114,8.9,169.41,421.11,100.81,47.83,none,0
6,115,8.9,176.12,456.08,98.55,29.61,none,0
6,116,8.9,167.24,469.66,100.83,39.45,none,0
6,117,8.9,174.07,465.29,97.75,37.14,none,0
6,118,8.9,170.96,453.77,103.67,55.03,none,0
6,119,8.9,173.31,440.04,97.35,41.79,none,0
7,0,15.8,170.77,474.62,99.58,36.73,none,0
7,1,15.8,177.45,460.09,101.32,45.91,none,0
7,2,15.8,169.94,444.3,102.5,34.38,none,0
7,3,15.8,170.42,454.7,98.48,48.28,none,0
7,4,15.8,170.42,457.94,97.91,30.43,none,0
7,5,15.8,175.05,447.95,100.46,34.07,none,0
7,6,15.8,161.28,460.44,99.15,24.04,none,0
7,7,15.8,166.65,490.51,99.81,33.91,none,0
7,8,15.8,170.37,468.22,101.5,34.67,none,0
7,9,15.8,175.26,483.66,102.51,50.49,none,0
7,10,15.8,181.45,438.9,101.16,47.44,none,0
7,11,15.8,166.78,440.34,99.8,31.43,none,0
7,12,15.8,168.6,461.92,105.53,51.39,none,0
7,13,15.8,172.74,458.97,102.17,32.53,none,0
7,14,15.8,168.83,483.77,95.99,42.96,none,0
7,15,15.8,182.2,445.23,102.85,27.47,none,0
7,16,15.8,171.13,438.27,97.06,29.09,none,0
7,17,15.8,174.08,436.01,105.59,41.93,none,0
7,18,15.8,173.0,431.4,101.6,63.25,none,0
7,19,15.8,164.34,440.07,100.17,37.1,none,0
7,20,15.8,169.77,485.98,103.48,27.76,none,0
7,21,15.8,170.22,428.65,103.72,38.6,none,0
7,22,15.8,171.27,453.06,96.68,39.35,none,0
7,23,15.8,178.22,448.73,98.92,27.65,none,0
7,24,15.8,161.25,458.83,93.77,43.18,none,0
7,25,15.8,175.85,454.8,98.05,37.58,none,0
7,26,15.8,177.39,448.82,103.27,39.49,none,0
7,27,15.8,173.37,450.56,100.53,44.4,none,0
7,28,15.8,167.55,463.71,103.1,36.39,none,0
7,29,15.8,170.29,453.04,96.68,41.34,none,0
7,30,15.8,165.16,447.76,100.32,34.85,none,0
7,31,15.8,170.78,441.45,104.77,39.63,none,0
7,32,15.8,178.33,461.31,100.31,39.35,none,0
7,33,15.8,173.62,440.65,101.88,37.59,none,0
7,34,15.8,176.93,427.78,95.69,32.19,none,0
7,35,15.8,169.2,431.53,101.41,31.94,none,0
7,36,15.8,170.77,455.12,100.04,37.0,none,0
7,37,15.8,165.2,461.45,103.12,37.05,none,0
7,38,15.8,167.07,427.13,96.71,33.75,none,0
7,39,15.8,172.47,479.24,98.02,43.23,none,0
7,40,15.8,169.27,481.7,104.16,38.65,none,0
7,41,15.8,166.25,455.14,101.18,24.2,none,0
7,42,15.8,163.18,449.41,95.87,41.36,none,0
7,43,15.8,169.96,439.05,104.3,51.26,none,0
7,44,15.8,170.7,447.83,100.4,58.79,none,0
7,45,15.8,173.05,419.39,99.83,54.46,none,0
7,46,15.8,176.78,446.22,97.66,40.27,none,0
7,47,15.8,175.04,450.41,101.57,38.96,none,0
7,48,15.8,164.62,468.19,92.69,36.76,none,0
7,49,15.8,173.92,440.19,105.9,31.95,none,0
7,50,15.8,173.75,462.48,96.81,50.35,none,0
7,51,15.8,175.2,457.43,101.44,53.98,none,0
7,52,15.8,166.27,467.53,103.12,33.85,none,0
7,53,15.8,171.41,448.54,98.5,39.84,none,0
7,54,15.8,162.67,440.71,97.39,39.95,none,0
7,55,15.8,171.22,427.79,96.87,49.86,none,0
7,56,15.8,168.24,392.59,100.49,34.47,none,0
7,57,15.8,176.04,463.02,102.01,38.89,none,0
7,58,15.8,159.37,482.52,98.64,33.58,none,0
7,59,15.8,177.53,433.81,98.88,47.49,none,0
7,60,15.8,163.77,404.39,97.22,42.68,none,0
7,61,15.8,174.94,448.99,96.82,47.41,none,0
7,62,15.8,179.38,490.09,100.96,44.85,none,0
7,63,15.8,165.98,411.05,101.54,31.47,none,0
7,64,15.8,167.23,479.62,96.23,39.4,none,0
7,65,15.8,169.57,433.46,98.26,40.91,none,0
7,66,15.8,169.36,433.69,103.27,43.85,none,0
7,67,15.8,173.88,395.55,103.8,47.93,none,0
7,68,15.8,170.22,467.65,100.55,53.47,none,0
7,69,15.8,177.12,450.67,97.03,55.73,none,0
7,70,15.8,174.62,453.99,102.0,40.22,none,0
7,71,15.8,164.23,452.35,98.14,37.53,none,0
7,72,15.8,170.32,441.22,103.18,29.24,none,0
7,73,15.8,155.41,448.51,95.98,43.74,none,0
7,74,15.8,168.17,431.26,101.84,52.35,none,0
7,75,15.8,165.3,462.25,101.29,42.07,none,0
7,76,15.8,169.21,448.28,95.44,31.19,none,0
7,77,15.8,174.73,466.01,101.52,45.06,none,0
7,78,15.8,171.91,451.36,99.24,37.36,none,0
7,79,15.8,170.54,428.49,96.01,35.54,none,0
7,80,15.8,173.07,444.48,98.31,49.26,none,0
7,81,15.8,164.6,468.84,96.65,31.69,none,0
7,82,15.8,172.53,447.59,100.24,28.78,none,0
7,83,15.8,165.19,448.12,100.11,38.49,none,0
7,84,15.8,169.06,445.17,98.75,45.67,none,0
7,85,15.8,170.01,469.83,102.37,40.83,none,0
7,86,15.8,178.74,457.54,100.38,35.71,none,0
7,87,15.8,164.23,452.83,97.12,42.81,none,0
7,88,15.8,168.31,443.62,102.46,32.02,none,0
7,89,15.8,168.25,441.34,100.07,41.49,none,0
7,90,15.8,166.29,425.59,102.19,42.89,none,0
7,91,15.8,178.01,445.42,100.2,48.8,none,0
7,92,15.8,172.21,420.4,97.2,49.31,none,0
7,93,15.8,177.19,492.13,105.09,40.88,none,0
7,94,15.8,170.23,464.98,106.87,34.02,none,0
7,95,15.8,172.47,465.2,101.7,42.5,none,0
7,96,15.8,173.02,454.34,95.99,26.27,none,0
7,97,15.8,175.98,461.73,101.69,51.38,none,0
7,98,15.8,165.66,440.15,96.56,41.9,none,0
7,99,15.8,168.37,411.68,99.61,34.49,none,0
7,100,15.8,178.8,442.03,101.63,46.95,none,0
7,101,15.8,168.63,414.16,99.33,25.48,none,0
7,102,15.8,181.03,425.69,98.56,23.71,none,0
7,103,15.8,167.48,462.29,101.76,25.59,none,0
7,104,15.8,173.4,437.64,99.64,35.24,none,0
7,105,15.8,169.58,461.86,101.32,47.95,none,0
7,106,15.8,160.64,429.98,97.83,38.97,none,0
7,107,15.8,172.12,434.84,100.19,32.56,none,0
7,108,15.8,170.51,451.96,97.34,22.91,none,0
7,109,15.8,182.25,433.36,101.56,40.01,none,0
7,110,15.8,158.73,437.24,105.11,42.61,none,0
7,111,15.8,171.05,445.38,99.88,25.25,none,0
7,112,15.8,179.77,448.05,101.24,51.95,none,0
7,113,15.8,173.06,473.05,106.56,45.02,none,0
7,114,15.8,175.61,460.4,95.67,55.29,none,0
7,115,15.8,169.77,418.75,97.19,49.54,none,0
7,116,15.8,171.1,457.09,102.41,45.21,none,0
7,117,15.8,168.67,451.06,98.84,35.51,none,0
7,118,15.8,172.97,474.96,102.96,44.89,none,0
7,119,15.8,170.84,444.19,101.06,35.47,none,0
8,0,9.2,165.52,453.71,96.73,38.38,none,0
8,1,9.2,170.85,474.81,99.03,33.31,none,0
8,2,9.2,179.13,471.74,98.18,46.99,none,0
8,3,9.2,176.28,447.69,104.11,31.69,none,0
8,4,9.2,176.25,445.34,97.8,58.53,none,0
8,5,9.2,171.89,452.81,99.75,39.05,none,0
8,6,9.2,167.84,446.89,103.61,46.79,none,0
8,7,9.2,166.62,425.92,101.12,42.43,none,0
8,8,9.2,175.45,443.14,101.64,36.86,none,0
8,9,9.2,171.32,456.14,98.36,33.74,none,0
8,10,9.2,171.52,466.8,101.24,50.34,none,0
8,11,9.2,173.13,442.29,98.58,41.89,none,0
8,12,9.2,170.22,463.35,103.72,10.48,none,0
8,13,9.2,167.0,445.84,95.11,44.91,none,0
8,14,9.2,168.58,454.3,95.66,40.06,none,0
8,15,9.2,169.55,443.99,98.52,47.19,none,0
8,16,9.2,179.24,427.88,98.12,43.92,none,0
8,17,9.2,165.63,424.36,101.9,49.02,none,0
8,18,9.2,167.59,432.24,103.28,46.47,none,0
8,19,9.2,176.9,451.13,102.43,43.58,none,0
8,20,9.2,182.74,455.91,98.93,34.82,none,0
8,21,9.2,173.27,462.07,100.55,44.09,none,0
8,22,9.2,173.49,463.85,97.63,41.28,none,0
8,23,9.2,166.41,459.83,99.67,43.22,none,0
8,24,9.2,160.91,457.08,96.73,43.15,none,0
8,25,9.2,160.17,419.73,99.0,51.08,none,0
8,26,9.2,174.41,487.95,96.66,26.0,none,0
8,27,9.2,164.78,483.13,99.45,39.84,none,0
8,28,9.2,163.92,460.7,101.8,58.25,none,0
8,29,9.2,174.2,421.81,101.53,30.91,none,0
8,30,9.2,170.25,447.09,99.21,48.06,none,0
8,31,9.2,169.01,436.01,101.73,37.72,none,0
8,32,9.2,159.96,438.94,98.96,37.57,none,0
8,33,9.2,166.83,442.27,96.18,38.56,none,0
8,34,9.2,167.1,437.04,101.61,49.71,none,0
8,35,9.2,165.6,388.75,99.8,31.26,none,0
8,36,9.2,164.14,459.05,96.04,38.79,none,0
8,37,9.2,170.27,441.29,93.18,45.03,none,0
8,38,9.2,178.2,457.98,102.95,43.32,none,0
8,39,9.2,170.04,411.25,96.05,45.34,none,0
8,40,9.2,174.69,444.93,104.32,37.24,none,0
8,41,9.2,180.89,426.76,98.89,26.23,none,0
8,42,9.2,177.79,449.93,103.01,32.6,none,0
8,43,9.2,171.72,472.57,98.04,40.08,none,0
8,44,9.2,167.46,473.39,98.95,44.26,none,0
8,45,9.2,162.89,458.07,96.87,44.13,none,0
8,46,9.2,161.35,457.75,99.39,32.35,none,0
8,47,9.2,165.42,452.5,101.13,40.54,none,0
8,48,9.2,168.65,456.55,97.78,50.5,none,0
8,49,9.2,172.67,449.43,101.0,49.14,none,0
8,50,9.2,167.81,454.79,104.37,54.62,none,0
8,51,9.2,168.66,450.12,106.2,43.82,none,0
8,52,9.2,163.61,446.21,104.38,43.72,none,0
8,53,9.2,177.3,425.69,98.28,41.57,none,0
8,54,9.2,162.05,442.55,107.13,46.85,none,0
8,55,9.2,164.6,444.69,98.85,33.64,none,0
8,56,9.2,171.28,416.37,101.01,37.32,none,0
8,57,9.2,172.19,461.21,104.51,35.14,none,0
8,58,9.2,173.15,453.73,101.7,32.81,none,0
8,59,9.2,165.85,449.72,96.77,26.45,none,0
8,60,9.2,178.37,431.35,102.09,62.17,none,0
8,61,9.2,156.21,446.7,99.58,41.02,none,0
8,62,9.2,176.63,446.25,101.54,42.45,none,0
8,63,9.2,163.09,407.85,95.83,37.62,none,0
8,64,9.2,171.04,467.92,103.16,38.18,none,0
8,65,9.2,170.52,459.24,105.37,45.64,none,0
8,66,9.2,181.25,463.51,102.88,34.26,none,0
8,67,9.2,161.45,475.67,102.83,34.71,none,0
8,68,9.2,171.4,479.25,98.84,54.54,none,0
8,69,9.2,164.34,477.07,101.48,44.56,none,0
8,70,9.2,179.86,464.53,100.16,33.01,none,0
8,71,9.2,167.03,447.33,100.45,35.75,none,0
8,72,9.2,173.0,445.36,93.71,49.68,none,0
8,73,9.2,174.49,449.1,101.96,27.03,none,0
8,74,9.2,166.94,467.19,101.53,54.53,none,0
8,75,9.2,172.86,431.16,102.83,28.73,none,0
8,76,9.2,157.08,332.09,121.28,67.04,comp2,1
8,77,9.2,172.97,464.49,103.0,20.33,none,0
8,78,9.2,165.07,476.06,101.1,34.67,none,0
8,79,9.2,178.22,440.31,98.94,47.32,none,0
8,80,9.2,169.09,459.36,96.84,34.6,none,0
8,81,9.2,172.47,439.72,94.75,30.84,none,0
8,82,9.2,174.24,458.48,96.58,54.28,none,0
8,83,9.2,167.67,448.02,98.94,51.25,none,0
8,84,9.2,171.96,433.52,99.03,41.42,none,0
8,85,9.2,170.73,432.66,100.56,43.73,none,0
8,86,9.2,179.05,470.69,101.97,40.49,none,0
8,87,9.2,175.69,446.29,100.02,41.59,none,0
8,88,9.2,164.73,479.36,100.02,43.74,none,0
8,89,9.2,175.79,478.71,101.84,42.06,none,0
8,90,9.2,173.26,421.95,103.44,38.76,none,0
8,91,9.2,173.06,441.55,96.28,40.15,none,0
8,92,9.2,170.35,459.98,100.78,32.63,none,0
8,93,9.2,168.31,423.34,99.36,56.5,none,0
8,94,9.2,175.13,437.77,99.1,54.87,none,0
8,95,9.2,166.81,436.54,94.91,44.26,none,0
8,96,9.2,172.22,456.16,100.62,35.5,none,0
8,97,9.2,177.1,479.31,104.22,28.06,none,0
8,98,9.2,165.17,475.71,94.66,44.0,none,0
8,99,9.2,160.35,464.22,103.35,37.24,none,0
8,100,9.2,171.92,460.49,101.98,45.99,none,0
8,101,9.2,168.78,464.06,97.97,33.85,none,0
8,102,9.2,166.6,454.66,97.82,40.7,none,0
8,103,9.2,170.92,472.41,99.4,40.14,none,0
8,104,9.2,166.13,475.13,101.91,47.06,none,0
8,105,9.2,167.41,469.07,104.93,32.9,none,0
8,106,9.2,163.9,474.3,103.12,54.31,none,0
8,107,9.2,162.86,438.88,104.35,47.97,none,0
8,108,9.2,169.98,472.91,105.14,39.83,none,0
8,109,9.2,166.1,426.42,97.23,32.86,none,0
8,110,9.2,174.25,458.84,97.39,27.2,none,0
8,111,9.2,168.27,452.27,100.66,22.07,none,0
8,112,9.2,169.29,451.36,101.36,46.55,none,0
8,113,9.2,165.29,483.35,96.51,31.98,none,0
8,114,9.2,168.2,397.83,102.07,33.74,none,0
8,115,9.2,163.18,428.82,101.14,28.95,none,0
8,116,9.2,164.3,465.83,101.89,28.38,none,0
8,117,9.2,152.52,408.73,120.68,76.35,comp3,1
8,118,9.2,172.13,449.14,100.74,40.77,none,0
8,119,9.2,173.2,444.4,98.25,49.73,none,0
9,0,5.0,184.51,432.3,99.07,49.55,none,0
9,1,5.0,181.37,447.51,96.53,41.37,none,0
9,2,5.0,174.9,464.26,102.7,49.2,none,0
9,3,5.0,171.81,437.12,102.93,30.53,none,0
9,4,5.0,163.66,438.24,104.33,48.86,none,0
9,5,5.0,169.31,462.92,99.52,46.03,none,0
9,6,5.0,164.64,447.52,100.69,51.36,none,0
9,7,5.0,172.63,433.6,99.61,52.89,none,0
9,8,5.0,173.15,454.29,96.5,49.44,none,0
9,9,5.0,168.11,445.17,101.77,19.22,none,0
9,10,5.0,178.81,423.74,108.57,31.88,none,0
9,11,5.0,177.37,425.27,97.1,55.92,none,0
9,12,5.0,177.03,460.58,101.4,28.83,none,0
9,13,5.0,165.37,450.28,102.88,47.6,none,0
9,14,5.0,171.21,454.04,98.46,37.68,none,0
9,15,5.0,167.06,467.51,103.74,37.21,none,0
9,16,5.0,170.63,440.94,98.93,43.31,none,0
9,17,5.0,165.08,450.98,101.95,41.62,none,0
9,18,5.0,168.64,458.3,94.19,46.76,none,0
9,19,5.0,175.88,409.2,103.51,33.83,none,0
9,20,5.0,165.18,424.04,94.35,42.89,none,0
9,21,5.0,165.32,423.19,101.83,42.3,none,0
9,22,5.0,171.29,433.08,95.52,47.77,none,0
9,23,5.0,171.12,473.27,104.2,58.84,none,0
9,24,5.0,171.39,484.15,97.86,37.58,none,0
9,25,5.0,163.67,447.21,102.56,40.04,none,0
9,26,5.0,162.29,438.22,102.08,42.44,none,0
9,27,5.0,160.78,466.06,96.93,32.43,none,0
9,28,5.0,172.6,437.21,98.82,34.65,none,0
9,29,5.0,163.21,485.19,99.75,45.67,none,0
9,30,5.0,161.32,414.23,102.55,45.05,none,0
9,31,5.0,169.97,453.68,102.51,35.9,none,0
9,32,5.0,165.87,458.18,100.31,43.07,none,0
9,33,5.0,169.12,448.06,102.15,52.59,none,0
9,34,5.0,169.94,439.51,99.73,58.58,none,0
9,35,5.0,167.81,436.85,98.99,44.95,none,0
9,36,5.0,168.23,470.81,96.27,50.93,none,0
9,37,5.0,173.2,426.69,97.65,36.34,none,0
9,38,5.0,174.82,464.26,100.11,50.23,none,0
9,39,5.0,168.02,472.54,102.85,35.8,none,0
9,40,5.0,168.69,447.41,98.01,44.78,none,0
9,41,5.0,178.58,460.54,99.19,33.96,none,0
9,42,5.0,165.65,482.02,103.16,49.46,none,0
9,43,5.0,168.77,445.19,102.14,36.31,none,0
9,44,5.0,171.54,452.74,92.93,36.69,none,0
9,45,5.0,169.27,424.83,106.15,26.85,none,0
9,46,5.0,170.81,449.87,105.77,51.94,none,0
9,47,5.0,173.45,423.76,99.76,41.91,none,0
9,48,5.0,167.95,437.03,97.8,37.77,none,0
9,49,5.0,170.91,481.38,100.23,36.04,none,0
9,50,5.0,170.36,452.36,95.94,30.45,none,0
9,51,5.0,172.84,416.12,104.11,38.34,none,0
9,52,5.0,171.69,423.86,98.99,30.94,none,0
9,53,5.0,171.89,405.15,95.77,34.41,none,0
9,54,5.0,171.18,416.19,96.4,42.32,none,0
9,55,5.0,173.2,444.1,104.48,35.55,none,0
9,56,5.0,169.86,461.36,97.96,36.4,none,0
9,57,5.0,168.34,446.4,102.61,33.93,none,0
9,58,5.0,174.74,475.55,99.53,42.64,none,0
9,59,5.0,164.3,449.29,99.16,52.07,none,0
9,60,5.0,170.54,448.59,101.67,28.53,none,0
9,61,5.0,170.77,417.74,96.23,37.94,none,0
9,62,5.0,157.6,453.13,99.59,45.64,none,0
9,63,5.0,173.54,461.73,101.1,37.79,none,0
9,64,5.0,171.95,439.73,97.06,28.15,none,0
9,65,5.0,169.48,449.43,100.97,38.39,none,0
9,66,5.0,166.83,466.78,101.96,33.21,none,0
9,67,5.0,169.57,485.48,103.05,47.89,none,0
9,68,5.0,168.03,450.98,100.81,32.85,none,0
9,69,5.0,165.91,430.84,102.74,49.8,none,0
9,70,5.0,177.18,475.73,102.6,33.58,none,0
9,71,5.0,161.52,502.36,96.23,38.71,none,0
9,72,5.0,175.06,439.79,96.18,33.41,none,0
9,73,5.0,171.76,460.27,94.48,58.29,none,0
9,74,5.0,170.11,436.64,97.21,41.69,none,0
9,75,5.0,175.67,464.03,95.88,40.7,none,0
9,76,5.0,165.94,424.93,102.75,43.47,none,0
9,77,5.0,163.83,462.9,103.7,35.46,none,0
9,78,5.0,172.65,425.13,98.96,41.37,none,0
9,79,5.0,164.92,434.69,97.64,44.64,none,0
9,80,5.0,182.6,423.53,97.03,44.94,none,0
9,81,5.0,169.25,464.32,99.34,27.43,none,0
9,82,5.0,172.75,459.88,98.28,32.85,none,0
9,83,5.0,166.84,424.58,98.32,42.93,none,0
9,84,5.0,165.23,445.19,98.79,36.73,none,0
9,85,5.0,163.07,438.6,95.33,34.04,none,0
9,86,5.0,166.32,486.55,102.5,21.48,none,0
9,87,5.0,169.78,435.22,105.28,19.16,none,0
9,88,5.0,163.09,422.91,100.73,48.55,none,0
9,89,5.0,178.81,475.36,96.71,12.92,none,0
9,90,5.0,166.34,434.22,102.49,38.97,none,0
9,91,5.0,174.74,458.38,103.01,40.25,none,0
9,92,5.0,166.51,457.57,103.79,35.08,none,0
9,93,5.0,164.62,444.52,95.76,36.17,none,0
9,94,5.0,157.9,445.63,103.46,29.09,none,0
9,95,5.0,173.73,436.0,100.02,36.33,none,0
9,96,5.0,166.29,459.73,94.91,35.17,none,0
9,97,5.0,168.33,449.87,96.71,44.5,none,0
9,98,5.0,173.25,467.1,106.65,30.36,none,0
9,99,5.0,173.74,463.45,101.36,38.02,none,0
9,100,5.0,168.67,454.44,99.81,29.83,none,0
9,101,5.0,178.41,430.6,104.37,34.73,none,0
9,102,5.0,164.54,439.31,97.61,48.32,none,0
9,103,5.0,171.53,425.92,99.07,36.96,none,0
9,104,5.0,174.08,462.6,100.62,27.89,none,0
9,105,5.0,171.89,431.11,102.24,36.73,none,0
9,106,5.0,163.34,461.78,100.11,35.48,none,0
9,107,5.0,179.08,442.57,93.76,39.04,none,0
9,108,5.0,168.37,475.17,99.24,44.67,none,0
9,109,5.0,171.46,469.01,103.91,30.73,none,0
9,110,5.0,171.49,461.88,98.87,50.44,none,0
9,111,5.0,169.49,462.87,101.8,35.87,none,0
9,112,5.0,170.34,407.15,99.8,52.53,none,0
9,113,5.0,171.21,457.12,101.28,26.9,none,0
9,114,5.0,172.87,463.63,98.0,21.91,none,0
9,115,5.0,157.5,489.51,102.74,34.49,none,0
9,116,5.0,163.72,461.66,94.72,31.64,none,0
9,117,5.0,174.02,444.94,98.94,37.34,none,0
9,118,5.0,169.01,444.95,99.11,25.27,none,0
9,119,5.0,167.61,448.66,98.14,44.45,none,0
10,0,9.9,163.28,445.84,103.54,36.71,none,0
10,1,9.9,165.9,465.41,99.51,26.52,none,0
10,2,9.9,163.44,449.64,100.3,45.13,none,0
10,3,9.9,177.92,462.05,102.44,52.55,none,0
10,4,9.9,176.04,425.68,99.75,40.34,none,0
10,5,9.9,173.22,433.41,98.94,39.41,none,0
10,6,9.9,173.45,444.9,96.75,40.59,none,0
10,7,9.9,173.04,416.77,97.81,24.15,none,0
10,8,9.9,161.27,484.38,98.97,45.76,none,0
10,9,9.9,171.14,447.28,102.7,31.25,none,0
10,10,9.9,167.46,444.96,102.06,38.78,none,0
10,11,9.9,171.62,473.0,100.31,45.93,none,0
10,12,9.9,161.22,432.57,93.76,49.83,none,0
10,13,9.9,178.34,467.45,100.23,35.19,none,0
10,14,9.9,166.6,472.1,101.34,39.37,none,0
10,15,9.9,168.13,432.13,103.59,28.21,none,0
10,16,9.9,167.4,468.87,100.97,47.9,none,0
10,17,9.9,170.81,437.0,100.48,36.37,none,0
10,18,9.9,164.31,457.63,100.3,32.88,none,0
10,19,9.9,168.71,450.99,104.14,20.47,none,0
10,20,9.9,168.87,486.45,97.99,39.5,none,0
10,21,9.9,171.29,461.07,95.66,24.5,none,0
10,22,9.9,176.29,445.13,97.29,42.61,none,0
10,23,9.9,174.31,440.67,98.89,27.54,none,0
10,24,9.9,172.93,432.01,98.45,41.9,none,0
10,25,9.9,174.85,453.97,94.93,45.37,none,0
10,26,9.9,169.02,471.91,93.62,40.21,none,0
10,27,9.9,168.28,441.92,100.05,37.95,none,0
10,28,9.9,172.39,492.47,101.7,32.93,none,0
10,29,9.9,178.0,455.58,99.84,51.48,none,0
10,30,9.9,176.72,452.25,104.65,33.04,none,0
10,31,9.9,166.17,444.04,99.9,48.28,none,0
10,32,9.9,175.86,415.81,101.77,32.63,none,0
10,33,9.9,166.83,480.17,98.97,48.1,none,0
10,34,9.9,167.73,450.41,99.33,45.28,none,0
10,35,9.9,163.58,456.29,98.79,42.84,none,0
10,36,9.9,167.45,452.31,95.22,31.08,none,0
10,37,9.9,169.24,417.22,100.13,35.03,none,0
10,38,9.9,160.26,442.77,96.69,51.74,none,0
10,39,9.9,171.49,433.89,98.4,44.01,none,0
10,40,9.9,167.19,415.03,97.97,50.11,none,0
10,41,9.9,170.54,430.6,98.59,39.08,none,0
10,42,9.9,171.93,417.36,102.83,20.93,none,0
10,43,9.9,176.86,471.24,102.87,41.07,none,0
10,44,9.9,177.26,464.41,101.49,32.84,none,0
10,45,9.9,177.67,431.81,96.77,42.59,none,0
10,46,9.9,164.99,437.43,97.9,34.64,none,0
10,47,9.9,179.22,460.02,96.9,38.82,none,0
10,48,9.9,165.63,458.13,97.92,49.93,none,0
10,49,9.9,173.23,476.6,99.89,53.44,none,0
10,50,9.9,172.68,486.38,106.59,30.08,none,0
10,51,9.9,174.03,466.86,98.39,37.99,none,0
10,52,9.9,171.3,469.8,98.0,36.81,none,0
10,53,9.9,176.77,498.59,101.73,37.42,none,0
10,54,9.9,170.33,456.0,96.8,48.92,none,0
10,55,9.9,174.23,455.81,104.32,40.25,none,0
10,56,9.9,171.43,433.19,104.92,21.05,none,0
10,57,9.9,170.93,436.59,97.81,27.42,none,0
10,58,9.9,166.11,461.77,103.59,41.0,none,0
10,59,9.9,173.01,444.76,100.71,37.03,none,0
10,60,9.9,172.29,436.05,97.84,40.77,none,0
10,61,9.9,163.23,460.58,99.14,39.58,none,0
10,62,9.9,170.46,465.66,95.57,39.3,none,0
10,63,9.9,167.88,444.32,102.12,47.18,none,0
10,64,9.9,172.99,464.35,100.19,46.08,none,0
10,65,9.9,165.5,460.59,99.26,39.7,none,0
10,66,9.9,160.57,482.74,102.76,39.27,none,0
10,67,9.9,168.46,463.52,97.39,57.93,none,0
10,68,9.9,172.91,486.5,99.43,38.8,none,0
10,69,9.9,179.19,444.21,108.85,41.42,none,0
10,70,9.9,171.48,468.13,101.54,34.99,none,0
10,71,9.9,177.75,428.44,102.15,31.3,none,0
10,72,9.9,168.86,434.24,99.53,23.44,none,0
10,73,9.9,163.16,450.77,99.76,32.19,none,0
10,74,9.9,170.3,455.14,99.58,38.85,none,0
10,75,9.9,166.48,431.83,102.49,42.5,none,0
10,76,9.9,170.45,453.94,106.57,30.4,none,0
10,77,9.9,173.11,483.95,98.74,26.76,none,0
10,78,9.9,169.2,463.87,98.29,33.21,none,0
10,79,9.9,169.26,445.9,104.83,48.43,none,0
10,80,9.9,173.03,466.98,103.78,36.91,none,0
10,81,9.9,166.19,423.67,102.11,44.65,none,0
10,82,9.9,173.59,471.1,97.87,35.14,none,0
10,83,9.9,172.51,444.87,101.23,19.81,none,0
10,84,9.9,173.3,465.18,99.81,48.34,none,0
10,85,9.9,160.58,465.89,106.15,35.38,none,0
10,86,9.9,173.93,433.19,101.06,36.98,none,0
10,87,9.9,167.02,433.47,99.76,41.77,none,0
10,88,9.9,162.65,468.59,94.97,45.11,none,0
10,89,9.9,170.22,490.11,104.18,42.11,none,0
10,90,9.9,172.8,442.88,98.24,40.08,none,0
10,91,9.9,163.78,439.08,103.31,39.05,none,0
10,92,9.9,165.97,409.45,93.63,39.3,none,0
10,93,9.9,176.83,438.78,99.89,44.69,none,0
10,94,9.9,173.48,454.56,103.11,46.16,none,0
10,95,9.9,174.73,439.52,95.05,38.28,none,0
10,96,9.9,167.22,460.51,100.94,35.52,none,0
10,97,9.9,171.98,439.89,96.75,33.64,none,0
10,98,9.9,167.66,439.08,95.87,39.41,none,0
10,99,9.9,184.93,461.06,102.26,58.77,none,0
10,100,9.9,173.79,425.81,101.27,47.05,none,0
10,101,9.9,173.37,465.07,99.16,42.69,none,0
10,102,9.9,162.81,418.64,97.77,50.76,none,0
10,103,9.9,171.59,475.65,97.69,46.05,none,0
10,104,9.9,170.19,407.41,98.71,41.44,none,0
10,105,9.9,167.17,472.61,100.2,48.76,none,0
10,106,9.9,169.53,453.97,97.97,37.43,none,0
10,107,9.9,173.72,447.27,100.22,41.27,none,0
10,108,9.9,170.78,469.48,97.35,34.8,none,0
10,109,9.9,165.67,482.85,104.22,36.23,none,0
10,110,9.9,174.18,457.51,106.46,42.4,none,0
10,111,9.9,170.02,416.69,98.65,50.48,none,0
10,112,9.9,167.72,446.93,98.69,36.01,none,0
10,113,9.9,172.96,410.58,99.91,43.05,none,0
10,114,9.9,176.56,436.66,104.61,47.31,none,0
10,115,9.9,176.69,440.75,98.93,25.23,none,0
10,116,9.9,174.82,414.93,92.79,25.61,none,0
10,117,9.9,173.92,428.26,100.92,27.5,none,0
10,118,9.9,173.68,449.67,103.94,39.62,none,0
10,119,9.9,175.36,421.79,99.17,33.98,none,0
11,0,10.3,174.77,478.03,97.22,43.17,none,0
11,1,10.3,176.32,430.29,95.78,45.82,none,0
11,2,10.3,166.62,490.66,102.32,46.63,none,0
11,3,10.3,171.54,478.87,98.56,34.65,none,0
11,4,10.3,170.84,444.93,101.59,48.73,none,0
11,5,10.3,171.81,457.25,100.86,33.71,none,0
11,6,10.3,173.01,439.35,106.11,45.18,none,0
11,7,10.3,176.16,510.89,99.46,36.99,none,0
11,8,10.3,176.56,460.54,100.43,44.87,none,0
11,9,10.3,167.55,446.34,101.22,38.12,none,0
11,10,10.3,167.49,457.49,100.63,30.15,none,0
11,11,10.3,169.96,421.38,100.93,36.29,none,0
11,12,10.3,167.34,438.02,101.27,51.17,none,0
11,13,10.3,156.57,389.25,116.73,79.17,comp4,1
11,14,10.3,161.86,461.54,97.77,37.51,none,0
11,15,10.3,162.69,449.28,103.48,42.84,none,0
11,16,10.3,166.4,481.09,100.13,44.6,none,0
11,17,10.3,175.01,427.9,103.08,43.17,none,0
11,18,10.3,166.18,437.72,96.82,49.2,none,0
11,19,10.3,175.2,457.13,103.45,45.6,none,0
11,20,10.3,166.75,483.53,97.21,44.27,none,0
11,21,10.3,156.06,447.72,100.32,35.71,none,0
11,22,10.3,169.99,483.07,101.97,30.88,none,0
11,23,10.3,171.01,460.37,95.73,34.88,none,0
11,24,10.3,171.25,426.48,95.18,47.97,none,0
11,25,10.3,175.22,454.16,94.53,39.21,none,0
11,26,10.3,170.32,437.58,101.94,39.27,none,0
11,27,10.3,162.17,452.16,99.6,44.21,none,0
11,28,10.3,170.54,435.91,100.97,44.97,none,0
11,29,10.3,167.88,464.52,101.21,34.48,none,0
11,30,10.3,171.04,457.96,96.19,49.92,none,0
11,31,10.3,173.93,470.16,103.21,39.71,none,0
11,32,10.3,167.85,452.17,104.37,45.86,none,0
11,33,10.3,177.14,447.21,101.12,44.79,none,0
11,34,10.3,170.46,439.32,103.12,36.74,none,0
11,35,10.3,167.78,457.0,98.55,33.42,none,0
11,36,10.3,178.14,455.34,101.18,35.42,none,0
11,37,10.3,164.63,445.02,97.52,36.44,none,0
11,38,10.3,170.62,453.97,98.83,49.25,none,0
11,39,10.3,173.54,442.32,100.85,17.49,none,0
11,40,10.3,169.43,469.84,96.93,49.18,none,0
11,41,10.3,163.32,434.95,101.96,39.5,none,0
11,42,10.3,169.48,485.07,101.7,51.08,none,0
11,43,10.3,168.22,453.0,102.55,40.64,none,0
11,44,10.3,173.97,427.03,95.93,37.64,none,0
11,45,10.3,173.68,455.24,99.75,46.17,none,0
11,46,10.3,169.66,470.37,99.3,37.22,none,0
11,47,10.3,167.42,460.43,108.29,44.41,none,0
11,48,10.3,177.1,448.83,104.21,41.29,none,0
11,49,10.3,173.84,465.31,99.44,32.98,none,0
11,50,10.3,165.4,422.67,99.53,37.31,none,0
11,51,10.3,168.43,440.74,101.31,39.62,none,0
11,52,10.3,170.26,425.2,107.0,24.81,none,0
11,53,10.3,174.04,429.99,99.48,40.04,none,0
11,54,10.3,171.82,411.02,99.95,51.16,none,0
11,55,10.3,174.45,472.69,98.98,39.51,none,0
11,56,10.3,174.4,459.89,101.41,45.63,none,0
11,57,10.3,168.7,437.22,96.27,34.84,none,0
11,58,10.3,163.94,458.76,100.25,29.69,none,0
11,59,10.3,167.78,443.45,104.69,30.33,none,0
11,60,10.3,167.84,460.09,97.33,32.66,none,0
11,61,10.3,175.95,450.92,105.31,41.1,none,0
11,62,10.3,172.02,458.01,95.83,34.65,none,0
11,63,10.3,170.51,467.39,101.88,48.14,none,0
11,64,10.3,169.19,411.6,96.81,30.05,none,0
11,65,10.3,173.6,466.6,102.25,33.0,none,0
11,66,10.3,171.51,407.0,96.64,30.87,none,0
11,67,10.3,170.0,455.85,105.9,32.07,none,0
11,68,10.3,172.87,493.52,97.67,44.33,none,0
11,69,10.3,169.77,481.75,99.92,34.98,none,0
11,70,10.3,181.34,421.38,97.15,34.17,none,0
11,71,10.3,165.14,450.15,98.43,45.36,none,0
11,72,10.3,180.14,443.7,102.42,46.05,none,0
11,73,10.3,164.41,445.42,100.45,36.87,none,0
11,74,10.3,169.25,435.34,98.94,41.5,none,0
11,75,10.3,174.21,483.87,103.33,35.66,none,0
11,76,10.3,164.89,433.28,101.03,36.69,none,0
11,77,10.3,170.86,423.89,100.52,40.27,none,0
11,78,10.3,168.43,469.02,102.79,30.68,none,0
11,79,10.3,172.34,448.05,99.09,42.2,none,0
11,80,10.3,174.25,462.29,101.13,30.46,none,0
11,81,10.3,169.5,450.74,102.46,46.5,none,0
11,82,10.3,169.87,464.12,103.8,28.73,none,0
11,83,10.3,173.64,449.22,103.72,40.88,none,0
11,84,10.3,173.49,447.22,100.62,44.21,none,0
11,85,10.3,167.66,472.66,100.97,29.49,none,0
11,86,10.3,175.32,422.23,97.25,36.03,none,0
11,87,10.3,167.54,442.05,106.47,48.0,none,0
11,88,10.3,167.93,456.96,102.2,50.31,none,0
11,89,10.3,162.39,461.92,97.96,48.43,none,0
11,90,10.3,166.88,446.43,100.99,40.36,none,0
11,91,10.3,170.46,476.65,101.5,50.06,none,0
11,92,10.3,172.4,449.91,96.39,47.27,none,0
11,93,10.3,176.33,458.24,96.38,37.39,none,0
11,94,10.3,177.92,442.31,100.0,42.27,none,0
11,95,10.3,164.04,447.78,98.94,51.31,none,0
11,96,10.3,168.58,455.35,98.29,38.5,none,0
11,97,10.3,174.82,491.2,99.63,39.24,none,0
11,98,10.3,171.69,471.24,99.2,41.28,none,0
11,99,10.3,167.32,453.44,105.71,42.8,none,0
11,100,10.3,163.88,440.36,96.68,43.63,none,0
11,101,10.3,171.4,460.75,96.11,28.74,none,0
11,102,10.3,172.78,433.2,98.38,34.6,none,0
11,103,10.3,173.19,431.95,101.08,30.17,none,0
11,104,10.3,168.1,463.46,99.47,35.32,none,0
11,105,10.3,172.54,425.28,99.04,42.1,none,0
11,106,10.3,168.12,453.64,98.42,47.76,none,0
11,107,10.3,163.25,455.67,101.19,39.09,none,0
11,108,10.3,166.76,454.3,103.89,33.27,none,0
11,109,10.3,171.22,455.5,96.08,41.77,none,0
11,110,10.3,171.41,457.52,97.5,39.6,none,0
11,111,10.3,173.53,433.36,95.95,27.38,none,0
11,112,10.3,171.21,467.32,99.64,42.96,none,0
11,113,10.3,164.14,453.96,102.02,24.22,none,0
11,114,10.3,168.3,448.68,103.16,38.09,none,0
11,115,10.3,168.74,412.04,97.04,35.31,none,0
11,116,10.3,172.51,434.29,101.5,43.86,none,0
11,117,10.3,173.2,405.79,101.53,51.17,none,0
11,118,10.3,167.24,485.54,106.66,35.37,none,0
11,119,10.3,159.79,443.45,99.03,48.57,none,0
12,0,8.1,168.07,466.68,99.89,37.39,none,0
12,1,8.1,177.42,451.22,98.24,40.55,none,0
12,2,8.1,173.13,464.07,99.55,38.88,none,0
12,3,8.1,166.44,443.66,100.9,41.47,none,0
12,4,8.1,176.67,451.48,100.47,50.16,none,0
12,5,8.1,170.51,419.81,99.13,32.32,none,0
12,6,8.1,168.41,448.74,103.79,38.17,none,0
12,7,8.1,174.28,444.89,95.95,50.52,none,0
12,8,8.1,165.13,446.83,101.44,38.37,none,0
12,9,8.1,166.64,474.56,99.69,48.97,none,0
12,10,8.1,174.15,466.98,102.66,29.03,none,0
12,11,8.1,167.13,442.58,95.16,54.38,none,0
12,12,8.1,170.99,413.74,100.92,55.35,none,0
12,13,8.1,174.57,429.63,100.31,27.46,none,0
12,14,8.1,173.17,438.29,101.99,32.64,none,0
12,15,8.1,169.68,431.01,96.06,37.45,none,0
12,16,8.1,173.23,423.14,98.48,43.88,none,0
12,17,8.1,163.1,467.93,96.33,49.4,none,0
12,18,8.1,173.96,454.74,98.34,33.85,none,0
12,19,8.1,177.17,460.05,96.25,43.89,none,0
12,20,8.1,160.51,431.0,101.66,41.35,none,0
12,21,8.1,170.29,468.68,96.46,39.28,none,0
12,22,8.1,172.28,421.17,98.62,49.29,none,0
12,23,8.1,164.9,447.22,100.1,38.1,none,0
12,24,8.1,174.51,437.91,100.96,50.14,none,0
12,25,8.1,171.22,453.62,96.46,34.81,none,0
12,26,8.1,164.67,459.25,106.07,43.07,none,0
12,27,8.1,170.72,431.86,100.82,32.95,none,0
12,28,8.1,183.35,417.01,100.59,36.61,none,0
12,29,8.1,172.41,435.4,99.96,35.61,none,0
12,30,8.1,169.23,447.6,98.79,33.78,none,0
12,31,8.1,168.45,450.16,102.88,35.62,none,0
12,32,8.1,176.29,456.14,100.13,47.45,none,0
12,33,8.1,167.02,435.9,100.36,36.61,none,0
12,34,8.1,167.97,435.15,101.14,30.85,none,0
12,35,8.1,166.7,441.89,102.05,50.47,none,0
12,36,8.1,170.67,446.56,98.22,40.61,none,0
12,37,8.1,174.43,488.58,98.15,34.91,none,0
12,38,8.1,155.65,484.99,98.88,42.55,none,0
12,39,8.1,176.6,400.97,101.91,25.31,none,0
12,40,8.1,168.53,475.62,106.44,37.87,none,0
12,41,8.1,166.75,464.79,91.18,44.15,none,0
12,42,8.1,176.55,427.29,100.69,47.53,none,0
12,43,8.1,168.65,444.19,103.0,26.28,none,0
12,44,8.1,169.03,459.97,103.5,29.79,none,0
12,45,8.1,170.17,461.36,101.19,48.89,none,0
12,46,8.1,163.37,442.87,96.22,39.59,none,0
12,47,8.1,163.73,443.54,96.76,46.79,none,0
12,48,8.1,168.06,453.51,98.68,30.7,none,0
12,49,8.1,164.54,454.46,98.36,43.45,none,0
12,50,8.1,168.79,430.32,103.91,47.18,none,0
12,51,8.1,165.13,440.67,98.28,32.44,none,0
12,52,8.1,168.97,430.67,99.14,29.96,none,0
12,53,8.1,167.5,450.22,102.23,37.42,none,0
12,54,8.1,164.03,452.5,105.08,31.05,none,0
12,55,8.1,170.57,462.22,91.33,37.48,none,0
12,56,8.1,172.69,446.93,98.39,31.97,none,0
12,57,8.1,167.84,451.4,97.97,42.41,none,0
12,58,8.1,175.12,449.31,99.14,38.31,none,0
12,59,8.1,162.12,428.52,103.53,42.63,none,0
12,60,8.1,170.8,442.82,97.13,46.63,none,0
12,61,8.1,171.52,490.34,98.42,27.41,none,0
12,62,8.1,168.34,443.16,108.93,44.58,none,0
12,63,8.1,174.3,455.41,100.56,46.93,none,0
12,64,8.1,180.07,450.44,100.92,38.73,none,0
12,65,8.1,167.24,432.84,103.01,54.74,none,0
12,66,8.1,179.71,442.65,98.67,40.28,none,0
12,67,8.1,171.76,452.42,96.74,45.4,none,0
12,68,8.1,165.49,451.11,101.47,48.76,none,0
12,69,8.1,171.26,452.68,100.09,31.5,none,0
12,70,8.1,176.98,463.67,102.73,28.34,none,0
12,71,8.1,165.33,431.11,93.14,37.79,none,0
12,72,8.1,168.09,444.43,98.38,49.56,none,0
12,73,8.1,168.26,415.79,102.74,36.01,none,0
12,74,8.1,161.43,470.49,102.58,45.75,none,0
12,75,8.1,176.02,435.44,101.43,38.67,none,0
12,76,8.1,165.65,456.73,101.77,24.88,none,0
12,77,8.1,168.78,431.1,105.02,29.42,none,0
12,78,8.1,160.85,459.61,95.77,34.69,none,0
12,79,8.1,170.75,444.41,102.65,41.13,none,0
12,80,8.1,168.81,462.26,101.45,39.61,none,0
12,81,8.1,163.31,459.44,94.69,45.01,none,0
12,82,8.1,166.77,422.65,92.81,30.89,none,0
12,83,8.1,172.86,454.06,96.29,30.81,none,0
12,84,8.1,171.48,441.79,101.71,45.15,none,0
12,85,8.1,171.75,466.55,97.96,45.61,none,0
12,86,8.1,168.67,431.46,95.68,46.9,none,0
12,87,8.1,170.6,424.97,100.97,33.85,none,0
12,88,8.1,179.21,461.24,96.97,35.89,none,0
12,89,8.1,184.15,470.8,99.71,50.23,none,0
12,90,8.1,179.67,462.04,96.54,46.5,none,0
12,91,8.1,170.56,432.53,105.48,33.47,none,0
12,92,8.1,169.39,496.21,105.06,38.12,none,0
12,93,8.1,171.44,444.12,102.24,45.68,none,0
12,94,8.1,168.88,456.61,96.86,40.0,none,0
12,95,8.1,178.24,464.55,96.58,33.69,none,0
12,96,8.1,156.91,457.12,102.09,29.83,none,0
12,97,8.1,176.54,441.84,97.88,42.0,none,0
12,98,8.1,172.88,463.95,101.65,49.73,none,0
12,99,8.1,166.65,457.99,96.56,35.37,none,0
12,100,8.1,168.06,430.8,101.08,31.83,none,0
12,101,8.1,169.33,419.89,99.45,45.84,none,0
12,102,8.1,166.09,477.18,98.64,29.14,none,0
12,103,8.1,163.24,449.92,107.13,33.38,none,0
12,104,8.1,165.2,427.1,106.86,52.62,none,0
12,105,8.1,174.29,494.58,103.85,35.15,none,0
12,106,8.1,172.66,418.37,97.4,43.19,none,0
12,107,8.1,175.56,435.01,99.27,53.33,none,0
12,108,8.1,171.09,445.57,104.08,43.12,none,0
12,109,8.1,172.74,480.5,100.36,36.42,none,0
12,110,8.1,171.99,436.18,103.59,24.54,none,0
12,111,8.1,169.14,433.86,100.67,24.63,none,0
12,112,8.1,170.36,443.54,105.78,33.59,none,0
12,113,8.1,171.79,450.81,96.5,26.35,none,0
12,114,8.1,168.8,440.74,94.49,30.86,none,0
12,115,8.1,173.83,447.42,100.72,44.61,none,0
12,116,8.1,165.12,474.83,96.84,35.62,none,0
12,117,8.1,182.39,475.52,99.33,55.33,none,0
12,118,8.1,171.77,473.89,99.67,32.79,none,0
12,119,8.1,173.8,476.05,101.58,46.86,none,0
13,0,16.4,168.42,454.14,107.23,42.5,none,0
13,1,16.4,179.42,435.23,103.15,38.26,none,0
13,2,16.4,167.86,440.55,100.71,30.48,none,0
13,3,16.4,176.05,447.07,99.8,40.91,none,0
13,4,16.4,169.13,480.12,102.34,39.41,none,0
13,5,16.4,163.18,450.33,101.32,29.58,none,0
13,6,16.4,162.7,458.39,101.25,49.4,none,0
13,7,16.4,169.82,432.49,98.29,48.09,none,0
13,8,16.4,170.87,447.73,101.74,44.01,none,0
13,9,16.4,164.55,443.7,97.65,35.62,none,0
13,10,16.4,172.0,444.16,96.95,40.42,none,0
13,11,16.4,161.07,486.35,103.01,30.98,none,0
13,12,16.4,175.78,429.37,100.38,44.36,none,0
13,13,16.4,177.14,462.1,99.3,31.1,none,0
13,14,16.4,170.89,444.93,101.54,35.4,none,0
13,15,16.4,174.87,439.9,105.82,47.73,none,0
13,16,16.4,177.25,480.18,102.08,53.71,none,0
13,17,16.4,165.49,453.55,97.88,39.27,none,0
13,18,16.4,163.77,436.73,97.67,38.27,none,0
13,19,16.4,161.76,433.98,95.43,36.18,none,0
13,20,16.4,170.73,463.48,105.87,36.73,none,0
13,21,16.4,159.01,416.91,100.16,40.9,none,0
13,22,16.4,169.14,477.64,99.61,31.87,none,0
13,23,16.4,167.44,441.25,103.67,39.61,none,0
13,24,16.4,175.17,456.04,100.49,23.76,none,0
13,25,16.4,159.76,465.18,99.72,32.05,none,0
13,26,16.4,172.15,454.63,96.27,38.31,none,0
13,27,16.4,165.45,444.43,104.03,36.26,none,0
13,28,16.4,169.67,455.6,97.83,32.97,none,0
13,29,16.4,169.94,465.51,94.04,40.94,none,0
13,30,16.4,167.13,452.09,102.82,40.28,none,0
13,31,16.4,172.15,450.72,98.34,20.95,none,0
13,32,16.4,171.95,470.32,98.68,49.57,none,0
13,33,16.4,167.08,501.89,98.8,43.67,none,0
13,34,16.4,171.73,448.6,99.36,44.27,none,0
13,35,16.4,175.13,444.67,97.18,42.68,none,0
13,36,16.4,178.67,478.11,99.19,30.49,none,0
13,37,16.4,165.52,463.63,97.9,36.74,none,0
13,38,16.4,174.27,480.16,97.04,46.05,none,0
13,39,16.4,168.41,442.99,102.09,37.18,none,0
13,40,16.4,166.01,440.79,109.97,35.37,none,0
13,41,16.4,175.3,418.36,101.73,42.94,none,0
13,42,16.4,179.2,428.42,98.49,51.7,none,0
13,43,16.4,172.42,435.76,102.06,39.83,none,0
13,44,16.4,165.48,424.32,101.62,33.45,none,0
13,45,16.4,174.84,453.27,102.4,39.67,none,0
13,46,16.4,164.6,443.74,102.41,46.37,none,0
13,47,16.4,168.66,402.8,104.0,28.88,none,0
13,48,16.4,164.89,468.52,105.73,27.81,none,0
13,49,16.4,174.9,473.66,98.32,32.77,none,0
13,50,16.4,175.06,442.12,106.43,32.02,none,0
13,51,16.4,163.05,459.32,103.71,38.21,none,0
13,52,16.4,169.7,407.27,98.48,31.44,none,0
13,53,16.4,169.81,453.63,101.04,24.06,none,0
13,54,16.4,168.69,449.48,101.73,49.37,none,0
13,55,16.4,174.01,493.4,102.93,54.59,none,0
13,56,16.4,170.4,459.23,97.68,29.32,none,0
13,57,16.4,168.0,427.78,96.55,46.03,none,0
13,58,16.4,173.12,461.31,104.32,41.79,none,0
13,59,16.4,175.15,453.52,96.3,50.35,none,0
13,60,16.4,172.52,447.31,97.36,56.31,none,0
13,61,16.4,166.73,441.49,98.67,41.57,none,0
13,62,16.4,164.63,455.11,103.0,33.54,none,0
13,63,16.4,172.5,447.28,99.23,38.05,none,0
13,64,16.4,167.6,447.82,98.81,38.57,none,0
13,65,16.4,174.12,449.55,99.08,55.81,none,0
13,66,16.4,166.68,424.84,101.48,46.28,none,0
13,67,16.4,167.93,407.75,103.65,35.89,none,0
13,68,16.4,170.82,467.6,99.52,38.6,none,0
13,69,16.4,170.69,444.23,101.01,45.32,none,0
13,70,16.4,167.97,470.17,103.16,37.3,none,0
13,71,16.4,176.2,423.9,98.02,39.2,none,0
13,72,16.4,172.95,460.35,98.4,45.57,none,0
13,73,16.4,170.47,437.67,100.31,64.81,none,0
13,74,16.4,173.12,419.91,97.12,52.06,none,0
13,75,16.4,178.46,443.9,99.5,41.24,none,0
13,76,16.4,176.84,422.95,99.18,55.31,none,0
13,77,16.4,167.38,467.11,100.01,33.49,none,0
13,78,16.4,163.27,450.06,101.9,33.16,none,0
13,79,16.4,172.29,418.06,102.48,48.49,none,0
13,80,16.4,169.66,442.86,102.85,48.75,none,0
13,81,16.4,174.66,472.87,98.42,27.23,none,0
13,82,16.4,167.72,451.76,96.69,56.23,none,0
13,83,16.4,170.32,474.2,106.42,49.57,none,0
13,84,16.4,175.97,425.62,105.64,49.06,none,0
13,85,16.4,167.06,463.05,97.08,56.42,none,0
13,86,16.4,172.64,460.21,95.95,45.56,none,0
13,87,16.4,173.18,469.91,99.42,30.21,none,0
13,88,16.4,173.81,462.67,101.86,46.35,none,0
13,89,16.4,159.45,422.17,97.81,35.1,none,0
13,90,16.4,169.25,437.38,98.89,30.02,none,0
13,91,16.4,176.02,449.01,103.06,50.11,none,0
13,92,16.4,156.54,451.23,98.73,40.58,none,0
13,93,16.4,169.0,440.87,106.59,46.38,none,0
13,94,16.4,176.86,454.33,104.13,33.65,none,0
13,95,16.4,167.12,428.56,104.82,46.68,none,0
13,96,16.4,167.59,438.96,103.9,45.63,none,0
13,97,16.4,163.85,464.16,105.34,45.19,none,0
13,98,16.4,170.4,470.71,94.1,49.63,none,0
13,99,16.4,163.49,442.58,100.83,29.87,none,0
13,100,16.4,168.64,462.4,92.77,45.96,none,0
13,101,16.4,168.0,476.51,102.78,36.43,none,0
13,102,16.4,172.52,440.97,100.2,41.15,none,0
13,103,16.4,165.75,447.35,101.57,29.63,none,0
13,104,16.4,161.64,441.68,100.32,52.55,none,0
13,105,16.4,171.89,448.35,97.75,46.54,none,0
13,106,16.4,171.58,432.91,102.33,38.18,none,0
13,107,16.4,168.68,419.55,103.33,22.59,none,0
13,108,16.4,171.69,429.22,96.55,24.02,none,0
13,109,16.4,171.97,444.68,97.23,49.42,none,0
13,110,16.4,166.0,438.23,100.58,38.47,none,0
13,111,16.4,178.66,464.69,103.09,29.6,none,0
13,112,16.4,165.3,472.97,96.45,25.25,none,0
13,113,16.4,165.62,441.34,99.31,45.3,none,0
13,114,16.4,163.6,469.08,100.19,43.72,none,0
13,115,16.4,165.87,471.13,100.56,41.61,none,0
13,116,16.4,168.65,431.71,101.2,40.75,none,0
13,117,16.4,164.34,479.44,96.96,41.27,none,0
13,118,16.4,168.12,476.33,101.22,44.55,none,0
13,119,16.4,168.23,465.54,98.71,20.13,none,0
14,0,14.3,166.75,429.67,98.78,48.01,none,0
14,1,14.3,174.81,443.23,104.17,51.36,none,0
14,2,14.3,174.35,423.94,99.58,41.43,none,0
14,3,14.3,166.82,453.97,99.97,45.25,none,0
14,4,14.3,165.3,461.86,103.02,46.33,none,0
14,5,14.3,180.87,459.58,97.81,39.12,none,0
14,6,14.3,166.18,425.46,100.71,40.56,none,0
14,7,14.3,163.94,418.77,99.5,38.13,none,0
14,8,14.3,165.99,499.13,108.49,36.86,none,0
14,9,14.3,171.38,455.15,95.62,44.67,none,0
14,10,14.3,170.03,432.82,103.99,48.31,none,0
14,11,14.3,170.11,450.16,99.82,36.04,none,0
14,12,14.3,163.49,480.75,99.01,34.22,none,0
14,13,14.3,172.74,472.16,99.04,34.49,none,0
14,14,14.3,173.42,479.63,96.63,47.77,none,0
14,15,14.3,176.88,454.49,102.8,27.6,none,0
14,16,14.3,179.4,435.25,99.11,34.22,none,0
14,17,14.3,160.32,482.06,100.22,24.08,none,0
14,18,14.3,178.75,418.51,106.63,49.19,none,0
14,19,14.3,176.43,458.5,91.59,33.94,none,0
14,20,14.3,167.52,472.89,98.44,34.84,none,0
14,21,14.3,179.09,429.62,98.14,46.16,none,0
14,22,14.3,167.64,443.45,100.04,42.58,none,0
14,23,14.3,168.84,462.22,102.73,30.15,none,0
14,24,14.3,169.0,453.51,99.51,48.13,none,0
14,25,14.3,167.03,452.78,101.35,38.96,none,0
14,26,14.3,175.03,421.25,105.15,30.23,none,0
14,27,14.3,172.45,488.99,101.76,44.61,none,0
14,28,14.3,177.21,469.14,103.6,44.61,none,0
14,29,14.3,172.83,460.68,101.67,48.32,none,0
14,30,14.3,172.15,466.4,103.38,32.74,none,0
14,31,14.3,181.0,450.82,98.39,36.6,none,0
14,32,14.3,176.79,465.2,105.08,39.83,none,0
14,33,14.3,169.02,458.3,102.23,40.15,none,0
14,34,14.3,166.41,420.53,98.31,45.19,none,0
14,35,14.3,174.86,433.39,100.41,35.21,none,0
14,36,14.3,177.99,473.76,102.49,59.4,none,0
14,37,14.3,172.26,492.11,106.57,30.61,none,0
14,38,14.3,167.36,407.13,100.45,39.48,none,0
14,39,14.3,180.67,462.91,102.81,32.94,none,0
14,40,14.3,178.11,432.03,100.39,42.82,none,0
14,41,14.3,161.22,457.01,98.12,43.96,none,0
14,42,14.3,168.01,422.14,96.94,55.11,none,0
14,43,14.3,167.99,427.28,98.81,36.79,none,0
14,44,14.3,162.82,450.97,101.59,52.46,none,0
14,45,14.3,167.75,452.01,103.28,31.2,none,0
14,46,14.3,170.31,452.91,96.46,40.28,none,0
14,47,14.3,176.92,450.27,103.54,45.41,none,0
14,48,14.3,173.71,437.65,94.36,34.66,none,0
14,49,14.3,172.09,439.79,104.87,51.03,none,0
14,50,14.3,163.08,455.46,100.14,47.5,none,0
14,51,14.3,173.69,445.14,102.23,34.81,none,0
14,52,14.3,172.18,431.46,96.85,28.95,none,0
14,53,14.3,176.03,446.27,106.66,45.06,none,0
14,54,14.3,167.07,448.68,103.09,37.71,none,0
14,55,14.3,164.12,455.87,97.76,43.5,none,0
14,56,14.3,164.14,451.7,96.5,28.46,none,0
14,57,14.3,171.77,449.33,99.77,36.31,none,0
14,58,14.3,166.68,430.61,103.09,38.34,none,0
14,59,14.3,172.86,438.59,98.44,37.54,none,0
14,60,14.3,165.11,468.3,101.78,38.87,none,0
14,61,14.3,171.75,450.6,101.88,52.08,none,0
14,62,14.3,171.56,418.29,99.48,34.13,none,0
14,63,14.3,168.32,452.38,97.64,38.12,none,0
14,64,14.3,171.09,437.85,98.97,45.59,none,0
14,65,14.3,159.8,422.79,99.47,26.16,none,0
14,66,14.3,175.35,432.98,96.43,26.5,none,0
14,67,14.3,171.47,429.59,93.82,28.0,none,0
14,68,14.3,162.54,488.72,102.74,60.69,none,0
14,69,14.3,171.16,439.7,97.0,39.23,none,0
14,70,14.3,164.34,472.03,100.85,25.81,none,0
14,71,14.3,166.76,437.46,102.35,31.8,none,0
14,72,14.3,178.52,446.23,97.22,40.1,none,0
14,73,14.3,169.7,436.26,100.63,57.87,none,0
14,74,14.3,171.93,461.41,104.85,38.36,none,0
14,75,14.3,173.41,453.07,101.19,53.39,none,0
14,76,14.3,177.08,462.3,94.76,37.97,none,0
14,77,14.3,172.05,453.7,96.12,31.72,none,0
14,78,14.3,167.78,450.35,95.6,31.59,none,0
14,79,14.3,164.84,441.14,95.32,42.54,none,0
14,80,14.3,172.81,427.61,97.04,44.28,none,0
14,81,14.3,169.15,456.51,106.15,42.16,none,0
14,82,14.3,174.89,414.24,96.56,53.89,none,0
14,83,14.3,173.61,457.12,102.63,49.91,none,0
14,84,14.3,166.94,461.26,105.0,25.86,none,0
14,85,14.3,170.7,453.99,102.04,36.87,none,0
14,86,14.3,166.88,433.32,101.62,49.68,none,0
14,87,14.3,171.01,460.14,100.98,37.05,none,0
14,88,14.3,171.87,432.13,95.92,26.94,none,0
14,89,14.3,174.31,459.84,101.09,32.78,none,0
14,90,14.3,164.53,445.32,101.82,38.59,none,0
14,91,14.3,168.48,417.37,94.16,45.29,none,0
14,92,14.3,178.45,452.59,99.43,34.11,none,0
14,93,14.3,176.18,442.31,102.74,44.49,none,0
14,94,14.3,174.16,466.67,95.74,42.97,none,0
14,95,14.3,165.84,448.45,102.76,55.21,none,0
14,96,14.3,182.67,435.46,101.1,41.14,none,0
14,97,14.3,171.6,437.02,103.74,39.96,none,0
14,98,14.3,164.14,445.3,100.16,45.36,none,0
14,99,14.3,172.61,455.44,96.9,52.68,none,0
14,100,14.3,173.39,429.87,99.76,39.34,none,0
14,101,14.3,165.54,451.16,100.39,50.55,none,0
14,102,14.3,160.78,443.66,103.94,38.16,none,0
14,103,14.3,175.55,437.51,98.85,42.32,none,0
14,104,14.3,167.41,491.35,94.89,57.01,none,0
14,105,14.3,174.14,441.74,103.27,34.58,none,0
14,106,14.3,161.68,419.18,95.67,39.89,none,0
14,107,14.3,160.63,455.98,99.52,42.56,none,0
14,108,14.3,182.76,476.18,100.55,28.53,none,0
14,109,14.3,174.64,437.34,100.73,59.03,none,0
14,110,14.3,169.39,496.87,100.5,23.08,none,0
14,111,14.3,170.93,481.86,102.68,44.58,none,0
14,112,14.3,180.63,465.48,101.12,44.99,none,0
14,113,14.3,172.85,453.2,100.36,33.58,none,0
14,114,14.3,162.04,452.03,94.28,32.07,none,0
14,115,14.3,172.74,446.38,99.42,45.62,none,0
14,116,14.3,180.0,460.23,96.1,59.56,none,0
14,117,14.3,177.26,473.08,108.82,39.76,none,0
14,118,14.3,165.6,450.08,101.15,40.9,none,0
14,119,14.3,164.62,438.03,99.41,48.49,none,0
15,0,1.1,164.19,448.0,96.86,50.13,none,0
15,1,1.1,171.97,428.41,96.58,45.46,none,0
15,2,1.1,164.01,433.5,97.36,37.21,none,0
15,3,1.1,174.54,445.87,101.45,34.26,none,0
15,4,1.1,182.91,466.66,101.72,24.15,none,0
15,5,1.1,169.65,441.63,98.62,41.62,none,0
15,6,1.1,161.81,450.3,99.77,34.79,none,0
15,7,1.1,176.22,453.97,97.56,43.73,none,0
15,8,1.1,164.49,446.3,99.83,27.54,none,0
15,9,1.1,173.62,416.9,101.36,37.17,none,0
15,10,1.1,167.45,409.41,98.97,41.77,none,0
15,11,1.1,163.65,459.06,97.19,46.71,none,0
15,12,1.1,175.99,473.59,96.13,39.62,none,0
15,13,1.1,161.16,422.68,102.98,40.08,none,0
15,14,1.1,179.33,435.05,96.03,35.57,none,0
15,15,1.1,174.6,435.47,98.35,32.0,none,0
15,16,1.1,164.64,454.95,100.24,52.84,none,0
15,17,1.1,168.73,438.44,99.37,36.07,none,0
15,18,1.1,167.2,443.0,96.77,50.42,none,0
15,19,1.1,170.62,438.49,105.77,36.31,none,0
15,20,1.1,163.6,449.53,101.01,57.37,none,0
15,21,1.1,167.52,418.11,102.99,37.09,none,0
15,22,1.1,178.57,462.09,105.03,46.05,none,0
15,23,1.1,174.82,464.79,102.75,32.14,none,0
15,24,1.1,176.69,457.12,103.14,47.3,none,0
15,25,1.1,170.31,455.24,100.89,43.45,none,0
15,26,1.1,165.43,448.55,99.97,43.96,none,0
15,27,1.1,171.04,432.44,101.95,31.4,none,0
15,28,1.1,166.44,505.59,97.94,59.98,none,0
15,29,1.1,172.88,437.42,100.22,35.95,none,0
15,30,1.1,174.16,445.32,102.78,35.78,none,0
15,31,1.1,173.07,477.39,98.26,39.92,none,0
15,32,1.1,160.97,437.58,106.89,44.42,none,0
15,33,1.1,177.85,480.37,101.9,22.41,none,0
15,34,1.1,165.69,473.3,96.69,35.51,none,0
15,35,1.1,169.52,456.44,97.56,44.67,none,0
15,36,1.1,181.5,437.71,98.58,45.1,none,0
15,37,1.1,172.93,458.96,98.04,40.75,none,0
15,38,1.1,169.22,438.2,102.11,34.56,none,0
15,39,1.1,164.77,457.76,104.43,43.08,none,0
15,40,1.1,170.15,412.69,99.35,33.34,none,0
15,41,1.1,167.17,426.1,103.23,40.16,none,0
15,42,1.1,168.76,435.29,98.81,41.79,none,0
15,43,1.1,167.35,462.0,100.2,51.38,none,0
15,44,1.1,163.4,451.76,99.12,46.29,none,0
15,45,1.1,155.4,472.07,99.47,45.39,none,0
15,46,1.1,176.36,513.23,103.21,35.25,none,0
15,47,1.1,162.3,445.65,97.46,46.03,none,0
15,48,1.1,175.57,469.36,98.2,40.61,none,0
15,49,1.1,160.79,397.75,101.47,38.26,none,0
15,50,1.1,183.53,451.16,99.23,48.75,none,0
15,51,1.1,178.68,448.78,103.26,45.24,none,0
15,52,1.1,168.35,469.88,98.34,44.9,none,0
15,53,1.1,173.17,466.2,96.45,36.75,none,0
15,54,1.1,163.22,451.12,95.87,42.44,none,0
15,55,1.1,168.38,436.54,95.39,24.94,none,0
15,56,1.1,165.1,431.15,98.79,48.71,none,0
15,57,1.1,176.17,456.43,95.77,37.49,none,0
15,58,1.1,173.63,428.69,99.18,47.09,none,0
15,59,1.1,163.53,417.03,102.34,37.3,none,0
15,60,1.1,170.91,445.16,101.18,36.24,none,0
15,61,1.1,176.87,479.57,98.41,49.82,none,0
15,62,1.1,169.52,436.17,103.39,46.97,none,0
15,63,1.1,173.0,489.51,98.92,44.32,none,0
15,64,1.1,166.89,489.38,104.78,33.94,none,0
15,65,1.1,178.01,500.81,102.24,36.45,none,0
15,66,1.1,163.54,459.82,98.88,29.54,none,0
15,67,1.1,170.39,506.73,98.69,43.91,none,0
15,68,1.1,170.68,421.62,99.28,33.83,none,0
15,69,1.1,169.36,479.71,101.39,50.54,none,0
15,70,1.1,181.46,462.23,103.83,31.78,none,0
15,71,1.1,170.84,481.95,100.39,40.37,none,0
15,72,1.1,171.87,432.39,100.99,52.03,none,0
15,73,1.1,162.89,457.74,102.46,54.61,none,0
15,74,1.1,165.74,471.61,107.27,44.37,none,0
15,75,1.1,167.23,457.38,99.99,27.21,none,0
15,76,1.1,171.21,453.63,97.77,26.97,none,0
15,77,1.1,168.01,466.18,101.21,33.15,none,0
15,78,1.1,166.32,453.72,95.96,43.94,none,0
15,79,1.1,180.95,457.58,102.24,44.35,none,0
15,80,1.1,179.05,456.59,97.4,41.81,none,0
15,81,1.1,161.93,410.13,102.13,37.13,none,0
15,82,1.1,176.19,451.0,100.67,41.22,none,0
15,83,1.1,176.15,437.61,100.48,48.46,none,0
15,84,1.1,169.63,498.89,98.26,39.57,none,0
15,85,1.1,171.07,485.28,98.8,36.57,none,0
15,86,1.1,174.32,463.33,98.54,26.09,none,0
15,87,1.1,170.39,444.07,95.39,33.13,none,0
15,88,1.1,177.53,465.07,103.54,47.15,none,0
15,89,1.1,179.12,421.55,101.28,43.67,none,0
15,90,1.1,164.98,442.43,100.47,37.66,none,0
15,91,1.1,162.39,468.6,98.29,38.78,none,0
15,92,1.1,169.89,455.22,96.48,52.75,none,0
15,93,1.1,175.76,459.86,101.37,45.66,none,0
15,94,1.1,174.99,463.17,103.25,26.32,none,0
15,95,1.1,168.54,459.61,98.72,51.31,none,0
15,96,1.1,166.19,460.26,100.76,45.91,none,0
15,97,1.1,173.14,449.67,101.62,41.95,none,0
15,98,1.1,172.63,445.84,103.08,29.1,none,0
15,99,1.1,172.61,447.22,101.58,45.86,none,0
15,100,1.1,169.1,462.19,99.15,35.27,none,0
15,101,1.1,162.88,441.73,99.99,42.31,none,0
15,102,1.1,163.03,429.83,101.73,21.09,none,0
15,103,1.1,170.1,430.67,103.35,47.84,none,0
15,104,1.1,168.85,452.56,100.65,37.13,none,0
15,105,1.1,166.27,443.31,105.15,51.52,none,0
15,106,1.1,164.67,454.48,96.9,34.23,none,0
15,107,1.1,169.17,444.91,99.14,56.39,none,0
15,108,1.1,175.22,451.74,103.28,25.08,none,0
15,109,1.1,173.39,453.92,105.15,39.98,none,0
15,110,1.1,177.49,466.92,101.21,35.26,none,0
15,111,1.1,169.2,434.93,97.07,45.43,none,0
15,112,1.1,165.24,432.11,104.51,34.7,none,0
15,113,1.1,162.01,463.88,103.19,42.55,none,0
15,114,1.1,166.88,467.17,97.69,34.74,none,0
15,115,1.1,176.47,470.44,102.16,26.38,none,0
15,116,1.1,169.05,438.55,99.88,29.93,none,0
15,117,1.1,175.99,433.02,96.34,36.96,none,0
15,118,1.1,172.28,445.41,102.45,51.36,none,0
15,119,1.1,166.3,458.72,103.93,38.28,none,0
16,0,0.8,175.45,462.01,100.74,27.0,none,0
16,1,0.8,178.67,481.45,102.57,29.14,none,0
16,2,0.8,161.27,487.19,98.1,37.86,none,0
16,3,0.8,167.16,479.27,103.03,36.43,none,0
16,4,0.8,161.4,435.93,99.98,49.43,none,0
16,5,0.8,170.19,449.12,102.89,41.48,none,0
16,6,0.8,173.98,462.22,99.69,34.57,none,0
16,7,0.8,168.74,431.69,99.15,45.8,none,0
16,8,0.8,163.07,473.17,97.8,35.4,none,0
16,9,0.8,169.1,461.36,97.34,39.75,none,0
16,10,0.8,169.42,464.12,103.76,56.25,none,0
16,11,0.8,173.97,473.65,100.01,50.04,none,0
16,12,0.8,173.35,469.66,94.14,39.78,none,0
16,13,0.8,170.19,478.25,96.19,49.7,none,0
16,14,0.8,175.54,454.4,97.68,34.63,none,0
16,15,0.8,176.79,433.98,101.6,38.0,none,0
16,16,0.8,164.89,432.44,100.76,44.39,none,0
16,17,0.8,172.36,452.11,103.43,35.89,none,0
16,18,0.8,167.6,459.33,99.41,42.03,none,0
16,19,0.8,167.96,442.78,94.12,46.32,none,0
16,20,0.8,165.27,403.06,99.15,44.14,none,0
16,21,0.8,172.69,443.22,101.76,36.02,none,0
16,22,0.8,167.02,444.74,99.31,45.98,none,0
16,23,0.8,168.81,447.43,99.3,41.82,none,0
16,24,0.8,172.32,441.54,99.14,32.22,none,0
16,25,0.8,166.78,461.06,95.9,54.97,none,0
16,26,0.8,168.57,481.25,104.21,43.82,none,0
16,27,0.8,174.33,440.08,101.91,34.02,none,0
16,28,0.8,164.51,442.71,105.13,42.25,none,0
16,29,0.8,169.47,456.39,97.41,25.69,none,0
16,30,0.8,176.92,428.11,102.87,38.85,none,0
16,31,0.8,170.26,461.72,105.09,46.07,none,0
16,32,0.8,171.88,410.21,100.51,43.04,none,0
16,33,0.8,177.94,436.99,100.5,33.05,none,0
16,34,0.8,178.19,458.14,102.09,34.84,none,0
16,35,0.8,171.7,427.19,98.71,35.7,none,0
16,36,0.8,179.18,478.76,96.84,45.74,none,0
16,37,0.8,161.75,428.82,99.97,32.98,none,0
16,38,0.8,172.67,470.2,99.34,37.29,none,0
16,39,0.8,176.64,479.18,100.44,45.67,none,0
16,40,0.8,167.82,454.8,101.38,44.05,none,0
16,41,0.8,166.9,456.21,102.28,52.22,none,0
16,42,0.8,176.89,436.72,100.36,52.5,none,0
16,43,0.8,165.0,464.73,96.8,45.29,none,0
16,44,0.8,179.12,479.04,100.46,35.24,none,0
16,45,0.8,168.27,456.49,99.5,35.8,none,0
16,46,0.8,169.8,450.76,100.95,45.16,none,0
16,47,0.8,157.21,458.58,98.75,43.71,none,0
16,48,0.8,163.92,456.89,101.73,39.16,none,0
16,49,0.8,168.57,464.74,101.89,44.75,none,0
16,50,0.8,180.06,460.44,98.14,27.97,none,0
16,51,0.8,173.56,443.27,101.66,39.05,none,0
16,52,0.8,169.34,490.15,99.42,51.29,none,0
16,53,0.8,166.44,460.64,99.6,49.35,none,0
16,54,0.8,174.72,448.79,100.34,35.87,none,0
16,55,0.8,162.46,443.1,105.42,41.42,none,0
16,56,0.8,161.61,464.55,103.55,48.28,none,0
16,57,0.8,160.39,441.49,100.96,41.61,none,0
16,58,0.8,168.32,448.0,97.59,46.74,none,0
16,59,0.8,170.21,467.62,100.68,45.91,none,0
16,60,0.8,176.08,404.48,100.87,40.35,none,0
16,61,0.8,173.86,485.23,99.31,41.46,none,0
16,62,0.8,171.52,491.2,98.36,46.45,none,0
16,63,0.8,172.06,487.99,100.25,45.59,none,0
16,64,0.8,179.41,433.54,96.91,38.32,none,0
16,65,0.8,172.18,404.2,100.86,23.8,none,0
16,66,0.8,164.95,411.91,97.34,35.93,none,0
16,67,0.8,169.64,462.84,101.63,48.57,none,0
16,68,0.8,164.48,425.63,101.08,26.75,none,0
16,69,0.8,169.67,449.41,94.41,57.72,none,0
16,70,0.8,169.38,431.1,103.86,37.3,none,0
16,71,0.8,169.86,429.34,98.97,50.58,none,0
16,72,0.8,173.36,443.1,97.3,42.32,none,0
16,73,0.8,172.57,453.71,95.56,35.9,none,0
16,74,0.8,176.56,498.65,98.49,32.38,none,0
16,75,0.8,168.8,414.88,99.3,39.36,none,0
16,76,0.8,176.64,435.85,100.11,56.34,none,0
16,77,0.8,176.0,433.69,98.95,42.59,none,0
16,78,0.8,178.75,434.79,98.0,42.95,none,0
16,79,0.8,168.34,445.89,96.24,42.94,none,0
16,80,0.8,166.03,452.84,97.2,32.45,none,0
16,81,0.8,168.19,424.61,97.47,44.87,none,0
16,82,0.8,172.51,445.92,98.95,39.22,none,0
16,83,0.8,165.9,436.17,102.87,48.12,none,0
16,84,0.8,164.35,435.39,104.03,55.8,none,0
16,85,0.8,171.67,425.27,97.74,46.76,none,0
16,86,0.8,169.04,481.7,95.3,45.23,none,0
16,87,0.8,170.35,426.16,101.56,33.19,none,0
16,88,0.8,175.21,440.0,94.84,46.84,none,0
16,89,0.8,172.36,447.67,102.89,54.56,none,0
16,90,0.8,165.41,413.03,98.32,45.97,none,0
16,91,0.8,168.83,462.19,100.63,36.61,none,0
16,92,0.8,176.05,436.65,102.22,46.05,none,0
16,93,0.8,164.6,455.16,101.1,29.85,none,0
16,94,0.8,167.47,432.99,101.03,55.51,none,0
16,95,0.8,172.26,444.21,101.89,41.87,none,0
16,96,0.8,169.67,464.18,99.62,45.56,none,0
16,97,0.8,161.02,472.68,100.31,52.56,none,0
16,98,0.8,168.56,499.91,93.0,45.1,none,0
16,99,0.8,164.5,436.36,105.28,40.51,none,0
16,100,0.8,162.3,430.36,103.85,47.8,none,0
16,101,0.8,163.96,449.74,100.26,30.4,none,0
16,102,0.8,160.03,459.38,101.23,45.84,none,0
16,103,0.8,171.56,425.71,107.03,43.55,none,0
16,104,0.8,173.35,389.76,100.34,54.48,none,0
16,105,0.8,173.63,444.05,101.27,48.99,none,0
16,106,0.8,171.26,440.88,93.77,43.0,none,0
16,107,0.8,168.03,439.01,95.48,51.69,none,0
16,108,0.8,167.94,456.98,95.67,51.56,none,0
16,109,0.8,169.39,459.83,100.34,44.33,none,0
16,110,0.8,167.24,436.85,100.97,33.19,none,0
16,111,0.8,162.56,471.58,102.57,44.6,none,0
16,112,0.8,166.5,441.6,100.97,46.33,none,0
16,113,0.8,177.7,500.09,101.93,45.18,none,0
16,114,0.8,163.7,445.22,98.65,24.46,none,0
16,115,0.8,161.39,429.77,102.18,50.68,none,0
16,116,0.8,166.61,438.31,99.85,38.09,none,0
16,117,0.8,174.46,441.59,96.61,40.95,none,0
16,118,0.8,159.55,438.37,101.24,42.93,none,0
16,119,0.8,174.97,470.55,102.13,38.67,none,0
17,0,17.9,171.9,451.38,101.48,34.46,none,0
17,1,17.9,176.93,450.46,102.63,35.33,none,0
17,2,17.9,175.67,459.5,99.22,43.1,none,0
17,3,17.9,171.43,436.76,96.96,44.6,none,0
17,4,17.9,170.01,466.8,99.53,37.32,none,0
17,5,17.9,168.26,436.94,99.91,39.73,none,0
17,6,17.9,170.58,441.33,99.66,44.72,none,0
17,7,17.9,169.87,443.01,98.94,40.27,none,0
17,8,17.9,170.94,465.17,102.54,37.33,none,0
17,9,17.9,169.48,444.95,95.59,47.39,none,0
17,10,17.9,171.31,452.32,104.86,43.15,none,0
17,11,17.9,168.54,433.83,99.44,44.37,none,0
17,12,17.9,175.51,461.75,97.19,30.63,none,0
17,13,17.9,166.56,443.3,99.2,36.92,none,0
17,14,17.9,170.31,468.52,96.54,35.78,none,0
17,15,17.9,151.05,343.83,116.84,75.53,comp1,1
17,16,17.9,161.07,442.13,107.68,29.21,none,0
17,17,17.9,158.22,434.51,101.89,40.49,none,0
17,18,17.9,166.52,442.22,100.86,31.11,none,0
17,19,17.9,170.29,413.05,98.62,49.0,none,0
17,20,17.9,164.85,481.42,102.65,45.06,none,0
17,21,17.9,167.56,469.55,100.51,31.4,none,0
17,22,17.9,170.99,451.61,104.5,38.57,none,0
17,23,17.9,170.11,447.96,102.91,34.73,none,0
17,24,17.9,177.65,444.35,98.76,49.7,none,0
17,25,17.9,164.36,429.75,98.92,46.41,none,0
17,26,17.9,168.39,426.45,101.92,39.15,none,0
17,27,17.9,166.26,475.61,101.23,40.66,none,0
17,28,17.9,165.7,425.83,100.62,49.23,none,0
17,29,17.9,164.99,410.98,103.05,44.19,none,0
17,30,17.9,168.63,428.85,102.93,46.42,none,0
17,31,17.9,167.33,418.13,94.39,40.4,none,0
17,32,17.9,172.03,462.12,101.66,31.64,none,0
17,33,17.9,174.75,467.03,98.97,35.69,none,0
17,34,17.9,174.21,450.07,103.56,35.97,none,0
17,35,17.9,166.0,446.43,103.99,49.84,none,0
17,36,17.9,166.26,428.88,96.8,25.47,none,0
17,37,17.9,179.26,463.93,101.51,46.84,none,0
17,38,17.9,164.52,500.04,93.4,38.19,none,0
17,39,17.9,163.64,489.27,103.33,35.03,none,0
17,40,17.9,160.64,456.43,99.86,48.37,none,0
17,41,17.9,178.37,430.76,102.14,30.23,none,0
17,42,17.9,165.55,452.89,98.6,49.74,none,0
17,43,17.9,166.12,415.96,102.4,41.98,none,0
17,44,17.9,175.59,465.25,104.72,54.57,none,0
17,45,17.9,174.8,406.41,96.62,53.05,none,0
17,46,17.9,175.8,470.96,98.49,64.76,none,0
17,47,17.9,178.39,450.36,102.09,55.89,none,0
17,48,17.9,169.69,461.12,96.98,22.59,none,0
17,49,17.9,168.51,436.82,96.77,37.44,none,0
17,50,17.9,166.07,439.3,98.84,25.99,none,0
17,51,17.9,165.71,453.15,97.07,41.24,none,0
17,52,17.9,163.94,441.02,92.16,44.21,none,0
17,53,17.9,165.14,441.92,94.45,35.91,none,0
17,54,17.9,165.63,447.16,101.41,42.53,none,0
17,55,17.9,163.21,456.53,101.37,25.89,none,0
17,56,17.9,175.62,407.57,102.34,39.51,none,0
17,57,17.9,175.08,469.38,104.43,37.6,none,0
17,58,17.9,178.19,446.16,97.58,37.9,none,0
17,59,17.9,173.14,458.14,101.2,55.33,none,0
17,60,17.9,163.28,480.48,99.23,42.91,none,0
17,61,17.9,163.06,419.84,104.27,40.06,none,0
17,62,17.9,168.33,423.34,98.65,36.65,none,0
17,63,17.9,157.67,456.72,102.43,31.38,none,0
17,64,17.9,174.13,471.28,102.8,43.93,none,0
17,65,17.9,177.27,430.01,97.92,33.28,none,0
17,66,17.9,165.23,448.23,103.39,36.27,none,0
17,67,17.9,166.56,438.07,99.98,43.76,none,0
17,68,17.9,175.26,475.24,101.72,43.25,none,0
17,69,17.9,173.99,455.17,102.78,47.64,none,0
17,70,17.9,167.57,444.11,98.35,44.1,none,0
17,71,17.9,168.47,465.62,99.57,56.49,none,0
17,72,17.9,177.38,444.27,100.67,43.2,none,0
17,73,17.9,167.36,474.5,95.42,42.27,none,0
17,74,17.9,164.48,432.81,97.35,40.82,none,0
17,75,17.9,173.33,447.82,99.56,31.67,none,0
17,76,17.9,164.39,497.49,98.3,46.74,none,0
17,77,17.9,164.14,467.79,96.23,33.28,none,0
17,78,17.9,169.78,466.61,95.91,33.49,none,0
17,79,17.9,172.29,426.43,103.37,40.2,none,0
17,80,17.9,170.1,421.46,95.72,23.38,none,0
17,81,17.9,168.14,464.83,99.29,36.78,none,0
17,82,17.9,168.55,462.26,99.35,32.86,none,0
17,83,17.9,168.36,439.59,102.83,48.59,none,0
17,84,17.9,175.92,439.95,100.04,40.87,none,0
17,85,17.9,165.2,463.7,96.08,34.2,none,0
17,86,17.9,176.4,448.27,103.31,34.67,none,0
17,87,17.9,167.18,448.82,102.41,46.22,none,0
17,88,17.9,168.42,432.12,110.36,47.0,none,0
17,89,17.9,182.93,433.01,98.28,40.15,none,0
17,90,17.9,164.04,439.06,109.3,47.69,none,0
17,91,17.9,166.48,469.29,98.82,35.14,none,0
17,92,17.9,168.08,426.13,99.85,35.96,none,0
17,93,17.9,178.54,424.15,95.44,39.91,none,0
17,94,17.9,177.5,422.51,98.38,43.57,none,0
17,95,17.9,167.38,443.06,98.66,43.24,none,0
17,96,17.9,176.71,453.65,101.19,27.86,none,0
17,97,17.9,159.02,435.33,102.39,44.48,none,0
17,98,17.9,177.28,445.06,100.64,59.61,none,0
17,99,17.9,167.2,460.55,99.78,30.25,none,0
17,100,17.9,169.13,425.91,95.54,33.96,none,0
17,101,17.9,159.14,415.85,95.41,44.91,none,0
17,102,17.9,165.82,447.59,100.74,32.36,none,0
17,103,17.9,167.97,450.97,98.56,48.91,none,0
17,104,17.9,168.74,444.12,98.4,30.62,none,0
17,105,17.9,174.05,445.48,98.57,47.49,none,0
17,106,17.9,168.27,458.35,97.77,49.9,none,0
17,107,17.9,175.57,505.31,99.15,45.8,none,0
17,108,17.9,173.17,457.8,107.78,33.94,none,0
17,109,17.9,165.73,445.85,102.02,48.98,none,0
17,110,17.9,166.31,421.59,99.23,43.25,none,0
17,111,17.9,169.83,461.63,99.24,44.55,none,0
17,112,17.9,171.97,439.24,100.39,26.31,none,0
17,113,17.9,167.49,458.23,101.3,48.2,none,0
17,114,17.9,178.96,448.65,102.39,34.86,none,0
17,115,17.9,178.51,456.09,96.27,27.57,none,0
17,116,17.9,166.99,420.86,98.93,38.7,none,0
17,117,17.9,171.76,458.77,96.88,36.42,none,0
17,118,17.9,162.91,460.57,103.91,29.38,none,0
17,119,17.9,174.94,460.74,98.9,41.85,none,0
18,0,2.5,157.43,446.47,95.71,31.56,none,0
18,1,2.5,164.1,455.51,98.58,57.23,none,0
18,2,2.5,176.86,455.41,103.46,39.91,none,0
18,3,2.5,172.06,466.07,104.6,44.2,none,0
18,4,2.5,168.01,462.18,100.37,48.78,none,0
18,5,2.5,170.29,442.0,105.43,52.34,none,0
18,6,2.5,171.8,450.08,102.18,44.6,none,0
18,7,2.5,173.04,438.55,100.11,32.16,none,0
18,8,2.5,171.35,458.01,103.74,39.82,none,0
18,9,2.5,164.04,440.42,102.11,58.74,none,0
18,10,2.5,169.19,464.48,98.31,40.26,none,0
18,11,2.5,171.27,446.56,98.93,39.05,none,0
18,12,2.5,173.34,459.84,103.28,27.16,none,0
18,13,2.5,171.62,405.29,100.89,37.82,none,0
18,14,2.5,176.89,396.61,102.91,26.37,none,0
18,15,2.5,162.59,438.93,101.96,49.76,none,0
18,16,2.5,161.34,458.32,100.34,31.67,none,0
18,17,2.5,172.39,468.59,104.53,32.35,none,0
18,18,2.5,172.18,451.23,95.85,38.34,none,0
18,19,2.5,172.44,452.57,99.4,58.15,none,0
18,20,2.5,177.2,444.86,101.36,25.43,none,0
18,21,2.5,175.0,495.13,104.74,37.13,none,0
18,22,2.5,179.14,453.69,100.06,52.85,none,0
18,23,2.5,164.27,467.63,101.29,55.38,none,0
18,24,2.5,168.59,430.76,98.97,33.75,none,0
18,25,2.5,175.05,444.59,100.83,35.44,none,0
18,26,2.5,160.9,443.19,98.65,40.28,none,0
18,27,2.5,166.51,427.05,100.51,45.51,none,0
18,28,2.5,163.31,474.23,98.82,25.56,none,0
18,29,2.5,167.99,427.26,103.24,50.39,none,0
18,30,2.5,169.47,433.63,97.67,43.83,none,0
18,31,2.5,166.06,413.14,102.57,51.38,none,0
18,32,2.5,175.57,433.77,98.76,34.98,none,0
18,33,2.5,167.0,446.54,104.09,42.02,none,0
18,34,2.5,177.49,461.68,100.85,40.74,none,0
18,35,2.5,168.77,463.62,100.28,46.8,none,0
18,36,2.5,169.5,450.32,102.03,28.86,none,0
18,37,2.5,170.64,470.36,97.98,35.4,none,0
18,38,2.5,165.38,441.17,97.9,35.84,none,0
18,39,2.5,175.53,437.39,97.79,33.35,none,0
18,40,2.5,180.81,429.09,101.54,30.77,none,0
18,41,2.5,168.19,441.03,100.05,45.86,none,0
18,42,2.5,169.3,477.95,103.11,37.44,none,0
18,43,2.5,175.02,444.63,102.5,40.01,none,0
18,44,2.5,174.71,467.59,102.19,49.69,none,0
18,45,2.5,173.19,464.31,97.48,39.32,none,0
18,46,2.5,174.17,451.67,98.18,47.15,none,0
18,47,2.5,174.07,432.25,97.89,39.24,none,0
18,48,2.5,178.04,469.98,103.19,29.26,none,0
18,49,2.5,173.0,424.55,96.17,37.5,none,0
18,50,2.5,172.74,450.04,96.83,35.5,none,0
18,51,2.5,171.0,440.15,100.72,31.7,none,0
18,52,2.5,175.2,443.67,102.26,42.73,none,0
18,53,2.5,174.07,463.2,96.86,29.97,none,0
18,54,2.5,167.67,468.68,91.85,36.43,none,0
18,55,2.5,167.63,388.42,105.11,35.02,none,0
18,56,2.5,170.01,433.01,101.27,31.55,none,0
18,57,2.5,168.08,436.64,101.07,35.18,none,0
18,58,2.5,169.92,420.27,99.76,32.68,none,0
18,59,2.5,169.16,421.04,102.09,36.99,none,0
18,60,2.5,177.92,457.52,99.3,33.51,none,0
18,61,2.5,166.65,478.99,105.21,49.84,none,0
18,62,2.5,169.76,464.22,99.35,42.38,none,0
18,63,2.5,165.47,446.47,100.02,48.32,none,0
18,64,2.5,183.08,472.12,101.25,22.81,none,0
18,65,2.5,171.49,460.15,98.52,38.55,none,0
18,66,2.5,168.45,407.53,98.08,50.39,none,0
18,67,2.5,169.15,437.67,98.32,47.65,none,0
18,68,2.5,171.85,435.37,97.62,39.13,none,0
18,69,2.5,174.74,448.67,93.33,44.99,none,0
18,70,2.5,176.1,431.78,93.96,39.95,none,0
18,71,2.5,167.98,446.67,95.65,39.33,none,0
18,72,2.5,174.29,450.64,101.4,38.05,none,0
18,73,2.5,171.86,448.93,100.86,38.33,none,0
18,74,2.5,173.28,438.29,98.83,38.99,none,0
18,75,2.5,173.02,423.86,101.59,38.96,none,0
18,76,2.5,168.34,459.67,101.67,41.56,none,0
18,77,2.5,172.76,443.62,101.98,40.14,none,0
18,78,2.5,164.83,479.13,97.69,44.4,none,0
18,79,2.5,159.79,438.84,98.51,31.44,none,0
18,80,2.5,173.15,416.96,100.63,42.95,none,0
18,81,2.5,167.97,465.23,98.54,33.16,none,0
18,82,2.5,166.86,441.23,98.24,30.95,none,0
18,83,2.5,164.88,442.35,102.0,36.51,none,0
18,84,2.5,176.58,447.56,99.89,53.59,none,0
18,85,2.5,171.08,430.04,103.06,28.08,none,0
18,86,2.5,175.57,456.63,103.78,38.59,none,0
18,87,2.5,162.42,453.67,102.1,36.78,none,0
18,88,2.5,175.21,409.03,94.48,24.65,none,0
18,89,2.5,171.97,417.64,95.16,38.86,none,0
18,90,2.5,177.48,456.92,100.62,48.41,none,0
18,91,2.5,169.0,458.35,95.23,31.34,none,0
18,92,2.5,177.27,443.93,105.0,39.35,none,0
18,93,2.5,175.25,457.07,103.21,45.51,none,0
18,94,2.5,163.76,430.87,98.93,33.57,none,0
18,95,2.5,176.68,440.67,97.53,41.25,none,0
18,96,2.5,168.2,422.8,100.08,25.09,none,0
18,97,2.5,176.59,413.4,99.74,29.55,none,0
18,98,2.5,169.64,446.75,104.7,43.42,none,0
18,99,2.5,167.73,464.51,104.06,48.27,none,0
18,100,2.5,180.62,465.75,100.24,38.49,none,0
18,101,2.5,166.95,450.85,96.87,20.5,none,0
18,102,2.5,169.14,447.52,99.61,37.04,none,0
18,103,2.5,163.53,465.44,98.89,26.41,none,0
18,104,2.5,167.28,433.01,105.03,37.01,none,0
18,105,2.5,171.81,474.46,97.65,29.27,none,0
18,106,2.5,170.03,457.02,99.78,35.18,none,0
18,107,2.5,166.3,443.97,99.01,36.06,none,0
18,108,2.5,171.68,448.87,95.22,36.37,none,0
18,109,2.5,172.0,485.39,98.02,50.31,none,0
18,110,2.5,169.26,444.61,98.59,33.05,none,0
18,111,2.5,174.77,445.85,100.35,40.37,none,0
18,112,2.5,166.99,420.9,104.48,30.33,none,0
18,113,2.5,164.84,451.48,101.18,43.5,none,0
18,114,2.5,178.78,473.31,103.72,32.17,none,0
18,115,2.5,163.02,438.8,100.85,48.21,none,0
18,116,2.5,171.33,445.7,100.23,48.22,none,0
18,117,2.5,172.7,432.66,101.55,53.45,none,0
18,118,2.5,177.72,466.71,96.53,38.58,none,0
18,119,2.5,159.13,430.18,104.64,34.35,none,0
19,0,9.3,168.31,403.56,102.88,44.1,none,0
19,1,9.3,175.29,405.65,96.17,39.95,none,0
19,2,9.3,172.49,440.18,99.37,33.56,none,0
19,3,9.3,167.95,476.81,98.23,41.17,none,0
19,4,9.3,172.61,502.79,97.46,41.57,none,0
19,5,9.3,170.09,423.05,93.86,40.61,none,0
19,6,9.3,168.11,445.39,99.12,44.38,none,0
19,7,9.3,180.21,444.72,100.39,37.41,none,0
19,8,9.3,163.32,452.71,97.92,49.87,none,0
19,9,9.3,142.99,366.27,112.84,58.91,comp2,1
19,10,9.3,166.97,445.89,105.04,39.38,none,0
19,11,9.3,168.03,455.91,103.13,30.81,none,0
19,12,9.3,163.75,480.28,96.35,36.5,none,0
19,13,9.3,170.73,449.86,104.11,29.79,none,0
19,14,9.3,164.25,465.22,101.32,14.98,none,0
19,15,9.3,158.92,424.27,99.19,28.59,none,0
19,16,9.3,166.87,456.3,99.08,44.41,none,0
19,17,9.3,160.48,454.19,101.62,39.48,none,0
19,18,9.3,171.57,461.58,98.52,38.71,none,0
19,19,9.3,170.98,443.75,90.59,27.33,none,0
19,20,9.3,173.05,442.21,94.7,41.16,none,0
19,21,9.3,169.41,461.32,99.09,59.92,none,0
19,22,9.3,173.03,463.47,101.09,37.93,none,0
19,23,9.3,168.01,434.66,95.23,50.33,none,0
19,24,9.3,167.12,447.76,102.95,42.34,none,0
19,25,9.3,172.89,470.48,94.66,32.44,none,0
19,26,9.3,169.15,464.17,107.33,39.35,none,0
19,27,9.3,166.34,436.14,99.21,41.05,none,0
19,28,9.3,173.63,451.91,99.57,48.81,none,0
19,29,9.3,173.84,496.7,97.39,43.08,none,0
19,30,9.3,173.2,432.83,102.87,49.31,none,0
19,31,9.3,171.22,438.39,102.5,27.8,none,0
19,32,9.3,167.09,415.5,101.57,43.14,none,0
19,33,9.3,178.41,435.11,98.38,34.46,none,0
19,34,9.3,164.82,447.77,99.83,43.74,none,0
19,35,9.3,170.32,451.74,101.41,42.09,none,0
19,36,9.3,167.87,472.28,96.31,44.34,none,0
19,37,9.3,167.98,449.23,98.86,36.59,none,0
19,38,9.3,164.13,461.87,98.31,47.49,none,0
19,39,9.3,170.61,434.36,95.98,47.06,none,0
19,40,9.3,164.68,452.39,98.47,38.76,none,0
19,41,9.3,165.47,462.52,101.14,45.85,none,0
19,42,9.3,163.83,449.77,101.63,46.2,none,0
19,43,9.3,161.89,464.54,99.97,41.75,none,0
19,44,9.3,172.07,481.4,98.81,37.42,none,0
19,45,9.3,163.27,429.62,105.13,57.8,none,0
19,46,9.3,166.22,453.15,96.4,45.23,none,0
19,47,9.3,166.13,435.41,99.12,34.84,none,0
19,48,9.3,177.79,407.42,105.27,40.16,none,0
19,49,9.3,160.14,480.25,98.82,42.76,none,0
19,50,9.3,158.18,420.36,103.87,35.18,none,0
19,51,9.3,166.76,443.34,105.59,54.46,none,0
19,52,9.3,175.0,411.85,102.7,45.2,none,0
19,53,9.3,168.69,466.51,102.37,43.81,none,0
19,54,9.3,172.33,455.11,104.47,40.88,none,0
19,55,9.3,161.31,458.24,97.93,38.31,none,0
19,56,9.3,171.5,429.34,99.86,38.2,none,0
19,57,9.3,162.26,422.71,103.26,40.23,none,0
19,58,9.3,172.06,440.63,96.01,54.82,none,0
19,59,9.3,171.85,433.43,100.39,29.17,none,0
19,60,9.3,171.55,453.58,98.89,35.26,none,0
19,61,9.3,168.47,433.98,102.27,40.65,none,0
19,62,9.3,167.85,425.78,99.88,52.32,none,0
19,63,9.3,158.12,441.75,98.97,43.91,none,0
19,64,9.3,170.32,439.63,101.82,49.0,none,0
19,65,9.3,166.7,463.98,95.26,34.14,none,0
19,66,9.3,181.18,422.99,102.73,54.31,none,0
19,67,9.3,171.48,477.22,97.12,44.49,none,0
19,68,9.3,171.24,436.62,99.61,45.24,none,0
19,69,9.3,165.68,469.12,99.76,37.99,none,0
19,70,9.3,163.71,496.6,99.86,48.69,none,0
19,71,9.3,176.67,452.3,100.73,41.67,none,0
19,72,9.3,164.85,451.26,99.24,50.05,none,0
19,73,9.3,165.46,462.81,107.46,50.74,none,0
19,74,9.3,170.29,442.0,99.63,32.1,none,0
19,75,9.3,177.83,488.39,98.54,43.78,none,0
19,76,9.3,171.88,434.98,96.27,43.99,none,0
19,77,9.3,168.5,436.84,95.67,47.52,none,0
19,78,9.3,178.6,435.36,103.54,36.71,none,0
19,79,9.3,173.61,474.34,99.36,28.96,none,0
19,80,9.3,171.62,474.81,99.05,37.75,none,0
19,81,9.3,173.28,466.49,98.78,50.38,none,0
19,82,9.3,165.54,436.68,102.95,37.14,none,0
19,83,9.3,171.32,414.08,94.7,34.92,none,0
19,84,9.3,161.6,469.17,99.08,34.62,none,0
19,85,9.3,172.47,472.71,99.31,36.54,none,0
19,86,9.3,165.37,444.66,103.09,28.99,none,0
19,87,9.3,163.09,440.78,99.06,36.79,none,0
19,88,9.3,169.39,450.57,100.27,34.84,none,0
19,89,9.3,170.32,425.62,97.63,46.25,none,0
19,90,9.3,174.36,442.77,103.02,42.01,none,0
19,91,9.3,168.85,437.06,105.25,33.12,none,0
19,92,9.3,167.34,456.64,98.99,40.24,none,0
19,93,9.3,171.33,437.56,99.88,43.74,none,0
19,94,9.3,168.44,469.93,94.37,35.37,none,0
19,95,9.3,169.59,458.84,98.11,30.79,none,0
19,96,9.3,169.06,477.36,105.98,39.71,none,0
19,97,9.3,167.84,434.61,96.75,27.25,none,0
19,98,9.3,168.88,441.03,98.86,41.96,none,0
19,99,9.3,163.99,472.97,100.64,26.66,none,0
19,100,9.3,176.52,474.87,103.23,32.97,none,0
19,101,9.3,172.47,473.7,99.22,39.61,none,0
19,102,9.3,171.07,474.12,99.49,40.47,none,0
19,103,9.3,172.71,452.03,97.59,48.04,none,0
19,104,9.3,169.04,456.69,105.66,42.57,none,0
19,105,9.3,165.38,437.5,97.86,36.86,none,0
19,106,9.3,169.16,465.27,101.74,31.21,none,0
19,107,9.3,171.36,522.2,100.65,33.44,none,0
19,108,9.3,163.26,422.83,97.82,32.21,none,0
19,109,9.3,175.91,451.32,94.85,37.33,none,0
19,110,9.3,174.85,453.43,100.44,45.78,none,0
19,111,9.3,170.43,466.84,103.69,48.76,none,0
19,112,9.3,165.57,466.44,96.2,48.97,none,0
19,113,9.3,176.75,443.97,92.63,50.97,none,0
19,114,9.3,166.71,455.52,105.03,35.93,none,0
19,115,9.3,163.39,469.64,99.53,28.18,none,0
19,116,9.3,170.07,467.73,98.39,33.82,none,0
19,117,9.3,170.22,416.34,99.89,56.22,none,0
19,118,9.3,168.59,445.82,102.62,33.76,none,0
19,119,9.3,174.71,437.99,99.97,38.36,none,0
20,0,0.2,169.92,423.86,98.33,46.78,none,0
20,1,0.2,178.45,456.13,101.85,44.87,none,0
20,2,0.2,170.22,415.16,100.16,29.11,none,0
20,3,0.2,173.34,457.88,99.95,44.99,none,0
20,4,0.2,161.11,437.75,97.85,35.99,none,0
20,5,0.2,172.66,473.32,97.9,39.1,none,0
20,6,0.2,167.58,445.79,100.82,47.51,none,0
20,7,0.2,166.28,457.05,97.06,38.48,none,0
20,8,0.2,167.05,448.54,92.66,59.57,none,0
20,9,0.2,170.79,450.27,103.54,33.48,none,0
20,10,0.2,172.93,419.8,100.65,32.79,none,0
20,11,0.2,174.03,484.2,105.15,39.8,none,0
20,12,0.2,165.36,434.45,99.77,36.76,none,0
20,13,0.2,168.97,442.63,98.72,38.81,none,0
20,14,0.2,174.23,418.28,99.8,25.78,none,0
20,15,0.2,164.26,451.8,100.71,40.76,none,0
20,16,0.2,173.96,483.4,95.42,30.72,none,0
20,17,0.2,176.03,440.16,97.61,44.56,none,0
20,18,0.2,167.05,441.0,99.38,43.47,none,0
20,19,0.2,165.86,428.37,98.94,40.47,none,0
20,20,0.2,175.77,431.88,98.75,35.43,none,0
20,21,0.2,171.5,437.03,99.61,40.17,none,0
20,22,0.2,173.83,465.55,97.46,38.2,none,0
20,23,0.2,168.54,453.76,100.5,36.43,none,0
20,24,0.2,166.81,440.33,98.2,47.3,none,0
20,25,0.2,170.99,439.04,100.46,47.76,none,0
20,26,0.2,163.6,444.09,105.95,50.13,none,0
20,27,0.2,168.18,427.42,100.13,39.72,none,0
20,28,0.2,169.79,447.71,100.73,38.6,none,0
20,29,0.2,171.19,423.42,98.63,28.98,none,0
20,30,0.2,165.58,431.11,95.08,44.41,none,0
20,31,0.2,164.04,434.13,97.69,33.21,none,0
20,32,0.2,166.36,452.44,95.53,46.09,none,0
20,33,0.2,167.37,457.51,100.01,35.87,none,0
20,34,0.2,178.81,453.33,103.09,48.63,none,0
20,35,0.2,164.78,414.65,98.04,30.1,none,0
20,36,0.2,163.7,458.77,99.86,42.42,none,0
20,37,0.2,165.15,424.8,98.35,48.82,none,0
20,38,0.2,172.05,454.73,99.11,46.51,none,0
20,39,0.2,177.86,432.74,100.98,31.35,none,0
20,40,0.2,176.71,482.0,101.91,47.98,none,0
20,41,0.2,177.36,417.42,97.67,44.86,none,0
20,42,0.2,168.66,428.39,99.0,46.81,none,0
20,43,0.2,166.83,442.88,105.36,40.62,none,0
20,44,0.2,167.91,444.89,93.91,31.68,none,0
20,45,0.2,176.54,455.57,98.68,27.5,none,0
20,46,0.2,164.43,474.88,103.17,30.86,none,0
20,47,0.2,163.42,461.05,99.78,23.75,none,0
20,48,0.2,174.33,428.48,100.34,47.19,none,0
20,49,0.2,168.07,451.65,103.05,41.09,none,0
20,50,0.2,162.59,451.94,101.7,36.37,none,0
20,51,0.2,167.7,440.55,98.02,35.44,none,0
20,52,0.2,166.06,438.92,99.55,46.21,none,0
20,53,0.2,171.3,438.83,103.78,35.43,none,0
20,54,0.2,173.86,492.11,102.1,47.75,none,0
20,55,0.2,167.56,444.64,103.55,61.31,none,0
20,56,0.2,166.69,462.85,98.92,33.9,none,0
20,57,0.2,171.22,395.54,94.43,29.77,none,0
20,58,0.2,172.86,461.73,98.78,41.4,none,0
20,59,0.2,176.49,456.75,102.34,48.99,none,0
20,60,0.2,168.16,462.58,102.15,35.78,none,0
20,61,0.2,163.14,427.51,96.95,31.37,none,0
20,62,0.2,173.18,452.52,98.97,43.88,none,0
20,63,0.2,163.5,447.39,99.16,44.68,none,0
20,64,0.2,165.69,456.23,98.47,33.83,none,0
20,65,0.2,168.57,443.01,105.47,44.31,none,0
20,66,0.2,176.25,411.9,99.52,58.94,none,0
20,67,0.2,167.36,438.53,99.43,41.3,none,0
20,68,0.2,172.01,475.67,100.18,27.62,none,0
20,69,0.2,168.22,442.4,98.26,44.34,none,0
20,70,0.2,172.51,467.39,101.41,38.11,none,0
20,71,0.2,172.69,466.96,97.47,51.7,none,0
20,72,0.2,171.89,431.14,99.81,35.7,none,0
20,73,0.2,163.43,471.62,100.28,47.26,none,0
20,74,0.2,164.3,468.72,101.17,32.05,none,0
20,75,0.2,159.55,465.59,100.24,47.91,none,0
20,76,0.2,177.11,426.04,101.02,43.73,none,0
20,77,0.2,168.73,458.33,93.75,46.93,none,0
20,78,0.2,168.02,487.26,97.6,34.49,none,0
20,79,0.2,168.09,476.88,98.9,36.64,none,0
20,80,0.2,169.7,431.72,105.39,52.49,none,0
20,81,0.2,170.24,455.88,99.16,47.64,none,0
20,82,0.2,174.64,486.73,101.84,38.61,none,0
20,83,0.2,173.71,404.22,100.8,45.95,none,0
20,84,0.2,164.02,485.06,95.46,38.71,none,0
20,85,0.2,170.98,433.96,102.71,46.3,none,0
20,86,0.2,171.98,444.77,98.57,34.96,none,0
20,87,0.2,174.88,455.45,98.94,17.05,none,0
20,88,0.2,170.49,461.43,101.4,43.46,none,0
20,89,0.2,166.51,422.67,96.97,57.36,none,0
20,90,0.2,170.17,444.66,100.78,29.6,none,0
20,91,0.2,169.45,423.01,94.97,50.23,none,0
20,92,0.2,178.6,453.83,96.96,35.17,none,0
20,93,0.2,169.64,471.56,100.99,39.93,none,0
20,94,0.2,162.16,444.42,100.75,52.17,none,0
20,95,0.2,172.28,454.74,104.43,43.78,none,0
20,96,0.2,168.54,481.85,97.89,45.3,none,0
20,97,0.2,178.58,488.27,101.5,42.07,none,0
20,98,0.2,171.48,451.73,99.67,30.96,none,0
20,99,0.2,176.85,475.74,94.99,43.5,none,0
20,100,0.2,173.32,471.7,99.73,52.1,none,0
20,101,0.2,169.98,446.73,100.71,48.77,none,0
20,102,0.2,170.26,455.87,100.18,48.87,none,0
20,103,0.2,170.67,457.53,100.05,43.63,none,0
20,104,0.2,163.88,444.14,99.68,43.75,none,0
20,105,0.2,170.57,410.84,99.7,36.8,none,0
20,106,0.2,174.21,480.21,102.77,29.54,none,0
20,107,0.2,169.21,469.92,101.23,27.58,none,0
20,108,0.2,168.39,451.22,98.2,39.33,none,0
20,109,0.2,168.95,414.99,99.34,34.08,none,0
20,110,0.2,162.35,441.32,101.09,27.36,none,0
20,111,0.2,157.85,470.09,101.21,53.93,none,0
20,112,0.2,162.28,445.38,101.67,31.12,none,0
20,113,0.2,171.8,418.46,101.88,31.37,none,0
20,114,0.2,178.55,429.48,99.17,39.98,none,0
20,115,0.2,171.27,437.05,101.09,23.26,none,0
20,116,0.2,160.67,473.42,99.09,41.67,none,0
20,117,0.2,166.49,445.23,102.67,34.88,none,0
20,118,0.2,176.24,425.85,100.71,46.42,none,0
20,119,0.2,167.32,459.2,96.67,45.59,none,0
21,0,9.4,171.94,474.17,95.69,50.84,none,0
21,1,9.4,175.7,467.79,101.22,36.66,none,0
21,2,9.4,170.21,429.04,99.92,43.96,none,0
21,3,9.4,183.44,437.65,102.17,38.58,none,0
21,4,9.4,168.15,433.38,93.2,32.0,none,0
21,5,9.4,169.44,431.81,100.78,39.97,none,0
21,6,9.4,170.25,435.4,99.72,40.71,none,0
21,7,9.4,172.13,487.63,103.96,39.48,none,0
21,8,9.4,177.88,407.55,94.63,47.56,none,0
21,9,9.4,171.64,422.17,100.61,27.53,none,0
21,10,9.4,175.36,492.56,102.77,57.59,none,0
21,11,9.4,171.77,453.63,100.58,44.64,none,0
21,12,9.4,168.12,459.56,94.83,31.41,none,0
21,13,9.4,175.76,441.43,105.63,41.69,none,0
21,14,9.4,167.86,458.27,101.66,41.84,none,0
21,15,9.4,169.76,438.71,103.63,27.12,none,0
21,16,9.4,169.32,418.42,96.36,45.91,none,0
21,17,9.4,168.21,412.53,96.7,43.14,none,0
21,18,9.4,175.4,471.2,96.0,35.79,none,0
21,19,9.4,174.92,497.86,95.83,32.72,none,0
21,20,9.4,170.45,474.45,100.46,57.88,none,0
21,21,9.4,173.77,429.68,98.89,32.3,none,0
21,22,9.4,179.52,452.65,100.65,35.26,none,0
21,23,9.4,171.93,435.21,96.94,41.19,none,0
21,24,9.4,168.35,442.58,100.33,29.96,none,0
21,25,9.4,174.6,468.13,102.12,49.28,none,0
21,26,9.4,165.59,451.62,100.74,33.12,none,0
21,27,9.4,169.7,447.81,99.08,48.52,none,0
21,28,9.4,178.48,430.92,98.05,32.42,none,0
21,29,9.4,169.74,491.1,97.21,24.97,none,0
21,30,9.4,159.53,385.79,100.51,29.4,none,0
21,31,9.4,176.88,427.83,104.15,26.43,none,0
21,32,9.4,170.74,422.07,100.39,41.15,none,0
21,33,9.4,167.75,446.26,102.06,47.0,none,0
21,34,9.4,168.49,463.58,101.98,40.37,none,0
21,35,9.4,157.8,428.8,96.93,39.94,none,0
21,36,9.4,169.26,465.14,99.12,40.07,none,0
21,37,9.4,171.26,440.72,102.23,43.25,none,0
21,38,9.4,166.52,434.27,98.0,26.71,none,0
21,39,9.4,172.39,453.03,98.45,41.29,none,0
21,40,9.4,166.67,439.1,102.66,36.34,none,0
21,41,9.4,173.11,433.88,97.73,40.02,none,0
21,42,9.4,173.57,488.78,100.13,37.83,none,0
21,43,9.4,176.37,460.06,101.66,43.56,none,0
21,44,9.4,170.2,440.08,99.84,38.16,none,0
21,45,9.4,173.64,488.03,96.77,44.07,none,0
21,46,9.4,172.31,451.76,103.24,32.67,none,0
21,47,9.4,165.57,449.31,102.77,34.06,none,0
21,48,9.4,171.4,427.91,102.05,40.46,none,0
21,49,9.4,168.14,447.39,103.3,41.66,none,0
21,50,9.4,166.87,441.62,100.68,40.21,none,0
21,51,9.4,168.0,454.99,96.05,27.88,none,0
21,52,9.4,173.17,445.48,93.54,43.13,none,0
21,53,9.4,164.85,448.59,101.65,43.86,none,0
21,54,9.4,167.87,496.01,101.03,39.9,none,0
21,55,9.4,173.0,452.74,97.1,38.14,none,0
21,56,9.4,175.64,467.55,103.03,24.84,none,0
21,57,9.4,164.58,396.84,97.08,50.43,none,0
21,58,9.4,168.91,463.07,102.49,31.72,none,0
21,59,9.4,168.0,423.42,97.09,37.75,none,0
21,60,9.4,165.41,448.65,97.54,40.6,none,0
21,61,9.4,162.69,478.49,100.03,39.37,none,0
21,62,9.4,171.08,463.31,104.24,34.11,none,0
21,63,9.4,173.77,447.9,97.85,38.68,none,0
21,64,9.4,181.56,443.24,103.14,36.94,none,0
21,65,9.4,162.71,494.76,100.57,52.11,none,0
21,66,9.4,165.73,474.54,102.13,68.95,none,0
21,67,9.4,177.53,479.6,105.94,46.26,none,0
21,68,9.4,172.1,448.33,94.99,33.21,none,0
21,69,9.4,175.15,456.32,99.32,21.13,none,0
21,70,9.4,177.6,449.18,98.63,31.5,none,0
21,71,9.4,169.71,442.36,98.39,26.1,none,0
21,72,9.4,171.83,460.52,99.59,45.65,none,0
21,73,9.4,174.59,452.65,99.97,50.72,none,0
21,74,9.4,172.11,465.84,99.3,49.87,none,0
21,75,9.4,168.98,476.59,100.11,28.81,none,0
21,76,9.4,165.28,460.12,101.59,37.95,none,0
21,77,9.4,168.19,467.62,104.58,52.31,none,0
21,78,9.4,168.85,455.16,100.9,42.24,none,0
21,79,9.4,166.37,466.0,100.75,51.08,none,0
21,80,9.4,162.58,440.34,96.54,39.25,none,0
21,81,9.4,167.75,487.98,98.7,46.85,none,0
21,82,9.4,163.73,459.28,107.1,33.8,none,0
21,83,9.4,177.54,423.77,100.32,29.89,none,0
21,84,9.4,176.71,451.21,100.1,27.91,none,0
21,85,9.4,166.95,418.3,96.96,33.88,none,0
21,86,9.4,170.59,439.87,97.39,39.98,none,0
21,87,9.4,171.42,420.16,103.45,32.41,none,0
21,88,9.4,175.11,474.31,100.87,38.23,none,0
21,89,9.4,167.09,433.54,98.82,39.21,none,0
21,90,9.4,175.38,448.34,100.57,47.18,none,0
21,91,9.4,175.04,477.55,104.84,39.43,none,0
21,92,9.4,172.65,441.94,102.87,48.64,none,0
21,93,9.4,178.8,479.96,98.06,40.15,none,0
21,94,9.4,162.42,430.03,102.92,52.54,none,0
21,95,9.4,171.64,455.34,101.98,43.15,none,0
21,96,9.4,168.0,475.52,103.27,38.1,none,0
21,97,9.4,164.01,446.24,99.98,27.64,none,0
21,98,9.4,174.28,472.26,104.35,33.82,none,0
21,99,9.4,185.2,451.94,107.17,32.01,none,0
21,100,9.4,169.78,446.06,98.06,34.88,none,0
21,101,9.4,166.4,412.68,96.24,40.0,none,0
21,102,9.4,164.34,464.89,97.87,27.66,none,0
21,103,9.4,162.3,431.48,95.86,43.22,none,0
21,104,9.4,167.9,431.53,100.78,43.56,none,0
21,105,9.4,163.34,447.17,95.83,51.94,none,0
21,106,9.4,175.68,447.38,103.46,31.46,none,0
21,107,9.4,172.77,435.02,103.02,21.31,none,0
21,108,9.4,165.07,450.12,104.12,46.09,none,0
21,109,9.4,168.55,441.35,98.71,43.77,none,0
21,110,9.4,167.41,453.71,102.59,44.97,none,0
21,111,9.4,175.21,419.25,96.07,32.13,none,0
21,112,9.4,169.46,440.71,98.03,35.24,none,0
21,113,9.4,175.65,452.97,99.88,55.12,none,0
21,114,9.4,177.9,441.56,100.37,33.92,none,0
21,115,9.4,182.35,435.82,97.64,30.38,none,0
21,116,9.4,164.25,438.18,102.53,44.95,none,0
21,117,9.4,163.58,438.77,96.46,39.0,none,0
21,118,9.4,168.65,485.18,101.19,54.68,none,0
21,119,9.4,166.66,458.7,102.7,41.97,none,0
22,0,3.9,161.77,466.22,99.55,44.67,none,0
22,1,3.9,170.47,437.66,105.41,46.07,none,0
22,2,3.9,180.79,409.61,97.9,44.22,none,0
22,3,3.9,171.15,431.41,94.81,50.7,none,0
22,4,3.9,171.6,460.08,95.68,29.83,none,0
22,5,3.9,178.45,453.48,100.87,49.75,none,0
22,6,3.9,162.9,425.37,102.04,38.35,none,0
22,7,3.9,170.41,468.25,100.98,52.83,none,0
22,8,3.9,160.86,449.01,103.97,44.91,none,0
22,9,3.9,177.67,422.53,96.59,47.19,none,0
22,10,3.9,161.35,418.96,98.03,49.97,none,0
22,11,3.9,167.6,473.09,100.61,18.19,none,0
22,12,3.9,166.21,416.83,100.78,32.94,none,0
22,13,3.9,181.81,446.95,97.98,30.14,none,0
22,14,3.9,164.73,423.22,98.36,47.81,none,0
22,15,3.9,171.44,456.72,99.07,37.69,none,0
22,16,3.9,166.85,451.79,99.61,34.57,none,0
22,17,3.9,164.38,457.24,98.26,46.04,none,0
22,18,3.9,173.18,457.48,103.58,38.13,none,0
22,19,3.9,173.53,477.82,97.97,37.4,none,0
22,20,3.9,171.83,432.93,100.74,43.73,none,0
22,21,3.9,168.57,448.76,100.83,33.66,none,0
22,22,3.9,174.08,475.32,100.54,47.96,none,0
22,23,3.9,173.9,436.64,96.22,28.91,none,0
22,24,3.9,171.25,468.2,102.53,30.54,none,0
22,25,3.9,164.47,468.52,97.88,43.84,none,0
22,26,3.9,175.82,453.48,98.0,36.1,none,0
22,27,3.9,173.61,450.27,94.58,42.49,none,0
22,28,3.9,166.3,422.02,104.28,25.57,none,0
22,29,3.9,161.05,449.4,103.86,34.95,none,0
22,30,3.9,165.96,436.11,100.72,46.31,none,0
22,31,3.9,175.78,428.69,95.17,41.52,none,0
22,32,3.9,163.07,464.31,96.35,45.15,none,0
22,33,3.9,171.52,432.93,101.54,47.23,none,0
22,34,3.9,172.43,463.94,95.89,38.7,none,0
22,35,3.9,171.16,431.31,100.75,37.63,none,0
22,36,3.9,163.52,419.0,105.3,35.0,none,0
22,37,3.9,169.1,442.61,106.43,31.89,none,0
22,38,3.9,175.22,427.58,97.17,43.02,none,0
22,39,3.9,170.74,450.67,98.49,43.61,none,0
22,40,3.9,174.39,433.71,96.77,36.57,none,0
22,41,3.9,172.68,440.31,104.22,34.98,none,0
22,42,3.9,174.61,446.76,101.06,47.55,none,0
22,43,3.9,170.47,446.58,99.25,32.29,none,0
22,44,3.9,166.68,449.1,97.81,50.22,none,0
22,45,3.9,158.76,444.87,104.01,41.33,none,0
22,46,3.9,172.65,441.83,99.12,38.25,none,0
22,47,3.9,172.12,465.44,98.66,42.92,none,0
22,48,3.9,172.77,455.66,101.46,45.65,none,0
22,49,3.9,161.46,457.81,103.54,33.61,none,0
22,50,3.9,165.88,459.56,99.69,46.93,none,0
22,51,3.9,177.79,434.33,99.95,45.51,none,0
22,52,3.9,159.15,461.02,101.19,32.1,none,0
22,53,3.9,175.85,443.31,96.44,34.42,none,0
22,54,3.9,178.58,453.87,101.79,29.96,none,0
22,55,3.9,160.05,432.57,97.22,36.16,none,0
22,56,3.9,171.97,443.71,100.47,33.9,none,0
22,57,3.9,174.61,476.86,102.66,36.69,none,0
22,58,3.9,161.93,436.8,99.11,40.43,none,0
22,59,3.9,167.95,445.14,103.27,45.33,none,0
22,60,3.9,171.64,449.68,99.25,45.83,none,0
22,61,3.9,169.1,457.66,97.72,33.11,none,0
22,62,3.9,170.41,445.99,97.76,44.69,none,0
22,63,3.9,171.98,426.43,102.72,49.13,none,0
22,64,3.9,174.44,436.99,94.4,34.16,none,0
22,65,3.9,161.06,449.93,101.77,41.45,none,0
22,66,3.9,172.84,425.74,100.95,39.22,none,0
22,67,3.9,173.21,402.2,103.56,26.52,none,0
22,68,3.9,172.53,449.1,97.74,40.17,none,0
22,69,3.9,167.42,460.4,98.48,36.0,none,0
22,70,3.9,168.6,432.49,100.9,46.77,none,0
22,71,3.9,170.72,446.48,104.05,53.42,none,0
22,72,3.9,177.34,416.82,99.62,42.82,none,0
22,73,3.9,171.83,423.55,95.0,47.8,none,0
22,74,3.9,174.78,423.27,103.85,36.22,none,0
22,75,3.9,169.79,453.95,100.75,52.49,none,0
22,76,3.9,169.45,478.71,98.54,19.36,none,0
22,77,3.9,164.41,424.74,100.62,42.43,none,0
22,78,3.9,167.19,468.33,104.63,35.29,none,0
22,79,3.9,172.68,415.73,99.16,40.22,none,0
22,80,3.9,174.2,445.49,96.43,48.15,none,0
22,81,3.9,161.74,492.9,98.15,45.74,none,0
22,82,3.9,177.81,407.75,102.55,40.66,none,0
22,83,3.9,171.73,447.91,98.96,56.67,none,0
22,84,3.9,169.99,400.46,97.61,56.35,none,0
22,85,3.9,163.5,471.44,99.85,42.28,none,0
22,86,3.9,173.07,457.57,103.09,33.32,none,0
22,87,3.9,173.35,476.25,96.54,37.43,none,0
22,88,3.9,169.63,430.91,96.6,49.29,none,0
22,89,3.9,174.94,414.45,103.15,29.53,none,0
22,90,3.9,170.1,445.64,98.25,32.74,none,0
22,91,3.9,170.46,458.28,105.82,39.85,none,0
22,92,3.9,175.85,431.53,98.17,38.56,none,0
22,93,3.9,168.68,414.86,100.95,32.87,none,0
22,94,3.9,179.0,461.46,98.83,43.77,none,0
22,95,3.9,178.79,471.08,100.83,25.66,none,0
22,96,3.9,169.21,450.36,98.45,38.71,none,0
22,97,3.9,165.36,420.85,98.13,38.87,none,0
22,98,3.9,167.88,455.43,100.7,34.02,none,0
22,99,3.9,178.31,463.14,102.41,33.03,none,0
22,100,3.9,174.94,492.71,96.88,41.31,none,0
22,101,3.9,167.91,444.25,105.33,48.03,none,0
22,102,3.9,164.75,439.51,103.88,37.79,none,0
22,103,3.9,171.83,425.05,103.57,38.86,none,0
22,104,3.9,168.41,449.6,97.12,29.96,none,0
22,105,3.9,170.47,487.98,101.93,23.71,none,0
22,106,3.9,171.2,452.19,97.55,38.44,none,0
22,107,3.9,173.95,428.98,96.34,25.87,none,0
22,108,3.9,177.21,433.54,107.71,35.54,none,0
22,109,3.9,177.94,476.22,102.45,24.58,none,0
22,110,3.9,166.01,450.7,97.51,31.06,none,0
22,111,3.9,172.16,406.81,101.01,37.1,none,0
22,112,3.9,174.46,453.22,94.79,29.21,none,0
22,113,3.9,169.27,463.49,100.39,38.09,none,0
22,114,3.9,161.62,450.07,102.46,43.37,none,0
22,115,3.9,171.69,455.94,97.95,45.64,none,0
22,116,3.9,168.01,432.06,101.29,34.08,none,0
22,117,3.9,167.88,420.05,105.43,38.16,none,0
22,118,3.9,176.94,452.93,100.35,35.13,none,0
22,119,3.9,162.67,443.44,101.63,39.73,none,0
23,0,4.7,171.45,473.15,101.1,37.73,none,0
23,1,4.7,180.14,466.18,94.78,36.19,none,0
23,2,4.7,170.83,470.84,99.44,40.05,none,0
23,3,4.7,167.19,458.45,97.11,42.65,none,0
23,4,4.7,169.64,462.39,101.37,52.97,none,0
23,5,4.7,172.33,440.02,98.42,32.74,none,0
23,6,4.7,172.36,464.67,100.7,39.43,none,0
23,7,4.7,169.56,440.79,102.21,40.93,none,0
23,8,4.7,182.63,413.27,98.57,41.69,none,0
23,9,4.7,163.47,452.52,98.32,37.37,none,0
23,10,4.7,171.96,448.25,96.81,39.65,none,0
23,11,4.7,163.9,434.58,104.57,35.0,none,0
23,12,4.7,170.06,438.0,97.6,39.34,none,0
23,13,4.7,172.06,499.52,102.74,46.23,none,0
23,14,4.7,171.68,452.38,103.13,37.15,none,0
23,15,4.7,163.91,439.05,94.13,47.15,none,0
23,16,4.7,174.73,451.6,98.88,42.57,none,0
23,17,4.7,172.62,458.43,102.59,37.52,none,0
23,18,4.7,164.3,454.28,99.33,46.76,none,0
23,19,4.7,170.0,431.63,98.29,34.48,none,0
23,20,4.7,162.98,432.53,100.63,21.48,none,0
23,21,4.7,172.84,423.8,99.87,42.25,none,0
23,22,4.7,173.87,462.82,97.8,46.38,none,0
23,23,4.7,169.91,435.08,103.24,45.41,none,0
23,24,4.7,170.7,464.38,96.84,35.25,none,0
23,25,4.7,170.93,429.01,105.78,50.04,none,0
23,26,4.7,172.03,458.04,106.64,43.07,none,0
23,27,4.7,170.11,448.71,100.27,34.31,none,0
23,28,4.7,179.87,450.65,103.04,43.56,none,0
23,29,4.7,173.26,427.6,99.61,38.79,none,0
23,30,4.7,166.71,460.9,98.11,31.97,none,0
23,31,4.7,171.73,455.0,101.18,28.38,none,0
23,32,4.7,170.27,458.32,98.06,38.38,none,0
23,33,4.7,171.18,474.51,100.52,49.33,none,0
23,34,4.7,173.52,444.28,98.94,27.96,none,0
23,35,4.7,170.35,441.72,99.68,30.14,none,0
23,36,4.7,168.55,432.15,104.5,28.55,none,0
23,37,4.7,172.53,464.99,98.74,47.65,none,0
23,38,4.7,166.45,416.36,101.63,31.35,none,0
23,39,4.7,169.3,461.05,94.24,49.28,none,0
23,40,4.7,169.74,441.55,99.13,40.24,none,0
23,41,4.7,163.61,436.63,100.44,33.73,none,0
23,42,4.7,163.56,438.53,99.7,48.43,none,0
23,43,4.7,163.34,462.29,99.42,42.17,none,0
23,44,4.7,164.76,421.04,101.34,51.0,none,0
23,45,4.7,165.27,423.93,99.74,38.73,none,0
23,46,4.7,176.39,463.56,102.05,55.66,none,0
23,47,4.7,165.44,460.85,100.94,36.51,none,0
23,48,4.7,174.44,468.24,104.56,46.06,none,0
23,49,4.7,177.17,439.89,92.92,43.76,none,0
23,50,4.7,167.92,440.04,105.12,44.37,none,0
23,51,4.7,167.02,450.33,99.58,34.76,none,0
23,52,4.7,183.04,470.35,101.2,43.59,none,0
23,53,4.7,168.09,444.08,98.7,49.74,none,0
23,54,4.7,169.11,459.58,97.85,23.97,none,0
23,55,4.7,166.18,472.48,94.36,34.37,none,0
23,56,4.7,175.12,474.19,98.37,54.56,none,0
23,57,4.7,169.57,446.69,97.92,39.52,none,0
23,58,4.7,176.91,463.16,100.59,40.31,none,0
23,59,4.7,177.46,462.46,100.71,39.78,none,0
23,60,4.7,172.15,440.23,96.27,35.2,none,0
23,61,4.7,172.5,468.68,96.25,51.53,none,0
23,62,4.7,175.9,457.16,98.97,53.84,none,0
23,63,4.7,168.91,442.04,102.16,30.43,none,0
23,64,4.7,176.0,438.48,101.74,39.15,none,0
23,65,4.7,169.19,448.51,100.79,49.05,none,0
23,66,4.7,172.06,439.74,98.19,49.01,none,0
23,67,4.7,172.91,455.0,99.02,46.75,none,0
23,68,4.7,169.56,468.03,101.86,36.01,none,0
23,69,4.7,161.86,444.79,101.08,28.29,none,0
23,70,4.7,169.0,436.89,103.11,18.98,none,0
23,71,4.7,167.8,414.43,102.15,40.56,none,0
23,72,4.7,178.39,436.7,101.22,43.24,none,0
23,73,4.7,165.21,441.21,101.11,53.52,none,0
23,74,4.7,171.41,482.7,96.97,48.49,none,0
23,75,4.7,168.55,428.34,103.53,37.63,none,0
23,76,4.7,167.78,479.15,100.4,36.62,none,0
23,77,4.7,175.77,472.38,99.56,45.89,none,0
23,78,4.7,173.36,467.07,96.82,42.53,none,0
23,79,4.7,172.47,444.03,97.83,44.75,none,0
23,80,4.7,163.25,465.78,103.4,34.16,none,0
23,81,4.7,175.35,468.29,95.48,42.82,none,0
23,82,4.7,171.83,468.24,100.64,27.07,none,0
23,83,4.7,163.42,431.15,100.57,45.39,none,0
23,84,4.7,170.07,466.34,99.6,37.61,none,0
23,85,4.7,167.28,472.68,102.19,38.31,none,0
23,86,4.7,173.25,473.66,101.33,37.42,none,0
23,87,4.7,165.46,470.36,100.97,43.55,none,0
23,88,4.7,169.06,462.08,101.33,35.84,none,0
23,89,4.7,173.4,465.42,104.75,44.72,none,0
23,90,4.7,163.41,422.72,100.08,45.3,none,0
23,91,4.7,170.1,445.42,101.66,37.91,none,0
23,92,4.7,166.17,433.96,98.93,24.78,none,0
23,93,4.7,171.37,486.98,94.61,46.9,none,0
23,94,4.7,176.28,482.59,98.92,19.73,none,0
23,95,4.7,172.68,423.33,97.8,46.17,none,0
23,96,4.7,170.23,464.21,100.97,39.82,none,0
23,97,4.7,173.65,390.0,96.12,40.7,none,0
23,98,4.7,171.02,461.66,97.7,32.18,none,0
23,99,4.7,167.67,469.71,96.49,42.5,none,0
23,100,4.7,167.32,421.01,101.63,37.18,none,0
23,101,4.7,174.88,439.78,101.45,27.57,none,0
23,102,4.7,168.02,452.05,98.57,35.99,none,0
23,103,4.7,163.5,469.48,95.61,35.6,none,0
23,104,4.7,171.76,471.85,101.38,47.34,none,0
23,105,4.7,170.99,463.13,97.42,36.68,none,0
23,106,4.7,171.66,461.11,98.13,34.98,none,0
23,107,4.7,165.86,445.78,98.7,33.65,none,0
23,108,4.7,171.09,448.05,100.4,25.07,none,0
23,109,4.7,168.64,447.99,101.11,43.56,none,0
23,110,4.7,171.04,435.07,99.55,26.35,none,0
23,111,4.7,168.8,450.06,100.6,36.64,none,0
23,112,4.7,173.15,439.4,101.64,48.47,none,0
23,113,4.7,166.82,453.42,98.98,42.34,none,0
23,114,4.7,167.4,453.19,95.78,44.47,none,0
23,115,4.7,168.95,425.93,98.37,28.56,none,0
23,116,4.7,166.81,417.44,96.36,30.87,none,0
23,117,4.7,176.67,437.77,98.21,23.09,none,0
23,118,4.7,156.18,476.41,99.55,38.58,none,0
23,119,4.7,175.41,431.73,104.94,41.42,none,0
24,0,16.0,167.7,467.83,97.19,57.2,none,0
24,1,16.0,155.41,380.65,110.07,58.49,comp4,1
24,2,16.0,166.92,438.8,103.31,37.66,none,0
24,3,16.0,174.1,431.51,102.91,57.91,none,0
24,4,16.0,180.28,432.59,98.13,43.51,none,0
24,5,16.0,173.12,442.37,105.78,43.55,none,0
24,6,16.0,163.93,482.71,101.24,59.44,none,0
24,7,16.0,175.89,462.78,98.43,38.31,none,0
24,8,16.0,173.04,466.63,100.26,33.98,none,0
24,9,16.0,171.64,449.05,101.1,31.31,none,0
24,10,16.0,168.88,452.47,96.75,41.99,none,0
24,11,16.0,171.95,432.37,98.2,41.37,none,0
24,12,16.0,171.8,446.42,101.14,41.36,none,0
24,13,16.0,168.54,462.61,101.53,51.31,none,0
24,14,16.0,177.21,441.9,97.52,39.49,none,0
24,15,16.0,175.4,478.54,100.45,50.34,none,0
24,16,16.0,168.08,459.9,98.94,37.4,none,0
24,17,16.0,173.19,468.72,99.87,40.86,none,0
24,18,16.0,171.93,479.03,97.02,45.19,none,0
24,19,16.0,177.54,421.26,100.03,44.44,none,0
24,20,16.0,172.83,483.33,100.05,42.72,none,0
24,21,16.0,171.31,429.69,99.28,49.73,none,0
24,22,16.0,171.67,438.12,102.52,24.34,none,0
24,23,16.0,166.57,425.62,95.68,44.36,none,0
24,24,16.0,175.62,461.85,99.51,39.61,none,0
24,25,16.0,165.68,434.72,99.79,42.29,none,0
24,26,16.0,164.0,443.61,103.22,31.75,none,0
24,27,16.0,171.04,452.04,100.87,39.73,none,0
24,28,16.0,170.77,438.32,101.13,34.42,none,0
24,29,16.0,174.8,499.62,97.64,39.7,none,0
24,30,16.0,157.9,422.3,97.25,42.26,none,0
24,31,16.0,173.74,447.53,98.51,38.01,none,0
24,32,16.0,165.86,409.06,97.91,51.75,none,0
24,33,16.0,160.04,439.22,99.45,45.09,none,0
24,34,16.0,164.62,465.11,99.69,37.29,none,0
24,35,16.0,183.1,454.34,101.05,40.84,none,0
24,36,16.0,168.13,453.36,101.27,38.13,none,0
24,37,16.0,162.08,454.56,102.07,56.44,none,0
24,38,16.0,165.99,433.47,97.91,48.85,none,0
24,39,16.0,164.06,418.46,101.24,48.36,none,0
24,40,16.0,180.19,460.75,104.1,27.32,none,0
24,41,16.0,168.03,469.21,94.1,36.01,none,0
24,42,16.0,172.88,476.3,101.1,39.48,none,0
24,43,16.0,166.89,445.76,99.31,26.61,none,0
24,44,16.0,176.24,461.76,100.45,54.41,none,0
24,45,16.0,166.7,448.61,95.08,45.58,none,0
24,46,16.0,173.06,417.9,101.48,43.62,none,0
24,47,16.0,172.14,442.59,98.15,49.24,none,0
24,48,16.0,169.02,451.65,101.37,37.56,none,0
24,49,16.0,163.22,449.64,106.52,62.07,none,0
24,50,16.0,176.66,444.54,97.66,57.07,none,0
24,51,16.0,175.73,464.05,100.28,42.16,none,0
24,52,16.0,168.86,431.99,102.4,39.87,none,0
24,53,16.0,166.57,464.17,100.78,28.99,none,0
24,54,16.0,168.76,408.11,106.5,25.06,none,0
24,55,16.0,177.3,439.43,97.34,33.22,none,0
24,56,16.0,178.08,446.89,93.49,43.32,none,0
24,57,16.0,171.56,465.83,103.85,47.11,none,0
24,58,16.0,168.14,455.12,101.6,44.58,none,0
24,59,16.0,165.37,436.66,97.56,60.65,none,0
24,60,16.0,163.81,432.61,103.98,39.64,none,0
24,61,16.0,172.95,450.99,99.59,45.45,none,0
24,62,16.0,165.77,422.83,101.68,34.69,none,0
24,63,16.0,168.44,447.95,102.34,29.72,none,0
24,64,16.0,167.89,448.38,98.84,43.18,none,0
24,65,16.0,166.08,426.98,99.73,39.88,none,0
24,66,16.0,170.25,438.05,98.31,30.13,none,0
24,67,16.0,166.33,461.25,100.53,48.27,none,0
24,68,16.0,172.36,488.06,103.69,42.3,none,0
24,69,16.0,171.06,463.1,99.99,35.49,none,0
24,70,16.0,169.87,430.68,101.31,30.4,none,0
24,71,16.0,174.49,430.39,95.37,33.02,none,0
24,72,16.0,169.59,471.68,103.26,54.42,none,0
24,73,16.0,169.74,431.85,102.09,42.73,none,0
24,74,16.0,171.28,439.7,103.06,36.79,none,0
24,75,16.0,165.83,430.59,98.85,23.16,none,0
24,76,16.0,174.57,447.54,96.72,28.29,none,0
24,77,16.0,165.82,494.58,101.63,54.63,none,0
24,78,16.0,167.71,426.82,93.21,35.4,none,0
24,79,16.0,169.0,426.67,101.71,20.62,none,0
24,80,16.0,168.36,420.97,96.3,40.44,none,0
24,81,16.0,168.05,481.85,102.89,34.44,none,0
24,82,16.0,168.68,437.08,104.91,43.8,none,0
24,83,16.0,181.7,448.57,96.08,28.88,none,0
24,84,16.0,174.47,441.63,100.33,41.77,none,0
24,85,16.0,169.87,428.88,95.81,45.83,none,0
24,86,16.0,175.03,453.09,97.42,53.22,none,0
24,87,16.0,170.52,435.7,99.84,31.78,none,0
24,88,16.0,178.48,442.65,99.04,39.99,none,0
24,89,16.0,171.9,454.3,102.96,30.06,none,0
24,90,16.0,171.46,457.01,101.21,22.91,none,0
24,91,16.0,174.1,438.99,96.28,37.18,none,0
24,92,16.0,170.84,449.19,101.23,39.51,none,0
24,93,16.0,172.9,437.89,99.91,29.68,none,0
24,94,16.0,169.18,457.9,102.76,32.59,none,0
24,95,16.0,163.11,456.93,97.98,39.66,none,0
24,96,16.0,172.32,428.99,95.41,38.71,none,0
24,97,16.0,169.76,445.57,90.53,32.32,none,0
24,98,16.0,171.5,449.49,106.23,40.46,none,0
24,99,16.0,167.12,435.44,98.83,38.52,none,0
24,100,16.0,174.33,455.44,96.93,52.89,none,0
24,101,16.0,160.78,408.04,103.71,29.08,none,0
24,102,16.0,176.07,480.37,102.5,35.21,none,0
24,103,16.0,164.06,473.36,103.08,30.85,none,0
24,104,16.0,171.88,445.24,104.49,35.81,none,0
24,105,16.0,167.07,495.94,97.78,35.4,none,0
24,106,16.0,168.97,436.5,100.97,51.94,none,0
24,107,16.0,158.57,445.35,97.26,28.84,none,0
24,108,16.0,176.17,443.68,106.04,38.5,none,0
24,109,16.0,168.86,438.71,100.24,32.1,none,0
24,110,16.0,167.46,424.74,97.26,54.82,none,0
24,111,16.0,171.7,452.76,97.51,40.87,none,0
24,112,16.0,166.68,444.84,95.76,33.89,none,0
24,113,16.0,176.7,440.48,101.31,24.51,none,0
24,114,16.0,172.72,453.43,101.1,25.43,none,0
24,115,16.0,166.43,425.02,103.92,34.15,none,0
24,116,16.0,168.12,448.64,101.8,52.78,none,0
24,117,16.0,173.87,459.8,98.97,41.29,none,0
24,118,16.0,177.67,462.12,105.33,39.07,none,0
24,119,16.0,170.19,411.12,100.48,28.37,none,0
25,0,12.3,170.66,452.38,98.68,51.24,none,0
25,1,12.3,161.47,446.26,98.28,48.56,none,0
25,2,12.3,173.16,455.59,97.06,39.2,none,0
25,3,12.3,176.65,426.7,93.9,30.81,none,0
25,4,12.3,169.06,486.34,101.59,32.69,none,0
25,5,12.3,168.95,473.39,99.06,35.93,none,0
25,6,12.3,180.35,485.12,98.42,44.76,none,0
25,7,12.3,175.11,433.43,99.17,46.68,none,0
25,8,12.3,173.91,481.49,97.26,46.46,none,0
25,9,12.3,163.03,472.71,100.56,44.12,none,0
25,10,12.3,174.45,486.61,104.24,33.86,none,0
25,11,12.3,166.99,408.04,99.13,33.74,none,0
25,12,12.3,170.71,455.54,99.63,62.95,none,0
25,13,12.3,167.36,477.17,96.73,36.92,none,0
25,14,12.3,171.92,440.5,100.84,46.42,none,0
25,15,12.3,171.21,482.0,101.67,43.81,none,0
25,16,12.3,174.82,470.27,100.14,37.79,none,0
25,17,12.3,171.52,452.0,96.29,42.28,none,0
25,18,12.3,161.84,457.41,99.0,42.3,none,0
25,19,12.3,167.84,470.61,100.5,50.59,none,0
25,20,12.3,185.22,443.06,98.48,46.56,none,0
25,21,12.3,174.9,442.97,99.28,48.8,none,0
25,22,12.3,177.21,473.13,104.21,33.73,none,0
25,23,12.3,175.91,458.2,95.46,50.67,none,0
25,24,12.3,158.97,455.99,95.2,32.13,none,0
25,25,12.3,171.74,453.29,99.54,27.65,none,0
25,26,12.3,167.42,478.81,98.96,37.79,none,0
25,27,12.3,170.16,447.37,94.65,32.14,none,0
25,28,12.3,172.57,454.62,102.83,53.42,none,0
25,29,12.3,170.79,446.73,98.41,37.12,none,0
25,30,12.3,173.71,436.56,100.54,41.62,none,0
25,31,12.3,174.32,447.26,99.2,49.98,none,0
25,32,12.3,185.15,441.38,102.96,51.81,none,0
25,33,12.3,165.18,441.95,100.33,32.68,none,0
25,34,12.3,172.63,434.84,97.45,42.24,none,0
25,35,12.3,179.64,419.83,105.25,34.83,none,0
25,36,12.3,169.98,434.84,97.27,53.9,none,0
25,37,12.3,172.08,451.92,102.85,28.98,none,0
25,38,12.3,178.94,475.49,102.64,50.42,none,0
25,39,12.3,174.98,435.3,99.35,42.43,none,0
25,40,12.3,165.66,433.09,101.18,49.08,none,0
25,41,12.3,175.33,437.54,104.93,32.11,none,0
25,42,12.3,172.6,437.83,99.94,44.36,none,0
25,43,12.3,165.24,436.77,101.17,45.16,none,0
25,44,12.3,167.7,445.53,102.8,36.66,none,0
25,45,12.3,169.47,425.56,96.86,41.12,none,0
25,46,12.3,167.26,452.83,96.14,52.4,none,0
25,47,12.3,157.64,465.34,103.88,49.43,none,0
25,48,12.3,174.07,466.92,101.02,45.25,none,0
25,49,12.3,166.98,476.0,97.16,66.2,none,0
25,50,12.3,170.49,411.4,96.79,41.4,none,0
25,51,12.3,164.29,431.56,95.84,41.34,none,0
25,52,12.3,166.75,455.94,100.4,42.04,none,0
25,53,12.3,173.61,432.25,98.51,44.21,none,0
25,54,12.3,166.95,458.19,100.92,28.16,none,0
25,55,12.3,158.71,436.63,98.15,29.89,none,0
25,56,12.3,171.99,435.96,103.73,37.14,none,0
25,57,12.3,164.08,478.45,97.18,41.2,none,0
25,58,12.3,163.25,444.53,99.54,43.34,none,0
25,59,12.3,170.71,492.2,101.47,45.3,none,0
25,60,12.3,164.06,442.51,100.51,43.62,none,0
25,61,12.3,167.62,457.6,102.11,37.68,none,0
25,62,12.3,164.76,482.59,103.73,40.07,none,0
25,63,12.3,167.84,450.73,103.82,45.49,none,0
25,64,12.3,167.17,427.28,105.1,46.35,none,0
25,65,12.3,171.14,448.45,98.41,48.53,none,0
25,66,12.3,164.39,431.36,98.55,29.35,none,0
25,67,12.3,169.7,457.67,99.38,31.71,none,0
25,68,12.3,170.96,426.58,102.79,29.09,none,0
25,69,12.3,166.84,453.53,94.42,47.12,none,0
25,70,12.3,164.04,477.24,100.55,40.25,none,0
25,71,12.3,168.12,450.46,100.22,35.04,none,0
25,72,12.3,170.98,433.51,99.0,41.47,none,0
25,73,12.3,174.06,441.26,102.46,42.72,none,0
25,74,12.3,173.17,439.42,95.33,26.07,none,0
25,75,12.3,165.75,471.13,101.62,57.82,none,0
25,76,12.3,179.18,476.66,101.6,55.96,none,0
25,77,12.3,179.23,449.19,100.62,34.57,none,0
25,78,12.3,163.37,422.3,101.24,34.82,none,0
25,79,12.3,171.82,467.57,98.13,46.86,none,0
25,80,12.3,176.41,462.12,100.16,37.45,none,0
25,81,12.3,168.54,431.06,94.43,58.38,none,0
25,82,12.3,170.09,483.7,103.07,45.68,none,0
25,83,12.3,169.77,466.86,104.64,44.55,none,0
25,84,12.3,165.06,458.54,98.21,40.89,none,0
25,85,12.3,166.79,462.0,103.18,36.31,none,0
25,86,12.3,161.38,433.82,104.59,34.57,none,0
25,87,12.3,166.82,467.77,99.65,40.97,none,0
25,88,12.3,161.92,446.41,106.02,36.39,none,0
25,89,12.3,167.3,450.55,101.26,37.94,none,0
25,90,12.3,172.76,470.96,99.04,31.88,none,0
25,91,12.3,181.75,430.22,100.44,44.34,none,0
25,92,12.3,170.76,459.09,103.13,33.0,none,0
25,93,12.3,168.2,456.45,98.59,37.95,none,0
25,94,12.3,174.99,411.59,98.92,54.54,none,0
25,95,12.3,172.05,457.99,97.51,43.35,none,0
25,96,12.3,169.8,488.16,101.29,42.36,none,0
25,97,12.3,171.69,452.71,98.76,31.94,none,0
25,98,12.3,169.9,470.25,104.64,39.14,none,0
25,99,12.3,167.41,451.68,102.66,36.44,none,0
25,100,12.3,175.14,383.58,101.11,39.35,none,0
25,101,12.3,165.84,469.85,94.8,34.2,none,0
25,102,12.3,168.5,436.96,102.28,43.0,none,0
25,103,12.3,166.64,438.68,100.2,36.05,none,0
25,104,12.3,165.95,425.38,102.17,36.73,none,0
25,105,12.3,164.63,455.57,99.52,37.04,none,0
25,106,12.3,174.07,410.43,99.35,22.93,none,0
25,107,12.3,169.26,425.82,95.99,42.89,none,0
25,108,12.3,181.06,436.43,99.56,34.71,none,0
25,109,12.3,173.47,476.56,98.54,44.37,none,0
25,110,12.3,172.39,438.19,101.12,44.89,none,0
25,111,12.3,170.45,438.26,97.37,32.43,none,0
25,112,12.3,165.89,490.87,97.47,45.51,none,0
25,113,12.3,177.17,428.88,98.82,33.25,none,0
25,114,12.3,170.11,467.42,99.07,33.51,none,0
25,115,12.3,170.16,413.52,98.09,43.88,none,0
25,116,12.3,174.94,429.44,101.88,50.93,none,0
25,117,12.3,180.1,450.13,99.45,41.94,none,0
25,118,12.3,166.51,441.96,99.77,28.32,none,0
25,119,12.3,176.96,440.22,94.75,39.97,none,0
26,0,1.8,161.06,434.01,99.09,44.15,none,0
26,1,1.8,176.81,439.15,105.6,61.59,none,0
26,2,1.8,163.88,451.89,101.1,31.71,none,0
26,3,1.8,160.75,459.73,102.11,35.04,none,0
26,4,1.8,168.25,468.48,100.89,40.82,none,0
26,5,1.8,169.87,474.29,100.59,44.15,none,0
26,6,1.8,167.99,413.59,98.9,45.73,none,0
26,7,1.8,166.39,445.25,105.91,54.5,none,0
26,8,1.8,173.83,440.13,98.61,42.61,none,0
26,9,1.8,160.48,450.87,97.19,48.0,none,0
26,10,1.8,167.58,457.13,97.07,37.93,none,0
26,11,1.8,172.5,472.45,98.41,50.28,none,0
26,12,1.8,170.91,436.33,97.55,43.28,none,0
26,13,1.8,170.22,467.82,101.04,28.3,none,0
26,14,1.8,161.23,434.31,99.34,31.96,none,0
26,15,1.8,169.85,460.64,101.12,23.49,none,0
26,16,1.8,164.63,470.38,104.42,41.65,none,0
26,17,1.8,165.04,409.35,103.2,38.41,none,0
26,18,1.8,168.0,436.97,96.55,42.55,none,0
26,19,1.8,168.39,447.81,96.7,47.04,none,0
26,20,1.8,172.05,472.88,99.34,42.73,none,0
26,21,1.8,170.34,444.36,101.51,47.23,none,0
26,22,1.8,162.35,431.06,99.02,38.09,none,0
26,23,1.8,174.15,430.42,94.95,45.86,none,0
26,24,1.8,173.89,426.35,103.29,36.32,none,0
26,25,1.8,173.91,455.47,98.49,54.61,none,0
26,26,1.8,168.1,433.23,93.22,40.27,none,0
26,27,1.8,167.81,454.71,99.54,53.0,none,0
26,28,1.8,161.95,436.3,99.93,44.79,none,0
26,29,1.8,178.08,443.36,101.97,35.4,none,0
26,30,1.8,170.71,453.79,98.79,40.91,none,0
26,31,1.8,172.2,476.48,99.26,28.4,none,0
26,32,1.8,170.73,427.55,104.43,49.09,none,0
26,33,1.8,172.43,419.2,96.29,36.0,none,0
26,34,1.8,168.43,475.29,99.44,44.05,none,0
26,35,1.8,163.45,445.24,98.79,30.06,none,0
26,36,1.8,176.62,445.61,99.84,32.32,none,0
26,37,1.8,160.15,492.9,102.91,46.02,none,0
26,38,1.8,167.91,479.2,100.95,36.53,none,0
26,39,1.8,176.84,462.44,104.54,50.23,none,0
26,40,1.8,173.82,490.21,99.44,38.85,none,0
26,41,1.8,165.62,428.57,98.11,31.21,none,0
26,42,1.8,167.54,471.09,98.5,37.22,none,0
26,43,1.8,174.05,476.22,95.14,40.05,none,0
26,44,1.8,167.21,425.79,94.55,37.32,none,0
26,45,1.8,153.22,332.46,117.2,90.7,comp1,1
26,46,1.8,177.94,477.26,96.51,36.8,none,0
26,47,1.8,168.44,449.94,96.79,40.22,none,0
26,48,1.8,164.48,445.24,100.94,44.7,none,0
26,49,1.8,171.73,434.46,103.15,25.11,none,0
26,50,1.8,179.02,437.59,101.14,44.38,none,0
26,51,1.8,176.59,457.85,102.13,48.26,none,0
26,52,1.8,163.71,439.45,94.21,53.29,none,0
26,53,1.8,176.85,470.55,100.39,43.36,none,0
26,54,1.8,164.03,441.68,104.99,39.47,none,0
26,55,1.8,172.28,427.53,97.08,22.87,none,0
26,56,1.8,167.39,470.75,101.73,41.47,none,0
26,57,1.8,169.94,453.13,101.44,29.56,none,0
26,58,1.8,167.55,445.69,98.72,33.15,none,0
26,59,1.8,166.97,459.64,101.0,57.19,none,0
26,60,1.8,165.31,441.42,99.52,46.94,none,0
26,61,1.8,171.27,470.8,100.81,47.29,none,0
26,62,1.8,173.29,435.05,104.87,43.57,none,0
26,63,1.8,169.07,465.16,97.75,45.74,none,0
26,64,1.8,171.9,425.36,103.4,47.36,none,0
26,65,1.8,175.93,447.67,99.67,38.83,none,0
26,66,1.8,174.58,457.24,101.04,26.04,none,0
26,67,1.8,175.33,428.04,99.08,34.71,none,0
26,68,1.8,171.26,427.48,102.53,37.45,none,0
26,69,1.8,182.31,472.34,102.35,43.67,none,0
26,70,1.8,170.46,470.36,105.77,45.67,none,0
26,71,1.8,175.72,436.78,92.6,36.52,none,0
26,72,1.8,167.36,475.57,97.84,30.12,none,0
26,73,1.8,167.44,471.59,99.16,48.04,none,0
26,74,1.8,167.57,436.51,99.61,29.63,none,0
26,75,1.8,171.64,441.68,101.09,38.03,none,0
26,76,1.8,164.34,487.98,103.59,38.33,none,0
26,77,1.8,171.65,424.87,100.52,42.54,none,0
26,78,1.8,167.51,456.59,98.5,43.0,none,0
26,79,1.8,165.67,431.48,99.46,45.6,none,0
26,80,1.8,179.78,420.92,101.94,44.56,none,0
26,81,1.8,175.21,424.11,101.16,39.8,none,0
26,82,1.8,161.93,455.59,100.29,37.46,none,0
26,83,1.8,173.88,425.98,101.45,52.75,none,0
26,84,1.8,172.96,435.43,100.36,49.56,none,0
26,85,1.8,173.74,455.49,97.12,34.22,none,0
26,86,1.8,172.87,436.72,98.5,38.06,none,0
26,87,1.8,174.15,406.64,101.45,41.13,none,0
26,88,1.8,178.13,423.91,100.08,40.36,none,0
26,89,1.8,176.3,458.03,95.98,57.18,none,0
26,90,1.8,166.72,463.92,101.64,42.81,none,0
26,91,1.8,171.89,428.19,101.51,36.06,none,0
26,92,1.8,162.96,428.53,94.51,30.76,none,0
26,93,1.8,172.52,457.37,98.08,31.32,none,0
26,94,1.8,175.09,423.77,96.86,35.13,none,0
26,95,1.8,172.65,447.79,97.29,43.5,none,0
26,96,1.8,163.01,482.39,97.58,30.76,none,0
26,97,1.8,151.73,357.11,121.23,65.12,comp1,1
26,98,1.8,168.78,484.86,99.54,34.36,none,0
26,99,1.8,172.84,428.15,93.75,27.5,none,0
26,100,1.8,165.72,458.06,101.79,47.01,none,0
26,101,1.8,171.35,450.4,104.12,45.71,none,0
26,102,1.8,167.74,434.28,103.93,32.36,none,0
26,103,1.8,166.9,440.68,100.04,32.56,none,0
26,104,1.8,172.33,445.61,101.91,36.6,none,0
26,105,1.8,170.76,450.86,105.83,40.18,none,0
26,106,1.8,171.18,470.32,101.41,38.9,none,0
26,107,1.8,167.26,414.98,105.26,41.23,none,0
26,108,1.8,171.48,464.39,100.62,43.54,none,0
26,109,1.8,179.6,433.62,98.05,47.41,none,0
26,110,1.8,164.82,476.74,95.84,35.2,none,0
26,111,1.8,166.68,461.41,97.55,41.96,none,0
26,112,1.8,172.06,445.38,97.83,42.25,none,0
26,113,1.8,176.42,470.71,99.51,28.84,none,0
26,114,1.8,168.28,445.42,97.65,29.82,none,0
26,115,1.8,167.87,464.16,99.95,32.46,none,0
26,116,1.8,165.01,469.11,96.42,36.74,none,0
26,117,1.8,167.82,477.2,99.97,37.0,none,0
26,118,1.8,167.97,469.87,95.1,35.72,none,0
26,119,1.8,165.93,422.47,96.39,43.24,none,0
27,0,8.9,171.19,445.98,97.27,37.32,none,0
27,1,8.9,161.14,409.12,104.41,31.53,none,0
27,2,8.9,159.54,430.78,103.62,41.35,none,0
27,3,8.9,169.21,447.16,99.26,39.17,none,0
27,4,8.9,167.35,444.79,101.94,51.83,none,0
27,5,8.9,167.79,461.24,99.33,47.16,none,0
27,6,8.9,153.34,458.81,106.87,40.64,none,0
27,7,8.9,171.61,451.57,98.6,37.61,none,0
27,8,8.9,173.08,459.89,99.94,36.79,none,0
27,9,8.9,160.86,427.32,101.0,43.71,none,0
27,10,8.9,170.18,462.99,98.03,25.9,none,0
27,11,8.9,169.6,449.95,98.8,21.51,none,0
27,12,8.9,179.27,434.11,98.83,43.98,none,0
27,13,8.9,173.91,478.34,95.1,26.57,none,0
27,14,8.9,177.5,481.25,98.44,23.84,none,0
27,15,8.9,177.35,408.33,110.21,40.73,none,0
27,16,8.9,177.54,463.23,98.94,36.17,none,0
27,17,8.9,160.39,470.59,101.17,39.56,none,0
27,18,8.9,170.23,456.87,102.05,32.17,none,0
27,19,8.9,170.76,448.04,93.4,39.52,none,0
27,20,8.9,162.76,471.4,97.45,42.61,none,0
27,21,8.9,173.33,417.45,99.69,34.42,none,0
27,22,8.9,175.6,454.88,102.25,47.18,none,0
27,23,8.9,176.32,454.47,106.19,36.6,none,0
27,24,8.9,175.88,425.0,100.37,59.11,none,0
27,25,8.9,166.5,455.16,100.35,55.22,none,0
27,26,8.9,165.16,455.3,96.88,45.81,none,0
27,27,8.9,171.55,465.71,97.1,38.64,none,0
27,28,8.9,167.85,426.7,101.8,36.48,none,0
27,29,8.9,172.57,487.14,102.58,34.75,none,0
27,30,8.9,170.76,426.1,98.55,35.9,none,0
27,31,8.9,173.08,442.27,101.05,54.66,none,0
27,32,8.9,172.02,451.11,103.08,48.03,none,0
27,33,8.9,163.99,436.54,101.01,31.12,none,0
27,34,8.9,171.05,468.4,100.12,31.46,none,0
27,35,8.9,163.3,478.99,102.92,29.5,none,0
27,36,8.9,178.01,441.66,95.3,38.63,none,0
27,37,8.9,163.74,472.88,105.63,49.3,none,0
27,38,8.9,168.26,411.06,97.84,39.51,none,0
27,39,8.9,177.57,450.09,102.73,42.12,none,0
27,40,8.9,174.32,457.75,100.12,36.89,none,0
27,41,8.9,166.01,456.14,101.76,47.97,none,0
27,42,8.9,175.42,485.78,103.02,44.64,none,0
27,43,8.9,170.03,428.55,97.05,48.08,none,0
27,44,8.9,165.67,458.29,100.29,39.29,none,0
27,45,8.9,178.25,450.62,92.75,39.81,none,0
27,46,8.9,171.3,448.78,103.61,35.87,none,0
27,47,8.9,172.07,423.03,97.71,33.52,none,0
27,48,8.9,163.81,428.2,103.37,41.98,none,0
27,49,8.9,156.0,444.2,97.92,30.5,none,0
27,50,8.9,178.3,447.29,97.17,36.09,none,0
27,51,8.9,174.82,461.01,105.59,36.29,none,0
27,52,8.9,171.12,429.13,98.89,37.47,none,0
27,53,8.9,166.64,456.1,101.47,42.0,none,0
27,54,8.9,171.37,432.38,95.76,40.33,none,0
27,55,8.9,175.48,464.89,100.98,54.14,none,0
27,56,8.9,144.08,365.31,116.57,59.8,comp4,1
27,57,8.9,164.15,445.15,102.81,42.41,none,0
27,58,8.9,169.19,400.98,101.14,43.76,none,0
27,59,8.9,167.45,453.51,100.92,35.16,none,0
27,60,8.9,169.36,436.49,93.1,29.38,none,0
27,61,8.9,169.82,427.0,100.38,44.88,none,0
27,62,8.9,171.09,456.99,99.73,35.52,none,0
27,63,8.9,164.15,443.41,98.49,41.63,none,0
27,64,8.9,167.56,446.41,101.24,42.14,none,0
27,65,8.9,168.63,434.83,99.55,39.59,none,0
27,66,8.9,164.69,427.96,102.61,49.28,none,0
27,67,8.9,168.12,474.45,97.08,31.15,none,0
27,68,8.9,164.36,448.05,104.04,48.26,none,0
27,69,8.9,162.42,464.95,107.04,40.33,none,0
27,70,8.9,171.95,441.28,103.68,38.59,none,0
27,71,8.9,171.77,440.09,98.49,50.62,none,0
27,72,8.9,183.81,452.39,98.51,44.46,none,0
27,73,8.9,172.96,447.62,103.74,53.64,none,0
27,74,8.9,174.33,441.55,102.83,58.86,none,0
27,75,8.9,174.65,415.88,101.12,44.68,none,0
27,76,8.9,177.93,433.2,98.11,32.65,none,0
27,77,8.9,180.73,473.73,97.38,39.73,none,0
27,78,8.9,162.34,452.96,102.37,34.35,none,0
27,79,8.9,162.52,443.18,106.37,34.0,none,0
27,80,8.9,176.15,464.98,102.06,43.94,none,0
27,81,8.9,167.71,447.05,101.21,35.48,none,0
27,82,8.9,177.62,456.75,99.7,36.74,none,0
27,83,8.9,170.61,435.81,101.27,42.82,none,0
27,84,8.9,167.53,466.15,98.4,39.02,none,0
27,85,8.9,172.7,481.15,99.18,49.89,none,0
27,86,8.9,168.99,450.84,103.8,46.11,none,0
27,87,8.9,179.04,489.81,101.68,30.75,none,0
27,88,8.9,166.52,402.64,100.61,36.18,none,0
27,89,8.9,165.56,441.75,103.75,47.75,none,0
27,90,8.9,170.55,466.41,97.67,45.12,none,0
27,91,8.9,165.48,457.71,102.65,56.12,none,0
27,92,8.9,170.65,468.32,101.47,44.64,none,0
27,93,8.9,163.45,456.38,106.25,40.49,none,0
27,94,8.9,170.45,473.99,101.09,47.32,none,0
27,95,8.9,170.29,428.71,98.71,46.79,none,0
27,96,8.9,166.45,438.66,96.68,41.52,none,0
27,97,8.9,184.38,467.99,103.83,33.28,none,0
27,98,8.9,160.44,441.25,99.54,34.56,none,0
27,99,8.9,169.48,456.68,104.29,54.74,none,0
27,100,8.9,167.95,437.93,103.5,42.4,none,0
27,101,8.9,168.55,424.8,98.91,46.67,none,0
27,102,8.9,165.49,421.75,101.73,47.34,none,0
27,103,8.9,171.07,408.99,99.86,56.2,none,0
27,104,8.9,172.65,467.37,100.47,36.35,none,0
27,105,8.9,169.29,425.11,95.6,43.98,none,0
27,106,8.9,166.52,480.35,98.27,41.93,none,0
27,107,8.9,168.42,445.2,99.54,49.32,none,0
27,108,8.9,167.37,456.16,98.78,32.53,none,0
27,109,8.9,158.96,453.76,100.43,46.86,none,0
27,110,8.9,167.44,483.12,95.6,40.07,none,0
27,111,8.9,174.25,441.76,101.17,42.39,none,0
27,112,8.9,169.8,472.84,97.27,42.14,none,0
27,113,8.9,170.62,419.87,102.22,37.53,none,0
27,114,8.9,176.23,460.21,99.82,42.26,none,0
27,115,8.9,162.99,440.99,101.07,31.18,none,0
27,116,8.9,170.6,436.43,98.62,37.58,none,0
27,117,8.9,170.06,482.72,100.0,46.5,none,0
27,118,8.9,168.7,457.04,101.28,34.52,none,0
27,119,8.9,155.2,476.31,102.01,37.67,none,0
28,0,16.7,166.55,433.3,102.3,29.59,none,0
28,1,16.7,168.9,459.15,101.92,44.83,none,0
28,2,16.7,167.11,474.69,100.1,25.91,none,0
28,3,16.7,178.72,461.33,98.72,37.26,none,0
28,4,16.7,161.52,465.26,93.95,37.13,none,0
28,5,16.7,166.19,440.69,97.09,22.4,none,0
28,6,16.7,179.7,443.76,102.89,40.95,none,0
28,7,16.7,163.54,457.05,104.45,39.2,none,0
28,8,16.7,169.31,461.71,102.16,41.37,none,0
28,9,16.7,175.1,432.16,105.05,50.46,none,0
28,10,16.7,171.27,494.02,101.52,45.65,none,0
28,11,16.7,170.77,473.76,97.71,37.35,none,0
28,12,16.7,161.12,492.45,102.97,29.84,none,0
28,13,16.7,173.31,449.73,101.14,31.53,none,0
28,14,16.7,180.95,467.42,100.75,46.32,none,0
28,15,16.7,166.0,441.97,96.35,36.42,none,0
28,16,16.7,172.23,460.35,98.95,41.56,none,0
28,17,16.7,174.43,450.7,100.07,50.04,none,0
28,18,16.7,167.38,469.71,99.66,33.7,none,0
28,19,16.7,167.01,455.12,93.01,34.38,none,0
28,20,16.7,171.2,442.91,104.17,33.98,none,0
28,21,16.7,168.89,446.14,103.68,48.85,none,0
28,22,16.7,168.03,455.31,99.17,32.65,none,0
28,23,16.7,168.57,424.36,96.22,38.43,none,0
28,24,16.7,171.5,466.28,98.7,26.77,none,0
28,25,16.7,173.56,423.13,96.68,44.92,none,0
28,26,16.7,167.03,426.22,99.9,43.57,none,0
28,27,16.7,162.87,446.53,102.68,32.71,none,0
28,28,16.7,165.61,449.42,96.09,35.48,none,0
28,29,16.7,171.46,464.95,99.9,48.8,none,0
28,30,16.7,174.43,451.97,103.95,45.6,none,0
28,31,16.7,166.35,456.72,105.67,40.19,none,0
28,32,16.7,167.49,428.94,99.93,51.63,none,0
28,33,16.7,172.88,443.4,104.23,41.59,none,0
28,34,16.7,177.47,455.09,100.21,48.06,none,0
28,35,16.7,167.59,446.93,100.64,40.7,none,0
28,36,16.7,172.44,424.34,96.2,38.6,none,0
28,37,16.7,170.48,416.35,92.26,25.83,none,0
28,38,16.7,175.32,430.58,103.33,41.63,none,0
28,39,16.7,163.19,449.36,100.25,33.88,none,0
28,40,16.7,166.61,427.58,97.76,36.91,none,0
28,41,16.7,172.04,482.25,101.49,33.52,none,0
28,42,16.7,168.58,455.96,99.3,48.65,none,0
28,43,16.7,168.05,478.75,98.87,42.21,none,0
28,44,16.7,168.28,447.6,97.57,34.96,none,0
28,45,16.7,167.44,485.99,104.64,29.41,none,0
28,46,16.7,170.85,448.21,101.12,35.14,none,0
28,47,16.7,169.84,435.21,101.53,24.33,none,0
28,48,16.7,173.24,489.33,98.68,44.91,none,0
28,49,16.7,170.74,454.27,97.35,52.76,none,0
28,50,16.7,170.84,473.9,99.18,49.1,none,0
28,51,16.7,167.66,448.44,102.7,50.1,none,0
28,52,16.7,166.71,471.6,99.27,35.69,none,0
28,53,16.7,168.5,445.86,99.19,39.15,none,0
28,54,16.7,168.33,435.81,100.68,38.25,none,0
28,55,16.7,174.75,446.94,97.96,35.89,none,0
28,56,16.7,172.39,433.86,99.01,38.25,none,0
28,57,16.7,162.78,405.67,102.87,48.21,none,0
28,58,16.7,169.89,429.81,97.78,43.95,none,0
28,59,16.7,170.34,472.84,96.77,56.67,none,0
28,60,16.7,159.67,456.5,95.75,35.42,none,0
28,61,16.7,174.36,439.58,102.26,46.72,none,0
28,62,16.7,180.33,459.09,101.58,34.49,none,0
28,63,16.7,163.13,444.38,97.5,36.86,none,0
28,64,16.7,165.5,476.01,97.82,35.66,none,0
28,65,16.7,170.78,418.05,98.13,33.6,none,0
28,66,16.7,157.41,436.54,96.83,56.11,none,0
28,67,16.7,165.24,430.87,104.11,44.57,none,0
28,68,16.7,172.52,441.81,98.5,22.34,none,0
28,69,16.7,173.64,443.46,94.03,41.32,none,0
28,70,16.7,176.11,454.83,100.02,41.96,none,0
28,71,16.7,167.09,445.02,104.37,47.28,none,0
28,72,16.7,173.01,473.43,99.81,49.29,none,0
28,73,16.7,169.85,463.83,101.92,50.73,none,0
28,74,16.7,170.51,434.84,96.18,40.5,none,0
28,75,16.7,163.43,456.18,98.88,50.41,none,0
28,76,16.7,171.22,423.56,97.85,41.45,none,0
28,77,16.7,175.79,432.73,97.88,32.01,none,0
28,78,16.7,167.06,467.13,100.55,29.55,none,0
28,79,16.7,160.3,443.47,101.96,40.21,none,0
28,80,16.7,166.02,391.18,101.46,36.36,none,0
28,81,16.7,170.78,445.36,94.5,34.45,none,0
28,82,16.7,158.9,439.99,94.66,43.26,none,0
28,83,16.7,167.44,480.24,96.46,39.38,none,0
28,84,16.7,171.76,420.6,99.63,31.28,none,0
28,85,16.7,171.09,454.01,99.36,40.21,none,0
28,86,16.7,173.22,443.93,101.82,26.8,none,0
28,87,16.7,166.1,467.73,102.88,34.78,none,0
28,88,16.7,177.22,449.86,102.67,45.62,none,0
28,89,16.7,157.5,452.83,100.26,37.44,none,0
28,90,16.7,170.16,452.18,98.28,35.03,none,0
28,91,16.7,173.65,461.4,103.67,38.63,none,0
28,92,16.7,170.45,438.79,97.52,56.5,none,0
28,93,16.7,168.11,443.11,97.44,38.9,none,0
28,94,16.7,171.81,459.49,98.89,36.74,none,0
28,95,16.7,163.78,445.06,99.15,52.03,none,0
28,96,16.7,159.97,442.29,97.34,29.87,none,0
28,97,16.7,166.67,486.93,107.91,46.83,none,0
28,98,16.7,172.23,455.32,103.18,42.83,none,0
28,99,16.7,175.64,475.35,102.11,38.01,none,0
28,100,16.7,171.48,469.58,103.83,35.52,none,0
28,101,16.7,172.2,440.78,101.19,26.91,none,0
28,102,16.7,166.75,439.58,101.25,56.0,none,0
28,103,16.7,166.49,459.26,101.97,37.06,none,0
28,104,16.7,177.6,435.6,98.12,34.82,none,0
28,105,16.7,171.65,474.07,100.81,52.39,none,0
28,106,16.7,166.64,415.91,99.19,47.04,none,0
28,107,16.7,176.3,436.99,101.43,50.32,none,0
28,108,16.7,172.02,419.14,100.24,30.51,none,0
28,109,16.7,176.34,444.7,96.88,46.84,none,0
28,110,16.7,168.7,487.0,97.78,48.12,none,0
28,111,16.7,171.98,463.9,104.08,39.04,none,0
28,112,16.7,169.23,404.21,103.73,44.74,none,0
28,113,16.7,170.93,464.37,98.6,37.91,none,0
28,114,16.7,169.82,460.24,98.01,30.2,none,0
28,115,16.7,167.39,470.05,97.29,31.21,none,0
28,116,16.7,158.93,409.95,96.89,35.55,none,0
28,117,16.7,170.19,459.19,100.13,36.08,none,0
28,118,16.7,182.96,452.84,100.97,46.09,none,0
28,119,16.7,171.76,450.66,97.45,41.85,none,0
29,0,17.1,169.41,439.73,103.37,28.56,none,0
29,1,17.1,174.95,449.51,100.36,41.61,none,0
29,2,17.1,169.92,439.54,94.91,44.8,none,0
29,3,17.1,171.88,458.09,99.4,40.91,none,0
29,4,17.1,166.95,467.13,93.38,46.1,none,0
29,5,17.1,159.26,444.32,97.88,35.87,none,0
29,6,17.1,160.67,434.2,99.49,46.18,none,0
29,7,17.1,167.17,452.86,99.06,34.15,none,0
29,8,17.1,174.69,437.42,97.58,45.63,none,0
29,9,17.1,165.49,427.97,107.17,41.33,none,0
29,10,17.1,162.41,429.37,97.64,29.04,none,0
29,11,17.1,172.48,476.25,99.7,55.91,none,0
29,12,17.1,163.42,452.93,99.29,44.3,none,0
29,13,17.1,171.27,436.48,100.64,37.01,none,0
29,14,17.1,173.0,456.94,102.41,58.54,none,0
29,15,17.1,159.66,417.57,101.99,41.8,none,0
29,16,17.1,166.16,477.66,100.98,48.08,none,0
29,17,17.1,178.98,460.4,100.57,37.68,none,0
29,18,17.1,174.91,434.68,97.51,40.45,none,0
29,19,17.1,177.19,444.72,100.79,32.88,none,0
29,20,17.1,174.51,476.12,101.13,42.7,none,0
29,21,17.1,158.53,375.51,113.81,64.09,comp4,1
29,22,17.1,173.73,458.56,103.76,35.96,none,0
29,23,17.1,164.64,472.58,97.48,41.81,none,0
29,24,17.1,169.88,481.77,98.43,42.68,none,0
29,25,17.1,178.22,460.2,101.49,40.26,none,0
29,26,17.1,168.72,447.04,102.63,36.7,none,0
29,27,17.1,173.03,418.54,94.0,61.53,none,0
29,28,17.1,177.28,435.83,98.58,37.66,none,0
29,29,17.1,170.71,404.53,96.73,44.92,none,0
29,30,17.1,167.1,432.91,95.18,39.71,none,0
29,31,17.1,160.71,450.99,99.26,30.71,none,0
29,32,17.1,170.99,471.47,100.57,32.76,none,0
29,33,17.1,168.54,427.51,99.24,36.04,none,0
29,34,17.1,169.13,450.17,102.56,49.67,none,0
29,35,17.1,176.28,459.18,104.43,34.22,none,0
29,36,17.1,180.49,482.72,95.51,50.5,none,0
29,37,17.1,165.81,452.07,101.25,48.22,none,0
29,38,17.1,172.92,427.72,99.25,51.44,none,0
29,39,17.1,167.52,450.07,98.99,40.67,none,0
29,40,17.1,168.07,449.15,100.0,34.64,none,0
29,41,17.1,173.51,460.5,105.46,30.56,none,0
29,42,17.1,175.08,432.41,100.04,41.59,none,0
29,43,17.1,171.38,418.92,102.0,49.98,none,0
29,44,17.1,160.61,433.24,103.67,51.93,none,0
29,45,17.1,169.33,456.49,100.35,53.59,none,0
29,46,17.1,161.38,444.21,99.04,43.06,none,0
29,47,17.1,168.18,448.13,97.15,46.3,none,0
29,48,17.1,167.05,437.89,98.44,53.63,none,0
29,49,17.1,170.12,464.1,95.41,49.8,none,0
29,50,17.1,173.18,445.53,96.64,30.19,none,0
29,51,17.1,174.79,494.36,104.9,55.17,none,0
29,52,17.1,172.89,437.61,97.64,34.46,none,0
29,53,17.1,166.64,439.57,98.55,43.2,none,0
29,54,17.1,167.23,459.5,100.5,39.91,none,0
29,55,17.1,167.3,478.98,102.43,43.78,none,0
29,56,17.1,175.03,456.25,96.55,49.91,none,0
29,57,17.1,171.5,455.59,107.71,40.11,none,0
29,58,17.1,167.94,444.88,99.01,38.35,none,0
29,59,17.1,177.0,469.72,95.62,41.56,none,0
29,60,17.1,176.29,504.46,105.26,31.4,none,0
29,61,17.1,178.75,439.79,105.55,59.04,none,0
29,62,17.1,167.33,442.03,102.93,48.1,none,0
29,63,17.1,168.48,470.2,100.84,30.17,none,0
29,64,17.1,162.67,463.39,97.44,54.05,none,0
29,65,17.1,166.45,428.21,100.59,44.97,none,0
29,66,17.1,165.49,449.86,97.18,56.54,none,0
29,67,17.1,170.39,445.42,102.36,38.87,none,0
29,68,17.1,167.27,436.36,99.45,46.23,none,0
29,69,17.1,173.3,451.92,96.58,44.71,none,0
29,70,17.1,170.11,424.69,98.65,56.15,none,0
29,71,17.1,166.04,463.24,95.34,32.03,none,0
29,72,17.1,170.6,452.76,98.43,39.05,none,0
29,73,17.1,169.44,455.24,102.66,28.98,none,0
29,74,17.1,174.3,430.41,100.46,54.72,none,0
29,75,17.1,169.43,422.71,96.93,29.11,none,0
29,76,17.1,176.69,451.51,100.84,30.65,none,0
29,77,17.1,173.15,445.96,100.73,47.37,none,0
29,78,17.1,167.97,443.81,94.18,48.32,none,0
29,79,17.1,170.46,454.61,102.6,47.2,none,0
29,80,17.1,165.71,465.02,101.37,48.75,none,0
29,81,17.1,176.76,434.96,103.37,38.54,none,0
29,82,17.1,176.74,441.02,97.93,24.92,none,0
29,83,17.1,173.32,431.02,99.61,49.07,none,0
29,84,17.1,176.07,456.4,104.51,45.17,none,0
29,85,17.1,174.55,422.76,95.32,52.98,none,0
29,86,17.1,166.77,482.69,104.36,17.52,none,0
29,87,17.1,168.64,435.57,98.96,33.49,none,0
29,88,17.1,170.35,463.57,96.12,48.12,none,0
29,89,17.1,169.99,444.52,98.78,42.18,none,0
29,90,17.1,171.97,462.38,105.15,46.62,none,0
29,91,17.1,176.77,460.57,97.56,23.91,none,0
29,92,17.1,165.01,471.77,101.33,32.87,none,0
29,93,17.1,177.91,467.49,97.79,36.37,none,0
29,94,17.1,173.39,469.38,100.29,51.62,none,0
29,95,17.1,178.35,439.19,102.81,45.34,none,0
29,96,17.1,165.81,427.82,104.88,37.75,none,0
29,97,17.1,170.61,449.89,102.31,49.77,none,0
29,98,17.1,170.52,462.23,94.51,34.88,none,0
29,99,17.1,178.55,454.56,101.98,30.6,none,0
29,100,17.1,171.44,413.87,98.82,36.64,none,0
29,101,17.1,163.22,432.77,93.39,40.06,none,0
29,102,17.1,141.12,394.26,112.43,68.43,comp2,1
29,103,17.1,166.69,439.07,99.32,47.26,none,0
29,104,17.1,172.79,478.21,100.89,60.29,none,0
29,105,17.1,161.37,465.81,99.84,29.41,none,0
29,106,17.1,172.69,440.45,100.98,29.88,none,0
29,107,17.1,176.92,472.32,102.07,45.19,none,0
29,108,17.1,168.59,450.5,99.41,33.94,none,0
29,109,17.1,172.24,449.07,104.47,30.86,none,0
29,110,17.1,170.85,472.6,100.47,48.43,none,0
29,111,17.1,167.18,451.75,93.73,43.93,none,0
29,112,17.1,168.03,453.22,99.0,41.85,none,0
29,113,17.1,167.17,413.26,99.44,29.84,none,0
29,114,17.1,170.54,455.59,99.68,28.64,none,0
29,115,17.1,172.04,436.26,99.42,35.87,none,0
29,116,17.1,171.48,432.81,95.4,42.18,none,0
29,117,17.1,171.74,480.33,100.01,37.27,none,0
29,118,17.1,182.89,390.59,96.34,39.8,none,0
29,119,17.1,169.95,439.19,100.68,51.91,none,0
30,0,18.4,160.52,436.75,95.91,37.37,none,0
30,1,18.4,174.3,455.74,100.66,38.47,none,0
30,2,18.4,165.0,451.02,98.31,36.96,none,0
30,3,18.4,165.87,455.71,104.87,38.9,none,0
30,4,18.4,163.36,466.99,105.04,36.48,none,0
30,5,18.4,172.63,463.53,98.77,39.82,none,0
30,6,18.4,165.39,455.01,96.46,28.94,none,0
30,7,18.4,173.29,472.42,101.19,50.0,none,0
30,8,18.4,177.0,462.26,99.02,26.04,none,0
30,9,18.4,175.2,456.33,100.49,45.4,none,0
30,10,18.4,174.56,428.66,104.29,28.66,none,0
30,11,18.4,165.04,465.08,99.56,30.04,none,0
30,12,18.4,173.57,438.67,102.25,47.21,none,0
30,13,18.4,168.97,421.03,91.8,37.77,none,0
30,14,18.4,180.18,430.03,99.78,42.0,none,0
30,15,18.4,165.79,406.03,104.03,45.31,none,0
30,16,18.4,175.76,456.81,102.82,47.87,none,0
30,17,18.4,171.24,474.79,101.48,51.47,none,0
30,18,18.4,175.33,420.67,97.46,47.59,none,0
30,19,18.4,168.89,452.88,96.9,46.75,none,0
30,20,18.4,173.79,409.9,102.24,40.8,none,0
30,21,18.4,169.37,475.68,102.29,28.61,none,0
30,22,18.4,172.19,470.44,100.58,53.62,none,0
30,23,18.4,172.88,475.76,98.48,32.41,none,0
30,24,18.4,165.74,417.81,98.19,34.23,none,0
30,25,18.4,174.79,449.79,102.52,49.69,none,0
30,26,18.4,178.61,432.16,93.14,31.95,none,0
30,27,18.4,163.88,446.07,95.05,53.2,none,0
30,28,18.4,162.17,474.86,97.93,37.85,none,0
30,29,18.4,170.84,462.88,99.36,33.77,none,0
30,30,18.4,167.83,455.13,100.51,42.43,none,0
30,31,18.4,175.65,483.86,105.66,41.08,none,0
30,32,18.4,172.1,453.36,94.43,35.28,none,0
30,33,18.4,169.3,421.84,99.07,43.14,none,0
30,34,18.4,172.55,445.81,105.51,31.46,none,0
30,35,18.4,173.36,416.24,105.1,51.01,none,0
30,36,18.4,163.21,438.62,97.99,29.36,none,0
30,37,18.4,165.65,465.27,102.93,51.0,none,0
30,38,18.4,175.16,442.78,98.57,35.0,none,0
30,39,18.4,177.27,477.59,98.44,41.11,none,0
30,40,18.4,166.22,491.62,97.26,35.68,none,0
30,41,18.4,170.06,421.25,103.51,36.23,none,0
30,42,18.4,175.33,482.98,97.82,47.0,none,0
30,43,18.4,163.43,474.0,97.54,38.86,none,0
30,44,18.4,170.0,438.25,98.52,43.26,none,0
30,45,18.4,172.68,433.6,100.63,47.19,none,0
30,46,18.4,167.65,489.88,100.56,34.88,none,0
30,47,18.4,169.7,458.24,106.48,45.79,none,0
30,48,18.4,164.05,436.24,102.21,29.28,none,0
30,49,18.4,173.19,466.9,102.15,25.61,none,0
30,50,18.4,174.45,474.75,100.94,46.69,none,0
30,51,18.4,173.8,434.94,95.9,43.63,none,0
30,52,18.4,164.86,422.68,101.34,42.1,none,0
30,53,18.4,170.76,462.36,95.31,36.51,none,0
30,54,18.4,164.53,443.08,99.68,38.62,none,0
30,55,18.4,168.47,475.23,100.98,42.81,none,0
30,56,18.4,172.66,435.53,101.55,48.67,none,0
30,57,18.4,170.35,437.32,101.89,41.51,none,0
30,58,18.4,176.53,459.59,102.05,37.44,none,0
30,59,18.4,175.45,454.66,103.53,40.14,none,0
30,60,18.4,177.08,465.01,99.71,34.84,none,0
30,61,18.4,174.02,433.13,103.58,31.89,none,0
30,62,18.4,169.97,425.48,95.74,29.21,none,0
30,63,18.4,172.09,480.68,105.63,40.04,none,0
30,64,18.4,169.59,444.59,97.03,38.22,none,0
30,65,18.4,170.75,454.63,100.92,46.05,none,0
30,66,18.4,172.94,411.08,97.91,30.96,none,0
30,67,18.4,173.1,468.9,103.13,35.7,none,0
30,68,18.4,170.38,462.43,96.06,39.49,none,0
30,69,18.4,166.02,464.07,103.23,52.56,none,0
30,70,18.4,174.85,455.21,92.61,41.57,none,0
30,71,18.4,179.02,455.57,94.08,21.68,none,0
30,72,18.4,176.94,492.38,97.73,52.12,none,0
30,73,18.4,171.96,472.37,97.87,49.02,none,0
30,74,18.4,170.61,460.77,100.77,35.45,none,0
30,75,18.4,169.68,464.16,100.05,37.41,none,0
30,76,18.4,169.74,454.44,101.28,39.35,none,0
30,77,18.4,167.63,446.91,99.83,43.76,none,0
30,78,18.4,171.28,439.94,92.59,37.18,none,0
30,79,18.4,168.47,474.43,98.13,55.24,none,0
30,80,18.4,168.82,476.42,102.87,47.36,none,0
30,81,18.4,171.7,454.39,105.11,39.41,none,0
30,82,18.4,157.06,356.56,116.67,74.75,comp1,1
30,83,18.4,173.02,419.03,98.1,45.5,none,0
30,84,18.4,174.18,434.97,101.19,39.32,none,0
30,85,18.4,167.8,463.26,95.57,37.63,none,0
30,86,18.4,164.34,449.86,96.13,40.17,none,0
30,87,18.4,161.41,461.67,105.51,44.15,none,0
30,88,18.4,166.5,443.33,104.3,46.09,none,0
30,89,18.4,164.46,427.76,101.2,36.21,none,0
30,90,18.4,170.96,389.18,101.05,40.56,none,0
30,91,18.4,166.61,487.58,99.92,35.94,none,0
30,92,18.4,168.17,443.01,106.04,40.5,none,0
30,93,18.4,170.33,433.47,104.88,47.01,none,0
30,94,18.4,175.53,448.42,96.8,41.98,none,0
30,95,18.4,172.72,437.11,99.67,39.12,none,0
30,96,18.4,168.8,411.43,99.86,35.88,none,0
30,97,18.4,166.56,478.51,99.96,52.11,none,0
30,98,18.4,172.29,425.02,98.16,36.72,none,0
30,99,18.4,170.07,457.48,96.56,35.7,none,0
30,100,18.4,172.12,446.0,100.23,48.12,none,0
30,101,18.4,164.76,478.72,99.87,44.67,none,0
30,102,18.4,183.75,459.7,93.36,52.11,none,0
30,103,18.4,166.11,416.77,96.86,41.96,none,0
30,104,18.4,168.76,441.1,96.35,40.6,none,0
30,105,18.4,164.46,456.66,104.71,42.28,none,0
30,106,18.4,173.93,458.51,95.72,30.13,none,0
30,107,18.4,161.13,414.39,97.78,25.01,none,0
30,108,18.4,167.93,462.7,97.16,46.06,none,0
30,109,18.4,168.9,459.53,94.44,35.64,none,0
30,110,18.4,160.54,430.45,100.77,32.29,none,0
30,111,18.4,165.64,475.73,98.75,36.36,none,0
30,112,18.4,163.02,461.77,96.17,34.19,none,0
30,113,18.4,165.39,449.74,100.29,49.09,none,0
30,114,18.4,169.59,477.0,101.22,41.45,none,0
30,115,18.4,163.28,468.08,97.92,38.34,none,0
30,116,18.4,184.29,427.7,97.6,47.08,none,0
30,117,18.4,173.02,464.11,102.89,36.85,none,0
30,118,18.4,182.07,459.69,102.02,41.0,none,0
30,119,18.4,170.45,430.28,99.7,60.32,none,0
31,0,14.9,172.65,444.05,103.89,35.36,none,0
31,1,14.9,165.74,469.23,102.21,31.51,none,0
31,2,14.9,171.34,491.22,98.75,57.04,none,0
31,3,14.9,168.89,432.28,102.07,44.93,none,0
31,4,14.9,176.72,424.48,100.41,36.19,none,0
31,5,14.9,179.32,446.6,98.87,48.72,none,0
31,6,14.9,172.05,456.98,100.06,44.38,none,0
31,7,14.9,162.04,413.01,97.18,35.65,none,0
31,8,14.9,168.86,458.66,100.26,33.18,none,0
31,9,14.9,167.75,465.62,97.7,26.13,none,0
31,10,14.9,170.66,436.32,101.08,43.25,none,0
31,11,14.9,171.69,453.98,104.08,53.14,none,0
31,12,14.9,164.12,429.63,109.19,51.77,none,0
31,13,14.9,167.04,411.06,100.89,41.72,none,0
31,14,14.9,174.5,439.98,95.63,38.99,none,0
31,15,14.9,166.72,408.54,103.17,46.19,none,0
31,16,14.9,170.5,452.49,93.83,43.63,none,0
31,17,14.9,165.3,434.56,103.23,41.62,none,0
31,18,14.9,173.25,493.74,100.91,57.67,none,0
31,19,14.9,168.35,470.93,96.5,48.25,none,0
31,20,14.9,175.9,454.12,94.88,43.88,none,0
31,21,14.9,170.53,442.09,103.42,38.51,none,0
31,22,14.9,167.67,446.92,96.57,39.41,none,0
31,23,14.9,176.06,438.81,103.18,35.41,none,0
31,24,14.9,175.3,450.67,104.04,38.02,none,0
31,25,14.9,177.03,433.87,97.8,38.98,none,0
31,26,14.9,167.45,465.56,99.09,37.14,none,0
31,27,14.9,171.18,485.44,99.98,34.73,none,0
31,28,14.9,172.49,418.02,99.47,38.74,none,0
31,29,14.9,167.3,488.35,97.96,50.37,none,0
31,30,14.9,178.13,443.9,98.47,45.68,none,0
31,31,14.9,167.65,477.21,102.78,41.61,none,0
31,32,14.9,169.32,451.19,97.18,33.93,none,0
31,33,14.9,168.97,440.74,100.79,24.73,none,0
31,34,14.9,162.87,472.23,100.84,36.92,none,0
31,35,14.9,172.68,426.0,93.76,41.58,none,0
31,36,14.9,172.0,448.34,98.73,45.21,none,0
31,37,14.9,168.37,413.16,99.15,35.15,none,0
31,38,14.9,170.67,424.61,99.86,36.36,none,0
31,39,14.9,176.19,438.27,105.23,48.68,none,0
31,40,14.9,167.1,440.93,100.08,37.79,none,0
31,41,14.9,169.53,449.09,98.82,43.45,none,0
31,42,14.9,170.67,440.04,103.76,30.35,none,0
31,43,14.9,164.48,457.31,96.98,42.17,none,0
31,44,14.9,171.21,448.51,98.23,32.97,none,0
31,45,14.9,173.5,445.42,102.9,41.66,none,0
31,46,14.9,170.53,463.13,100.44,46.62,none,0
31,47,14.9,176.91,462.46,98.01,42.15,none,0
31,48,14.9,169.21,457.73,107.04,46.03,none,0
31,49,14.9,167.76,451.48,101.44,48.82,none,0
31,50,14.9,176.75,466.61,102.57,30.5,none,0
31,51,14.9,164.98,445.98,103.08,35.27,none,0
31,52,14.9,173.01,454.71,101.58,33.58,none,0
31,53,14.9,177.11,462.42,99.3,31.08,none,0
31,54,14.9,163.17,429.12,100.81,36.22,none,0
31,55,14.9,170.99,479.26,100.19,38.31,none,0
31,56,14.9,161.7,465.77,97.29,40.59,none,0
31,57,14.9,170.96,423.18,99.3,39.71,none,0
31,58,14.9,173.04,491.5,98.2,39.46,none,0
31,59,14.9,183.85,447.64,98.52,39.66,none,0
31,60,14.9,170.18,461.75,101.11,30.25,none,0
31,61,14.9,174.9,453.59,97.7,41.7,none,0
31,62,14.9,165.5,452.05,100.21,42.43,none,0
31,63,14.9,164.6,453.47,101.79,42.66,none,0
31,64,14.9,178.38,442.16,105.79,44.87,none,0
31,65,14.9,166.62,474.67,100.18,27.0,none,0
31,66,14.9,168.01,441.55,99.43,36.11,none,0
31,67,14.9,158.11,465.98,96.73,26.03,none,0
31,68,14.9,171.08,473.56,100.38,33.73,none,0
31,69,14.9,173.68,440.09,97.89,45.73,none,0
31,70,14.9,178.23,442.39,102.16,46.76,none,0
31,71,14.9,173.01,487.01,96.85,54.53,none,0
31,72,14.9,179.86,446.78,99.35,50.66,none,0
31,73,14.9,169.93,466.96,96.01,34.03,none,0
31,74,14.9,168.15,471.81,99.81,39.8,none,0
31,75,14.9,168.26,419.96,102.65,53.46,none,0
31,76,14.9,173.34,470.52,98.22,31.51,none,0
31,77,14.9,171.39,449.85,97.68,33.82,none,0
31,78,14.9,175.05,446.34,98.44,27.02,none,0
31,79,14.9,168.97,440.54,96.23,41.87,none,0
31,80,14.9,164.79,475.34,102.85,23.87,none,0
31,81,14.9,170.48,447.2,101.77,30.2,none,0
31,82,14.9,174.04,444.18,99.96,44.55,none,0
31,83,14.9,168.56,466.79,101.78,32.6,none,0
31,84,14.9,172.2,451.3,100.5,36.77,none,0
31,85,14.9,164.83,467.11,97.7,43.49,none,0
31,86,14.9,165.72,436.76,102.27,42.84,none,0
31,87,14.9,169.05,437.02,99.18,51.96,none,0
31,88,14.9,174.54,425.16,99.56,34.97,none,0
31,89,14.9,167.79,444.16,99.26,43.34,none,0
31,90,14.9,173.04,453.07,102.3,48.57,none,0
31,91,14.9,175.49,461.35,100.9,40.54,none,0
31,92,14.9,166.93,439.16,92.68,29.7,none,0
31,93,14.9,161.31,452.55,100.48,49.82,none,0
31,94,14.9,174.44,455.36,100.23,36.28,none,0
31,95,14.9,172.17,437.16,100.69,36.41,none,0
31,96,14.9,166.75,441.65,96.79,42.81,none,0
31,97,14.9,166.05,472.28,94.2,35.23,none,0
31,98,14.9,164.95,424.67,98.11,41.86,none,0
31,99,14.9,171.65,425.45,104.76,53.38,none,0
31,100,14.9,173.7,452.89,100.65,42.54,none,0
31,101,14.9,170.56,441.16,100.05,38.08,none,0
31,102,14.9,170.35,394.47,106.4,56.01,none,0
31,103,14.9,165.93,424.36,104.76,55.14,none,0
31,104,14.9,164.85,437.49,97.03,44.49,none,0
31,105,14.9,164.2,451.53,98.84,52.82,none,0
31,106,14.9,168.3,455.97,100.13,47.82,none,0
31,107,14.9,169.62,467.2,101.51,36.51,none,0
31,108,14.9,165.66,436.55,101.55,43.36,none,0
31,109,14.9,177.74,461.24,99.13,42.2,none,0
31,110,14.9,169.43,437.86,98.74,34.89,none,0
31,111,14.9,164.88,479.2,98.76,48.13,none,0
31,112,14.9,167.7,446.53,100.3,38.21,none,0
31,113,14.9,172.28,483.49,99.06,45.59,none,0
31,114,14.9,161.29,415.65,102.38,32.99,none,0
31,115,14.9,174.25,446.23,100.57,45.86,none,0
31,116,14.9,174.52,390.19,102.46,33.11,none,0
31,117,14.9,178.9,455.83,98.03,48.68,none,0
31,118,14.9,169.31,430.54,103.93,42.76,none,0
31,119,14.9,172.1,444.49,101.77,23.02,none,0
32,0,12.9,155.64,436.72,102.92,45.6,none,0
32,1,12.9,176.26,468.56,94.29,50.63,none,0
32,2,12.9,165.21,461.66,105.1,37.99,none,0
32,3,12.9,160.7,447.98,96.6,47.46,none,0
32,4,12.9,175.1,464.28,99.68,38.26,none,0
32,5,12.9,164.38,461.15,102.12,53.57,none,0
32,6,12.9,175.3,449.97,100.92,54.71,none,0
32,7,12.9,176.57,462.15,99.8,45.13,none,0
32,8,12.9,169.32,452.56,99.65,42.5,none,0
32,9,12.9,169.9,464.14,105.75,32.63,none,0
32,10,12.9,181.66,446.5,101.91,45.69,none,0
32,11,12.9,162.25,450.35,98.34,33.74,none,0
32,12,12.9,170.11,452.7,101.45,38.26,none,0
32,13,12.9,182.43,439.46,103.94,49.71,none,0
32,14,12.9,172.02,447.14,103.78,43.73,none,0
32,15,12.9,171.12,440.01,98.12,46.64,none,0
32,16,12.9,168.27,475.63,96.21,34.07,none,0
32,17,12.9,165.26,402.9,94.89,49.59,none,0
32,18,12.9,178.59,441.25,100.83,39.34,none,0
32,19,12.9,170.05,452.08,100.27,43.02,none,0
32,20,12.9,175.46,432.26,102.56,41.56,none,0
32,21,12.9,175.21,439.91,100.3,41.48,none,0
32,22,12.9,172.26,423.22,102.11,24.68,none,0
32,23,12.9,169.54,466.41,94.08,46.04,none,0
32,24,12.9,169.61,439.42,94.89,41.28,none,0
32,25,12.9,181.84,461.38,103.64,35.14,none,0
32,26,12.9,175.67,464.92,100.15,46.01,none,0
32,27,12.9,169.21,446.47,100.98,41.0,none,0
32,28,12.9,170.75,422.65,101.28,35.83,none,0
32,29,12.9,169.24,427.64,95.17,43.76,none,0
32,30,12.9,169.45,456.52,101.97,38.6,none,0
32,31,12.9,173.27,445.03,97.41,33.28,none,0
32,32,12.9,173.36,466.07,100.63,49.08,none,0
32,33,12.9,142.77,333.05,106.58,66.82,comp4,1
32,34,12.9,169.48,459.93,95.14,25.48,none,0
32,35,12.9,169.71,472.9,96.58,39.56,none,0
32,36,12.9,173.06,500.17,97.04,42.94,none,0
32,37,12.9,174.92,452.89,100.39,42.48,none,0
32,38,12.9,176.15,459.43,98.78,43.56,none,0
32,39,12.9,167.33,454.33,100.88,29.54,none,0
32,40,12.9,169.6,436.28,99.18,47.23,none,0
32,41,12.9,164.97,467.23,97.42,41.27,none,0
32,42,12.9,168.22,429.03,103.02,44.65,none,0
32,43,12.9,171.8,423.24,104.34,44.39,none,0
32,44,12.9,169.64,447.23,101.52,40.84,none,0
32,45,12.9,162.76,453.11,99.89,37.55,none,0
32,46,12.9,167.56,481.43,97.13,36.17,none,0
32,47,12.9,171.44,464.14,99.64,43.65,none,0
32,48,12.9,164.83,436.09,93.95,39.6,none,0
32,49,12.9,166.79,445.81,99.44,38.2,none,0
32,50,12.9,161.12,470.26,103.68,42.07,none,0
32,51,12.9,176.12,443.03,104.35,35.49,none,0
32,52,12.9,165.86,428.4,101.19,56.44,none,0
32,53,12.9,173.25,464.13,98.37,46.87,none,0
32,54,12.9,161.43,443.66,97.25,52.17,none,0
32,55,12.9,172.99,440.34,97.99,43.62,none,0
32,56,12.9,176.97,436.05,101.65,25.49,none,0
32,57,12.9,180.61,458.76,94.49,47.33,none,0
32,58,12.9,170.51,426.76,98.91,37.43,none,0
32,59,12.9,171.58,454.55,100.26,36.61,none,0
32,60,12.9,175.72,434.19,99.35,32.73,none,0
32,61,12.9,170.97,460.04,102.3,28.01,none,0
32,62,12.9,175.03,463.45,102.03,32.16,none,0
32,63,12.9,172.19,436.68,100.7,32.77,none,0
32,64,12.9,168.0,446.02,96.33,55.22,none,0
32,65,12.9,169.55,465.06,102.08,48.1,none,0
32,66,12.9,164.25,465.47,99.2,25.17,none,0
32,67,12.9,165.2,429.45,103.42,33.65,none,0
32,68,12.9,164.88,454.98,102.63,31.82,none,0
32,69,12.9,167.82,448.04,101.95,34.17,none,0
32,70,12.9,169.95,464.74,100.26,43.14,none,0
32,71,12.9,164.86,453.14,99.53,33.02,none,0
32,72,12.9,163.8,438.27,96.42,30.52,none,0
32,73,12.9,181.55,442.21,97.8,29.72,none,0
32,74,12.9,174.98,439.53,96.89,45.05,none,0
32,75,12.9,166.84,433.06,100.94,29.91,none,0
32,76,12.9,170.17,468.21,100.07,47.27,none,0
32,77,12.9,159.73,450.17,102.13,35.36,none,0
32,78,12.9,172.59,438.96,95.7,50.72,none,0
32,79,12.9,169.39,453.03,101.93,49.56,none,0
32,80,12.9,170.01,432.19,101.94,40.26,none,0
32,81,12.9,165.84,448.93,96.53,34.01,none,0
32,82,12.9,170.15,413.99,104.16,33.88,none,0
32,83,12.9,165.0,456.68,96.98,32.96,none,0
32,84,12.9,168.45,455.57,100.87,45.67,none,0
32,85,12.9,163.04,418.16,96.83,47.79,none,0
32,86,12.9,173.77,434.29,98.27,29.18,none,0
32,87,12.9,181.6,471.75,98.5,35.32,none,0
32,88,12.9,168.69,458.09,106.61,51.09,none,0
32,89,12.9,161.69,451.12,98.46,42.02,none,0
32,90,12.9,161.17,444.32,103.78,45.83,none,0
32,91,12.9,164.17,448.73,100.58,47.57,none,0
32,92,12.9,172.33,451.5,99.47,23.65,none,0
32,93,12.9,172.84,439.55,102.7,39.87,none,0
32,94,12.9,172.04,429.44,102.83,37.67,none,0
32,95,12.9,179.09,461.16,104.83,40.63,none,0
32,96,12.9,169.23,447.1,98.39,52.7,none,0
32,97,12.9,165.15,426.98,103.47,37.15,none,0
32,98,12.9,169.58,422.99,102.5,44.81,none,0
32,99,12.9,168.01,462.15,98.08,40.72,none,0
32,100,12.9,175.66,429.25,93.2,39.8,none,0
32,101,12.9,172.29,476.21,96.96,43.05,none,0
32,102,12.9,165.28,478.88,101.34,37.49,none,0
32,103,12.9,168.05,460.45,102.05,39.58,none,0
32,104,12.9,166.78,426.55,99.89,42.2,none,0
32,105,12.9,177.89,461.6,99.23,42.96,none,0
32,106,12.9,182.62,430.77,97.1,41.51,none,0
32,107,12.9,180.36,447.76,101.06,25.48,none,0
32,108,12.9,168.28,452.99,96.52,40.15,none,0
32,109,12.9,172.07,452.76,96.08,32.56,none,0
32,110,12.9,170.14,415.69,103.03,40.67,none,0
32,111,12.9,166.42,430.06,98.23,53.37,none,0
32,112,12.9,173.62,448.89,103.07,49.45,none,0
32,113,12.9,168.87,407.36,99.13,39.22,none,0
32,114,12.9,161.89,474.34,97.53,62.95,none,0
32,115,12.9,169.48,435.03,103.11,46.45,none,0
32,116,12.9,172.8,510.64,102.03,47.76,none,0
32,117,12.9,163.04,442.2,97.75,30.35,none,0
32,118,12.9,182.81,423.88,97.48,41.36,none,0
32,119,12.9,176.45,444.35,100.66,32.41,none,0
33,0,17.5,171.76,445.31,99.17,24.73,none,0
33,1,17.5,169.45,470.92,100.39,25.8,none,0
33,2,17.5,161.35,466.75,98.3,31.9,none,0
33,3,17.5,167.97,430.27,101.67,44.0,none,0
33,4,17.5,176.64,458.77,96.66,50.47,none,0
33,5,17.5,165.17,434.88,101.29,34.1,none,0
33,6,17.5,171.22,452.13,100.25,37.4,none,0
33,7,17.5,178.15,482.49,102.58,39.02,none,0
33,8,17.5,174.89,436.18,99.12,45.54,none,0
33,9,17.5,175.52,453.13,101.32,19.59,none,0
33,10,17.5,168.01,428.0,94.39,36.34,none,0
33,11,17.5,162.56,455.29,102.36,46.79,none,0
33,12,17.5,170.16,452.35,99.05,38.41,none,0
33,13,17.5,163.79,458.76,99.28,40.68,none,0
33,14,17.5,167.22,397.64,103.24,39.2,none,0
33,15,17.5,166.68,451.46,92.49,40.74,none,0
33,16,17.5,172.67,421.01,99.22,29.11,none,0
33,17,17.5,166.92,440.17,98.25,51.75,none,0
33,18,17.5,175.44,471.02,97.25,40.0,none,0
33,19,17.5,171.51,469.57,103.67,42.22,none,0
33,20,17.5,168.58,503.41,100.23,35.77,none,0
33,21,17.5,169.95,464.1,97.07,39.97,none,0
33,22,17.5,174.1,482.47,97.09,39.75,none,0
33,23,17.5,174.33,490.94,103.14,41.99,none,0
33,24,17.5,158.09,397.0,98.12,45.98,none,0
33,25,17.5,161.07,426.98,99.65,50.55,none,0
33,26,17.5,166.34,487.79,98.33,32.8,none,0
33,27,17.5,170.26,474.77,99.76,41.59,none,0
33,28,17.5,170.39,437.36,95.7,48.48,none,0
33,29,17.5,163.4,455.59,100.13,42.61,none,0
33,30,17.5,169.2,466.07,91.07,40.84,none,0
33,31,17.5,174.85,455.4,104.28,8.73,none,0
33,32,17.5,167.82,461.9,102.28,53.92,none,0
33,33,17.5,170.46,454.78,96.22,43.99,none,0
33,34,17.5,167.2,495.45,102.24,37.63,none,0
33,35,17.5,168.69,458.97,96.99,37.67,none,0
33,36,17.5,176.94,444.89,95.29,33.43,none,0
33,37,17.5,166.13,432.67,97.7,40.34,none,0
33,38,17.5,178.74,452.52,102.17,49.43,none,0
33,39,17.5,174.24,443.29,108.32,45.31,none,0
33,40,17.5,173.16,449.27,100.99,52.01,none,0
33,41,17.5,171.64,462.14,98.97,47.08,none,0
33,42,17.5,171.35,461.97,101.33,23.6,none,0
33,43,17.5,169.79,428.83,101.07,37.28,none,0
33,44,17.5,166.63,441.41,98.91,58.98,none,0
33,45,17.5,166.73,508.97,101.01,31.33,none,0
33,46,17.5,169.66,476.08,100.64,30.16,none,0
33,47,17.5,177.46,444.83,102.69,38.16,none,0
33,48,17.5,168.4,442.05,99.44,35.94,none,0
33,49,17.5,170.79,469.14,101.39,31.49,none,0
33,50,17.5,168.73,459.12,101.17,35.51,none,0
33,51,17.5,168.91,448.05,101.71,50.87,none,0
33,52,17.5,168.32,439.11,99.52,41.01,none,0
33,53,17.5,163.87,470.82,103.94,34.8,none,0
33,54,17.5,166.43,462.35,104.19,36.03,none,0
33,55,17.5,168.11,446.21,107.71,41.2,none,0
33,56,17.5,169.63,493.46,99.95,54.72,none,0
33,57,17.5,167.56,434.32,100.38,43.66,none,0
33,58,17.5,167.57,456.21,96.72,30.17,none,0
33,59,17.5,166.93,429.4,104.77,33.36,none,0
33,60,17.5,147.73,350.85,122.19,62.0,comp2,1
33,61,17.5,179.85,467.56,95.05,46.73,none,0
33,62,17.5,163.14,460.14,98.14,36.89,none,0
33,63,17.5,169.09,463.12,99.01,61.86,none,0
33,64,17.5,171.68,443.91,94.66,41.72,none,0
33,65,17.5,174.22,464.02,97.34,19.92,none,0
33,66,17.5,173.03,472.81,102.07,33.72,none,0
33,67,17.5,172.85,455.32,101.0,51.19,none,0
33,68,17.5,179.02,462.54,98.75,36.76,none,0
33,69,17.5,163.73,439.06,101.1,41.44,none,0
33,70,17.5,167.79,429.34,96.05,34.9,none,0
33,71,17.5,169.66,425.49,101.85,48.69,none,0
33,72,17.5,166.19,458.88,98.07,37.07,none,0
33,73,17.5,171.37,467.08,101.05,33.18,none,0
33,74,17.5,173.64,442.57,91.14,48.64,none,0
33,75,17.5,169.86,475.35,104.16,44.32,none,0
33,76,17.5,180.12,454.5,104.19,45.75,none,0
33,77,17.5,166.34,457.71,96.05,44.48,none,0
33,78,17.5,178.16,446.17,101.44,46.84,none,0
33,79,17.5,172.24,445.17,100.3,38.98,none,0
33,80,17.5,167.11,467.36,97.3,49.8,none,0
33,81,17.5,171.44,445.22,109.43,47.34,none,0
33,82,17.5,170.06,450.1,98.6,44.35,none,0
33,83,17.5,169.75,434.19,96.39,50.45,none,0
33,84,17.5,162.55,426.87,95.23,43.35,none,0
33,85,17.5,172.86,462.83,98.34,39.53,none,0
33,86,17.5,170.3,456.86,104.25,39.08,none,0
33,87,17.5,168.92,454.13,103.9,34.49,none,0
33,88,17.5,158.95,472.01,106.3,39.65,none,0
33,89,17.5,157.2,408.44,99.89,32.57,none,0
33,90,17.5,169.0,467.96,100.04,33.37,none,0
33,91,17.5,161.93,439.77,100.98,38.33,none,0
33,92,17.5,170.6,424.28,102.15,38.43,none,0
33,93,17.5,178.31,444.11,97.3,37.58,none,0
33,94,17.5,171.55,461.44,99.34,41.39,none,0
33,95,17.5,180.14,443.49,105.0,49.28,none,0
33,96,17.5,169.48,446.92,102.77,50.38,none,0
33,97,17.5,177.38,449.46,106.23,39.13,none,0
33,98,17.5,175.31,458.53,95.18,31.88,none,0
33,99,17.5,169.23,453.54,102.84,43.35,none,0
33,100,17.5,169.14,431.54,99.92,43.76,none,0
33,101,17.5,164.35,451.02,99.07,48.21,none,0
33,102,17.5,170.91,443.31,95.61,22.31,none,0
33,103,17.5,171.15,468.05,101.79,42.39,none,0
33,104,17.5,163.23,421.65,96.8,39.72,none,0
33,105,17.5,177.18,443.86,98.53,31.67,none,0
33,106,17.5,164.94,456.91,104.02,44.99,none,0
33,107,17.5,169.43,444.13,99.19,39.39,none,0
33,108,17.5,168.25,446.99,99.11,47.73,none,0
33,109,17.5,175.69,477.67,100.92,39.37,none,0
33,110,17.5,163.93,479.82,98.8,39.61,none,0
33,111,17.5,175.15,418.06,93.96,39.4,none,0
33,112,17.5,174.19,459.57,100.27,42.4,none,0
33,113,17.5,165.86,469.58,108.87,41.44,none,0
33,114,17.5,164.87,463.3,102.12,31.49,none,0
33,115,17.5,169.79,463.48,105.23,48.65,none,0
33,116,17.5,172.6,428.05,102.01,37.09,none,0
33,117,17.5,171.88,436.19,99.73,47.94,none,0
33,118,17.5,171.01,460.93,97.2,47.37,none,0
33,119,17.5,181.09,444.76,99.41,41.9,none,0
34,0,10.0,169.78,457.3,102.38,58.15,none,0
34,1,10.0,171.05,462.96,103.1,38.72,none,0
34,2,10.0,154.93,426.04,98.52,26.31,none,0
34,3,10.0,170.74,443.92,104.35,45.91,none,0
34,4,10.0,173.96,445.61,102.02,45.74,none,0
34,5,10.0,173.37,468.64,98.62,54.7,none,0
34,6,10.0,167.1,405.89,101.97,44.34,none,0
34,7,10.0,180.72,461.86,99.26,41.99,none,0
34,8,10.0,166.48,465.34,98.78,25.41,none,0
34,9,10.0,179.47,481.08,101.59,54.49,none,0
34,10,10.0,175.46,449.48,102.57,42.86,none,0
34,11,10.0,167.49,435.87,100.95,46.75,none,0
34,12,10.0,168.7,451.34,103.15,34.2,none,0
34,13,10.0,171.56,418.87,99.54,25.29,none,0
34,14,10.0,173.42,428.74,96.76,36.35,none,0
34,15,10.0,168.94,439.59,96.58,39.92,none,0
34,16,10.0,174.32,428.06,100.59,31.68,none,0
34,17,10.0,172.01,494.33,100.56,34.77,none,0
34,18,10.0,169.74,436.87,99.75,30.41,none,0
34,19,10.0,172.49,459.43,101.75,44.58,none,0
34,20,10.0,171.63,470.05,98.16,36.22,none,0
34,21,10.0,174.58,417.95,102.29,37.13,none,0
34,22,10.0,166.42,429.77,105.01,33.99,none,0
34,23,10.0,174.98,457.77,101.07,28.68,none,0
34,24,10.0,169.6,426.67,95.82,41.25,none,0
34,25,10.0,172.43,391.74,101.19,28.57,none,0
34,26,10.0,163.26,459.09,96.77,48.24,none,0
34,27,10.0,177.16,449.49,103.58,46.73,none,0
34,28,10.0,172.2,467.67,96.14,41.37,none,0
34,29,10.0,170.42,424.4,98.65,36.15,none,0
34,30,10.0,175.89,461.41,103.03,36.88,none,0
34,31,10.0,165.58,473.36,95.29,44.47,none,0
34,32,10.0,168.53,426.27,95.94,40.6,none,0
34,33,10.0,171.15,412.99,103.09,38.53,none,0
34,34,10.0,170.78,450.55,101.91,49.94,none,0
34,35,10.0,163.47,440.61,100.82,46.24,none,0
34,36,10.0,170.99,472.62,100.0,36.19,none,0
34,37,10.0,163.35,441.33,99.8,44.65,none,0
34,38,10.0,170.05,464.62,103.98,34.0,none,0
34,39,10.0,171.87,476.21,97.33,34.09,none,0
34,40,10.0,175.09,457.42,99.93,40.47,none,0
34,41,10.0,180.48,421.02,93.68,45.23,none,0
34,42,10.0,175.04,448.14,103.97,48.32,none,0
34,43,10.0,162.56,444.25,105.08,40.34,none,0
34,44,10.0,179.45,447.98,96.44,28.09,none,0
34,45,10.0,167.7,429.58,102.77,40.81,none,0
34,46,10.0,171.73,454.43,99.61,38.39,none,0
34,47,10.0,167.0,449.82,102.68,42.89,none,0
34,48,10.0,170.48,439.58,103.08,34.11,none,0
34,49,10.0,177.11,455.41,100.37,49.09,none,0
34,50,10.0,171.41,430.26,95.27,38.37,none,0
34,51,10.0,167.85,446.88,99.0,42.3,none,0
34,52,10.0,171.61,427.5,102.79,46.99,none,0
34,53,10.0,177.88,438.76,98.41,42.54,none,0
34,54,10.0,172.1,419.71,101.35,32.63,none,0
34,55,10.0,175.99,436.86,97.79,41.21,none,0
34,56,10.0,165.02,448.08,103.43,44.32,none,0
34,57,10.0,167.08,469.54,102.94,50.16,none,0
34,58,10.0,165.89,431.55,95.55,44.25,none,0
34,59,10.0,172.91,435.48,102.02,36.47,none,0
34,60,10.0,175.26,449.37,99.55,35.6,none,0
34,61,10.0,171.84,446.68,101.52,44.87,none,0
34,62,10.0,172.72,457.32,96.85,41.26,none,0
34,63,10.0,168.03,449.94,102.84,42.35,none,0
34,64,10.0,169.29,421.0,100.96,42.09,none,0
34,65,10.0,165.31,439.55,98.88,28.55,none,0
34,66,10.0,176.04,461.56,97.19,45.88,none,0
34,67,10.0,155.61,439.86,103.13,37.67,none,0
34,68,10.0,165.97,424.02,104.4,48.08,none,0
34,69,10.0,170.85,460.3,107.15,31.22,none,0
34,70,10.0,160.05,429.77,101.29,35.09,none,0
34,71,10.0,176.1,422.47,98.9,39.37,none,0
34,72,10.0,171.54,451.53,102.32,39.1,none,0
34,73,10.0,172.63,410.26,100.9,40.2,none,0
34,74,10.0,172.26,474.82,99.5,49.61,none,0
34,75,10.0,170.91,450.32,106.93,34.87,none,0
34,76,10.0,168.56,438.47,101.03,40.76,none,0
34,77,10.0,168.41,456.53,100.42,43.11,none,0
34,78,10.0,166.26,427.99,102.55,38.69,none,0
34,79,10.0,170.88,467.39,105.75,28.59,none,0
34,80,10.0,181.24,438.32,102.59,49.68,none,0
34,81,10.0,170.05,453.65,98.83,38.41,none,0
34,82,10.0,175.87,468.75,97.6,43.38,none,0
34,83,10.0,169.46,435.71,100.24,38.19,none,0
34,84,10.0,171.64,495.16,98.08,31.25,none,0
34,85,10.0,168.76,432.87,102.52,36.8,none,0
34,86,10.0,173.93,440.26,98.68,43.49,none,0
34,87,10.0,169.84,466.66,101.17,39.89,none,0
34,88,10.0,175.17,461.41,99.69,30.51,none,0
34,89,10.0,173.96,430.23,99.72,34.66,none,0
34,90,10.0,167.16,461.69,97.91,33.22,none,0
34,91,10.0,175.22,461.32,104.86,47.8,none,0
34,92,10.0,173.96,434.79,97.94,51.71,none,0
34,93,10.0,172.45,467.1,99.76,34.4,none,0
34,94,10.0,166.37,447.34,101.74,46.34,none,0
34,95,10.0,171.88,435.5,98.33,47.65,none,0
34,96,10.0,172.11,490.72,103.9,42.85,none,0
34,97,10.0,172.22,444.58,104.6,36.28,none,0
34,98,10.0,159.88,427.62,96.13,37.16,none,0
34,99,10.0,177.38,469.04,99.64,43.51,none,0
34,100,10.0,168.8,430.07,98.43,35.62,none,0
34,101,10.0,164.91,438.55,105.42,47.26,none,0
34,102,10.0,162.71,434.04,99.16,37.67,none,0
34,103,10.0,176.69,475.63,95.52,24.29,none,0
34,104,10.0,173.18,433.24,101.11,39.77,none,0
34,105,10.0,173.28,433.33,97.76,54.94,none,0
34,106,10.0,171.08,456.35,102.44,43.38,none,0
34,107,10.0,173.03,435.45,98.02,32.74,none,0
34,108,10.0,172.51,449.32,96.42,45.95,none,0
34,109,10.0,173.84,429.55,100.04,26.93,none,0
34,110,10.0,162.07,448.27,99.26,36.37,none,0
34,111,10.0,180.71,447.98,100.65,32.8,none,0
34,112,10.0,168.32,437.37,103.49,44.39,none,0
34,113,10.0,166.96,448.0,99.94,49.31,none,0
34,114,10.0,166.92,426.3,101.51,54.13,none,0
34,115,10.0,171.86,457.21,101.91,37.86,none,0
34,116,10.0,179.22,450.01,90.98,43.51,none,0
34,117,10.0,161.86,426.85,98.39,30.26,none,0
34,118,10.0,168.95,454.44,99.32,32.08,none,0
34,119,10.0,178.27,459.29,99.16,27.59,none,0
35,0,18.9,165.07,444.75,101.09,48.79,none,0
35,1,18.9,177.64,446.87,101.67,39.28,none,0
35,2,18.9,172.51,417.08,105.3,50.49,none,0
35,3,18.9,176.21,467.69,100.8,55.12,none,0
35,4,18.9,173.82,451.34,97.3,41.34,none,0
35,5,18.9,168.42,438.61,95.51,42.16,none,0
35,6,18.9,169.64,462.0,105.37,55.96,none,0
35,7,18.9,168.41,454.48,96.65,39.07,none,0
35,8,18.9,166.41,439.35,103.98,32.0,none,0
35,9,18.9,169.68,446.83,99.85,34.34,none,0
35,10,18.9,168.62,441.02,99.4,48.08,none,0
35,11,18.9,162.52,449.13,95.44,36.6,none,0
35,12,18.9,172.63,458.96,101.18,47.42,none,0
35,13,18.9,169.21,443.49,92.11,32.0,none,0
35,14,18.9,168.2,466.0,103.04,47.86,none,0
35,15,18.9,165.6,418.81,98.83,47.81,none,0
35,16,18.9,174.9,439.46,102.09,36.61,none,0
35,17,18.9,172.12,447.65,95.78,42.81,none,0
35,18,18.9,172.75,423.41,97.98,37.18,none,0
35,19,18.9,167.51,470.53,102.84,42.99,none,0
35,20,18.9,170.97,469.75,99.63,39.92,none,0
35,21,18.9,166.17,441.7,98.25,47.37,none,0
35,22,18.9,172.57,441.52,97.61,32.33,none,0
35,23,18.9,165.98,467.66,98.52,50.46,none,0
35,24,18.9,176.15,437.76,99.69,45.69,none,0
35,25,18.9,179.0,446.28,98.61,36.11,none,0
35,26,18.9,174.76,451.49,100.17,42.84,none,0
35,27,18.9,174.62,460.71,104.89,41.0,none,0
35,28,18.9,167.7,432.28,98.02,33.61,none,0
35,29,18.9,164.51,419.36,100.71,31.78,none,0
35,30,18.9,178.4,453.54,98.07,32.13,none,0
35,31,18.9,168.18,433.95,102.02,39.69,none,0
35,32,18.9,174.33,446.81,106.25,39.34,none,0
35,33,18.9,171.29,449.6,98.02,34.51,none,0
35,34,18.9,164.29,444.25,102.34,35.32,none,0
35,35,18.9,174.8,460.9,94.22,43.0,none,0
35,36,18.9,172.91,407.66,97.46,29.08,none,0
35,37,18.9,166.99,435.16,100.46,51.68,none,0
35,38,18.9,161.08,418.24,94.42,36.2,none,0
35,39,18.9,189.23,447.05,95.53,37.4,none,0
35,40,18.9,169.94,449.73,99.99,44.95,none,0
35,41,18.9,169.13,433.07,103.07,36.13,none,0
35,42,18.9,169.77,487.27,101.06,16.55,none,0
35,43,18.9,165.36,457.05,100.94,39.4,none,0
35,44,18.9,173.57,424.23,100.34,35.99,none,0
35,45,18.9,170.39,457.64,100.48,48.3,none,0
35,46,18.9,179.45,466.47,97.54,44.89,none,0
35,47,18.9,169.82,450.56,97.18,39.08,none,0
35,48,18.9,163.48,435.11,101.33,52.49,none,0
35,49,18.9,167.4,453.08,99.78,42.57,none,0
35,50,18.9,179.92,482.76,95.82,44.52,none,0
35,51,18.9,172.3,422.18,100.73,43.01,none,0
35,52,18.9,174.43,429.65,97.17,29.31,none,0
35,53,18.9,167.57,476.86,106.86,34.01,none,0
35,54,18.9,166.77,427.09,93.7,35.61,none,0
35,55,18.9,171.99,465.58,97.78,35.32,none,0
35,56,18.9,172.91,448.58,98.91,35.81,none,0
35,57,18.9,169.8,434.74,96.87,57.12,none,0
35,58,18.9,162.13,466.68,103.78,33.99,none,0
35,59,18.9,174.34,454.6,98.41,43.34,none,0
35,60,18.9,165.5,452.02,94.21,49.42,none,0
35,61,18.9,168.11,468.0,98.74,41.92,none,0
35,62,18.9,154.22,410.48,101.49,34.09,none,0
35,63,18.9,166.76,441.06,97.95,50.71,none,0
35,64,18.9,173.99,485.22,97.86,35.28,none,0
35,65,18.9,173.57,454.4,101.32,34.81,none,0
35,66,18.9,175.67,484.32,101.0,31.7,none,0
35,67,18.9,165.81,488.62,102.78,42.19,none,0
35,68,18.9,171.46,442.29,99.92,41.61,none,0
35,69,18.9,173.26,474.88,99.89,40.81,none,0
35,70,18.9,170.77,483.28,100.85,40.76,none,0
35,71,18.9,168.39,442.67,98.16,42.98,none,0
35,72,18.9,162.34,449.53,102.45,22.53,none,0
35,73,18.9,169.64,444.73,105.2,55.69,none,0
35,74,18.9,169.92,485.46,101.59,45.56,none,0
35,75,18.9,170.59,439.03,97.7,34.17,none,0
35,76,18.9,172.31,420.83,95.47,42.63,none,0
35,77,18.9,156.95,433.0,102.7,38.47,none,0
35,78,18.9,170.61,429.48,98.43,47.35,none,0
35,79,18.9,166.28,454.88,101.65,48.78,none,0
35,80,18.9,168.75,473.92,102.36,28.8,none,0
35,81,18.9,160.94,453.62,102.11,29.67,none,0
35,82,18.9,166.98,481.81,95.92,32.95,none,0
35,83,18.9,171.1,464.14,96.95,31.75,none,0
35,84,18.9,170.46,439.42,104.62,52.97,none,0
35,85,18.9,162.83,482.62,99.64,34.97,none,0
35,86,18.9,179.94,453.82,103.15,24.21,none,0
35,87,18.9,166.39,453.85,98.04,35.69,none,0
35,88,18.9,170.0,499.33,98.23,18.98,none,0
35,89,18.9,163.24,423.89,93.44,47.32,none,0
35,90,18.9,170.07,488.36,102.28,44.42,none,0
35,91,18.9,165.53,468.13,100.47,34.5,none,0
35,92,18.9,168.02,464.78,99.14,24.55,none,0
35,93,18.9,165.07,453.25,105.69,48.95,none,0
35,94,18.9,166.44,464.65,99.34,35.5,none,0
35,95,18.9,171.83,440.21,100.24,43.76,none,0
35,96,18.9,178.23,477.72,99.82,57.34,none,0
35,97,18.9,169.42,439.84,102.74,30.94,none,0
35,98,18.9,170.04,469.0,99.71,48.12,none,0
35,99,18.9,158.12,436.36,99.23,35.65,none,0
35,100,18.9,172.14,437.32,102.32,43.36,none,0
35,101,18.9,166.93,401.89,101.49,23.59,none,0
35,102,18.9,171.47,481.5,95.44,29.85,none,0
35,103,18.9,173.22,470.8,98.05,48.49,none,0
35,104,18.9,173.95,462.58,103.5,42.68,none,0
35,105,18.9,170.93,462.83,97.82,36.74,none,0
35,106,18.9,174.31,442.45,96.53,33.19,none,0
35,107,18.9,158.78,459.9,100.64,36.17,none,0
35,108,18.9,174.44,433.38,100.0,37.24,none,0
35,109,18.9,169.49,419.08,95.65,34.67,none,0
35,110,18.9,167.14,463.29,99.99,26.44,none,0
35,111,18.9,160.77,443.03,103.31,31.24,none,0
35,112,18.9,171.51,431.76,104.52,47.66,none,0
35,113,18.9,169.27,490.11,97.37,52.1,none,0
35,114,18.9,158.27,429.83,101.88,38.51,none,0
35,115,18.9,172.47,467.36,106.1,35.18,none,0
35,116,18.9,175.57,449.23,102.34,36.49,none,0
35,117,18.9,161.07,478.42,95.33,33.86,none,0
35,118,18.9,168.63,477.32,98.18,39.62,none,0
35,119,18.9,178.27,442.12,99.22,21.13,none,0
36,0,5.0,173.17,457.35,102.25,48.01,none,0
36,1,5.0,184.93,446.06,100.13,28.2,none,0
36,2,5.0,166.42,429.63,102.51,50.93,none,0
36,3,5.0,166.21,500.25,100.22,32.37,none,0
36,4,5.0,165.84,434.62,102.51,40.38,none,0
36,5,5.0,182.38,432.3,93.31,58.56,none,0
36,6,5.0,169.22,437.65,97.86,34.49,none,0
36,7,5.0,165.05,423.18,94.91,42.23,none,0
36,8,5.0,176.24,437.23,102.14,38.75,none,0
36,9,5.0,172.19,435.17,98.92,42.05,none,0
36,10,5.0,179.3,420.79,101.86,34.27,none,0
36,11,5.0,175.01,442.73,99.32,43.71,none,0
36,12,5.0,169.61,465.44,102.4,54.31,none,0
36,13,5.0,170.08,452.36,100.6,40.44,none,0
36,14,5.0,180.13,455.82,98.63,41.7,none,0
36,15,5.0,172.26,447.23,97.23,56.65,none,0
36,16,5.0,171.95,449.28,94.28,29.77,none,0
36,17,5.0,173.42,463.01,96.26,44.91,none,0
36,18,5.0,177.47,459.02,101.58,42.64,none,0
36,19,5.0,166.13,498.27,96.77,34.87,none,0
36,20,5.0,170.1,476.27,93.46,38.64,none,0
36,21,5.0,164.07,430.83,102.18,36.31,none,0
36,22,5.0,167.14,464.95,101.54,34.16,none,0
36,23,5.0,177.8,442.3,102.61,38.82,none,0
36,24,5.0,165.27,482.21,96.39,41.39,none,0
36,25,5.0,172.55,449.13,98.03,31.43,none,0
36,26,5.0,165.95,455.06,94.0,54.68,none,0
36,27,5.0,177.71,429.66,100.36,46.53,none,0
36,28,5.0,164.56,461.46,99.47,54.62,none,0
36,29,5.0,167.24,463.36,101.93,34.1,none,0
36,30,5.0,170.71,435.84,98.44,38.43,none,0
36,31,5.0,164.24,453.81,100.61,6.77,none,0
36,32,5.0,166.57,437.34,94.26,57.48,none,0
36,33,5.0,167.81,439.95,97.05,44.85,none,0
36,34,5.0,172.3,424.64,99.63,39.29,none,0
36,35,5.0,173.01,437.11,99.05,36.76,none,0
36,36,5.0,171.63,443.84,91.33,34.71,none,0
36,37,5.0,176.35,462.76,100.46,33.58,none,0
36,38,5.0,165.27,441.72,96.78,48.27,none,0
36,39,5.0,171.96,430.26,99.82,16.66,none,0
36,40,5.0,172.59,457.67,98.09,27.32,none,0
36,41,5.0,178.87,463.6,101.46,49.75,none,0
36,42,5.0,179.24,469.16,99.25,53.12,none,0
36,43,5.0,169.4,478.64,102.62,63.51,none,0
36,44,5.0,173.19,469.14,98.3,34.04,none,0
36,45,5.0,170.15,464.65,102.83,36.4,none,0
36,46,5.0,178.02,441.38,102.56,42.68,none,0
36,47,5.0,170.1,455.22,100.76,38.45,none,0
36,48,5.0,167.23,468.54,92.4,47.05,none,0
36,49,5.0,166.95,456.65,97.18,41.5,none,0
36,50,5.0,170.22,408.43,105.95,35.62,none,0
36,51,5.0,170.43,427.19,100.18,35.49,none,0
36,52,5.0,173.5,436.4,99.06,48.92,none,0
36,53,5.0,168.57,403.67,104.79,41.7,none,0
36,54,5.0,171.17,453.06,94.26,35.24,none,0
36,55,5.0,178.65,430.49,100.18,38.2,none,0
36,56,5.0,158.09,439.16,102.43,35.09,none,0
36,57,5.0,164.97,470.69,101.51,48.12,none,0
36,58,5.0,169.98,464.98,100.71,49.63,none,0
36,59,5.0,170.12,505.71,98.53,46.64,none,0
36,60,5.0,169.45,441.56,101.56,22.71,none,0
36,61,5.0,157.17,456.48,98.72,42.06,none,0
36,62,5.0,173.43,466.3,102.75,47.19,none,0
36,63,5.0,161.28,444.08,101.02,51.88,none,0
36,64,5.0,170.36,450.29,100.91,25.09,none,0
36,65,5.0,176.59,432.06,102.99,46.53,none,0
36,66,5.0,173.26,458.91,98.49,42.58,none,0
36,67,5.0,176.2,429.89,101.36,36.39,none,0
36,68,5.0,166.54,411.08,96.83,35.27,none,0
36,69,5.0,171.04,454.9,102.34,41.92,none,0
36,70,5.0,178.39,438.24,97.72,46.81,none,0
36,71,5.0,171.52,427.31,98.76,36.84,none,0
36,72,5.0,169.09,457.82,96.55,52.57,none,0
36,73,5.0,176.56,465.24,98.29,46.57,none,0
36,74,5.0,175.95,438.07,94.58,42.43,none,0
36,75,5.0,166.75,470.54,102.49,42.23,none,0
36,76,5.0,150.81,388.33,111.63,70.29,comp1,1
36,77,5.0,171.7,457.82,98.87,48.37,none,0
36,78,5.0,168.79,464.32,94.36,48.94,none,0
36,79,5.0,169.48,455.02,102.71,39.18,none,0
36,80,5.0,164.75,437.03,101.85,38.56,none,0
36,81,5.0,177.85,444.12,102.73,39.07,none,0
36,82,5.0,168.71,436.29,103.14,38.19,none,0
36,83,5.0,172.54,432.08,94.86,39.29,none,0
36,84,5.0,166.77,447.21,97.7,46.23,none,0
36,85,5.0,172.08,468.32,99.45,43.64,none,0
36,86,5.0,173.79,445.77,98.35,48.72,none,0
36,87,5.0,171.09,449.28,104.97,42.07,none,0
36,88,5.0,166.84,492.41,101.28,38.18,none,0
36,89,5.0,177.38,395.31,104.24,42.35,none,0
36,90,5.0,173.76,454.5,100.83,34.87,none,0
36,91,5.0,171.81,438.94,96.19,41.36,none,0
36,92,5.0,171.49,433.3,102.36,51.94,none,0
36,93,5.0,178.55,475.26,100.77,24.9,none,0
36,94,5.0,167.42,485.15,99.73,27.98,none,0
36,95,5.0,169.19,450.73,97.07,42.67,none,0
36,96,5.0,163.98,437.4,99.03,43.8,none,0
36,97,5.0,169.85,442.46,99.4,33.35,none,0
36,98,5.0,168.4,441.36,100.33,36.51,none,0
36,99,5.0,159.72,472.61,93.14,32.88,none,0
36,100,5.0,168.71,439.95,106.34,35.23,none,0
36,101,5.0,167.14,449.36,99.2,54.47,none,0
36,102,5.0,168.01,434.28,94.75,39.35,none,0
36,103,5.0,169.31,447.67,100.0,30.43,none,0
36,104,5.0,165.15,467.27,98.81,41.58,none,0
36,105,5.0,168.83,471.95,104.29,46.66,none,0
36,106,5.0,169.6,469.28,100.51,32.44,none,0
36,107,5.0,174.39,431.8,102.14,32.5,none,0
36,108,5.0,174.04,441.37,99.97,28.33,none,0
36,109,5.0,166.31,459.38,105.28,34.42,none,0
36,110,5.0,159.19,449.93,101.14,46.34,none,0
36,111,5.0,168.51,414.28,103.67,42.13,none,0
36,112,5.0,170.28,449.01,100.24,40.1,none,0
36,113,5.0,180.81,411.48,101.6,26.49,none,0
36,114,5.0,164.56,428.01,99.91,49.4,none,0
36,115,5.0,165.03,437.34,102.22,38.45,none,0
36,116,5.0,179.5,475.18,99.8,25.89,none,0
36,117,5.0,161.22,439.14,101.49,32.53,none,0
36,118,5.0,166.84,462.9,100.55,45.11,none,0
36,119,5.0,165.64,480.31,107.22,46.07,none,0
37,0,15.2,166.69,436.16,104.59,47.82,none,0
37,1,15.2,167.85,437.99,95.26,32.55,none,0
37,2,15.2,168.1,459.95,108.2,42.27,none,0
37,3,15.2,167.93,420.69,102.5,32.52,none,0
37,4,15.2,169.96,437.13,99.58,47.03,none,0
37,5,15.2,172.94,459.43,99.37,36.83,none,0
37,6,15.2,171.61,433.37,96.15,44.92,none,0
37,7,15.2,162.38,456.51,103.39,43.24,none,0
37,8,15.2,171.61,490.86,103.06,41.03,none,0
37,9,15.2,167.77,438.53,95.88,43.89,none,0
37,10,15.2,169.57,443.35,99.62,46.57,none,0
37,11,15.2,172.57,462.36,100.74,28.68,none,0
37,12,15.2,171.86,449.21,99.03,48.62,none,0
37,13,15.2,169.98,440.65,98.93,40.06,none,0
37,14,15.2,167.1,441.19,96.12,35.57,none,0
37,15,15.2,172.26,467.27,109.86,53.93,none,0
37,16,15.2,164.12,439.34,96.09,40.65,none,0
37,17,15.2,161.61,513.87,106.12,34.0,none,0
37,18,15.2,173.77,467.28,105.96,43.99,none,0
37,19,15.2,172.97,482.82,102.13,44.45,none,0
37,20,15.2,173.52,454.21,101.29,35.02,none,0
37,21,15.2,172.44,447.15,96.95,45.93,none,0
37,22,15.2,168.39,436.9,103.55,27.77,none,0
37,23,15.2,170.79,462.6,101.0,46.9,none,0
37,24,15.2,171.38,463.52,101.7,43.17,none,0
37,25,15.2,165.6,431.75,102.8,49.3,none,0
37,26,15.2,168.35,452.3,100.29,39.49,none,0
37,27,15.2,168.92,438.1,98.55,53.32,none,0
37,28,15.2,170.28,443.23,99.67,38.22,none,0
37,29,15.2,169.68,473.85,99.11,37.16,none,0
37,30,15.2,170.01,468.72,102.58,50.44,none,0
37,31,15.2,174.63,446.36,96.56,54.92,none,0
37,32,15.2,169.0,444.21,98.75,36.14,none,0
37,33,15.2,171.1,433.21,99.52,31.45,none,0
37,34,15.2,165.15,437.08,100.67,27.19,none,0
37,35,15.2,167.04,422.51,97.39,25.67,none,0
37,36,15.2,166.89,442.83,99.73,49.8,none,0
37,37,15.2,176.1,446.79,104.08,34.93,none,0
37,38,15.2,174.19,441.4,97.74,45.18,none,0
37,39,15.2,167.1,461.47,102.14,50.96,none,0
37,40,15.2,176.46,437.16,95.27,45.58,none,0
37,41,15.2,167.34,440.82,99.35,34.0,none,0
37,42,15.2,168.49,428.25,100.15,46.2,none,0
37,43,15.2,170.61,476.93,101.45,32.41,none,0
37,44,15.2,174.93,427.32,100.06,29.49,none,0
37,45,15.2,168.6,437.68,98.48,31.06,none,0
37,46,15.2,166.27,420.66,99.96,42.41,none,0
37,47,15.2,165.46,421.25,101.6,34.59,none,0
37,48,15.2,161.36,422.93,97.8,24.85,none,0
37,49,15.2,169.87,439.68,101.15,48.37,none,0
37,50,15.2,168.92,488.07,99.41,41.99,none,0
37,51,15.2,176.15,476.43,101.59,32.22,none,0
37,52,15.2,170.55,451.84,106.62,31.7,none,0
37,53,15.2,160.06,438.7,98.78,40.16,none,0
37,54,15.2,165.7,439.84,104.38,34.32,none,0
37,55,15.2,175.68,424.35,100.45,49.75,none,0
37,56,15.2,169.64,435.33,101.85,35.97,none,0
37,57,15.2,164.25,447.23,102.37,30.19,none,0
37,58,15.2,167.96,455.14,99.68,29.99,none,0
37,59,15.2,164.16,460.91,99.77,52.72,none,0
37,60,15.2,172.7,459.1,94.01,24.31,none,0
37,61,15.2,170.88,443.32,107.09,40.59,none,0
37,62,15.2,174.8,474.87,99.24,27.77,none,0
37,63,15.2,172.11,434.57,107.15,41.48,none,0
37,64,15.2,172.36,430.52,100.22,34.41,none,0
37,65,15.2,168.75,432.56,100.35,50.1,none,0
37,66,15.2,166.74,460.85,103.84,51.25,none,0
37,67,15.2,169.66,447.02,96.78,36.46,none,0
37,68,15.2,165.85,472.87,101.84,38.3,none,0
37,69,15.2,176.03,485.74,97.77,55.8,none,0
37,70,15.2,168.22,458.39,105.87,42.06,none,0
37,71,15.2,175.44,445.74,96.0,36.21,none,0
37,72,15.2,171.72,437.18,102.05,35.46,none,0
37,73,15.2,167.33,450.31,96.54,39.0,none,0
37,74,15.2,173.01,453.03,100.56,37.91,none,0
37,75,15.2,166.49,442.13,100.19,39.05,none,0
37,76,15.2,164.79,454.5,101.58,37.91,none,0
37,77,15.2,169.22,484.1,98.32,31.15,none,0
37,78,15.2,162.33,472.68,101.23,29.44,none,0
37,79,15.2,167.36,429.78,101.01,36.13,none,0
37,80,15.2,170.69,452.74,100.65,38.1,none,0
37,81,15.2,167.39,472.61,102.72,50.04,none,0
37,82,15.2,163.54,467.94,97.55,33.11,none,0
37,83,15.2,173.04,466.37,100.98,43.92,none,0
37,84,15.2,165.03,440.63,103.64,46.16,none,0
37,85,15.2,172.42,440.67,100.62,42.26,none,0
37,86,15.2,162.62,420.71,94.77,29.46,none,0
37,87,15.2,163.1,460.72,99.92,43.55,none,0
37,88,15.2,165.61,461.89,96.57,24.1,none,0
37,89,15.2,163.08,455.74,98.87,41.38,none,0
37,90,15.2,171.63,434.49,95.01,28.08,none,0
37,91,15.2,174.15,440.24,99.54,59.3,none,0
37,92,15.2,169.4,453.56,104.75,41.43,none,0
37,93,15.2,165.56,473.56,100.78,51.78,none,0
37,94,15.2,170.62,456.82,95.99,30.03,none,0
37,95,15.2,176.18,445.86,102.85,37.58,none,0
37,96,15.2,166.04,455.66,93.76,52.19,none,0
37,97,15.2,166.46,485.43,105.95,39.33,none,0
37,98,15.2,172.75,439.83,96.45,39.72,none,0
37,99,15.2,176.21,428.69,101.34,32.72,none,0
37,100,15.2,168.03,475.23,98.55,29.01,none,0
37,101,15.2,172.92,449.64,102.65,36.27,none,0
37,102,15.2,171.16,438.93,99.05,43.69,none,0
37,103,15.2,169.96,433.64,94.69,38.59,none,0
37,104,15.2,177.0,405.77,102.14,49.49,none,0
37,105,15.2,165.09,489.97,100.82,47.18,none,0
37,106,15.2,173.04,453.98,101.18,49.15,none,0
37,107,15.2,168.52,419.22,105.28,43.65,none,0
37,108,15.2,164.44,502.04,101.46,46.81,none,0
37,109,15.2,175.02,473.81,99.19,54.66,none,0
37,110,15.2,170.14,458.19,96.38,43.14,none,0
37,111,15.2,141.43,397.67,115.54,77.64,comp1,1
37,112,15.2,159.6,447.31,97.8,22.57,none,0
37,113,15.2,165.28,441.34,98.97,57.42,none,0
37,114,15.2,166.43,462.54,98.24,26.84,none,0
37,115,15.2,163.4,431.95,98.12,53.67,none,0
37,116,15.2,174.56,477.36,96.24,32.31,none,0
37,117,15.2,168.24,472.96,99.38,47.38,none,0
37,118,15.2,173.42,435.13,98.69,44.87,none,0
37,119,15.2,172.38,504.98,102.02,43.17,none,0
38,0,3.8,168.45,461.09,97.58,37.12,none,0
38,1,3.8,170.47,434.66,101.59,42.81,none,0
38,2,3.8,176.46,474.86,94.18,32.75,none,0
38,3,3.8,172.33,432.78,98.95,45.25,none,0
38,4,3.8,167.38,454.64,104.84,44.49,none,0
38,5,3.8,162.68,477.76,100.61,32.75,none,0
38,6,3.8,169.75,465.79,99.95,50.53,none,0
38,7,3.8,168.81,450.54,99.88,42.49,none,0
38,8,3.8,175.8,474.39,107.46,36.74,none,0
38,9,3.8,176.37,467.5,104.38,39.06,none,0
38,10,3.8,178.82,447.71,106.51,45.83,none,0
38,11,3.8,174.21,437.8,98.91,42.42,none,0
38,12,3.8,168.32,435.61,95.5,38.76,none,0
38,13,3.8,165.81,477.68,95.02,41.03,none,0
38,14,3.8,169.32,464.65,104.18,31.43,none,0
38,15,3.8,174.4,455.74,97.03,33.2,none,0
38,16,3.8,166.7,479.78,90.41,54.79,none,0
38,17,3.8,169.01,430.8,103.74,28.17,none,0
38,18,3.8,169.78,439.89,101.2,44.29,none,0
38,19,3.8,172.42,424.66,103.92,36.96,none,0
38,20,3.8,178.82,468.84,101.44,38.16,none,0
38,21,3.8,171.26,424.27,97.0,32.17,none,0
38,22,3.8,166.85,465.49,99.65,32.44,none,0
38,23,3.8,177.54,453.48,102.75,32.93,none,0
38,24,3.8,182.22,469.4,98.17,29.63,none,0
38,25,3.8,168.95,451.24,102.4,51.24,none,0
38,26,3.8,168.72,451.12,102.19,42.48,none,0
38,27,3.8,164.29,478.85,96.15,31.8,none,0
38,28,3.8,164.59,473.75,103.24,34.24,none,0
38,29,3.8,160.98,443.2,97.02,43.38,none,0
38,30,3.8,168.19,446.08,102.99,35.12,none,0
38,31,3.8,165.68,440.07,99.46,51.17,none,0
38,32,3.8,174.15,454.79,100.64,47.11,none,0
38,33,3.8,166.74,448.65,95.01,38.78,none,0
38,34,3.8,171.64,404.96,103.51,48.26,none,0
38,35,3.8,170.46,429.36,94.14,52.83,none,0
38,36,3.8,165.85,455.49,97.28,26.68,none,0
38,37,3.8,168.98,421.26,94.31,43.19,none,0
38,38,3.8,166.38,428.63,96.43,34.87,none,0
38,39,3.8,169.63,437.7,101.87,28.42,none,0
38,40,3.8,177.02,447.2,96.77,36.16,none,0
38,41,3.8,170.97,428.24,103.62,39.69,none,0
38,42,3.8,171.47,444.01,99.51,31.69,none,0
38,43,3.8,164.34,457.27,104.61,47.44,none,0
38,44,3.8,175.55,463.89,99.23,34.71,none,0
38,45,3.8,167.62,450.17,99.06,47.08,none,0
38,46,3.8,175.02,445.58,98.09,32.33,none,0
38,47,3.8,176.35,437.28,99.92,42.18,none,0
38,48,3.8,170.6,448.88,100.35,41.53,none,0
38,49,3.8,168.54,475.86,100.3,43.63,none,0
38,50,3.8,166.06,457.8,103.31,41.14,none,0
38,51,3.8,169.48,434.84,97.59,48.24,none,0
38,52,3.8,174.4,448.19,94.02,36.53,none,0
38,53,3.8,168.69,457.3,100.98,40.29,none,0
38,54,3.8,163.28,452.36,102.81,34.59,none,0
38,55,3.8,171.64,425.0,92.75,34.14,none,0
38,56,3.8,166.32,445.25,102.34,38.98,none,0
38,57,3.8,168.54,402.43,100.41,52.29,none,0
38,58,3.8,169.35,436.27,99.66,40.02,none,0
38,59,3.8,170.34,479.48,100.02,47.17,none,0
38,60,3.8,160.81,406.4,103.08,42.92,none,0
38,61,3.8,171.53,445.1,102.74,46.79,none,0
38,62,3.8,175.96,453.19,99.42,49.01,none,0
38,63,3.8,165.81,468.78,102.49,32.95,none,0
38,64,3.8,173.76,459.18,98.7,24.0,none,0
38,65,3.8,171.6,448.88,96.79,29.73,none,0
38,66,3.8,173.44,466.64,102.13,34.92,none,0
38,67,3.8,168.27,441.36,100.31,41.42,none,0
38,68,3.8,172.36,440.4,98.63,49.41,none,0
38,69,3.8,174.21,468.06,102.49,32.62,none,0
38,70,3.8,168.88,468.43,96.72,55.16,none,0
38,71,3.8,168.64,469.2,100.07,53.57,none,0
38,72,3.8,172.07,467.63,96.17,39.39,none,0
38,73,3.8,174.46,422.69,100.63,47.52,none,0
38,74,3.8,166.45,441.92,104.54,37.67,none,0
38,75,3.8,163.26,441.05,94.48,33.49,none,0
38,76,3.8,175.11,436.76,99.56,22.22,none,0
38,77,3.8,159.62,468.23,99.3,52.15,none,0
38,78,3.8,167.64,429.56,102.95,32.13,none,0
38,79,3.8,167.88,459.24,100.6,32.52,none,0
38,80,3.8,175.28,436.55,96.22,43.52,none,0
38,81,3.8,172.86,404.89,100.46,39.06,none,0
38,82,3.8,170.74,445.86,102.22,34.92,none,0
38,83,3.8,171.56,448.5,99.81,36.87,none,0
38,84,3.8,165.02,445.96,96.59,36.7,none,0
38,85,3.8,169.7,441.33,99.71,29.13,none,0
38,86,3.8,168.55,454.99,100.11,28.0,none,0
38,87,3.8,169.9,454.35,100.72,49.93,none,0
38,88,3.8,163.22,440.9,100.29,54.94,none,0
38,89,3.8,157.86,487.7,98.84,34.89,none,0
38,90,3.8,177.56,415.85,104.82,36.13,none,0
38,91,3.8,160.93,485.61,102.87,46.29,none,0
38,92,3.8,180.44,459.94,100.67,33.08,none,0
38,93,3.8,165.36,453.96,100.15,43.01,none,0
38,94,3.8,170.46,437.98,101.4,41.71,none,0
38,95,3.8,166.62,451.08,101.54,39.55,none,0
38,96,3.8,178.14,434.45,102.72,47.03,none,0
38,97,3.8,176.03,472.57,102.71,37.03,none,0
38,98,3.8,170.25,449.62,103.03,35.14,none,0
38,99,3.8,173.16,448.34,102.51,35.51,none,0
38,100,3.8,172.4,416.05,95.08,51.42,none,0
38,101,3.8,168.07,440.44,99.81,48.28,none,0
38,102,3.8,176.0,464.68,97.84,32.34,none,0
38,103,3.8,170.83,460.8,98.91,44.32,none,0
38,104,3.8,170.63,428.05,105.7,50.36,none,0
38,105,3.8,169.12,470.49,100.4,54.76,none,0
38,106,3.8,170.7,451.97,102.44,40.86,none,0
38,107,3.8,175.56,470.23,102.29,26.44,none,0
38,108,3.8,160.57,452.34,105.1,34.28,none,0
38,109,3.8,174.04,500.44,101.98,44.95,none,0
38,110,3.8,171.38,456.13,102.39,37.17,none,0
38,111,3.8,175.4,446.64,106.06,36.39,none,0
38,112,3.8,162.43,419.84,96.47,20.5,none,0
38,113,3.8,168.26,458.41,93.0,41.16,none,0
38,114,3.8,160.99,451.27,101.38,38.91,none,0
38,115,3.8,175.52,447.95,101.3,37.38,none,0
38,116,3.8,177.25,444.01,100.25,35.78,none,0
38,117,3.8,172.0,475.05,100.48,46.35,none,0
38,118,3.8,170.62,433.51,99.75,30.58,none,0
38,119,3.8,173.38,471.72,96.21,37.82,none,0
39,0,2.0,169.18,441.46,97.43,47.88,none,0
39,1,2.0,166.93,461.05,98.74,27.09,none,0
39,2,2.0,161.98,456.54,102.23,33.69,none,0
39,3,2.0,160.42,446.88,95.96,60.97,none,0
39,4,2.0,168.71,438.36,98.53,47.77,none,0
39,5,2.0,168.72,459.9,101.67,28.28,none,0
39,6,2.0,177.16,432.6,101.44,34.56,none,0
39,7,2.0,174.95,431.41,98.7,42.43,none,0
39,8,2.0,159.79,444.65,100.66,51.64,none,0
39,9,2.0,169.51,440.71,102.1,44.31,none,0
39,10,2.0,171.78,454.92,102.96,37.53,none,0
39,11,2.0,172.87,447.36,98.67,34.22,none,0
39,12,2.0,173.12,462.31,100.24,52.88,none,0
39,13,2.0,166.3,431.87,101.26,42.44,none,0
39,14,2.0,172.09,449.55,102.51,29.88,none,0
39,15,2.0,174.95,451.23,105.28,30.98,none,0
39,16,2.0,166.28,442.84,96.58,38.93,none,0
39,17,2.0,173.96,446.14,95.55,30.18,none,0
39,18,2.0,164.64,468.22,102.3,43.11,none,0
39,19,2.0,170.3,488.21,98.64,48.31,none,0
39,20,2.0,169.44,449.87,93.84,39.19,none,0
39,21,2.0,169.27,432.02,98.26,49.33,none,0
39,22,2.0,172.63,440.91,97.68,45.6,none,0
39,23,2.0,170.96,439.76,99.63,48.82,none,0
39,24,2.0,173.45,461.89,99.53,41.58,none,0
39,25,2.0,169.43,430.99,97.05,46.25,none,0
39,26,2.0,168.38,438.64,101.71,44.36,none,0
39,27,2.0,173.21,426.53,99.03,40.24,none,0
39,28,2.0,173.51,453.15,101.13,33.51,none,0
39,29,2.0,176.26,468.1,99.2,35.53,none,0
39,30,2.0,179.81,433.87,105.21,43.23,none,0
39,31,2.0,172.55,461.78,93.26,29.85,none,0
39,32,2.0,165.24,433.93,93.08,49.67,none,0
39,33,2.0,175.49,491.04,98.17,34.33,none,0
39,34,2.0,169.28,463.34,97.35,47.38,none,0
39,35,2.0,167.22,444.74,100.45,42.06,none,0
39,36,2.0,171.97,430.99,103.1,35.86,none,0
39,37,2.0,170.45,452.1,103.4,46.07,none,0
39,38,2.0,161.03,448.49,96.89,30.26,none,0
39,39,2.0,176.79,466.98,102.66,38.41,none,0
39,40,2.0,166.98,449.12,96.68,31.74,none,0
39,41,2.0,168.56,432.46,101.13,22.36,none,0
39,42,2.0,174.05,421.9,99.12,48.88,none,0
39,43,2.0,171.59,465.75,95.82,44.31,none,0
39,44,2.0,170.85,486.47,95.57,28.88,none,0
39,45,2.0,177.68,462.15,99.35,44.15,none,0
39,46,2.0,173.31,438.36,99.15,42.15,none,0
39,47,2.0,173.44,464.14,98.7,37.3,none,0
39,48,2.0,167.07,464.25,104.11,36.22,none,0
39,49,2.0,169.28,425.31,102.75,35.17,none,0
39,50,2.0,176.85,472.21,98.76,40.43,none,0
39,51,2.0,169.88,465.42,99.29,32.79,none,0
39,52,2.0,165.44,427.14,96.58,29.6,none,0
39,53,2.0,169.34,440.38,97.72,49.41,none,0
39,54,2.0,167.24,438.55,99.66,43.81,none,0
39,55,2.0,164.97,438.97,99.09,44.57,none,0
39,56,2.0,163.94,462.71,101.11,42.42,none,0
39,57,2.0,170.01,427.07,92.47,35.77,none,0
39,58,2.0,173.35,432.01,96.27,48.3,none,0
39,59,2.0,181.51,428.89,106.05,34.28,none,0
39,60,2.0,168.32,402.18,99.69,50.22,none,0
39,61,2.0,165.69,451.26,95.12,46.38,none,0
39,62,2.0,170.89,471.39,98.84,65.86,none,0
39,63,2.0,171.48,464.72,101.82,37.01,none,0
39,64,2.0,177.39,455.25,100.6,34.54,none,0
39,65,2.0,167.32,498.99,103.52,41.72,none,0
39,66,2.0,171.96,451.98,101.25,47.05,none,0
39,67,2.0,179.52,457.48,97.78,35.11,none,0
39,68,2.0,178.85,433.53,102.5,28.22,none,0
39,69,2.0,167.15,488.07,98.35,33.35,none,0
39,70,2.0,174.48,440.49,99.85,39.57,none,0
39,71,2.0,166.21,449.09,99.54,39.11,none,0
39,72,2.0,172.86,423.09,97.36,33.14,none,0
39,73,2.0,168.5,444.16,101.51,25.75,none,0
39,74,2.0,173.17,428.34,103.0,32.14,none,0
39,75,2.0,173.93,453.45,104.15,27.48,none,0
39,76,2.0,171.37,460.0,97.53,38.86,none,0
39,77,2.0,170.46,443.45,97.2,40.27,none,0
39,78,2.0,162.33,436.4,89.93,37.31,none,0
39,79,2.0,173.52,458.74,104.82,45.64,none,0
39,80,2.0,166.26,430.34,103.09,47.72,none,0
39,81,2.0,168.68,444.28,95.09,35.65,none,0
39,82,2.0,173.21,449.74,105.76,44.66,none,0
39,83,2.0,164.07,449.87,102.49,36.95,none,0
39,84,2.0,170.67,472.57,96.49,38.11,none,0
39,85,2.0,168.24,459.7,99.1,28.63,none,0
39,86,2.0,174.64,438.91,101.56,44.31,none,0
39,87,2.0,173.76,431.28,102.4,28.93,none,0
39,88,2.0,168.9,456.29,99.13,45.97,none,0
39,89,2.0,179.52,451.7,99.94,44.8,none,0
39,90,2.0,176.4,488.91,103.45,32.97,none,0
39,91,2.0,176.46,454.45,104.69,50.73,none,0
39,92,2.0,182.51,427.84,98.66,35.84,none,0
39,93,2.0,173.1,454.71,100.91,49.4,none,0
39,94,2.0,178.87,453.76,101.67,48.25,none,0
39,95,2.0,178.48,455.97,102.23,35.27,none,0
39,96,2.0,170.29,454.63,107.28,37.3,none,0
39,97,2.0,169.87,446.68,103.3,36.91,none,0
39,98,2.0,164.46,437.77,106.17,29.39,none,0
39,99,2.0,175.02,460.59,100.79,42.57,none,0
39,100,2.0,157.55,432.98,99.86,41.09,none,0
39,101,2.0,168.67,470.2,104.89,49.05,none,0
39,102,2.0,171.81,441.19,97.07,22.34,none,0
39,103,2.0,175.02,460.95,91.36,37.62,none,0
39,104,2.0,173.91,459.22,98.31,39.61,none,0
39,105,2.0,169.18,440.61,95.47,51.18,none,0
39,106,2.0,160.79,442.11,98.96,39.99,none,0
39,107,2.0,166.39,482.76,97.48,45.91,none,0
39,108,2.0,178.71,437.28,97.39,39.7,none,0
39,109,2.0,165.81,453.66,98.84,39.95,none,0
39,110,2.0,165.75,476.49,101.08,60.32,none,0
39,111,2.0,166.12,475.32,100.04,41.21,none,0
39,112,2.0,165.59,455.96,97.89,34.46,none,0
39,113,2.0,175.02,445.11,101.61,43.37,none,0
39,114,2.0,174.37,432.45,98.88,51.85,none,0
39,115,2.0,167.65,456.13,101.63,36.53,none,0
39,116,2.0,169.29,460.38,103.17,37.63,none,0
39,117,2.0,176.43,481.92,99.04,49.78,none,0
39,118,2.0,177.34,420.51,96.65,52.21,none,0
39,119,2.0,177.15,453.25,98.31,26.95,none,0
40,0,4.7,169.74,481.95,100.02,37.73,none,0
40,1,4.7,166.5,459.39,102.17,35.06,none,0
40,2,4.7,174.84,456.35,103.08,45.07,none,0
40,3,4.7,167.96,489.2,98.16,43.68,none,0
40,4,4.7,167.4,417.39,99.74,39.2,none,0
40,5,4.7,163.99,484.88,96.91,32.65,none,0
40,6,4.7,179.05,453.6,103.47,46.16,none,0
40,7,4.7,170.45,457.62,98.98,43.07,none,0
40,8,4.7,166.11,425.91,98.67,36.94,none,0
40,9,4.7,165.53,433.78,100.5,48.56,none,0
40,10,4.7,174.58,441.41,99.47,39.57,none,0
40,11,4.7,164.66,475.58,102.88,35.0,none,0
40,12,4.7,164.68,470.2,100.5,53.37,none,0
40,13,4.7,166.01,426.11,100.78,34.1,none,0
40,14,4.7,168.54,441.42,98.29,41.53,none,0
40,15,4.7,160.62,477.63,104.31,40.41,none,0
40,16,4.7,170.45,491.64,102.02,41.75,none,0
40,17,4.7,170.1,468.35,101.12,34.97,none,0
40,18,4.7,166.66,444.72,101.96,32.99,none,0
40,19,4.7,172.15,452.09,99.65,46.34,none,0
40,20,4.7,164.88,445.14,100.37,43.68,none,0
40,21,4.7,174.32,488.47,95.37,54.25,none,0
40,22,4.7,167.23,449.99,95.76,39.1,none,0
40,23,4.7,171.24,427.57,96.73,33.58,none,0
40,24,4.7,176.9,460.78,98.47,46.44,none,0
40,25,4.7,168.67,453.81,96.97,45.82,none,0
40,26,4.7,167.24,441.35,99.15,47.28,none,0
40,27,4.7,163.03,406.21,99.89,30.07,none,0
40,28,4.7,183.19,441.66,102.04,30.55,none,0
40,29,4.7,173.53,442.57,102.84,37.67,none,0
40,30,4.7,166.58,454.54,98.5,29.0,none,0
40,31,4.7,173.74,474.6,96.03,38.75,none,0
40,32,4.7,172.87,453.71,98.63,41.71,none,0
40,33,4.7,161.95,454.67,99.06,39.51,none,0
40,34,4.7,163.08,458.06,104.05,51.74,none,0
40,35,4.7,166.95,455.03,105.13,36.76,none,0
40,36,4.7,175.4,439.53,99.3,52.3,none,0
40,37,4.7,172.68,487.4,96.87,30.69,none,0
40,38,4.7,171.47,463.82,102.3,34.75,none,0
40,39,4.7,174.67,450.85,100.93,36.55,none,0
40,40,4.7,167.4,478.0,97.1,38.54,none,0
40,41,4.7,166.67,460.53,102.02,39.87,none,0
40,42,4.7,165.31,483.88,99.26,37.68,none,0
40,43,4.7,171.72,450.83,99.94,44.14,none,0
40,44,4.7,176.21,462.7,105.11,33.69,none,0
40,45,4.7,173.36,458.26,104.87,44.99,none,0
40,46,4.7,163.53,486.46,95.69,34.88,none,0
40,47,4.7,170.89,451.7,103.49,39.71,none,0
40,48,4.7,172.04,465.18,95.49,43.39,none,0
40,49,4.7,179.54,455.46,101.33,42.6,none,0
40,50,4.7,168.05,446.02,103.6,35.2,none,0
40,51,4.7,172.23,457.84,98.16,28.96,none,0
40,52,4.7,174.08,455.15,101.94,42.09,none,0
40,53,4.7,171.54,447.51,103.81,45.55,none,0
40,54,4.7,169.19,445.66,103.81,47.6,none,0
40,55,4.7,165.33,452.36,100.94,51.45,none,0
40,56,4.7,162.89,476.6,101.26,38.5,none,0
40,57,4.7,164.96,464.78,98.59,41.1,none,0
40,58,4.7,171.04,460.54,101.47,25.64,none,0
40,59,4.7,182.77,455.11,97.49,33.02,none,0
40,60,4.7,170.43,420.9,98.48,49.45,none,0
40,61,4.7,167.1,470.71,98.45,50.39,none,0
40,62,4.7,167.02,450.55,98.94,43.81,none,0
40,63,4.7,172.0,443.5,107.67,55.37,none,0
40,64,4.7,168.1,461.73,99.08,35.87,none,0
40,65,4.7,167.27,459.96,98.87,35.53,none,0
40,66,4.7,170.91,431.4,106.42,32.9,none,0
40,67,4.7,166.04,411.89,98.54,47.69,none,0
40,68,4.7,172.04,421.73,98.78,39.73,none,0
40,69,4.7,149.81,338.16,117.64,96.12,comp4,1
40,70,4.7,167.82,473.95,101.7,40.76,none,0
40,71,4.7,164.57,419.12,100.48,43.71,none,0
40,72,4.7,142.18,385.59,114.1,61.09,comp3,1
40,73,4.7,169.0,481.18,103.38,33.36,none,0
40,74,4.7,163.14,495.26,96.32,35.55,none,0
40,75,4.7,165.47,466.28,100.51,35.65,none,0
40,76,4.7,160.88,477.03,97.93,36.55,none,0
40,77,4.7,176.78,421.1,99.88,43.77,none,0
40,78,4.7,172.77,449.21,104.39,35.82,none,0
40,79,4.7,168.08,452.69,100.97,42.75,none,0
40,80,4.7,162.84,431.06,102.19,30.13,none,0
40,81,4.7,175.11,449.85,100.2,40.7,none,0
40,82,4.7,170.38,496.27,98.52,22.99,none,0
40,83,4.7,172.73,465.3,102.11,48.81,none,0
40,84,4.7,168.85,442.91,95.89,40.3,none,0
40,85,4.7,162.59,447.24,99.77,32.64,none,0
40,86,4.7,159.44,459.52,102.25,50.37,none,0
40,87,4.7,171.83,457.19,101.79,44.62,none,0
40,88,4.7,166.77,427.76,101.55,32.23,none,0
40,89,4.7,176.08,490.58,96.98,46.01,none,0
40,90,4.7,163.64,480.44,102.07,39.48,none,0
40,91,4.7,177.11,455.56,96.81,40.8,none,0
40,92,4.7,179.58,448.72,101.09,37.72,none,0
40,93,4.7,168.04,437.13,95.57,41.79,none,0
40,94,4.7,178.86,414.02,95.84,40.16,none,0
40,95,4.7,166.57,489.64,99.66,40.51,none,0
40,96,4.7,163.14,432.15,102.44,41.5,none,0
40,97,4.7,168.33,456.36,102.0,42.98,none,0
40,98,4.7,160.05,466.42,102.17,47.24,none,0
40,99,4.7,177.06,434.29,96.36,33.22,none,0
40,100,4.7,174.92,412.2,97.88,47.55,none,0
40,101,4.7,160.95,458.9,105.22,39.05,none,0
40,102,4.7,170.65,455.18,103.09,43.53,none,0
40,103,4.7,172.74,463.56,97.41,45.07,none,0
40,104,4.7,172.24,442.56,99.9,40.62,none,0
40,105,4.7,173.33,455.44,106.74,44.82,none,0
40,106,4.7,172.58,444.21,98.21,44.96,none,0
40,107,4.7,163.46,449.99,99.32,35.26,none,0
40,108,4.7,165.8,418.0,101.6,43.8,none,0
40,109,4.7,168.18,466.59,103.96,53.76,none,0
40,110,4.7,165.24,437.5,97.02,46.32,none,0
40,111,4.7,173.68,429.59,95.25,28.94,none,0
40,112,4.7,172.09,457.59,101.91,45.17,none,0
40,113,4.7,168.78,449.58,101.72,46.22,none,0
40,114,4.7,172.81,432.6,99.05,36.78,none,0
40,115,4.7,176.66,440.11,100.63,27.86,none,0
40,116,4.7,169.03,445.07,97.72,35.65,none,0
40,117,4.7,167.35,457.12,99.47,37.34,none,0
40,118,4.7,169.87,432.02,104.9,16.68,none,0
40,119,4.7,176.16,421.2,98.02,28.29,none,0
41,0,3.2,169.38,439.21,101.4,40.34,none,0
41,1,3.2,166.75,468.17,105.59,34.91,none,0
41,2,3.2,173.13,466.26,97.6,32.63,none,0
41,3,3.2,171.37,443.62,94.9,36.12,none,0
41,4,3.2,170.41,436.95,98.16,20.77,none,0
41,5,3.2,170.97,461.86,101.76,20.7,none,0
41,6,3.2,175.8,469.23,99.53,49.16,none,0
41,7,3.2,170.61,476.13,100.1,42.9,none,0
41,8,3.2,173.18,456.19,97.7,41.14,none,0
41,9,3.2,169.04,432.08,91.32,24.48,none,0
41,10,3.2,170.85,460.38,97.25,38.62,none,0
41,11,3.2,172.24,445.98,100.11,37.12,none,0
41,12,3.2,174.41,455.47,105.39,32.92,none,0
41,13,3.2,179.4,441.63,103.17,44.45,none,0
41,14,3.2,155.9,447.55,95.53,35.61,none,0
41,15,3.2,167.95,446.72,95.18,32.05,none,0
41,16,3.2,167.88,428.54,98.24,45.56,none,0
41,17,3.2,166.85,446.26,103.24,37.17,none,0
41,18,3.2,161.98,442.03,99.72,34.95,none,0
41,19,3.2,162.93,455.37,99.79,40.17,none,0
41,20,3.2,168.0,445.42,99.3,47.59,none,0
41,21,3.2,166.6,460.39,98.8,38.29,none,0
41,22,3.2,173.63,441.49,100.95,35.55,none,0
41,23,3.2,169.34,458.11,96.84,45.18,none,0
41,24,3.2,176.48,452.22,101.32,23.56,none,0
41,25,3.2,175.12,434.77,104.14,41.61,none,0
41,26,3.2,165.86,471.14,97.39,41.08,none,0
41,27,3.2,169.5,462.24,99.99,50.64,none,0
41,28,3.2,172.75,450.08,100.52,41.02,none,0
41,29,3.2,162.37,428.86,101.71,54.1,none,0
41,30,3.2,161.28,425.53,97.69,37.42,none,0
41,31,3.2,187.11,396.43,97.39,29.94,none,0
41,32,3.2,166.9,481.07,102.17,42.91,none,0
41,33,3.2,155.85,443.15,101.82,42.69,none,0
41,34,3.2,169.35,478.28,104.2,44.3,none,0
41,35,3.2,164.1,455.33,100.65,40.54,none,0
41,36,3.2,176.51,426.45,97.99,41.98,none,0
41,37,3.2,156.36,442.29,104.18,29.79,none,0
41,38,3.2,166.16,381.1,104.84,31.52,none,0
41,39,3.2,162.14,433.48,100.6,46.28,none,0
41,40,3.2,174.7,452.12,97.09,45.96,none,0
41,41,3.2,178.15,451.36,100.56,48.4,none,0
41,42,3.2,168.07,392.36,97.63,28.07,none,0
41,43,3.2,161.21,426.06,101.94,36.39,none,0
41,44,3.2,178.99,473.6,97.15,45.63,none,0
41,45,3.2,170.87,456.91,102.49,47.72,none,0
41,46,3.2,175.62,466.09,100.78,37.76,none,0
41,47,3.2,172.17,445.39,98.97,33.38,none,0
41,48,3.2,175.27,468.38,102.95,41.82,none,0
41,49,3.2,173.28,470.11,99.0,39.78,none,0
41,50,3.2,176.45,465.22,100.1,46.34,none,0
41,51,3.2,174.26,453.67,100.75,26.03,none,0
41,52,3.2,164.97,458.73,98.19,32.65,none,0
41,53,3.2,170.1,465.32,99.9,38.55,none,0
41,54,3.2,168.11,486.22,97.26,43.21,none,0
41,55,3.2,149.0,331.35,115.15,42.19,comp4,1
41,56,3.2,170.32,467.99,102.39,32.3,none,0
41,57,3.2,173.67,486.25,103.89,39.24,none,0
41,58,3.2,173.69,471.37,100.94,28.9,none,0
41,59,3.2,176.35,444.93,99.39,42.55,none,0
41,60,3.2,173.29,426.88,99.02,37.07,none,0
41,61,3.2,178.4,451.48,97.86,42.96,none,0
41,62,3.2,168.46,445.56,98.37,46.64,none,0
41,63,3.2,173.85,426.68,100.71,34.98,none,0
41,64,3.2,167.93,466.28,105.51,43.31,none,0
41,65,3.2,171.53,481.98,103.04,47.13,none,0
41,66,3.2,175.39,439.61,101.72,37.67,none,0
41,67,3.2,174.01,447.86,100.93,33.09,none,0
41,68,3.2,164.84,457.37,98.74,38.36,none,0
41,69,3.2,165.81,461.1,96.12,52.44,none,0
41,70,3.2,169.96,450.71,100.87,59.85,none,0
41,71,3.2,174.99,455.66,99.25,45.59,none,0
41,72,3.2,172.44,449.38,99.58,41.48,none,0
41,73,3.2,170.23,469.36,100.89,36.67,none,0
41,74,3.2,162.24,482.63,97.67,48.71,none,0
41,75,3.2,172.98,444.03,98.87,44.58,none,0
41,76,3.2,169.3,443.88,101.52,43.64,none,0
41,77,3.2,183.31,479.17,93.24,46.64,none,0
41,78,3.2,169.96,462.48,101.98,36.59,none,0
41,79,3.2,178.5,472.99,102.32,33.93,none,0
41,80,3.2,170.33,481.28,101.19,34.31,none,0
41,81,3.2,157.58,449.17,102.55,35.46,none,0
41,82,3.2,176.76,484.75,98.39,21.76,none,0
41,83,3.2,164.35,425.76,98.93,26.11,none,0
41,84,3.2,176.17,448.93,97.54,50.75,none,0
41,85,3.2,171.51,480.09,99.66,38.87,none,0
41,86,3.2,176.54,477.75,98.19,37.65,none,0
41,87,3.2,166.89,436.82,100.82,37.28,none,0
41,88,3.2,173.93,449.71,96.3,34.78,none,0
41,89,3.2,167.47,454.35,96.86,39.94,none,0
41,90,3.2,170.21,432.7,103.2,40.02,none,0
41,91,3.2,168.63,432.8,96.33,54.75,none,0
41,92,3.2,166.57,440.14,101.15,33.5,none,0
41,93,3.2,166.12,417.17,102.78,36.16,none,0
41,94,3.2,174.3,459.11,103.35,55.0,none,0
41,95,3.2,178.05,444.8,104.86,41.54,none,0
41,96,3.2,175.4,466.47,102.73,44.78,none,0
41,97,3.2,166.07,459.44,104.79,46.62,none,0
41,98,3.2,163.58,423.42,101.76,36.54,none,0
41,99,3.2,164.3,438.09,101.0,49.59,none,0
41,100,3.2,178.28,444.95,101.53,44.07,none,0
41,101,3.2,178.02,478.02,95.23,26.53,none,0
41,102,3.2,173.47,427.75,102.2,31.82,none,0
41,103,3.2,172.27,450.05,99.46,26.02,none,0
41,104,3.2,172.03,457.12,97.6,25.31,none,0
41,105,3.2,166.69,463.58,101.5,35.65,none,0
41,106,3.2,168.66,457.33,101.23,22.32,none,0
41,107,3.2,172.53,455.04,97.52,23.21,none,0
41,108,3.2,172.2,444.76,99.03,31.32,none,0
41,109,3.2,166.99,459.43,101.49,39.11,none,0
41,110,3.2,166.29,414.21,99.91,44.69,none,0
41,111,3.2,169.17,473.87,91.78,46.48,none,0
41,112,3.2,175.88,458.68,95.5,20.75,none,0
41,113,3.2,162.76,445.69,97.86,22.28,none,0
41,114,3.2,172.16,447.32,104.98,24.38,none,0
41,115,3.2,177.57,465.01,101.2,36.14,none,0
41,116,3.2,165.9,456.89,100.34,42.72,none,0
41,117,3.2,174.45,449.93,100.39,42.63,none,0
41,118,3.2,166.51,435.95,102.64,51.56,none,0
41,119,3.2,170.28,444.31,100.48,44.14,none,0
42,0,15.6,142.74,410.52,113.75,75.22,comp4,1
42,1,15.6,160.92,470.75,101.78,29.87,none,0
42,2,15.6,166.7,473.6,102.94,37.35,none,0
42,3,15.6,166.8,465.79,97.99,38.37,none,0
42,4,15.6,159.51,464.07,101.0,41.14,none,0
42,5,15.6,188.79,476.59,104.45,62.31,none,0
42,6,15.6,167.16,440.39,100.61,25.76,none,0
42,7,15.6,168.82,492.34,103.12,34.42,none,0
42,8,15.6,167.64,425.34,104.14,37.76,none,0
42,9,15.6,168.26,465.8,100.7,56.11,none,0
42,10,15.6,165.7,467.99,106.99,45.09,none,0
42,11,15.6,171.94,456.7,99.69,36.96,none,0
42,12,15.6,168.38,504.21,94.79,33.69,none,0
42,13,15.6,169.88,441.46,102.03,40.77,none,0
42,14,15.6,174.57,464.01,96.28,45.66,none,0
42,15,15.6,173.86,416.95,102.24,31.95,none,0
42,16,15.6,170.02,441.65,97.81,45.03,none,0
42,17,15.6,167.2,434.39,97.68,43.74,none,0
42,18,15.6,180.9,466.29,102.71,37.06,none,0
42,19,15.6,173.13,429.16,105.9,27.94,none,0
42,20,15.6,172.69,449.97,93.39,44.76,none,0
42,21,15.6,165.94,465.52,102.11,48.29,none,0
42,22,15.6,165.32,425.37,107.32,32.84,none,0
42,23,15.6,160.22,455.98,101.02,23.84,none,0
42,24,15.6,171.78,466.14,98.6,35.37,none,0
42,25,15.6,169.8,448.08,103.43,56.71,none,0
42,26,15.6,164.69,441.49,97.32,38.53,none,0
42,27,15.6,167.39,438.24,103.69,56.37,none,0
42,28,15.6,171.05,444.02,100.17,40.31,none,0
42,29,15.6,174.46,443.06,98.19,42.97,none,0
42,30,15.6,169.43,442.42,99.1,30.2,none,0
42,31,15.6,164.59,432.34,95.56,31.64,none,0
42,32,15.6,178.96,425.62,102.27,43.8,none,0
42,33,15.6,166.6,465.93,97.01,50.39,none,0
42,34,15.6,172.85,411.38,104.61,23.62,none,0
42,35,15.6,173.15,439.74,97.1,33.69,none,0
42,36,15.6,170.95,423.21,98.54,60.9,none,0
42,37,15.6,168.7,434.61,100.69,39.65,none,0
42,38,15.6,171.4,455.62,96.37,23.85,none,0
42,39,15.6,172.09,436.77,101.82,42.42,none,0
42,40,15.6,165.6,439.66,100.01,36.38,none,0
42,41,15.6,165.51,469.33,95.35,34.39,none,0
42,42,15.6,169.31,474.36,94.69,49.69,none,0
42,43,15.6,171.86,486.71,104.23,23.66,none,0
42,44,15.6,166.09,465.14,99.16,45.94,none,0
42,45,15.6,170.16,486.39,96.52,41.42,none,0
42,46,15.6,172.25,428.48,100.34,45.69,none,0
42,47,15.6,163.73,439.98,103.85,34.98,none,0
42,48,15.6,170.42,443.33,102.45,38.26,none,0
42,49,15.6,175.96,455.82,98.42,29.92,none,0
42,50,15.6,170.14,438.29,100.19,33.67,none,0
42,51,15.6,171.24,430.55,100.27,41.77,none,0
42,52,15.6,169.34,413.63,102.17,40.12,none,0
42,53,15.6,174.31,436.44,99.02,53.74,none,0
42,54,15.6,176.81,450.87,98.96,51.31,none,0
42,55,15.6,169.68,457.87,100.23,38.06,none,0
42,56,15.6,173.39,461.33,106.84,42.62,none,0
42,57,15.6,164.36,432.28,102.36,51.94,none,0
42,58,15.6,167.11,443.79,97.71,41.9,none,0
42,59,15.6,171.43,457.62,105.32,51.47,none,0
42,60,15.6,173.77,419.72,100.79,28.12,none,0
42,61,15.6,162.47,537.1,98.82,48.78,none,0
42,62,15.6,177.96,445.71,99.48,29.24,none,0
42,63,15.6,172.35,442.31,102.71,31.6,none,0
42,64,15.6,159.86,459.74,99.79,33.02,none,0
42,65,15.6,167.19,477.17,99.19,27.68,none,0
42,66,15.6,178.39,418.77,101.01,42.6,none,0
42,67,15.6,168.16,459.33,101.93,47.12,none,0
42,68,15.6,174.94,452.99,100.16,25.9,none,0
42,69,15.6,173.48,423.85,96.0,23.73,none,0
42,70,15.6,162.16,446.78,100.38,50.34,none,0
42,71,15.6,170.64,413.72,97.88,25.25,none,0
42,72,15.6,161.57,452.16,97.62,29.69,none,0
42,73,15.6,165.51,449.4,95.41,39.1,none,0
42,74,15.6,165.69,463.85,101.5,41.5,none,0
42,75,15.6,168.38,403.96,98.61,42.14,none,0
42,76,15.6,176.15,452.91,99.31,50.39,none,0
42,77,15.6,162.03,428.99,100.89,32.62,none,0
42,78,15.6,169.42,464.89,102.96,41.75,none,0
42,79,15.6,163.86,442.58,96.4,31.32,none,0
42,80,15.6,173.23,455.95,98.48,37.53,none,0
42,81,15.6,171.65,411.21,99.68,30.81,none,0
42,82,15.6,158.38,465.11,99.54,48.9,none,0
42,83,15.6,169.21,470.38,99.01,33.85,none,0
42,84,15.6,161.74,477.66,101.72,30.48,none,0
42,85,15.6,171.93,409.09,98.35,44.4,none,0
42,86,15.6,172.9,442.59,104.85,23.82,none,0
42,87,15.6,171.94,491.71,96.08,48.93,none,0
42,88,15.6,168.81,465.32,99.16,38.75,none,0
42,89,15.6,164.89,407.89,101.89,39.7,none,0
42,90,15.6,170.44,458.32,102.92,54.32,none,0
42,91,15.6,171.18,417.34,102.28,41.34,none,0
42,92,15.6,166.07,454.8,101.88,23.47,none,0
42,93,15.6,165.55,443.58,99.81,44.87,none,0
42,94,15.6,162.17,461.95,99.98,32.19,none,0
42,95,15.6,179.31,482.11,102.09,51.04,none,0
42,96,15.6,164.92,473.69,99.24,41.85,none,0
42,97,15.6,174.48,465.47,98.97,46.71,none,0
42,98,15.6,170.77,457.75,100.68,24.82,none,0
42,99,15.6,169.29,436.26,103.93,35.51,none,0
42,100,15.6,173.51,449.23,100.58,37.6,none,0
42,101,15.6,175.74,435.51,99.54,32.62,none,0
42,102,15.6,171.44,465.99,96.8,39.05,none,0
42,103,15.6,174.62,461.94,97.72,33.6,none,0
42,104,15.6,170.37,462.96,100.02,46.5,none,0
42,105,15.6,166.12,443.57,100.53,26.48,none,0
42,106,15.6,165.01,433.3,99.73,46.48,none,0
42,107,15.6,178.75,450.62,99.57,45.24,none,0
42,108,15.6,168.04,437.32,97.59,38.91,none,0
42,109,15.6,169.48,474.16,100.87,43.21,none,0
42,110,15.6,169.15,442.94,100.28,30.47,none,0
42,111,15.6,173.84,469.16,95.04,44.08,none,0
42,112,15.6,177.62,455.6,103.93,35.45,none,0
42,113,15.6,172.19,460.78,100.39,31.17,none,0
42,114,15.6,177.51,441.88,104.74,35.55,none,0
42,115,15.6,166.88,437.0,98.63,25.77,none,0
42,116,15.6,174.67,427.26,101.31,33.35,none,0
42,117,15.6,169.81,462.51,95.34,42.07,none,0
42,118,15.6,173.2,448.85,99.5,51.53,none,0
42,119,15.6,175.05,435.81,100.35,42.52,none,0
43,0,5.3,169.84,426.36,97.67,37.77,none,0
43,1,5.3,169.15,475.8,96.17,52.5,none,0
43,2,5.3,169.16,462.57,99.34,38.95,none,0
43,3,5.3,170.58,410.95,102.23,42.16,none,0
43,4,5.3,161.46,438.1,102.1,39.85,none,0
43,5,5.3,163.13,435.7,96.85,41.07,none,0
43,6,5.3,172.78,421.74,96.25,38.48,none,0
43,7,5.3,165.38,453.34,97.99,39.14,none,0
43,8,5.3,173.48,486.19,98.85,33.72,none,0
43,9,5.3,177.49,453.6,99.93,36.42,none,0
43,10,5.3,170.53,491.96,94.17,46.1,none,0
43,11,5.3,172.25,467.95,96.91,45.55,none,0
43,12,5.3,166.22,430.06,103.53,64.7,none,0
43,13,5.3,164.2,449.86,94.81,37.49,none,0
43,14,5.3,165.69,441.95,107.03,27.81,none,0
43,15,5.3,168.04,472.69,99.24,44.0,none,0
43,16,5.3,166.81,460.84,104.17,53.31,none,0
43,17,5.3,166.14,453.12,96.65,39.98,none,0
43,18,5.3,171.75,461.98,103.13,30.92,none,0
43,19,5.3,159.36,445.48,100.96,41.87,none,0
43,20,5.3,159.48,478.5,105.65,44.8,none,0
43,21,5.3,166.35,505.01,103.07,46.78,none,0
43,22,5.3,178.63,463.3,101.86,46.18,none,0
43,23,5.3,165.83,455.16,99.99,28.98,none,0
43,24,5.3,171.83,433.37,96.63,41.7,none,0
43,25,5.3,168.33,454.82,98.62,38.58,none,0
43,26,5.3,169.0,428.8,98.46,45.89,none,0
43,27,5.3,179.06,455.36,102.82,35.41,none,0
43,28,5.3,176.02,480.57,103.56,34.27,none,0
43,29,5.3,169.77,472.09,103.86,46.36,none,0
43,30,5.3,178.6,447.34,99.8,58.34,none,0
43,31,5.3,171.32,473.07,99.64,31.73,none,0
43,32,5.3,175.58,413.9,97.86,32.33,none,0
43,33,5.3,169.75,439.42,97.9,49.17,none,0
43,34,5.3,164.92,439.58,98.09,50.85,none,0
43,35,5.3,175.69,467.6,100.04,34.56,none,0
43,36,5.3,172.88,463.34,99.57,46.62,none,0
43,37,5.3,168.95,435.82,94.91,38.41,none,0
43,38,5.3,171.92,425.9,96.7,37.33,none,0
43,39,5.3,164.96,430.75,95.96,31.88,none,0
43,40,5.3,173.77,379.5,97.76,38.97,none,0
43,41,5.3,174.82,454.41,101.78,38.64,none,0
43,42,5.3,174.13,416.33,98.93,37.78,none,0
43,43,5.3,168.48,474.3,100.19,40.87,none,0
43,44,5.3,167.05,422.29,102.94,44.07,none,0
43,45,5.3,170.48,438.32,100.85,59.8,none,0
43,46,5.3,168.94,426.46,102.82,38.22,none,0
43,47,5.3,168.58,439.64,97.18,27.12,none,0
43,48,5.3,169.91,409.87,106.45,33.95,none,0
43,49,5.3,162.42,433.08,95.88,32.62,none,0
43,50,5.3,167.51,486.04,99.16,50.28,none,0
43,51,5.3,178.71,435.69,103.27,33.3,none,0
43,52,5.3,169.89,466.3,96.98,34.25,none,0
43,53,5.3,173.87,437.89,100.35,41.13,none,0
43,54,5.3,171.25,452.11,100.0,30.31,none,0
43,55,5.3,168.4,419.55,98.33,49.12,none,0
43,56,5.3,174.43,443.42,96.68,45.09,none,0
43,57,5.3,185.24,471.71,100.16,29.17,none,0
43,58,5.3,171.36,434.83,105.14,40.16,none,0
43,59,5.3,164.77,464.65,95.51,34.05,none,0
43,60,5.3,162.41,429.6,93.6,25.03,none,0
43,61,5.3,172.78,409.68,103.14,40.72,none,0
43,62,5.3,171.94,439.48,100.98,36.2,none,0
43,63,5.3,164.55,415.81,99.94,43.52,none,0
43,64,5.3,172.07,462.59,102.99,48.74,none,0
43,65,5.3,166.8,426.05,97.01,38.15,none,0
43,66,5.3,166.77,420.57,102.8,38.52,none,0
43,67,5.3,171.55,387.82,92.85,48.04,none,0
43,68,5.3,160.6,459.62,96.1,46.46,none,0
43,69,5.3,173.42,462.83,101.23,31.6,none,0
43,70,5.3,167.55,460.31,103.73,40.0,none,0
43,71,5.3,167.55,445.08,98.59,44.2,none,0
43,72,5.3,165.51,457.94,99.34,44.15,none,0
43,73,5.3,165.46,404.5,93.77,42.63,none,0
43,74,5.3,170.13,475.43,97.62,43.31,none,0
43,75,5.3,171.06,456.57,104.64,44.74,none,0
43,76,5.3,173.41,412.66,103.21,48.14,none,0
43,77,5.3,169.32,430.38,102.19,53.95,none,0
43,78,5.3,170.07,457.29,102.83,49.6,none,0
43,79,5.3,171.01,425.55,102.63,46.8,none,0
43,80,5.3,162.02,445.11,98.07,31.03,none,0
43,81,5.3,176.29,476.42,91.4,48.48,none,0
43,82,5.3,177.03,449.64,100.89,34.77,none,0
43,83,5.3,164.05,439.79,98.2,27.9,none,0
43,84,5.3,172.81,424.98,102.25,38.04,none,0
43,85,5.3,170.39,505.28,99.44,28.72,none,0
43,86,5.3,165.15,451.67,99.78,37.47,none,0
43,87,5.3,171.81,428.48,100.87,33.64,none,0
43,88,5.3,170.31,449.77,97.55,43.69,none,0
43,89,5.3,168.73,418.29,103.86,37.44,none,0
43,90,5.3,176.58,460.67,101.58,48.75,none,0
43,91,5.3,170.56,476.09,104.73,43.11,none,0
43,92,5.3,165.96,445.69,100.18,34.17,none,0
43,93,5.3,175.26,402.57,100.76,28.75,none,0
43,94,5.3,169.54,462.27,102.59,40.45,none,0
43,95,5.3,174.95,442.7,105.23,34.52,none,0
43,96,5.3,170.09,420.05,93.97,36.9,none,0
43,97,5.3,171.3,455.85,98.44,23.0,none,0
43,98,5.3,166.41,438.25,100.54,37.47,none,0
43,99,5.3,170.86,464.85,99.74,45.97,none,0
43,100,5.3,171.21,451.54,100.89,31.4,none,0
43,101,5.3,174.72,422.32,105.0,51.91,none,0
43,102,5.3,161.77,452.62,97.42,39.3,none,0
43,103,5.3,172.9,406.63,96.86,36.75,none,0
43,104,5.3,172.88,468.43,96.58,54.02,none,0
43,105,5.3,163.94,423.03,103.22,40.9,none,0
43,106,5.3,175.08,472.54,97.94,41.5,none,0
43,107,5.3,173.37,423.48,98.98,31.97,none,0
43,108,5.3,166.7,429.3,99.0,30.07,none,0
43,109,5.3,170.0,413.35,102.51,37.78,none,0
43,110,5.3,177.43,418.88,97.59,45.61,none,0
43,111,5.3,176.32,473.56,97.76,27.72,none,0
43,112,5.3,171.08,474.13,103.02,30.43,none,0
43,113,5.3,168.84,426.85,98.7,37.19,none,0
43,114,5.3,170.82,459.52,101.04,28.26,none,0
43,115,5.3,174.72,423.87,97.76,35.94,none,0
43,116,5.3,159.82,478.32,102.22,38.0,none,0
43,117,5.3,174.77,435.21,101.0,37.39,none,0
43,118,5.3,160.07,424.22,94.78,32.72,none,0
43,119,5.3,166.71,439.11,100.42,24.56,none,0
44,0,17.2,171.45,460.54,105.66,33.88,none,0
44,1,17.2,168.71,467.46,98.08,30.04,none,0
44,2,17.2,175.07,437.17,99.82,49.78,none,0
44,3,17.2,170.73,427.19,102.28,36.73,none,0
44,4,17.2,164.1,440.34,90.74,47.08,none,0
44,5,17.2,170.16,455.18,106.94,33.7,none,0
44,6,17.2,174.06,420.11,98.55,42.48,none,0
44,7,17.2,165.1,442.7,99.01,35.38,none,0
44,8,17.2,159.67,401.65,99.64,26.41,none,0
44,9,17.2,173.19,446.79,98.83,46.82,none,0
44,10,17.2,169.01,451.07,104.61,47.17,none,0
44,11,17.2,168.24,428.5,100.36,52.47,none,0
44,12,17.2,172.22,437.53,99.77,28.35,none,0
44,13,17.2,163.64,459.09,100.07,27.15,none,0
44,14,17.2,172.64,463.04,99.12,36.04,none,0
44,15,17.2,170.83,441.85,103.64,40.21,none,0
44,16,17.2,170.71,456.3,98.58,37.07,none,0
44,17,17.2,168.51,458.76,99.23,35.54,none,0
44,18,17.2,167.54,415.81,100.89,36.03,none,0
44,19,17.2,165.18,449.43,102.69,45.9,none,0
44,20,17.2,173.96,451.45,98.41,48.93,none,0
44,21,17.2,175.15,462.53,98.2,42.24,none,0
44,22,17.2,178.53,474.41,101.48,45.31,none,0
44,23,17.2,172.24,446.57,96.94,23.14,none,0
44,24,17.2,160.71,438.83,97.83,52.64,none,0
44,25,17.2,165.59,451.85,103.96,46.51,none,0
44,26,17.2,166.54,426.1,100.99,35.2,none,0
44,27,17.2,167.03,470.71,94.59,36.51,none,0
44,28,17.2,173.12,453.26,101.41,42.62,none,0
44,29,17.2,167.2,454.22,96.48,53.06,none,0
44,30,17.2,173.34,470.17,96.02,47.35,none,0
44,31,17.2,177.05,450.62,98.75,34.16,none,0
44,32,17.2,166.14,480.73,99.93,47.36,none,0
44,33,17.2,160.7,435.62,103.1,53.4,none,0
44,34,17.2,168.01,465.5,100.48,49.09,none,0
44,35,17.2,175.73,419.06,101.99,39.95,none,0
44,36,17.2,171.31,434.97,101.34,33.54,none,0
44,37,17.2,142.86,363.11,116.52,76.23,comp1,1
44,38,17.2,171.66,439.81,100.48,42.98,none,0
44,39,17.2,171.81,443.42,98.65,48.39,none,0
44,40,17.2,180.24,458.07,96.07,46.5,none,0
44,41,17.2,179.19,430.34,100.56,40.4,none,0
44,42,17.2,173.43,470.94,97.8,38.33,none,0
44,43,17.2,173.42,436.15,100.96,49.96,none,0
44,44,17.2,160.6,487.66,99.75,48.7,none,0
44,45,17.2,174.0,449.82,97.15,46.1,none,0
44,46,17.2,164.38,476.12,97.91,43.98,none,0
44,47,17.2,170.23,444.99,97.59,51.46,none,0
44,48,17.2,163.81,460.73,104.78,40.35,none,0
44,49,17.2,168.05,489.25,105.94,37.54,none,0
44,50,17.2,175.39,462.66,98.2,42.57,none,0
44,51,17.2,168.31,463.53,98.81,34.09,none,0
44,52,17.2,167.33,452.07,98.79,42.22,none,0
44,53,17.2,172.62,460.25,100.18,31.16,none,0
44,54,17.2,172.11,475.18,97.28,45.97,none,0
44,55,17.2,168.52,440.61,96.51,28.42,none,0
44,56,17.2,168.76,432.78,97.84,24.39,none,0
44,57,17.2,163.92,448.02,102.86,44.87,none,0
44,58,17.2,161.93,437.49,99.55,37.74,none,0
44,59,17.2,171.12,469.27,101.81,45.75,none,0
44,60,17.2,169.95,471.0,104.48,23.47,none,0
44,61,17.2,170.34,452.08,103.65,25.06,none,0
44,62,17.2,168.66,478.81,95.06,31.16,none,0
44,63,17.2,167.52,428.37,102.98,39.55,none,0
44,64,17.2,167.56,436.48,99.05,38.78,none,0
44,65,17.2,170.2,468.83,101.77,45.25,none,0
44,66,17.2,173.33,435.62,95.22,39.76,none,0
44,67,17.2,162.59,460.74,100.25,39.9,none,0
44,68,17.2,171.81,445.04,100.12,46.13,none,0
44,69,17.2,176.6,458.22,99.79,46.52,none,0
44,70,17.2,173.67,428.35,99.27,46.42,none,0
44,71,17.2,171.71,445.88,97.29,25.08,none,0
44,72,17.2,172.75,459.68,97.23,38.16,none,0
44,73,17.2,164.76,430.73,97.48,51.37,none,0
44,74,17.2,166.03,456.35,101.74,50.93,none,0
44,75,17.2,173.48,436.41,99.51,23.29,none,0
44,76,17.2,174.46,452.45,98.63,48.68,none,0
44,77,17.2,174.69,411.39,99.18,39.41,none,0
44,78,17.2,172.0,464.71,99.49,41.25,none,0
44,79,17.2,157.51,477.83,100.87,31.66,none,0
44,80,17.2,174.14,456.79,99.91,30.13,none,0
44,81,17.2,170.93,475.71,103.15,44.5,none,0
44,82,17.2,169.82,457.63,102.16,43.29,none,0
44,83,17.2,175.31,448.59,102.71,41.85,none,0
44,84,17.2,179.43,451.75,100.67,34.69,none,0
44,85,17.2,166.56,423.1,99.12,40.76,none,0
44,86,17.2,169.29,456.37,107.94,34.67,none,0
44,87,17.2,165.94,424.92,102.12,30.67,none,0
44,88,17.2,170.28,466.03,100.3,41.31,none,0
44,89,17.2,167.58,467.34,100.73,34.7,none,0
44,90,17.2,165.85,430.2,102.15,33.39,none,0
44,91,17.2,171.73,431.03,100.07,23.09,none,0
44,92,17.2,179.82,438.54,103.07,58.19,none,0
44,93,17.2,174.24,426.71,93.83,31.13,none,0
44,94,17.2,169.84,473.41,93.57,42.64,none,0
44,95,17.2,176.04,490.21,94.39,29.99,none,0
44,96,17.2,174.92,443.72,101.72,34.95,none,0
44,97,17.2,165.2,455.81,102.39,52.13,none,0
44,98,17.2,174.19,439.35,99.44,33.03,none,0
44,99,17.2,156.81,459.16,97.97,26.12,none,0
44,100,17.2,169.19,460.77,96.76,41.89,none,0
44,101,17.2,172.14,437.7,95.43,39.81,none,0
44,102,17.2,167.28,455.11,99.98,54.97,none,0
44,103,17.2,165.94,453.71,99.87,41.72,none,0
44,104,17.2,167.63,467.93,100.03,40.71,none,0
44,105,17.2,162.72,451.8,99.2,39.26,none,0
44,106,17.2,175.04,433.36,103.34,39.53,none,0
44,107,17.2,172.88,463.63,98.75,38.93,none,0
44,108,17.2,163.75,423.79,100.14,39.35,none,0
44,109,17.2,165.01,438.77,104.0,23.46,none,0
44,110,17.2,167.42,441.08,102.58,58.61,none,0
44,111,17.2,174.02,446.02,104.77,33.12,none,0
44,112,17.2,173.93,463.6,101.3,35.61,none,0
44,113,17.2,170.08,461.82,98.42,41.86,none,0
44,114,17.2,167.0,456.73,96.31,23.36,none,0
44,115,17.2,173.47,436.15,99.04,29.17,none,0
44,116,17.2,175.61,439.82,104.35,47.67,none,0
44,117,17.2,177.62,415.69,102.37,43.54,none,0
44,118,17.2,165.03,482.7,96.97,25.48,none,0
44,119,17.2,172.86,449.36,102.71,11.78,none,0
45,0,2.9,163.71,420.8,97.56,25.44,none,0
45,1,2.9,156.98,458.26,102.66,37.79,none,0
45,2,2.9,167.19,436.48,100.83,45.6,none,0
45,3,2.9,170.26,423.8,104.3,39.38,none,0
45,4,2.9,176.03,479.57,101.0,34.89,none,0
45,5,2.9,166.9,448.77,102.64,49.51,none,0
45,6,2.9,171.04,422.59,103.6,29.6,none,0
45,7,2.9,168.72,485.52,98.75,49.26,none,0
45,8,2.9,178.72,432.38,101.57,31.27,none,0
45,9,2.9,166.98,456.19,105.68,39.71,none,0
45,10,2.9,178.03,437.69,96.49,45.54,none,0
45,11,2.9,170.83,447.7,100.06,37.09,none,0
45,12,2.9,161.78,442.71,105.44,33.92,none,0
45,13,2.9,173.17,465.26,101.24,32.26,none,0
45,14,2.9,163.85,467.17,101.88,39.1,none,0
45,15,2.9,178.2,466.09,103.33,42.31,none,0
45,16,2.9,171.52,435.37,100.38,33.73,none,0
45,17,2.9,171.35,448.61,100.68,48.49,none,0
45,18,2.9,168.89,466.01,97.54,30.06,none,0
45,19,2.9,171.67,456.32,102.21,40.28,none,0
45,20,2.9,168.56,454.22,102.51,31.96,none,0
45,21,2.9,164.27,471.41,104.18,42.93,none,0
45,22,2.9,172.65,445.2,100.91,52.86,none,0
45,23,2.9,167.38,473.18,100.71,30.26,none,0
45,24,2.9,171.24,460.84,96.75,39.54,none,0
45,25,2.9,170.52,434.74,97.75,55.38,none,0
45,26,2.9,171.18,443.58,104.91,34.26,none,0
45,27,2.9,170.6,441.37,103.46,50.6,none,0
45,28,2.9,172.42,452.02,100.9,33.61,none,0
45,29,2.9,172.38,490.95,98.71,37.88,none,0
45,30,2.9,163.45,449.74,100.55,48.36,none,0
45,31,2.9,175.38,412.11,97.26,47.07,none,0
45,32,2.9,170.12,455.68,93.89,49.44,none,0
45,33,2.9,174.91,455.5,103.73,36.32,none,0
45,34,2.9,170.66,463.52,101.66,41.15,none,0
45,35,2.9,173.78,432.81,105.28,32.85,none,0
45,36,2.9,168.99,448.68,96.51,33.37,none,0
45,37,2.9,176.76,417.89,100.48,50.28,none,0
45,38,2.9,166.2,385.81,100.7,46.61,none,0
45,39,2.9,172.16,447.77,100.84,47.45,none,0
45,40,2.9,169.83,444.16,95.26,44.05,none,0
45,41,2.9,166.12,464.54,100.59,39.47,none,0
45,42,2.9,170.7,433.2,98.41,30.75,none,0
45,43,2.9,170.03,435.57,97.26,34.34,none,0
45,44,2.9,175.08,458.38,100.12,49.21,none,0
45,45,2.9,170.19,416.39,97.23,43.96,none,0
45,46,2.9,167.59,450.17,105.11,44.76,none,0
45,47,2.9,165.36,447.5,99.81,46.27,none,0
45,48,2.9,172.45,456.84,98.4,44.86,none,0
45,49,2.9,179.91,477.45,99.51,40.18,none,0
45,50,2.9,161.34,431.08,103.65,42.03,none,0
45,51,2.9,174.65,504.49,102.37,45.98,none,0
45,52,2.9,171.47,467.67,101.43,30.07,none,0
45,53,2.9,180.9,480.88,98.8,50.61,none,0
45,54,2.9,161.15,437.79,96.99,37.31,none,0
45,55,2.9,167.19,457.33,102.78,40.54,none,0
45,56,2.9,167.68,456.31,101.67,42.95,none,0
45,57,2.9,174.42,438.72,100.56,52.36,none,0
45,58,2.9,164.37,459.55,99.48,40.17,none,0
45,59,2.9,166.3,418.51,98.48,36.98,none,0
45,60,2.9,173.98,432.65,104.35,30.96,none,0
45,61,2.9,164.69,424.44,102.45,36.34,none,0
45,62,2.9,170.95,410.63,98.5,39.42,none,0
45,63,2.9,176.13,450.78,95.75,47.04,none,0
45,64,2.9,167.35,452.44,96.37,36.81,none,0
45,65,2.9,165.47,445.2,100.07,49.43,none,0
45,66,2.9,169.82,435.3,99.41,43.76,none,0
45,67,2.9,162.85,422.79,99.03,44.68,none,0
45,68,2.9,176.95,429.65,98.53,40.39,none,0
45,69,2.9,173.53,461.65,101.73,38.8,none,0
45,70,2.9,173.77,467.99,101.87,37.23,none,0
45,71,2.9,175.29,451.19,99.02,52.61,none,0
45,72,2.9,164.21,444.06,100.05,20.3,none,0
45,73,2.9,164.07,464.82,103.74,43.36,none,0
45,74,2.9,172.06,461.76,104.03,39.75,none,0
45,75,2.9,168.54,456.66,95.15,41.35,none,0
45,76,2.9,179.02,431.28,94.56,35.88,none,0
45,77,2.9,167.09,439.91,101.48,42.56,none,0
45,78,2.9,170.07,496.82,103.0,33.84,none,0
45,79,2.9,167.47,448.78,93.87,24.34,none,0
45,80,2.9,169.23,456.07,99.74,38.74,none,0
45,81,2.9,173.35,432.24,98.89,42.22,none,0
45,82,2.9,177.53,451.45,98.3,57.76,none,0
45,83,2.9,175.5,449.71,102.73,56.57,none,0
45,84,2.9,170.31,453.75,98.74,46.37,none,0
45,85,2.9,169.15,427.94,101.25,47.14,none,0
45,86,2.9,164.88,428.31,102.0,36.69,none,0
45,87,2.9,172.45,466.88,107.48,29.15,none,0
45,88,2.9,172.33,434.37,100.5,36.85,none,0
45,89,2.9,170.38,438.89,99.17,26.18,none,0
45,90,2.9,168.3,461.91,100.49,34.24,none,0
45,91,2.9,174.47,424.66,104.98,58.49,none,0
45,92,2.9,166.9,431.26,93.61,37.83,none,0
45,93,2.9,175.82,453.61,103.11,44.24,none,0
45,94,2.9,189.35,412.47,103.78,29.66,none,0
45,95,2.9,173.69,464.47,97.92,35.66,none,0
45,96,2.9,167.01,422.16,100.29,34.55,none,0
45,97,2.9,171.12,454.24,95.39,25.64,none,0
45,98,2.9,165.67,442.4,100.92,37.59,none,0
45,99,2.9,172.29,446.96,98.17,17.1,none,0
45,100,2.9,173.14,441.85,95.93,41.83,none,0
45,101,2.9,164.09,429.66,97.42,47.05,none,0
45,102,2.9,179.36,425.03,96.69,40.39,none,0
45,103,2.9,172.77,421.94,101.55,30.14,none,0
45,104,2.9,177.01,445.51,99.91,37.38,none,0
45,105,2.9,169.45,441.03,102.28,57.15,none,0
45,106,2.9,169.79,466.86,100.85,51.22,none,0
45,107,2.9,170.56,441.32,100.22,36.48,none,0
45,108,2.9,162.08,469.08,99.21,30.94,none,0
45,109,2.9,174.6,470.36,101.82,41.68,none,0
45,110,2.9,174.56,397.79,101.76,29.84,none,0
45,111,2.9,161.11,450.52,102.3,37.48,none,0
45,112,2.9,179.82,438.87,100.4,45.68,none,0
45,113,2.9,160.35,446.65,101.43,29.02,none,0
45,114,2.9,168.77,458.75,100.63,37.03,none,0
45,115,2.9,166.18,460.27,100.16,42.1,none,0
45,116,2.9,166.78,469.89,100.73,49.02,none,0
45,117,2.9,172.7,452.62,100.76,44.04,none,0
45,118,2.9,172.28,458.35,100.87,40.05,none,0
45,119,2.9,169.09,453.46,96.03,29.57,none,0
46,0,7.6,175.99,495.29,99.53,24.47,none,0
46,1,7.6,170.73,487.12,100.82,49.11,none,0
46,2,7.6,171.12,458.7,98.3,30.72,none,0
46,3,7.6,164.24,462.17,96.3,37.32,none,0
46,4,7.6,171.22,458.28,100.0,48.37,none,0
46,5,7.6,166.62,424.56,99.6,39.28,none,0
46,6,7.6,173.84,437.52,100.06,40.67,none,0
46,7,7.6,171.32,416.96,101.46,35.64,none,0
46,8,7.6,171.69,432.31,97.2,33.05,none,0
46,9,7.6,164.12,435.16,95.34,61.85,none,0
46,10,7.6,177.96,447.2,96.76,42.78,none,0
46,11,7.6,174.42,431.56,105.81,47.9,none,0
46,12,7.6,167.21,443.82,100.37,31.9,none,0
46,13,7.6,174.49,455.82,98.87,42.42,none,0
46,14,7.6,170.54,414.21,102.83,53.76,none,0
46,15,7.6,169.49,439.38,107.7,30.04,none,0
46,16,7.6,171.24,434.79,100.25,26.5,none,0
46,17,7.6,171.84,432.9,96.17,43.03,none,0
46,18,7.6,164.47,473.95,100.9,36.76,none,0
46,19,7.6,176.09,445.01,106.8,32.99,none,0
46,20,7.6,169.06,451.72,100.78,31.2,none,0
46,21,7.6,171.39,451.44,98.85,52.44,none,0
46,22,7.6,178.52,448.5,98.58,36.4,none,0
46,23,7.6,175.19,434.76,104.82,49.46,none,0
46,24,7.6,168.12,458.37,99.83,40.33,none,0
46,25,7.6,168.14,460.17,99.69,33.81,none,0
46,26,7.6,175.02,458.55,98.53,54.78,none,0
46,27,7.6,169.87,415.88,98.74,37.56,none,0
46,28,7.6,173.4,424.48,100.35,38.16,none,0
46,29,7.6,166.4,418.18,95.87,30.31,none,0
46,30,7.6,167.03,458.43,97.52,45.29,none,0
46,31,7.6,168.93,458.18,99.01,36.37,none,0
46,32,7.6,159.81,407.6,96.65,38.34,none,0
46,33,7.6,175.47,475.9,101.79,31.72,none,0
46,34,7.6,174.6,439.97,99.53,30.07,none,0
46,35,7.6,166.75,449.74,95.95,40.73,none,0
46,36,7.6,163.7,467.84,100.46,54.57,none,0
46,37,7.6,160.79,459.44,104.94,43.67,none,0
46,38,7.6,167.55,435.82,103.28,38.8,none,0
46,39,7.6,175.21,422.96,99.2,39.72,none,0
46,40,7.6,163.51,493.97,100.16,41.24,none,0
46,41,7.6,172.48,446.64,95.86,40.46,none,0
46,42,7.6,166.71,442.85,102.56,38.26,none,0
46,43,7.6,172.78,475.59,101.01,44.05,none,0
46,44,7.6,179.4,477.32,102.8,39.27,none,0
46,45,7.6,165.78,445.69,98.86,49.04,none,0
46,46,7.6,169.92,428.51,105.15,46.92,none,0
46,47,7.6,171.63,439.97,97.71,34.51,none,0
46,48,7.6,174.49,430.49,103.7,47.03,none,0
46,49,7.6,173.67,470.54,98.81,43.29,none,0
46,50,7.6,166.88,446.65,103.73,48.33,none,0
46,51,7.6,171.7,419.53,98.2,42.24,none,0
46,52,7.6,168.99,409.5,100.81,50.97,none,0
46,53,7.6,165.44,436.05,103.27,47.8,none,0
46,54,7.6,179.43,470.88,102.19,40.81,none,0
46,55,7.6,167.83,443.87,99.17,46.87,none,0
46,56,7.6,174.08,437.0,102.4,47.41,none,0
46,57,7.6,168.61,453.66,103.46,41.24,none,0
46,58,7.6,170.4,463.13,102.63,25.95,none,0
46,59,7.6,163.77,455.27,97.89,41.94,none,0
46,60,7.6,167.87,444.77,100.76,42.05,none,0
46,61,7.6,165.19,439.57,103.89,37.0,none,0
46,62,7.6,168.36,449.7,97.84,41.72,none,0
46,63,7.6,160.43,443.8,98.05,43.2,none,0
46,64,7.6,179.59,458.49,99.23,47.68,none,0
46,65,7.6,158.7,420.71,98.31,64.77,none,0
46,66,7.6,172.73,425.65,93.42,42.89,none,0
46,67,7.6,170.25,466.83,101.18,40.42,none,0
46,68,7.6,170.25,447.72,98.22,39.87,none,0
46,69,7.6,165.99,470.44,101.0,33.75,none,0
46,70,7.6,164.92,467.04,96.84,31.42,none,0
46,71,7.6,169.49,461.79,99.67,40.4,none,0
46,72,7.6,174.34,450.1,94.95,36.72,none,0
46,73,7.6,171.75,457.89,103.15,32.64,none,0
46,74,7.6,168.43,461.04,98.74,46.23,none,0
46,75,7.6,171.0,425.4,99.92,37.88,none,0
46,76,7.6,180.1,431.1,99.45,46.51,none,0
46,77,7.6,164.0,457.45,100.76,60.43,none,0
46,78,7.6,174.81,451.22,102.16,30.1,none,0
46,79,7.6,170.71,438.64,96.95,33.26,none,0
46,80,7.6,172.45,472.89,99.27,26.6,none,0
46,81,7.6,172.53,451.59,100.23,50.74,none,0
46,82,7.6,163.97,491.49,101.66,32.44,none,0
46,83,7.6,168.82,470.03,101.19,35.65,none,0
46,84,7.6,163.91,417.13,98.33,58.14,none,0
46,85,7.6,170.86,406.04,105.28,15.77,none,0
46,86,7.6,155.66,445.06,105.4,52.24,none,0
46,87,7.6,185.62,446.74,92.46,35.61,none,0
46,88,7.6,174.24,466.96,95.78,45.63,none,0
46,89,7.6,167.64,426.4,98.17,23.08,none,0
46,90,7.6,167.91,422.84,97.46,32.06,none,0
46,91,7.6,160.8,468.67,101.59,39.34,none,0
46,92,7.6,175.29,446.12,97.12,51.84,none,0
46,93,7.6,178.25,482.7,101.86,41.14,none,0
46,94,7.6,168.31,454.6,103.66,52.62,none,0
46,95,7.6,173.08,448.03,102.05,41.81,none,0
46,96,7.6,167.5,456.3,96.86,37.91,none,0
46,97,7.6,166.18,463.42,98.24,29.59,none,0
46,98,7.6,171.33,466.98,98.32,41.93,none,0
46,99,7.6,165.6,462.58,102.81,36.59,none,0
46,100,7.6,171.77,451.47,99.43,32.9,none,0
46,101,7.6,168.06,461.05,99.58,63.37,none,0
46,102,7.6,173.83,432.83,103.67,33.48,none,0
46,103,7.6,173.52,416.77,97.7,31.75,none,0
46,104,7.6,171.06,463.66,99.1,38.42,none,0
46,105,7.6,175.95,468.08,105.36,28.92,none,0
46,106,7.6,167.03,440.74,95.85,33.68,none,0
46,107,7.6,170.19,489.84,104.15,38.98,none,0
46,108,7.6,174.39,456.55,92.2,49.05,none,0
46,109,7.6,173.67,410.59,106.32,37.96,none,0
46,110,7.6,166.41,476.67,101.55,31.81,none,0
46,111,7.6,163.32,466.57,101.28,44.57,none,0
46,112,7.6,171.39,505.14,98.85,47.52,none,0
46,113,7.6,172.6,456.98,102.39,44.9,none,0
46,114,7.6,177.69,431.92,99.3,39.48,none,0
46,115,7.6,174.25,475.54,94.54,40.15,none,0
46,116,7.6,171.27,448.96,99.48,41.73,none,0
46,117,7.6,167.23,433.9,101.83,24.36,none,0
46,118,7.6,175.13,430.57,102.01,42.71,none,0
46,119,7.6,166.78,481.7,97.0,46.35,none,0
47,0,3.8,173.83,438.73,99.57,31.53,none,0
47,1,3.8,166.03,466.01,98.37,46.46,none,0
47,2,3.8,164.65,438.53,92.18,39.47,none,0
47,3,3.8,173.81,461.75,98.64,42.78,none,0
47,4,3.8,166.03,463.43,99.02,39.29,none,0
47,5,3.8,167.02,414.45,107.96,38.39,none,0
47,6,3.8,169.6,468.99,101.79,50.66,none,0
47,7,3.8,174.7,470.87,98.64,42.75,none,0
47,8,3.8,176.87,437.75,99.51,44.6,none,0
47,9,3.8,167.68,466.95,104.15,43.15,none,0
47,10,3.8,170.93,460.06,99.11,37.89,none,0
47,11,3.8,169.8,449.8,100.14,39.81,none,0
47,12,3.8,172.42,465.47,97.42,39.5,none,0
47,13,3.8,174.01,461.15,100.6,50.24,none,0
47,14,3.8,172.71,496.46,103.7,41.39,none,0
47,15,3.8,177.1,452.03,98.35,36.46,none,0
47,16,3.8,168.49,447.21,99.23,26.4,none,0
47,17,3.8,169.11,477.31,105.4,52.72,none,0
47,18,3.8,171.39,447.14,98.5,33.65,none,0
47,19,3.8,173.88,427.23,100.32,50.11,none,0
47,20,3.8,168.19,423.67,99.33,39.57,none,0
47,21,3.8,137.55,390.26,116.05,64.96,comp3,1
47,22,3.8,174.24,454.61,98.66,29.04,none,0
47,23,3.8,173.96,446.18,96.85,24.44,none,0
47,24,3.8,171.79,417.44,95.66,45.74,none,0
47,25,3.8,180.26,486.86,96.96,28.1,none,0
47,26,3.8,171.77,459.19,101.82,49.01,none,0
47,27,3.8,172.2,495.08,93.26,50.08,none,0
47,28,3.8,173.96,475.75,97.28,40.67,none,0
47,29,3.8,165.88,447.33,98.74,43.94,none,0
47,30,3.8,181.84,464.03,97.53,39.99,none,0
47,31,3.8,162.53,417.38,95.87,46.65,none,0
47,32,3.8,170.76,442.49,103.46,44.55,none,0
47,33,3.8,172.48,445.85,100.81,23.69,none,0
47,34,3.8,164.28,466.35,102.91,42.6,none,0
47,35,3.8,172.33,424.5,101.02,49.46,none,0
47,36,3.8,167.9,462.94,99.34,27.65,none,0
47,37,3.8,176.07,446.92,100.12,47.5,none,0
47,38,3.8,175.58,429.2,99.19,34.45,none,0
47,39,3.8,164.82,429.27,97.04,47.63,none,0
47,40,3.8,166.97,446.83,97.73,31.68,none,0
47,41,3.8,168.67,474.3,96.2,49.69,none,0
47,42,3.8,166.8,432.55,99.51,36.59,none,0
47,43,3.8,162.28,432.44,97.53,42.23,none,0
47,44,3.8,172.78,458.02,99.61,31.54,none,0
47,45,3.8,166.85,423.78,100.2,24.1,none,0
47,46,3.8,172.77,419.47,101.69,54.0,none,0
47,47,3.8,171.15,455.63,97.67,42.46,none,0
47,48,3.8,172.65,399.14,100.53,46.68,none,0
47,49,3.8,166.37,460.98,101.42,39.84,none,0
47,50,3.8,171.03,409.12,105.72,34.9,none,0
47,51,3.8,173.08,446.91,96.09,57.31,none,0
47,52,3.8,172.76,426.72,101.48,26.76,none,0
47,53,3.8,162.79,447.36,96.16,40.84,none,0
47,54,3.8,165.08,490.97,96.35,34.44,none,0
47,55,3.8,176.21,445.69,99.01,39.11,none,0
47,56,3.8,170.07,452.23,100.62,47.71,none,0
47,57,3.8,166.02,455.88,101.75,51.88,none,0
47,58,3.8,171.3,454.32,100.68,32.17,none,0
47,59,3.8,169.82,407.18,97.45,38.81,none,0
47,60,3.8,169.99,448.78,104.46,41.03,none,0
47,61,3.8,174.26,474.75,95.15,47.67,none,0
47,62,3.8,177.96,480.81,100.23,49.34,none,0
47,63,3.8,164.76,410.34,101.27,45.67,none,0
47,64,3.8,173.76,417.79,102.58,36.19,none,0
47,65,3.8,165.15,441.16,98.35,37.06,none,0
47,66,3.8,164.28,444.49,100.68,47.02,none,0
47,67,3.8,166.13,415.71,96.0,51.33,none,0
47,68,3.8,171.15,485.71,107.9,30.94,none,0
47,69,3.8,170.41,413.11,101.6,30.27,none,0
47,70,3.8,170.67,485.37,100.21,31.89,none,0
47,71,3.8,173.64,457.5,102.05,49.25,none,0
47,72,3.8,175.85,434.73,103.86,33.19,none,0
47,73,3.8,172.5,446.39,97.86,39.03,none,0
47,74,3.8,171.67,448.82,92.05,18.91,none,0
47,75,3.8,166.19,450.4,104.57,44.99,none,0
47,76,3.8,169.74,461.42,104.5,34.64,none,0
47,77,3.8,170.59,447.77,98.85,41.65,none,0
47,78,3.8,171.75,443.18,97.52,31.39,none,0
47,79,3.8,173.33,454.33,96.19,31.34,none,0
47,80,3.8,164.66,462.7,97.22,31.65,none,0
47,81,3.8,174.74,485.34,100.98,35.2,none,0
47,82,3.8,168.61,452.98,102.08,54.69,none,0
47,83,3.8,166.6,407.02,103.55,37.17,none,0
47,84,3.8,166.34,455.88,105.13,42.26,none,0
47,85,3.8,161.35,433.84,106.24,35.87,none,0
47,86,3.8,179.54,413.26,104.44,34.16,none,0
47,87,3.8,171.23,446.16,102.54,39.0,none,0
47,88,3.8,170.68,448.9,98.41,45.42,none,0
47,89,3.8,174.04,441.17,102.91,47.34,none,0
47,90,3.8,173.72,431.87,98.42,31.2,none,0
47,91,3.8,167.24,473.57,98.63,50.6,none,0
47,92,3.8,162.83,412.5,101.27,47.36,none,0
47,93,3.8,165.62,479.86,103.45,33.15,none,0
47,94,3.8,166.06,394.89,101.29,24.51,none,0
47,95,3.8,164.23,420.14,101.61,42.13,none,0
47,96,3.8,165.02,428.5,96.27,41.34,none,0
47,97,3.8,169.01,456.0,96.42,34.95,none,0
47,98,3.8,176.09,479.14,98.14,40.99,none,0
47,99,3.8,167.14,439.65,97.34,38.9,none,0
47,100,3.8,170.09,433.19,100.64,45.99,none,0
47,101,3.8,171.4,467.11,99.28,31.92,none,0
47,102,3.8,175.09,443.84,98.03,42.93,none,0
47,103,3.8,168.3,475.03,95.54,46.07,none,0
47,104,3.8,168.52,475.63,102.9,24.24,none,0
47,105,3.8,171.73,417.28,103.37,48.34,none,0
47,106,3.8,178.47,425.63,100.41,39.93,none,0
47,107,3.8,163.57,450.3,98.24,42.86,none,0
47,108,3.8,172.19,466.98,99.87,45.45,none,0
47,109,3.8,169.03,450.93,98.07,25.94,none,0
47,110,3.8,177.64,432.54,98.05,34.48,none,0
47,111,3.8,169.29,453.32,103.82,47.37,none,0
47,112,3.8,173.3,474.13,100.19,46.03,none,0
47,113,3.8,175.82,468.36,101.63,39.55,none,0
47,114,3.8,169.82,433.14,100.55,35.35,none,0
47,115,3.8,171.58,413.96,96.98,31.14,none,0
47,116,3.8,165.51,448.39,98.84,28.68,none,0
47,117,3.8,174.48,431.69,102.21,37.72,none,0
47,118,3.8,167.22,453.73,99.25,58.97,none,0
47,119,3.8,165.37,444.43,99.51,33.77,none,0
48,0,19.6,173.91,440.94,100.83,44.68,none,0
48,1,19.6,174.77,493.71,97.27,42.8,none,0
48,2,19.6,172.84,417.13,104.48,58.58,none,0
48,3,19.6,174.62,483.05,101.21,50.98,none,0
48,4,19.6,171.9,469.59,100.98,28.16,none,0
48,5,19.6,172.86,485.19,98.17,38.36,none,0
48,6,19.6,167.46,445.94,99.74,42.44,none,0
48,7,19.6,169.3,444.68,100.76,27.65,none,0
48,8,19.6,175.61,453.97,99.57,28.84,none,0
48,9,19.6,163.54,456.71,101.58,33.75,none,0
48,10,19.6,173.06,423.88,101.94,33.17,none,0
48,11,19.6,173.44,444.27,99.7,32.62,none,0
48,12,19.6,164.12,466.36,99.8,51.28,none,0
48,13,19.6,166.64,468.56,97.34,45.78,none,0
48,14,19.6,172.4,424.99,97.6,40.6,none,0
48,15,19.6,159.51,443.41,104.46,39.63,none,0
48,16,19.6,179.72,419.57,99.29,43.57,none,0
48,17,19.6,170.27,456.8,104.35,36.99,none,0
48,18,19.6,171.78,480.37,103.03,36.4,none,0
48,19,19.6,164.01,450.74,95.08,37.41,none,0
48,20,19.6,171.41,465.35,100.79,27.99,none,0
48,21,19.6,168.27,434.44,98.56,37.41,none,0
48,22,19.6,165.27,450.17,102.52,30.63,none,0
48,23,19.6,163.23,444.99,106.82,27.25,none,0
48,24,19.6,169.9,429.77,105.0,35.83,none,0
48,25,19.6,167.55,450.2,100.52,33.0,none,0
48,26,19.6,162.34,457.66,104.12,38.19,none,0
48,27,19.6,172.57,449.24,103.08,37.28,none,0
48,28,19.6,163.16,438.55,94.56,25.45,none,0
48,29,19.6,165.26,455.99,92.17,34.64,none,0
48,30,19.6,168.95,429.0,98.3,40.24,none,0
48,31,19.6,176.09,471.34,99.07,30.29,none,0
48,32,19.6,167.69,468.06,99.89,32.05,none,0
48,33,19.6,168.22,464.37,92.96,45.56,none,0
48,34,19.6,164.32,454.8,96.33,54.01,none,0
48,35,19.6,169.07,446.42,100.75,44.72,none,0
48,36,19.6,177.08,445.72,100.43,28.54,none,0
48,37,19.6,166.62,449.14,99.93,46.38,none,0
48,38,19.6,178.32,466.31,99.66,35.83,none,0
48,39,19.6,167.58,475.05,96.54,37.24,none,0
48,40,19.6,173.32,448.42,95.42,40.47,none,0
48,41,19.6,176.94,458.19,96.6,54.91,none,0
48,42,19.6,174.51,423.56,102.76,40.57,none,0
48,43,19.6,177.74,450.47,104.1,35.92,none,0
48,44,19.6,172.18,459.83,102.59,50.08,none,0
48,45,19.6,158.95,447.79,102.49,45.77,none,0
48,46,19.6,167.76,438.88,103.81,49.58,none,0
48,47,19.6,169.11,452.22,102.49,47.17,none,0
48,48,19.6,168.32,439.04,97.43,38.29,none,0
48,49,19.6,179.06,437.02,96.54,32.36,none,0
48,50,19.6,169.75,444.3,103.02,39.25,none,0
48,51,19.6,167.39,458.5,95.4,40.74,none,0
48,52,19.6,173.57,445.01,95.73,49.81,none,0
48,53,19.6,168.47,417.26,95.98,38.0,none,0
48,54,19.6,173.44,474.71,97.28,35.72,none,0
48,55,19.6,172.33,475.07,101.48,50.95,none,0
48,56,19.6,178.71,435.92,99.76,51.06,none,0
48,57,19.6,165.68,475.54,96.96,27.26,none,0
48,58,19.6,178.76,412.74,104.34,33.59,none,0
48,59,19.6,162.41,459.07,103.86,34.46,none,0
48,60,19.6,181.97,435.36,95.54,42.04,none,0
48,61,19.6,164.58,456.38,98.92,46.29,none,0
48,62,19.6,161.8,446.85,93.55,48.17,none,0
48,63,19.6,170.22,449.39,99.79,32.26,none,0
48,64,19.6,170.68,444.58,106.32,36.41,none,0
48,65,19.6,171.72,406.18,97.59,35.98,none,0
48,66,19.6,171.32,455.68,94.32,40.38,none,0
48,67,19.6,167.43,431.61,98.08,46.84,none,0
48,68,19.6,165.28,459.5,98.21,31.0,none,0
48,69,19.6,168.73,435.09,98.5,34.99,none,0
48,70,19.6,160.95,423.38,103.83,30.59,none,0
48,71,19.6,168.96,484.09,98.61,35.45,none,0
48,72,19.6,166.74,435.38,95.68,44.18,none,0
48,73,19.6,156.36,442.43,101.42,49.08,none,0
48,74,19.6,169.37,479.3,97.41,51.35,none,0
48,75,19.6,169.99,470.49,105.65,55.74,none,0
48,76,19.6,165.54,442.43,100.67,37.48,none,0
48,77,19.6,165.3,470.16,97.76,44.11,none,0
48,78,19.6,167.57,488.38,98.72,41.33,none,0
48,79,19.6,170.9,454.98,106.2,41.46,none,0
48,80,19.6,172.12,482.52,102.44,45.97,none,0
48,81,19.6,167.64,442.41,93.7,41.02,none,0
48,82,19.6,168.59,459.24,100.69,44.72,none,0
48,83,19.6,137.69,403.84,113.2,86.1,comp3,1
48,84,19.6,174.37,422.78,101.31,43.77,none,0
48,85,19.6,159.15,426.85,96.57,49.41,none,0
48,86,19.6,165.64,496.39,103.38,44.72,none,0
48,87,19.6,164.5,391.64,98.96,40.64,none,0
48,88,19.6,175.43,451.44,103.37,37.72,none,0
48,89,19.6,175.38,451.92,97.83,33.39,none,0
48,90,19.6,175.57,478.3,101.38,30.13,none,0
48,91,19.6,169.23,457.0,97.04,22.97,none,0
48,92,19.6,164.66,469.72,105.66,39.68,none,0
48,93,19.6,173.46,397.82,98.98,36.78,none,0
48,94,19.6,167.76,471.34,99.11,34.94,none,0
48,95,19.6,162.86,447.08,104.28,41.07,none,0
48,96,19.6,169.77,418.39,100.46,60.06,none,0
48,97,19.6,173.38,460.61,98.32,39.85,none,0
48,98,19.6,170.41,430.5,98.3,53.48,none,0
48,99,19.6,169.78,471.91,96.98,29.63,none,0
48,100,19.6,166.74,446.02,100.88,34.73,none,0
48,101,19.6,170.49,455.73,102.36,41.64,none,0
48,102,19.6,165.33,469.45,102.56,27.12,none,0
48,103,19.6,169.57,422.63,99.62,41.68,none,0
48,104,19.6,170.95,485.15,98.5,38.99,none,0
48,105,19.6,168.42,452.65,100.74,36.2,none,0
48,106,19.6,166.17,464.68,98.91,28.75,none,0
48,107,19.6,169.89,432.21,103.69,19.15,none,0
48,108,19.6,173.13,425.09,97.66,31.88,none,0
48,109,19.6,175.27,458.65,98.99,41.64,none,0
48,110,19.6,168.13,443.34,96.67,34.33,none,0
48,111,19.6,179.76,416.62,99.52,35.02,none,0
48,112,19.6,171.66,445.01,99.26,41.79,none,0
48,113,19.6,164.24,469.58,102.23,40.58,none,0
48,114,19.6,172.65,443.35,96.63,39.39,none,0
48,115,19.6,171.14,458.98,99.25,23.04,none,0
48,116,19.6,172.24,445.52,103.34,49.78,none,0
48,117,19.6,148.24,403.65,105.97,71.86,comp3,1
48,118,19.6,172.4,455.84,96.68,29.38,none,0
48,119,19.6,166.77,430.14,102.05,43.62,none,0
49,0,7.6,168.04,466.08,93.21,44.84,none,0
49,1,7.6,171.54,415.02,95.89,33.43,none,0
49,2,7.6,168.08,459.91,104.2,30.64,none,0
49,3,7.6,164.21,457.7,99.26,26.91,none,0
49,4,7.6,175.04,459.93,99.1,42.59,none,0
49,5,7.6,165.79,441.32,101.62,36.77,none,0
49,6,7.6,167.97,410.53,100.03,26.64,none,0
49,7,7.6,170.28,425.13,103.59,33.3,none,0
49,8,7.6,162.97,455.38,96.84,52.47,none,0
49,9,7.6,170.56,455.07,100.07,42.64,none,0
49,10,7.6,180.68,424.28,95.58,30.76,none,0
49,11,7.6,172.09,410.99,96.01,48.71,none,0
49,12,7.6,163.91,445.92,100.82,56.6,none,0
49,13,7.6,170.88,462.24,102.67,48.66,none,0
49,14,7.6,162.42,410.81,100.72,45.87,none,0
49,15,7.6,171.08,434.33,97.7,40.71,none,0
49,16,7.6,180.19,463.54,97.24,51.19,none,0
49,17,7.6,171.98,431.33,97.74,41.6,none,0
49,18,7.6,172.27,460.06,99.72,47.58,none,0
49,19,7.6,172.79,432.68,95.52,43.37,none,0
49,20,7.6,166.06,463.52,100.78,38.37,none,0
49,21,7.6,172.1,443.79,104.3,51.48,none,0
49,22,7.6,168.35,477.43,100.8,45.23,none,0
49,23,7.6,172.9,425.93,102.64,40.66,none,0
49,24,7.6,172.53,451.41,102.27,30.83,none,0
49,25,7.6,169.68,484.74,96.37,45.48,none,0
49,26,7.6,167.03,470.36,99.29,35.65,none,0
49,27,7.6,162.66,465.09,102.88,43.96,none,0
49,28,7.6,162.18,439.53,101.14,39.22,none,0
49,29,7.6,179.02,462.08,91.44,41.62,none,0
49,30,7.6,170.31,454.72,97.88,43.16,none,0
49,31,7.6,170.2,424.84,105.72,36.53,none,0
49,32,7.6,178.23,447.51,105.38,39.67,none,0
49,33,7.6,172.19,466.15,97.48,32.95,none,0
49,34,7.6,170.03,443.82,104.46,24.03,none,0
49,35,7.6,172.3,462.84,96.68,32.74,none,0
49,36,7.6,171.5,444.19,100.58,55.38,none,0
49,37,7.6,166.41,475.66,102.57,51.43,none,0
49,38,7.6,168.83,474.31,94.48,28.19,none,0
49,39,7.6,175.53,468.72,103.66,36.14,none,0
49,40,7.6,168.25,439.32,102.0,24.91,none,0
49,41,7.6,166.84,445.97,97.98,26.02,none,0
49,42,7.6,176.49,481.23,96.93,48.33,none,0
49,43,7.6,170.18,441.87,106.71,38.88,none,0
49,44,7.6,178.19,476.05,103.43,40.78,none,0
49,45,7.6,178.75,450.35,98.97,37.0,none,0
49,46,7.6,175.65,443.47,100.35,48.33,none,0
49,47,7.6,170.17,454.67,101.83,37.77,none,0
49,48,7.6,176.07,468.98,99.38,42.95,none,0
49,49,7.6,171.69,459.05,98.94,43.88,none,0
49,50,7.6,164.88,470.75,99.22,32.42,none,0
49,51,7.6,164.1,449.9,101.7,40.19,none,0
49,52,7.6,154.83,437.42,97.52,40.03,none,0
49,53,7.6,167.63,424.96,103.1,28.2,none,0
49,54,7.6,170.48,416.14,103.5,44.39,none,0
49,55,7.6,164.41,438.65,99.6,48.36,none,0
49,56,7.6,174.02,450.61,98.95,36.23,none,0
49,57,7.6,176.69,446.14,102.9,35.6,none,0
49,58,7.6,166.37,433.23,97.93,43.88,none,0
49,59,7.6,172.66,466.35,99.81,43.33,none,0
49,60,7.6,174.6,451.26,100.87,38.26,none,0
49,61,7.6,170.72,457.63,104.14,30.4,none,0
49,62,7.6,171.59,449.68,99.68,43.65,none,0
49,63,7.6,171.05,437.05,98.54,26.05,none,0
49,64,7.6,165.91,461.51,100.98,62.51,none,0
49,65,7.6,175.24,374.16,103.51,47.35,none,0
49,66,7.6,174.49,456.47,102.7,35.92,none,0
49,67,7.6,166.71,426.01,94.93,40.3,none,0
49,68,7.6,169.47,465.53,105.01,33.03,none,0
49,69,7.6,168.99,437.31,105.22,25.73,none,0
49,70,7.6,161.39,467.96,99.14,43.26,none,0
49,71,7.6,167.82,446.3,101.69,49.21,none,0
49,72,7.6,168.19,432.0,101.83,48.58,none,0
49,73,7.6,169.11,460.78,95.93,35.79,none,0
49,74,7.6,166.49,477.39,102.34,32.2,none,0
49,75,7.6,173.35,453.7,100.21,43.68,none,0
49,76,7.6,169.96,435.29,102.16,33.35,none,0
49,77,7.6,169.38,445.33,97.39,46.62,none,0
49,78,7.6,170.76,493.78,100.34,34.53,none,0
49,79,7.6,178.2,447.42,95.46,41.69,none,0
49,80,7.6,164.75,492.56,103.23,42.91,none,0
49,81,7.6,160.9,450.2,97.98,35.65,none,0
49,82,7.6,159.69,459.05,98.83,41.02,none,0
49,83,7.6,163.66,453.64,101.64,40.2,none,0
49,84,7.6,171.79,423.61,101.73,53.96,none,0
49,85,7.6,166.58,455.98,103.45,24.18,none,0
49,86,7.6,174.06,429.6,104.79,49.8,none,0
49,87,7.6,173.55,436.52,101.98,44.32,none,0
49,88,7.6,170.89,470.25,96.91,47.23,none,0
49,89,7.6,171.01,427.05,99.43,40.39,none,0
49,90,7.6,171.66,444.07,99.82,46.51,none,0
49,91,7.6,167.1,432.11,104.99,49.44,none,0
49,92,7.6,177.56,464.08,102.46,46.39,none,0
49,93,7.6,174.18,472.38,103.29,39.13,none,0
49,94,7.6,174.13,438.73,105.84,31.21,none,0
49,95,7.6,170.81,422.69,102.38,33.83,none,0
49,96,7.6,172.16,455.64,100.3,47.33,none,0
49,97,7.6,158.45,452.36,105.68,19.64,none,0
49,98,7.6,179.82,450.21,97.93,40.26,none,0
49,99,7.6,162.68,464.34,100.81,40.19,none,0
49,100,7.6,177.19,451.64,96.61,34.57,none,0
49,101,7.6,169.97,479.1,98.83,31.74,none,0
49,102,7.6,169.77,418.05,103.42,51.89,none,0
49,103,7.6,171.44,429.48,91.76,54.94,none,0
49,104,7.6,163.73,460.61,104.34,44.56,none,0
49,105,7.6,168.86,433.1,104.62,50.68,none,0
49,106,7.6,164.05,434.67,95.75,35.83,none,0
49,107,7.6,167.98,430.19,102.96,46.61,none,0
49,108,7.6,165.9,471.17,102.11,32.46,none,0
49,109,7.6,157.01,444.13,105.82,35.56,none,0
49,110,7.6,166.08,435.4,95.97,38.77,none,0
49,111,7.6,174.39,454.67,95.16,39.35,none,0
49,112,7.6,171.6,480.63,105.69,36.85,none,0
49,113,7.6,165.27,461.88,98.47,45.37,none,0
49,114,7.6,173.02,449.48,93.95,27.15,none,0
49,115,7.6,162.65,441.87,102.69,37.98,none,0
49,116,7.6,173.78,434.44,102.86,45.12,none,0
49,117,7.6,170.07,477.17,98.75,31.62,none,0
49,118,7.6,170.46,471.86,101.02,45.43,none,0
49,119,7.6,169.8,413.99,97.63,34.08,none,0
50,0,18.5,173.26,461.44,101.48,56.78,none,0
50,1,18.5,159.74,477.83,99.11,41.97,none,0
50,2,18.5,166.93,416.93,101.53,32.24,none,0
50,3,18.5,169.42,437.06,99.43,54.8,none,0
50,4,18.5,170.01,498.13,99.03,50.43,none,0
50,5,18.5,159.97,448.19,101.37,45.7,none,0
50,6,18.5,170.7,457.18,97.88,38.23,none,0
50,7,18.5,168.07,474.01,102.65,46.66,none,0
50,8,18.5,167.58,427.95,98.5,28.93,none,0
50,9,18.5,170.53,457.72,99.28,44.82,none,0
50,10,18.5,153.46,447.49,96.14,39.76,none,0
50,11,18.5,175.99,435.16,97.93,46.52,none,0
50,12,18.5,160.92,405.86,99.22,39.67,none,0
50,13,18.5,169.47,473.24,103.71,56.97,none,0
50,14,18.5,163.23,412.27,100.79,35.88,none,0
50,15,18.5,181.92,449.95,102.12,44.21,none,0
50,16,18.5,178.28,452.44,102.3,37.78,none,0
50,17,18.5,172.16,462.09,102.02,43.24,none,0
50,18,18.5,174.57,435.03,96.27,41.65,none,0
50,19,18.5,170.42,486.57,97.2,41.9,none,0
50,20,18.5,168.95,418.95,99.43,31.7,none,0
50,21,18.5,174.49,438.28,101.83,37.66,none,0
50,22,18.5,169.23,430.35,100.49,41.44,none,0
50,23,18.5,156.8,444.04,102.72,38.69,none,0
50,24,18.5,166.08,491.18,109.91,39.95,none,0
50,25,18.5,158.81,455.35,102.81,51.44,none,0
50,26,18.5,165.03,452.95,98.72,35.54,none,0
50,27,18.5,174.78,444.62,99.86,60.21,none,0
50,28,18.5,168.37,455.75,101.18,28.47,none,0
50,29,18.5,174.3,413.68,94.5,42.58,none,0
50,30,18.5,172.79,443.49,108.46,29.64,none,0
50,31,18.5,170.72,483.78,98.78,47.61,none,0
50,32,18.5,177.88,440.76,101.38,31.37,none,0
50,33,18.5,163.31,441.6,97.97,35.36,none,0
50,34,18.5,165.72,461.46,97.36,34.01,none,0
50,35,18.5,175.72,451.14,98.74,51.22,none,0
50,36,18.5,170.94,462.45,95.71,34.22,none,0
50,37,18.5,164.97,445.62,102.09,40.7,none,0
50,38,18.5,171.11,441.15,97.53,41.85,none,0
50,39,18.5,176.7,475.42,98.9,39.58,none,0
50,40,18.5,164.29,462.83,103.35,51.24,none,0
50,41,18.5,173.79,443.39,101.78,45.86,none,0
50,42,18.5,177.05,444.55,100.95,44.19,none,0
50,43,18.5,173.51,454.83,94.2,22.93,none,0
50,44,18.5,165.87,445.36,97.43,34.92,none,0
50,45,18.5,179.72,471.39,105.44,39.08,none,0
50,46,18.5,182.29,464.34,96.08,41.6,none,0
50,47,18.5,169.44,463.75,101.53,25.84,none,0
50,48,18.5,165.1,477.62,97.01,48.84,none,0
50,49,18.5,168.77,422.0,101.47,44.44,none,0
50,50,18.5,164.17,456.73,97.34,38.67,none,0
50,51,18.5,173.53,458.15,102.26,38.09,none,0
50,52,18.5,166.77,468.23,101.28,38.31,none,0
50,53,18.5,163.21,461.72,103.27,30.55,none,0
50,54,18.5,172.93,447.98,99.45,29.52,none,0
50,55,18.5,170.47,460.84,103.28,37.77,none,0
50,56,18.5,165.61,441.96,99.58,33.25,none,0
50,57,18.5,170.48,445.16,98.22,38.72,none,0
50,58,18.5,176.47,462.41,95.6,31.28,none,0
50,59,18.5,167.22,449.77,100.76,54.63,none,0
50,60,18.5,162.4,476.11,106.25,45.38,none,0
50,61,18.5,166.9,482.39,104.37,32.54,none,0
50,62,18.5,171.05,463.7,104.15,31.27,none,0
50,63,18.5,167.01,429.81,102.23,39.67,none,0
50,64,18.5,167.51,467.24,100.35,38.2,none,0
50,65,18.5,170.81,444.92,96.75,31.82,none,0
50,66,18.5,173.3,513.5,102.25,17.56,none,0
50,67,18.5,166.51,476.32,98.62,44.68,none,0
50,68,18.5,172.0,458.82,102.5,32.45,none,0
50,69,18.5,178.65,458.76,98.64,43.96,none,0
50,70,18.5,179.3,466.72,102.9,49.76,none,0
50,71,18.5,167.49,406.8,100.95,46.85,none,0
50,72,18.5,174.79,459.57,102.71,47.35,none,0
50,73,18.5,164.5,431.21,101.36,37.28,none,0
50,74,18.5,172.42,405.49,97.55,36.0,none,0
50,75,18.5,169.04,466.83,94.89,42.44,none,0
50,76,18.5,173.82,469.48,99.24,39.41,none,0
50,77,18.5,171.48,478.74,104.07,36.72,none,0
50,78,18.5,173.75,450.8,102.87,33.37,none,0
50,79,18.5,175.22,424.07,101.14,51.06,none,0
50,80,18.5,170.82,481.98,97.03,36.33,none,0
50,81,18.5,171.64,443.97,97.98,39.64,none,0
50,82,18.5,170.9,424.26,104.24,48.58,none,0
50,83,18.5,169.21,448.67,98.03,45.04,none,0
50,84,18.5,173.98,443.4,102.63,46.87,none,0
50,85,18.5,177.0,451.63,98.01,29.29,none,0
50,86,18.5,162.97,445.82,103.36,48.24,none,0
50,87,18.5,172.16,469.03,91.13,27.9,none,0
50,88,18.5,171.57,426.89,98.74,36.28,none,0
50,89,18.5,167.85,438.32,98.64,30.16,none,0
50,90,18.5,175.46,492.16,103.76,30.95,none,0
50,91,18.5,176.56,463.72,100.5,44.57,none,0
50,92,18.5,169.94,449.27,98.12,45.75,none,0
50,93,18.5,180.95,472.16,100.13,24.41,none,0
50,94,18.5,171.83,423.08,101.86,31.12,none,0
50,95,18.5,164.84,462.62,96.75,40.12,none,0
50,96,18.5,186.59,462.7,96.51,51.58,none,0
50,97,18.5,178.9,454.39,105.56,36.58,none,0
50,98,18.5,175.62,460.66,101.97,43.17,none,0
50,99,18.5,176.99,467.26,100.6,39.07,none,0
50,100,18.5,177.46,425.61,98.96,34.38,none,0
50,101,18.5,167.85,453.27,101.72,38.05,none,0
50,102,18.5,164.22,443.77,98.92,46.14,none,0
50,103,18.5,164.35,467.43,101.92,36.49,none,0
50,104,18.5,171.48,441.29,96.45,40.86,none,0
50,105,18.5,169.17,504.84,102.11,32.12,none,0
50,106,18.5,166.98,486.71,96.59,41.65,none,0
50,107,18.5,160.84,436.78,103.91,35.96,none,0
50,108,18.5,172.67,432.29,104.25,48.72,none,0
50,109,18.5,177.59,489.87,106.06,34.23,none,0
50,110,18.5,171.28,448.84,96.64,25.76,none,0
50,111,18.5,171.55,428.46,99.56,43.29,none,0
50,112,18.5,165.48,462.78,101.7,50.25,none,0
50,113,18.5,168.77,476.39,102.04,34.7,none,0
50,114,18.5,173.13,447.62,101.1,37.0,none,0
50,115,18.5,175.66,456.01,103.49,54.49,none,0
50,116,18.5,171.7,460.98,100.72,39.95,none,0
50,117,18.5,164.7,458.35,102.37,38.04,none,0
50,118,18.5,166.02,497.03,94.29,39.37,none,0
50,119,18.5,180.01,450.59,94.69,42.98,none,0
51,0,2.9,168.01,428.66,100.04,44.63,none,0
51,1,2.9,174.32,441.78,102.12,24.9,none,0
51,2,2.9,164.9,455.76,100.87,53.86,none,0
51,3,2.9,174.85,405.22,103.95,56.77,none,0
51,4,2.9,166.36,438.8,97.68,42.22,none,0
51,5,2.9,169.67,467.46,100.15,51.44,none,0
51,6,2.9,171.23,440.96,101.38,27.68,none,0
51,7,2.9,168.9,448.7,105.17,35.47,none,0
51,8,2.9,167.18,471.68,96.75,46.15,none,0
51,9,2.9,160.85,458.51,107.28,45.33,none,0
51,10,2.9,166.41,441.01,100.47,39.34,none,0
51,11,2.9,178.29,409.26,98.61,39.03,none,0
51,12,2.9,171.06,446.46,104.94,40.87,none,0
51,13,2.9,167.39,465.87,103.5,23.72,none,0
51,14,2.9,167.45,466.7,100.4,46.97,none,0
51,15,2.9,167.42,419.43,95.43,20.15,none,0
51,16,2.9,174.93,417.57,99.26,39.4,none,0
51,17,2.9,166.78,481.34,99.11,47.11,none,0
51,18,2.9,166.08,445.43,107.54,27.83,none,0
51,19,2.9,171.88,432.29,96.03,48.55,none,0
51,20,2.9,172.38,444.07,97.68,38.0,none,0
51,21,2.9,174.59,439.09,99.08,52.76,none,0
51,22,2.9,174.16,452.11,95.07,24.51,none,0
51,23,2.9,168.73,442.02,96.68,36.86,none,0
51,24,2.9,166.42,460.43,100.16,52.1,none,0
51,25,2.9,176.2,451.28,101.89,40.96,none,0
51,26,2.9,168.71,450.37,104.81,37.65,none,0
51,27,2.9,173.86,402.28,102.63,30.94,none,0
51,28,2.9,165.74,448.8,100.57,49.55,none,0
51,29,2.9,173.79,474.87,99.69,40.83,none,0
51,30,2.9,180.49,458.23,101.9,45.67,none,0
51,31,2.9,163.74,441.86,98.56,31.3,none,0
51,32,2.9,171.89,439.61,104.19,61.29,none,0
51,33,2.9,168.12,462.07,98.27,53.27,none,0
51,34,2.9,175.75,451.58,103.8,43.95,none,0
51,35,2.9,161.34,451.89,101.07,39.49,none,0
51,36,2.9,174.9,471.16,97.79,43.22,none,0
51,37,2.9,169.46,450.46,97.38,37.5,none,0
51,38,2.9,176.52,480.86,103.08,44.72,none,0
51,39,2.9,176.57,456.0,95.62,35.44,none,0
51,40,2.9,170.83,437.26,99.05,37.1,none,0
51,41,2.9,166.3,475.4,95.41,40.92,none,0
51,42,2.9,171.35,464.81,95.5,39.83,none,0
51,43,2.9,165.38,453.93,96.69,41.69,none,0
51,44,2.9,169.67,429.04,99.89,40.03,none,0
51,45,2.9,173.96,470.18,101.83,25.78,none,0
51,46,2.9,164.64,417.06,96.68,50.89,none,0
51,47,2.9,171.59,425.11,99.54,36.32,none,0
51,48,2.9,175.76,439.54,99.12,50.78,none,0
51,49,2.9,173.86,461.36,100.86,42.19,none,0
51,50,2.9,171.71,455.07,99.1,32.69,none,0
51,51,2.9,174.11,451.31,101.58,40.39,none,0
51,52,2.9,170.62,421.38,96.76,40.58,none,0
51,53,2.9,174.19,473.96,100.37,34.86,none,0
51,54,2.9,172.21,450.42,103.61,30.86,none,0
51,55,2.9,166.47,414.94,100.3,40.93,none,0
51,56,2.9,171.41,462.24,102.39,31.37,none,0
51,57,2.9,168.89,467.74,100.94,34.64,none,0
51,58,2.9,178.65,444.08,100.48,33.46,none,0
51,59,2.9,161.76,451.79,106.02,44.19,none,0
51,60,2.9,178.19,444.88,99.97,49.02,none,0
51,61,2.9,169.17,444.87,101.26,37.89,none,0
51,62,2.9,174.24,443.31,104.44,40.8,none,0
51,63,2.9,160.07,442.46,102.26,36.56,none,0
51,64,2.9,181.59,409.97,98.87,40.37,none,0
51,65,2.9,158.14,468.43,97.64,30.75,none,0
51,66,2.9,170.05,417.56,99.6,39.04,none,0
51,67,2.9,174.42,441.78,102.2,44.11,none,0
51,68,2.9,170.14,438.79,105.83,51.75,none,0
51,69,2.9,176.79,468.99,100.4,32.96,none,0
51,70,2.9,160.43,449.47,106.96,51.03,none,0
51,71,2.9,175.65,458.53,100.42,34.81,none,0
51,72,2.9,168.72,479.93,97.51,45.9,none,0
51,73,2.9,163.91,453.43,100.6,30.5,none,0
51,74,2.9,170.41,448.41,98.9,41.39,none,0
51,75,2.9,174.88,454.05,98.26,38.02,none,0
51,76,2.9,169.57,440.47,98.24,45.8,none,0
51,77,2.9,170.46,447.02,102.55,30.61,none,0
51,78,2.9,175.97,422.4,99.5,37.15,none,0
51,79,2.9,169.3,487.15,99.89,42.53,none,0
51,80,2.9,181.58,451.28,99.2,45.3,none,0
51,81,2.9,143.75,408.19,118.06,97.05,comp4,1
51,82,2.9,181.06,476.57,102.59,55.12,none,0
51,83,2.9,180.32,463.47,98.12,44.02,none,0
51,84,2.9,168.87,469.27,100.99,33.88,none,0
51,85,2.9,159.17,459.14,97.45,36.81,none,0
51,86,2.9,175.71,431.89,101.6,42.84,none,0
51,87,2.9,170.02,431.15,98.69,54.56,none,0
51,88,2.9,163.73,461.91,100.48,49.7,none,0
51,89,2.9,170.0,444.85,96.75,35.47,none,0
51,90,2.9,165.77,430.4,102.8,27.19,none,0
51,91,2.9,170.99,453.04,106.03,29.74,none,0
51,92,2.9,161.43,416.13,99.28,31.74,none,0
51,93,2.9,166.93,467.06,95.62,49.62,none,0
51,94,2.9,169.19,462.34,96.59,21.6,none,0
51,95,2.9,162.16,453.78,101.72,27.56,none,0
51,96,2.9,162.5,478.47,101.48,37.86,none,0
51,97,2.9,168.98,444.08,101.61,49.42,none,0
51,98,2.9,169.21,466.88,99.03,63.16,none,0
51,99,2.9,162.93,429.54,98.02,34.09,none,0
51,100,2.9,172.63,457.19,98.68,41.77,none,0
51,101,2.9,163.18,417.77,102.24,50.81,none,0
51,102,2.9,167.38,462.87,100.34,41.32,none,0
51,103,2.9,172.68,460.78,100.4,47.51,none,0
51,104,2.9,176.14,447.4,94.37,25.42,none,0
51,105,2.9,176.21,458.58,97.29,39.5,none,0
51,106,2.9,168.65,453.6,102.35,43.11,none,0
51,107,2.9,173.05,440.82,95.96,30.88,none,0
51,108,2.9,168.13,476.6,101.47,39.99,none,0
51,109,2.9,159.15,447.73,98.98,39.72,none,0
51,110,2.9,169.67,453.55,99.86,34.62,none,0
51,111,2.9,175.3,447.55,98.03,48.58,none,0
51,112,2.9,173.65,448.12,101.3,31.82,none,0
51,113,2.9,167.48,403.52,105.95,46.54,none,0
51,114,2.9,166.86,456.43,97.45,38.67,none,0
51,115,2.9,169.42,444.99,97.74,44.09,none,0
51,116,2.9,163.94,516.92,101.61,31.05,none,0
51,117,2.9,157.47,458.71,99.25,34.61,none,0
51,118,2.9,169.72,450.62,99.66,53.61,none,0
51,119,2.9,168.64,490.47,101.1,38.33,none,0
52,0,18.3,175.13,435.91,99.81,45.46,none,0
52,1,18.3,165.83,446.07,97.6,47.56,none,0
52,2,18.3,171.0,469.16,106.52,42.57,none,0
52,3,18.3,168.56,460.75,99.26,42.63,none,0
52,4,18.3,174.42,407.82,100.08,46.78,none,0
52,5,18.3,179.51,452.83,98.66,49.94,none,0
52,6,18.3,162.94,437.18,97.39,42.56,none,0
52,7,18.3,172.71,442.91,103.17,36.38,none,0
52,8,18.3,171.64,479.63,103.48,27.99,none,0
52,9,18.3,168.82,461.46,99.24,49.41,none,0
52,10,18.3,162.62,444.86,96.51,43.16,none,0
52,11,18.3,170.55,435.26,101.57,42.58,none,0
52,12,18.3,175.72,473.08,95.13,40.25,none,0
52,13,18.3,179.05,448.53,101.16,42.03,none,0
52,14,18.3,169.94,441.58,94.87,40.19,none,0
52,15,18.3,164.22,438.51,96.98,51.3,none,0
52,16,18.3,162.53,469.2,99.06,37.03,none,0
52,17,18.3,163.96,474.25,92.07,42.38,none,0
52,18,18.3,173.43,482.72,96.26,28.03,none,0
52,19,18.3,148.24,400.96,116.25,64.73,comp2,1
52,20,18.3,178.9,447.8,100.16,52.05,none,0
52,21,18.3,167.34,435.58,97.11,26.03,none,0
52,22,18.3,167.36,424.16,98.53,38.36,none,0
52,23,18.3,157.58,462.21,95.43,43.22,none,0
52,24,18.3,168.25,432.19,94.3,37.82,none,0
52,25,18.3,171.37,466.53,102.72,45.73,none,0
52,26,18.3,162.01,467.01,99.71,39.34,none,0
52,27,18.3,179.25,443.29,103.55,37.97,none,0
52,28,18.3,170.9,433.42,101.26,45.0,none,0
52,29,18.3,168.25,430.54,97.65,34.95,none,0
52,30,18.3,172.9,454.84,100.49,36.06,none,0
52,31,18.3,170.58,461.76,101.17,39.02,none,0
52,32,18.3,171.02,467.17,103.19,43.48,none,0
52,33,18.3,172.32,442.2,100.96,25.09,none,0
52,34,18.3,166.08,435.83,97.93,43.06,none,0
52,35,18.3,179.37,427.33,101.72,57.27,none,0
52,36,18.3,164.98,453.27,105.64,30.61,none,0
52,37,18.3,167.56,455.63,97.14,37.11,none,0
52,38,18.3,175.65,450.26,97.47,37.45,none,0
52,39,18.3,175.36,440.52,99.42,36.62,none,0
52,40,18.3,172.15,447.51,100.98,46.75,none,0
52,41,18.3,175.5,448.31,100.89,42.68,none,0
52,42,18.3,177.66,451.7,98.97,31.18,none,0
52,43,18.3,176.99,482.99,103.03,49.39,none,0
52,44,18.3,172.0,416.79,99.16,51.15,none,0
52,45,18.3,166.3,436.87,95.66,36.19,none,0
52,46,18.3,169.01,448.82,103.02,45.73,none,0
52,47,18.3,166.86,419.77,99.52,26.19,none,0
52,48,18.3,160.5,445.39,97.76,36.16,none,0
52,49,18.3,169.67,438.83,103.14,50.46,none,0
52,50,18.3,171.65,448.28,102.29,32.31,none,0
52,51,18.3,171.94,431.39,97.8,52.2,none,0
52,52,18.3,164.14,471.27,99.35,44.43,none,0
52,53,18.3,159.63,427.7,105.19,42.11,none,0
52,54,18.3,165.12,440.09,105.67,33.98,none,0
52,55,18.3,169.75,471.19,98.45,32.24,none,0
52,56,18.3,170.42,426.35,102.76,36.16,none,0
52,57,18.3,164.88,440.44,95.66,37.64,none,0
52,58,18.3,164.41,446.51,97.14,48.13,none,0
52,59,18.3,168.41,462.79,98.16,38.02,none,0
52,60,18.3,177.83,474.4,98.66,46.31,none,0
52,61,18.3,162.23,423.17,99.72,27.99,none,0
52,62,18.3,173.07,420.68,99.76,32.74,none,0
52,63,18.3,172.25,479.16,99.02,40.66,none,0
52,64,18.3,171.06,448.12,99.92,39.75,none,0
52,65,18.3,175.81,438.27,101.54,37.6,none,0
52,66,18.3,172.52,452.58,101.88,48.67,none,0
52,67,18.3,169.39,404.37,101.35,43.05,none,0
52,68,18.3,171.05,446.8,105.09,49.39,none,0
52,69,18.3,161.4,433.7,99.71,41.22,none,0
52,70,18.3,170.78,414.33,102.42,32.32,none,0
52,71,18.3,173.85,481.93,101.29,38.28,none,0
52,72,18.3,169.43,485.95,104.23,33.19,none,0
52,73,18.3,173.11,449.24,102.61,32.94,none,0
52,74,18.3,162.67,449.78,96.23,28.59,none,0
52,75,18.3,174.72,426.34,98.53,34.19,none,0
52,76,18.3,163.15,435.98,99.36,33.17,none,0
52,77,18.3,174.09,445.62,97.56,39.16,none,0
52,78,18.3,165.08,453.26,99.92,37.87,none,0
52,79,18.3,167.82,428.39,102.64,37.79,none,0
52,80,18.3,177.57,457.21,108.81,44.71,none,0
52,81,18.3,171.87,451.3,100.88,43.54,none,0
52,82,18.3,172.04,485.57,100.17,25.43,none,0
52,83,18.3,167.3,479.43,98.46,35.35,none,0
52,84,18.3,173.15,440.78,99.94,45.07,none,0
52,85,18.3,169.16,429.55,96.2,51.02,none,0
52,86,18.3,167.52,487.56,96.39,36.66,none,0
52,87,18.3,173.04,445.67,102.37,34.83,none,0
52,88,18.3,172.61,444.88,97.56,47.22,none,0
52,89,18.3,173.84,433.11,97.07,57.6,none,0
52,90,18.3,167.45,417.32,97.09,37.9,none,0
52,91,18.3,171.03,464.42,99.45,35.51,none,0
52,92,18.3,170.03,465.66,101.01,38.8,none,0
52,93,18.3,174.87,447.08,98.68,40.87,none,0
52,94,18.3,170.83,450.91,101.51,44.94,none,0
52,95,18.3,168.94,439.15,103.08,39.3,none,0
52,96,18.3,169.69,420.28,105.68,38.68,none,0
52,97,18.3,170.46,474.09,100.67,60.18,none,0
52,98,18.3,168.22,479.49,98.55,44.7,none,0
52,99,18.3,167.42,445.75,101.56,47.53,none,0
52,100,18.3,168.58,443.28,100.73,35.26,none,0
52,101,18.3,172.19,422.49,101.27,34.82,none,0
52,102,18.3,173.98,462.25,97.65,28.6,none,0
52,103,18.3,169.85,455.84,95.53,40.94,none,0
52,104,18.3,165.28,471.18,99.01,36.55,none,0
52,105,18.3,172.65,449.4,100.32,36.06,none,0
52,106,18.3,170.23,460.68,104.12,30.96,none,0
52,107,18.3,171.19,470.16,101.45,35.52,none,0
52,108,18.3,174.53,492.69,97.73,27.02,none,0
52,109,18.3,166.6,442.23,106.56,35.05,none,0
52,110,18.3,166.32,453.34,97.86,34.23,none,0
52,111,18.3,166.01,431.12,102.46,58.86,none,0
52,112,18.3,170.53,434.98,101.9,36.85,none,0
52,113,18.3,162.71,448.26,99.16,46.39,none,0
52,114,18.3,174.69,423.69,99.32,51.08,none,0
52,115,18.3,164.7,434.51,97.04,34.41,none,0
52,116,18.3,173.36,466.26,101.63,40.96,none,0
52,117,18.3,164.65,454.93,97.85,36.26,none,0
52,118,18.3,165.46,454.9,99.93,42.13,none,0
52,119,18.3,174.94,422.32,98.48,34.09,none,0
53,0,17.0,169.44,422.12,94.87,37.22,none,0
53,1,17.0,164.42,435.6,101.05,41.79,none,0
53,2,17.0,167.34,455.36,94.19,33.11,none,0
53,3,17.0,170.81,475.13,103.45,33.32,none,0
53,4,17.0,170.34,460.51,97.63,50.83,none,0
53,5,17.0,169.1,490.08,94.74,25.69,none,0
53,6,17.0,164.76,451.52,101.6,44.56,none,0
53,7,17.0,171.34,451.17,95.17,33.61,none,0
53,8,17.0,166.22,437.03,97.94,40.17,none,0
53,9,17.0,175.25,447.17,100.02,47.05,none,0
53,10,17.0,168.82,443.2,103.52,39.27,none,0
53,11,17.0,175.61,469.87,102.21,63.5,none,0
53,12,17.0,172.21,448.35,101.12,48.06,none,0
53,13,17.0,165.16,458.09,102.23,34.91,none,0
53,14,17.0,174.13,454.06,95.64,46.18,none,0
53,15,17.0,140.79,334.1,115.99,68.17,comp4,1
53,16,17.0,169.48,442.29,100.58,41.17,none,0
53,17,17.0,179.18,437.2,103.08,32.6,none,0
53,18,17.0,170.43,441.54,98.19,35.92,none,0
53,19,17.0,176.99,448.62,98.58,42.16,none,0
53,20,17.0,179.0,436.4,102.64,42.76,none,0
53,21,17.0,158.21,449.87,100.23,34.72,none,0
53,22,17.0,173.38,437.41,102.24,38.82,none,0
53,23,17.0,168.13,444.4,98.93,33.49,none,0
53,24,17.0,175.46,439.08,99.24,20.32,none,0
53,25,17.0,180.97,464.36,102.94,34.08,none,0
53,26,17.0,166.22,468.33,97.74,36.56,none,0
53,27,17.0,165.29,473.83,104.2,48.44,none,0
53,28,17.0,169.06,407.35,104.66,52.8,none,0
53,29,17.0,168.42,479.26,95.57,45.54,none,0
53,30,17.0,169.37,438.78,102.85,46.89,none,0
53,31,17.0,175.68,450.16,101.66,36.75,none,0
53,32,17.0,168.69,457.2,97.53,30.78,none,0
53,33,17.0,171.99,435.26,93.97,44.86,none,0
53,34,17.0,160.2,439.14,98.19,44.87,none,0
53,35,17.0,176.38,438.17,98.88,22.2,none,0
53,36,17.0,174.92,450.89,94.1,43.85,none,0
53,37,17.0,179.16,437.57,101.17,27.64,none,0
53,38,17.0,165.17,448.62,101.05,34.65,none,0
53,39,17.0,170.03,486.75,102.69,39.58,none,0
53,40,17.0,173.89,434.75,100.79,43.03,none,0
53,41,17.0,177.83,435.64,100.15,43.42,none,0
53,42,17.0,168.93,473.01,93.77,37.45,none,0
53,43,17.0,169.35,507.63,100.65,41.72,none,0
53,44,17.0,171.18,454.25,98.33,40.97,none,0
53,45,17.0,170.14,467.06,96.73,51.52,none,0
53,46,17.0,173.35,446.76,105.04,57.17,none,0
53,47,17.0,176.06,476.21,98.2,39.52,none,0
53,48,17.0,174.06,396.77,104.3,46.27,none,0
53,49,17.0,159.1,448.47,103.54,34.58,none,0
53,50,17.0,147.69,339.51,108.31,73.85,comp4,1
53,51,17.0,169.71,439.12,98.61,33.78,none,0
53,52,17.0,164.72,438.65,101.96,38.19,none,0
53,53,17.0,164.93,425.02,93.14,33.02,none,0
53,54,17.0,170.45,447.56,103.07,42.88,none,0
53,55,17.0,168.69,447.87,99.31,37.93,none,0
53,56,17.0,164.98,411.43,97.41,51.39,none,0
53,57,17.0,172.87,442.33,105.22,50.68,none,0
53,58,17.0,168.51,444.69,99.84,35.96,none,0
53,59,17.0,165.81,427.06,95.99,42.99,none,0
53,60,17.0,167.95,453.53,102.42,51.97,none,0
53,61,17.0,170.49,432.79,102.18,39.79,none,0
53,62,17.0,178.54,484.16,103.48,43.94,none,0
53,63,17.0,155.62,430.28,103.95,31.05,none,0
53,64,17.0,168.84,478.61,97.56,39.12,none,0
53,65,17.0,176.35,460.43,99.23,31.51,none,0
53,66,17.0,174.0,460.98,105.26,51.9,none,0
53,67,17.0,169.66,454.13,105.38,34.94,none,0
53,68,17.0,167.81,441.19,101.81,46.32,none,0
53,69,17.0,162.64,447.25,99.43,46.1,none,0
53,70,17.0,170.32,455.06,102.58,39.13,none,0
53,71,17.0,177.18,442.99,96.43,48.32,none,0
53,72,17.0,165.91,504.79,95.32,35.85,none,0
53,73,17.0,171.87,454.44,101.54,31.5,none,0
53,74,17.0,173.1,484.17,103.8,40.27,none,0
53,75,17.0,162.51,434.38,100.3,41.99,none,0
53,76,17.0,161.1,455.35,97.57,31.1,none,0
53,77,17.0,166.98,465.68,98.65,31.07,none,0
53,78,17.0,167.07,470.57,99.73,45.58,none,0
53,79,17.0,169.05,444.8,99.48,31.38,none,0
53,80,17.0,172.43,465.61,96.58,44.08,none,0
53,81,17.0,166.4,442.64,98.51,40.99,none,0
53,82,17.0,153.85,367.81,116.45,67.1,comp3,1
53,83,17.0,171.61,449.5,98.53,47.17,none,0
53,84,17.0,168.18,454.37,99.36,42.35,none,0
53,85,17.0,169.46,417.4,102.48,41.11,none,0
53,86,17.0,168.1,431.05,98.8,28.02,none,0
53,87,17.0,173.41,452.65,101.69,55.87,none,0
53,88,17.0,177.58,429.52,97.42,29.15,none,0
53,89,17.0,164.39,467.83,96.92,44.06,none,0
53,90,17.0,169.24,486.21,97.43,20.64,none,0
53,91,17.0,171.8,429.39,94.52,44.43,none,0
53,92,17.0,169.92,429.87,101.92,51.32,none,0
53,93,17.0,164.45,425.15,103.17,55.57,none,0
53,94,17.0,171.43,474.34,100.56,19.01,none,0
53,95,17.0,166.03,452.34,98.03,46.3,none,0
53,96,17.0,174.6,416.32,103.03,32.08,none,0
53,97,17.0,182.17,445.16,99.43,36.33,none,0
53,98,17.0,174.18,452.14,99.64,38.42,none,0
53,99,17.0,164.76,463.79,102.56,34.17,none,0
53,100,17.0,167.28,450.87,107.07,39.05,none,0
53,101,17.0,160.57,470.12,101.75,33.42,none,0
53,102,17.0,171.4,459.23,95.18,58.53,none,0
53,103,17.0,170.87,457.09,98.01,37.76,none,0
53,104,17.0,172.83,428.42,97.2,51.27,none,0
53,105,17.0,162.63,452.85,98.59,50.98,none,0
53,106,17.0,166.88,444.71,96.7,41.22,none,0
53,107,17.0,161.3,450.41,100.34,32.16,none,0
53,108,17.0,170.74,431.01,102.58,30.83,none,0
53,109,17.0,163.0,447.31,100.12,26.55,none,0
53,110,17.0,161.81,440.7,97.03,43.26,none,0
53,111,17.0,175.06,422.28,94.49,40.98,none,0
53,112,17.0,171.01,450.64,97.65,29.03,none,0
53,113,17.0,168.9,451.45,102.96,47.34,none,0
53,114,17.0,172.03,475.66,104.79,36.57,none,0
53,115,17.0,177.73,473.13,100.47,43.28,none,0
53,116,17.0,168.44,441.0,102.27,33.07,none,0
53,117,17.0,167.95,448.02,102.52,48.18,none,0
53,118,17.0,173.92,427.78,98.64,34.55,none,0
53,119,17.0,169.62,443.35,97.23,50.37,none,0
54,0,5.4,174.41,454.56,97.61,34.4,none,0
54,1,5.4,165.82,429.25,99.47,48.37,none,0
54,2,5.4,172.3,447.75,98.14,38.69,none,0
54,3,5.4,167.85,483.26,98.45,43.23,none,0
54,4,5.4,176.55,468.76,102.12,30.65,none,0
54,5,5.4,166.0,449.66,99.11,28.58,none,0
54,6,5.4,172.3,449.22,100.53,28.76,none,0
54,7,5.4,165.95,456.38,102.81,43.69,none,0
54,8,5.4,170.17,444.64,104.43,46.77,none,0
54,9,5.4,161.54,455.44,98.91,35.89,none,0
54,10,5.4,175.74,441.66,97.6,56.54,none,0
54,11,5.4,169.21,413.17,102.78,47.48,none,0
54,12,5.4,173.43,461.79,104.03,19.14,none,0
54,13,5.4,174.77,456.47,96.46,47.21,none,0
54,14,5.4,166.62,453.92,99.02,37.06,none,0
54,15,5.4,163.68,481.07,99.5,31.43,none,0
54,16,5.4,175.15,461.13,98.65,39.65,none,0
54,17,5.4,169.74,459.31,101.15,28.61,none,0
54,18,5.4,171.84,460.98,99.05,36.66,none,0
54,19,5.4,169.83,452.54,101.18,42.55,none,0
54,20,5.4,168.92,474.29,99.11,27.69,none,0
54,21,5.4,172.25,441.58,98.2,39.82,none,0
54,22,5.4,181.86,455.17,99.78,37.86,none,0
54,23,5.4,166.45,460.8,101.57,37.79,none,0
54,24,5.4,163.32,458.83,96.21,30.0,none,0
54,25,5.4,171.09,424.42,99.35,47.35,none,0
54,26,5.4,174.32,473.5,98.9,44.85,none,0
54,27,5.4,168.49,441.93,104.12,39.23,none,0
54,28,5.4,173.2,474.96,95.24,40.51,none,0
54,29,5.4,172.54,424.84,102.92,43.12,none,0
54,30,5.4,177.23,464.81,102.21,35.79,none,0
54,31,5.4,165.98,453.43,103.02,41.7,none,0
54,32,5.4,172.38,466.26,100.7,35.73,none,0
54,33,5.4,172.86,445.58,100.53,43.01,none,0
54,34,5.4,172.7,435.66,93.97,28.17,none,0
54,35,5.4,170.37,437.41,102.38,37.13,none,0
54,36,5.4,169.96,457.19,103.15,48.27,none,0
54,37,5.4,167.69,450.75,95.48,35.26,none,0
54,38,5.4,175.01,439.77,96.62,20.12,none,0
54,39,5.4,162.11,428.81,95.9,55.15,none,0
54,40,5.4,166.26,441.47,98.79,58.64,none,0
54,41,5.4,166.97,432.33,104.21,39.03,none,0
54,42,5.4,173.04,418.48,103.55,28.96,none,0
54,43,5.4,170.45,465.26,100.12,41.58,none,0
54,44,5.4,162.53,442.55,103.1,62.02,none,0
54,45,5.4,175.28,427.77,96.77,33.88,none,0
54,46,5.4,170.99,444.3,97.74,24.16,none,0
54,47,5.4,176.13,491.26,103.65,37.91,none,0
54,48,5.4,163.84,458.44,94.54,28.76,none,0
54,49,5.4,170.63,453.38,97.07,20.25,none,0
54,50,5.4,170.24,454.06,101.89,38.68,none,0
54,51,5.4,169.24,470.68,100.37,51.34,none,0
54,52,5.4,161.48,475.51,95.32,43.12,none,0
54,53,5.4,164.97,456.32,99.33,37.13,none,0
54,54,5.4,162.2,440.57,104.27,36.99,none,0
54,55,5.4,165.7,424.38,99.97,31.85,none,0
54,56,5.4,171.59,452.59,95.39,43.72,none,0
54,57,5.4,174.63,449.07,98.97,36.41,none,0
54,58,5.4,168.18,446.23,101.88,46.6,none,0
54,59,5.4,162.15,479.66,100.99,45.47,none,0
54,60,5.4,165.81,420.32,99.97,37.75,none,0
54,61,5.4,175.4,465.47,98.62,44.49,none,0
54,62,5.4,161.62,450.86,102.15,40.35,none,0
54,63,5.4,167.9,457.21,97.89,43.42,none,0
54,64,5.4,167.79,449.45,99.68,29.46,none,0
54,65,5.4,177.05,428.03,93.24,39.31,none,0
54,66,5.4,170.99,460.23,102.39,41.46,none,0
54,67,5.4,169.53,453.35,99.09,30.11,none,0
54,68,5.4,182.12,475.44,104.46,45.22,none,0
54,69,5.4,176.66,467.56,95.0,42.22,none,0
54,70,5.4,166.65,438.51,97.83,46.85,none,0
54,71,5.4,174.17,446.46,98.1,38.67,none,0
54,72,5.4,168.36,449.19,101.44,39.92,none,0
54,73,5.4,172.87,441.08,97.77,50.33,none,0
54,74,5.4,166.41,450.01,104.19,49.29,none,0
54,75,5.4,168.3,485.73,95.76,52.12,none,0
54,76,5.4,170.93,444.95,95.48,49.69,none,0
54,77,5.4,172.19,474.44,102.72,31.01,none,0
54,78,5.4,167.2,460.51,97.41,49.92,none,0
54,79,5.4,160.35,464.69,100.41,44.76,none,0
54,80,5.4,169.65,452.6,101.99,42.39,none,0
54,81,5.4,166.25,492.58,97.46,45.49,none,0
54,82,5.4,164.52,480.21,103.93,36.21,none,0
54,83,5.4,171.38,432.4,98.3,54.42,none,0
54,84,5.4,172.29,440.39,97.98,27.4,none,0
54,85,5.4,169.93,452.44,90.2,45.29,none,0
54,86,5.4,160.71,455.18,98.47,34.12,none,0
54,87,5.4,165.56,440.39,98.72,25.14,none,0
54,88,5.4,164.07,454.29,96.22,44.81,none,0
54,89,5.4,180.53,449.79,102.42,41.58,none,0
54,90,5.4,169.69,413.18,96.32,44.96,none,0
54,91,5.4,178.06,493.1,99.34,38.85,none,0
54,92,5.4,166.28,458.8,101.12,40.92,none,0
54,93,5.4,167.22,456.57,100.89,35.54,none,0
54,94,5.4,171.06,441.28,100.61,35.69,none,0
54,95,5.4,165.5,446.03,102.21,49.18,none,0
54,96,5.4,165.5,451.07,103.0,41.81,none,0
54,97,5.4,169.42,455.9,101.01,31.9,none,0
54,98,5.4,173.31,425.17,97.97,34.29,none,0
54,99,5.4,167.0,444.97,99.25,47.81,none,0
54,100,5.4,169.11,491.75,102.31,35.2,none,0
54,101,5.4,166.36,460.59,98.86,26.02,none,0
54,102,5.4,176.96,438.21,101.47,49.52,none,0
54,103,5.4,171.16,465.52,95.86,44.6,none,0
54,104,5.4,163.15,391.99,94.92,31.51,none,0
54,105,5.4,172.16,443.61,99.28,39.71,none,0
54,106,5.4,168.22,456.91,101.47,54.5,none,0
54,107,5.4,173.02,406.76,98.28,36.7,none,0
54,108,5.4,168.15,422.11,97.5,33.35,none,0
54,109,5.4,169.36,411.5,96.26,50.08,none,0
54,110,5.4,167.12,478.88,98.09,35.75,none,0
54,111,5.4,167.81,438.84,100.75,33.91,none,0
54,112,5.4,169.18,488.89,95.31,48.95,none,0
54,113,5.4,179.22,458.45,104.0,36.77,none,0
54,114,5.4,171.1,474.95,101.73,38.58,none,0
54,115,5.4,167.91,445.33,94.02,29.9,none,0
54,116,5.4,172.71,435.77,100.34,45.79,none,0
54,117,5.4,167.52,425.57,101.17,51.67,none,0
54,118,5.4,169.35,430.43,100.88,55.09,none,0
54,119,5.4,171.29,440.75,103.9,41.41,none,0
55,0,7.0,168.5,461.23,98.66,31.67,none,0
55,1,7.0,173.17,470.51,104.34,45.08,none,0
55,2,7.0,171.02,470.11,100.46,44.12,none,0
55,3,7.0,182.98,452.96,100.04,46.58,none,0
55,4,7.0,167.78,437.73,102.68,44.67,none,0
55,5,7.0,170.5,486.01,97.17,37.27,none,0
55,6,7.0,173.21,509.55,102.66,39.78,none,0
55,7,7.0,166.46,424.48,94.63,49.37,none,0
55,8,7.0,162.72,435.53,99.24,40.35,none,0
55,9,7.0,165.91,492.7,104.26,38.52,none,0
55,10,7.0,169.39,466.69,100.06,44.14,none,0
55,11,7.0,164.02,452.45,97.93,46.51,none,0
55,12,7.0,163.28,460.07,97.52,46.3,none,0
55,13,7.0,165.82,461.16,99.87,24.17,none,0
55,14,7.0,155.04,451.6,103.68,50.74,none,0
55,15,7.0,165.29,420.51,98.37,33.24,none,0
55,16,7.0,170.02,486.8,100.0,46.42,none,0
55,17,7.0,170.99,464.66,103.13,43.4,none,0
55,18,7.0,170.13,462.83,103.18,46.32,none,0
55,19,7.0,175.72,451.66,98.81,48.13,none,0
55,20,7.0,164.26,431.29,102.98,22.03,none,0
55,21,7.0,175.22,486.21,98.28,46.52,none,0
55,22,7.0,166.06,431.77,99.9,29.53,none,0
55,23,7.0,169.42,430.87,95.16,25.46,none,0
55,24,7.0,159.89,463.14,103.17,24.63,none,0
55,25,7.0,172.28,432.2,100.04,45.75,none,0
55,26,7.0,168.99,427.36,98.96,54.89,none,0
55,27,7.0,170.16,432.38,99.49,31.85,none,0
55,28,7.0,176.78,442.74,99.06,39.67,none,0
55,29,7.0,167.31,468.85,99.27,17.59,none,0
55,30,7.0,169.75,429.91,101.57,41.95,none,0
55,31,7.0,167.96,454.22,96.2,46.71,none,0
55,32,7.0,168.19,417.99,100.79,38.93,none,0
55,33,7.0,170.94,428.1,98.46,32.83,none,0
55,34,7.0,174.47,451.01,104.22,50.07,none,0
55,35,7.0,170.52,469.81,98.12,23.08,none,0
55,36,7.0,177.47,448.51,97.26,47.86,none,0
55,37,7.0,166.22,448.63,99.29,42.38,none,0
55,38,7.0,163.51,490.56,95.26,47.12,none,0
55,39,7.0,171.32,440.77,101.07,45.42,none,0
55,40,7.0,172.15,462.69,99.45,35.53,none,0
55,41,7.0,167.67,433.36,99.27,26.62,none,0
55,42,7.0,172.94,477.78,100.95,44.68,none,0
55,43,7.0,172.77,427.35,99.13,33.48,none,0
55,44,7.0,175.71,434.52,100.65,44.46,none,0
55,45,7.0,174.75,451.18,102.73,34.53,none,0
55,46,7.0,173.43,449.25,101.41,44.77,none,0
55,47,7.0,167.9,439.17,97.97,39.16,none,0
55,48,7.0,165.82,433.09,107.11,44.76,none,0
55,49,7.0,163.47,422.78,101.28,39.78,none,0
55,50,7.0,166.67,450.23,97.75,42.05,none,0
55,51,7.0,172.43,460.8,99.73,47.16,none,0
55,52,7.0,164.33,431.97,101.32,43.78,none,0
55,53,7.0,172.64,494.02,97.97,34.34,none,0
55,54,7.0,177.69,448.14,102.35,44.14,none,0
55,55,7.0,177.18,461.33,97.57,45.31,none,0
55,56,7.0,167.0,459.84,100.22,50.34,none,0
55,57,7.0,171.87,467.6,99.64,36.0,none,0
55,58,7.0,171.66,471.21,96.54,54.48,none,0
55,59,7.0,172.68,442.82,102.58,44.45,none,0
55,60,7.0,171.39,453.31,99.58,29.53,none,0
55,61,7.0,169.48,457.8,105.82,54.3,none,0
55,62,7.0,173.62,452.5,97.6,36.97,none,0
55,63,7.0,160.65,476.13,101.2,47.01,none,0
55,64,7.0,163.7,475.84,96.72,56.46,none,0
55,65,7.0,173.76,443.35,102.87,36.22,none,0
55,66,7.0,167.02,438.35,99.04,42.93,none,0
55,67,7.0,165.45,472.37,94.19,30.91,none,0
55,68,7.0,172.18,438.86,97.53,47.23,none,0
55,69,7.0,162.9,399.99,99.47,44.25,none,0
55,70,7.0,166.05,448.74,94.79,41.21,none,0
55,71,7.0,168.56,451.56,103.97,33.56,none,0
55,72,7.0,161.14,420.45,100.91,35.33,none,0
55,73,7.0,168.19,458.48,91.95,43.6,none,0
55,74,7.0,172.83,424.73,103.23,35.25,none,0
55,75,7.0,172.91,441.64,93.26,34.61,none,0
55,76,7.0,165.11,440.64,96.46,48.64,none,0
55,77,7.0,166.68,471.66,98.55,50.1,none,0
55,78,7.0,173.5,418.47,99.8,47.15,none,0
55,79,7.0,168.46,468.01,105.34,45.45,none,0
55,80,7.0,179.29,495.07,102.43,40.47,none,0
55,81,7.0,170.42,464.64,98.98,36.12,none,0
55,82,7.0,168.41,422.36,100.53,46.75,none,0
55,83,7.0,166.48,431.29,100.45,38.79,none,0
55,84,7.0,172.38,459.69,100.78,34.6,none,0
55,85,7.0,170.99,446.39,107.1,41.81,none,0
55,86,7.0,164.91,469.7,96.65,43.67,none,0
55,87,7.0,164.72,479.38,96.94,37.46,none,0
55,88,7.0,167.14,477.71,104.16,22.03,none,0
55,89,7.0,173.79,447.79,102.86,40.0,none,0
55,90,7.0,178.82,420.1,97.83,29.78,none,0
55,91,7.0,162.77,472.94,100.34,30.17,none,0
55,92,7.0,134.84,377.62,108.68,57.45,comp4,1
55,93,7.0,164.99,439.99,98.67,32.35,none,0
55,94,7.0,165.85,469.19,101.56,34.11,none,0
55,95,7.0,168.17,475.21,101.25,46.83,none,0
55,96,7.0,169.02,460.32,103.79,40.02,none,0
55,97,7.0,166.37,467.74,96.75,49.08,none,0
55,98,7.0,174.05,425.68,103.88,40.58,none,0
55,99,7.0,166.95,471.93,101.31,38.44,none,0
55,100,7.0,166.81,417.95,98.43,32.44,none,0
55,101,7.0,167.04,449.16,93.91,38.63,none,0
55,102,7.0,171.67,440.73,101.18,32.14,none,0
55,103,7.0,137.59,374.27,111.97,74.25,comp3,1
55,104,7.0,156.71,398.22,119.99,71.63,comp1,1
55,105,7.0,161.04,451.32,101.11,41.68,none,0
55,106,7.0,162.43,466.23,99.74,36.31,none,0
55,107,7.0,161.98,411.58,100.57,34.44,none,0
55,108,7.0,168.03,451.45,104.2,40.23,none,0
55,109,7.0,168.95,471.73,100.51,48.93,none,0
55,110,7.0,173.8,466.47,104.06,43.3,none,0
55,111,7.0,171.3,453.82,99.11,46.21,none,0
55,112,7.0,166.1,438.57,103.21,28.93,none,0
55,113,7.0,171.2,462.63,105.95,34.39,none,0
55,114,7.0,171.09,474.15,104.19,45.33,none,0
55,115,7.0,169.17,413.23,107.3,47.39,none,0
55,116,7.0,168.16,431.4,95.72,46.22,none,0
55,117,7.0,172.49,437.16,103.18,47.05,none,0
55,118,7.0,167.44,438.99,97.19,45.7,none,0
55,119,7.0,174.58,432.99,104.02,43.53,none,0
56,0,8.2,174.71,453.67,98.09,43.02,none,0
56,1,8.2,158.94,439.85,99.23,35.4,none,0
56,2,8.2,180.48,429.13,98.9,35.67,none,0
56,3,8.2,172.77,451.02,95.7,31.77,none,0
56,4,8.2,175.6,458.22,103.04,36.02,none,0
56,5,8.2,166.58,434.13,103.6,41.73,none,0
56,6,8.2,169.62,445.91,91.61,46.38,none,0
56,7,8.2,169.58,456.52,103.55,26.36,none,0
56,8,8.2,169.88,437.37,103.31,49.4,none,0
56,9,8.2,169.92,450.41,101.38,44.06,none,0
56,10,8.2,174.41,446.81,101.54,51.79,none,0
56,11,8.2,173.06,459.21,98.21,38.98,none,0
56,12,8.2,172.63,429.25,103.05,46.04,none,0
56,13,8.2,177.13,417.62,96.81,51.54,none,0
56,14,8.2,167.0,504.85,99.98,33.46,none,0
56,15,8.2,167.54,406.82,102.52,42.5,none,0
56,16,8.2,174.93,460.27,100.18,36.0,none,0
56,17,8.2,175.87,479.18,101.7,50.58,none,0
56,18,8.2,153.72,446.46,95.44,41.2,none,0
56,19,8.2,161.32,418.76,93.59,42.97,none,0
56,20,8.2,163.58,451.72,100.97,39.28,none,0
56,21,8.2,170.3,443.94,102.73,38.36,none,0
56,22,8.2,176.26,454.49,98.4,40.69,none,0
56,23,8.2,181.35,429.0,104.03,47.05,none,0
56,24,8.2,171.33,428.21,101.15,39.12,none,0
56,25,8.2,178.07,467.11,97.2,36.97,none,0
56,26,8.2,167.94,447.18,101.85,39.52,none,0
56,27,8.2,176.98,456.66,100.24,40.87,none,0
56,28,8.2,173.82,453.11,100.27,26.82,none,0
56,29,8.2,157.45,447.72,99.4,48.05,none,0
56,30,8.2,168.44,465.47,99.14,41.46,none,0
56,31,8.2,166.38,436.71,105.52,45.94,none,0
56,32,8.2,172.44,472.59,100.17,46.62,none,0
56,33,8.2,171.11,474.03,102.37,25.19,none,0
56,34,8.2,175.19,447.42,101.41,33.09,none,0
56,35,8.2,169.66,409.78,96.91,48.54,none,0
56,36,8.2,169.36,424.08,96.53,40.18,none,0
56,37,8.2,171.01,454.26,98.45,46.3,none,0
56,38,8.2,177.1,448.22,100.6,35.4,none,0
56,39,8.2,173.94,428.74,99.27,49.51,none,0
56,40,8.2,172.22,419.84,101.65,40.85,none,0
56,41,8.2,170.98,459.37,97.76,45.1,none,0
56,42,8.2,171.98,466.17,95.78,40.57,none,0
56,43,8.2,170.02,444.66,101.61,59.24,none,0
56,44,8.2,172.76,478.26,98.87,34.2,none,0
56,45,8.2,168.5,421.94,101.78,40.54,none,0
56,46,8.2,168.56,473.7,101.12,23.48,none,0
56,47,8.2,171.66,454.72,94.04,32.61,none,0
56,48,8.2,173.29,418.02,102.05,44.52,none,0
56,49,8.2,170.86,427.91,98.05,46.74,none,0
56,50,8.2,172.59,438.65,100.27,49.32,none,0
56,51,8.2,168.55,447.11,96.99,37.46,none,0
56,52,8.2,165.56,453.65,100.43,36.59,none,0
56,53,8.2,161.12,435.42,97.77,44.35,none,0
56,54,8.2,174.9,431.26,99.74,33.78,none,0
56,55,8.2,163.63,430.43,99.15,35.0,none,0
56,56,8.2,179.13,441.46,99.11,32.36,none,0
56,57,8.2,170.95,421.77,104.16,37.0,none,0
56,58,8.2,173.45,416.85,100.9,46.85,none,0
56,59,8.2,158.02,444.38,103.48,53.81,none,0
56,60,8.2,168.12,449.22,106.51,36.61,none,0
56,61,8.2,171.15,459.75,102.15,47.85,none,0
56,62,8.2,177.54,457.28,98.06,35.03,none,0
56,63,8.2,174.66,422.46,100.51,37.57,none,0
56,64,8.2,170.98,415.67,99.97,43.31,none,0
56,65,8.2,168.52,427.95,101.0,44.84,none,0
56,66,8.2,171.57,460.78,101.22,36.32,none,0
56,67,8.2,174.49,437.53,104.28,44.21,none,0
56,68,8.2,166.57,434.3,99.3,58.43,none,0
56,69,8.2,164.42,451.58,105.02,44.74,none,0
56,70,8.2,163.03,463.62,101.52,29.24,none,0
56,71,8.2,173.19,444.13,101.62,44.57,none,0
56,72,8.2,167.48,441.79,96.01,37.36,none,0
56,73,8.2,162.5,426.59,98.84,33.47,none,0
56,74,8.2,171.11,482.71,101.78,49.6,none,0
56,75,8.2,167.8,454.3,97.93,40.58,none,0
56,76,8.2,173.65,451.71,106.09,30.18,none,0
56,77,8.2,170.07,448.16,105.13,42.03,none,0
56,78,8.2,167.71,430.86,101.94,39.77,none,0
56,79,8.2,171.31,443.9,100.82,39.84,none,0
56,80,8.2,172.68,458.61,99.92,32.58,none,0
56,81,8.2,178.64,432.84,100.52,49.7,none,0
56,82,8.2,164.84,503.73,100.04,36.76,none,0
56,83,8.2,173.28,444.0,101.31,34.56,none,0
56,84,8.2,172.05,412.72,99.63,41.15,none,0
56,85,8.2,167.7,434.62,95.24,52.69,none,0
56,86,8.2,171.2,472.19,99.81,51.09,none,0
56,87,8.2,169.8,447.43,100.81,45.13,none,0
56,88,8.2,171.06,442.82,99.06,53.19,none,0
56,89,8.2,171.35,475.29,97.98,44.19,none,0
56,90,8.2,170.09,437.83,97.62,34.22,none,0
56,91,8.2,167.43,434.56,100.17,48.54,none,0
56,92,8.2,174.45,455.29,100.5,32.49,none,0
56,93,8.2,177.51,460.94,101.09,39.9,none,0
56,94,8.2,168.21,402.34,107.52,29.75,none,0
56,95,8.2,174.39,461.07,96.15,38.7,none,0
56,96,8.2,170.98,435.65,97.53,52.85,none,0
56,97,8.2,176.65,444.69,101.47,30.24,none,0
56,98,8.2,167.27,475.37,105.9,38.31,none,0
56,99,8.2,171.54,472.72,99.36,48.86,none,0
56,100,8.2,168.95,434.34,101.81,26.19,none,0
56,101,8.2,176.63,468.55,99.37,27.45,none,0
56,102,8.2,167.43,462.98,98.14,34.85,none,0
56,103,8.2,175.9,400.26,98.81,47.57,none,0
56,104,8.2,174.19,461.47,102.54,43.54,none,0
56,105,8.2,171.74,465.47,104.09,36.74,none,0
56,106,8.2,170.14,498.15,102.97,39.75,none,0
56,107,8.2,169.28,440.91,101.11,47.43,none,0
56,108,8.2,162.34,429.51,98.7,48.21,none,0
56,109,8.2,172.8,432.56,99.87,48.39,none,0
56,110,8.2,170.22,459.59,97.99,48.94,none,0
56,111,8.2,163.95,457.09,100.66,30.78,none,0
56,112,8.2,166.07,447.15,100.31,41.67,none,0
56,113,8.2,169.8,493.15,93.41,41.29,none,0
56,114,8.2,168.72,473.69,97.56,40.74,none,0
56,115,8.2,174.88,463.4,105.93,48.46,none,0
56,116,8.2,177.94,435.32,100.89,48.07,none,0
56,117,8.2,178.08,468.32,105.52,37.9,none,0
56,118,8.2,170.07,448.23,103.41,48.28,none,0
56,119,8.2,179.76,465.08,98.7,41.39,none,0
57,0,19.0,171.81,454.25,97.99,32.72,none,0
57,1,19.0,176.19,460.89,106.09,34.51,none,0
57,2,19.0,170.86,407.01,105.06,41.0,none,0
57,3,19.0,165.78,412.32,96.43,25.11,none,0
57,4,19.0,166.63,427.89,99.51,39.82,none,0
57,5,19.0,165.44,475.48,99.45,44.63,none,0
57,6,19.0,162.37,440.92,98.2,57.0,none,0
57,7,19.0,174.3,437.98,100.43,39.33,none,0
57,8,19.0,174.22,472.5,95.0,41.03,none,0
57,9,19.0,160.91,448.05,100.26,45.4,none,0
57,10,19.0,173.28,446.23,99.14,41.97,none,0
57,11,19.0,142.51,394.19,120.03,64.0,comp3,1
57,12,19.0,168.29,464.99,104.83,48.62,none,0
57,13,19.0,164.81,436.38,97.92,30.89,none,0
57,14,19.0,172.67,476.36,98.31,51.34,none,0
57,15,19.0,173.66,446.65,99.49,48.15,none,0
57,16,19.0,170.79,462.98,96.64,31.44,none,0
57,17,19.0,170.97,462.14,101.25,46.06,none,0
57,18,19.0,166.27,443.73,96.57,36.63,none,0
57,19,19.0,170.84,449.63,104.74,41.49,none,0
57,20,19.0,171.65,437.87,96.74,45.3,none,0
57,21,19.0,175.77,432.66,97.77,45.83,none,0
57,22,19.0,182.49,461.74,100.36,49.75,none,0
57,23,19.0,166.08,433.74,98.22,40.98,none,0
57,24,19.0,171.96,453.87,106.5,29.88,none,0
57,25,19.0,172.59,445.44,101.87,35.09,none,0
57,26,19.0,169.84,456.3,101.64,48.71,none,0
57,27,19.0,171.2,441.93,99.44,30.74,none,0
57,28,19.0,166.11,467.09,104.99,33.1,none,0
57,29,19.0,158.8,468.36,102.66,46.22,none,0
57,30,19.0,174.67,461.13,105.44,49.1,none,0
57,31,19.0,166.42,430.68,101.71,37.32,none,0
57,32,19.0,171.13,494.16,96.61,34.38,none,0
57,33,19.0,168.24,436.17,98.92,43.3,none,0
57,34,19.0,165.58,454.0,100.0,45.84,none,0
57,35,19.0,172.31,459.03,96.98,41.6,none,0
57,36,19.0,158.17,424.72,96.91,52.49,none,0
57,37,19.0,174.08,455.01,102.51,23.24,none,0
57,38,19.0,167.99,492.7,98.3,31.02,none,0
57,39,19.0,167.16,444.35,98.26,49.12,none,0
57,40,19.0,177.83,474.91,103.2,41.55,none,0
57,41,19.0,172.97,444.94,100.69,52.17,none,0
57,42,19.0,162.77,465.04,97.85,29.08,none,0
57,43,19.0,140.73,382.34,105.78,73.75,comp2,1
57,44,19.0,166.3,414.83,99.7,43.56,none,0
57,45,19.0,167.66,464.95,95.82,45.15,none,0
57,46,19.0,166.04,452.8,105.05,54.76,none,0
57,47,19.0,169.47,470.12,96.6,42.97,none,0
57,48,19.0,171.26,475.83,99.72,40.17,none,0
57,49,19.0,166.7,442.94,104.32,30.56,none,0
57,50,19.0,173.5,432.02,97.03,37.84,none,0
57,51,19.0,174.3,500.6,98.81,52.33,none,0
57,52,19.0,173.59,474.4,97.99,42.74,none,0
57,53,19.0,163.92,432.08,101.38,34.3,none,0
57,54,19.0,171.13,411.77,105.41,42.77,none,0
57,55,19.0,169.31,440.3,99.21,34.03,none,0
57,56,19.0,167.5,438.3,96.42,48.67,none,0
57,57,19.0,172.77,429.01,100.71,40.01,none,0
57,58,19.0,170.82,452.26,101.04,47.77,none,0
57,59,19.0,165.15,452.42,99.13,23.4,none,0
57,60,19.0,175.05,430.5,99.63,32.48,none,0
57,61,19.0,165.43,477.14,97.72,42.13,none,0
57,62,19.0,168.03,446.05,102.76,63.28,none,0
57,63,19.0,169.84,442.72,102.97,48.07,none,0
57,64,19.0,165.44,437.5,99.52,35.73,none,0
57,65,19.0,177.38,467.42,102.26,37.68,none,0
57,66,19.0,167.26,462.6,99.69,39.57,none,0
57,67,19.0,166.27,464.26,95.58,37.58,none,0
57,68,19.0,171.8,466.82,99.95,50.95,none,0
57,69,19.0,172.23,410.11,104.79,45.61,none,0
57,70,19.0,165.18,456.94,99.42,21.77,none,0
57,71,19.0,163.62,466.53,100.21,47.72,none,0
57,72,19.0,169.93,418.05,103.12,28.61,none,0
57,73,19.0,167.15,460.68,99.97,45.26,none,0
57,74,19.0,175.33,467.49,97.34,47.6,none,0
57,75,19.0,169.71,450.5,104.67,39.82,none,0
57,76,19.0,180.97,463.82,100.24,30.34,none,0
57,77,19.0,170.35,404.98,97.85,19.87,none,0
57,78,19.0,172.14,480.29,92.53,38.33,none,0
57,79,19.0,173.79,415.26,99.83,38.98,none,0
57,80,19.0,174.07,465.04,99.92,46.24,none,0
57,81,19.0,165.7,458.81,97.59,41.76,none,0
57,82,19.0,172.06,434.08,100.41,60.82,none,0
57,83,19.0,141.16,367.47,113.11,85.98,comp4,1
57,84,19.0,165.99,457.56,96.38,37.58,none,0
57,85,19.0,170.91,432.11,98.77,30.13,none,0
57,86,19.0,168.13,441.12,99.07,42.19,none,0
57,87,19.0,176.1,449.48,104.27,51.38,none,0
57,88,19.0,160.06,444.88,102.69,41.44,none,0
57,89,19.0,183.56,436.95,103.2,41.84,none,0
57,90,19.0,167.63,490.59,103.35,44.96,none,0
57,91,19.0,164.11,449.16,94.66,57.39,none,0
57,92,19.0,174.75,420.93,101.6,54.5,none,0
57,93,19.0,176.62,456.18,101.12,50.05,none,0
57,94,19.0,171.5,446.8,100.4,50.25,none,0
57,95,19.0,171.98,441.53,98.24,38.42,none,0
57,96,19.0,170.9,441.2,99.37,31.11,none,0
57,97,19.0,180.69,411.3,106.39,40.35,none,0
57,98,19.0,182.75,462.25,99.9,31.74,none,0
57,99,19.0,170.73,461.35,101.05,45.96,none,0
57,100,19.0,167.35,452.12,99.95,40.31,none,0
57,101,19.0,170.04,436.38,101.72,42.92,none,0
57,102,19.0,169.98,435.28,98.92,15.28,none,0
57,103,19.0,169.9,431.05,100.89,41.55,none,0
57,104,19.0,173.42,467.91,107.0,35.78,none,0
57,105,19.0,173.87,497.49,97.18,41.04,none,0
57,106,19.0,158.18,446.1,94.69,42.47,none,0
57,107,19.0,170.82,446.54,98.91,34.38,none,0
57,108,19.0,173.11,456.84,100.61,59.81,none,0
57,109,19.0,166.76,456.75,101.32,30.17,none,0
57,110,19.0,171.68,465.03,102.67,47.02,none,0
57,111,19.0,173.16,479.86,105.51,44.97,none,0
57,112,19.0,171.47,414.37,101.07,57.6,none,0
57,113,19.0,175.14,435.02,100.78,42.89,none,0
57,114,19.0,173.65,466.07,100.61,44.79,none,0
57,115,19.0,174.45,440.68,101.52,38.34,none,0
57,116,19.0,176.78,434.51,94.75,42.21,none,0
57,117,19.0,170.48,440.42,97.93,54.82,none,0
57,118,19.0,164.89,466.12,100.85,38.53,none,0
57,119,19.0,172.36,449.75,96.73,38.67,none,0
58,0,1.9,160.6,440.47,105.47,30.47,none,0
58,1,1.9,150.46,438.6,109.53,64.11,comp4,1
58,2,1.9,179.14,423.15,99.04,37.75,none,0
58,3,1.9,174.97,442.53,101.46,38.89,none,0
58,4,1.9,166.23,421.98,96.29,50.56,none,0
58,5,1.9,172.77,425.73,105.29,52.16,none,0
58,6,1.9,164.15,473.03,97.41,30.7,none,0
58,7,1.9,169.55,439.64,92.66,46.11,none,0
58,8,1.9,174.48,430.14,99.77,23.48,none,0
58,9,1.9,171.58,454.31,100.74,50.8,none,0
58,10,1.9,171.85,443.82,105.16,41.36,none,0
58,11,1.9,167.19,453.93,100.81,41.65,none,0
58,12,1.9,170.07,455.66,101.8,32.88,none,0
58,13,1.9,165.99,433.27,95.11,44.48,none,0
58,14,1.9,175.33,430.85,95.15,35.74,none,0
58,15,1.9,161.3,478.52,100.81,49.87,none,0
58,16,1.9,166.65,442.92,104.1,41.92,none,0
58,17,1.9,172.6,430.07,98.39,32.96,none,0
58,18,1.9,185.49,436.26,98.44,50.99,none,0
58,19,1.9,170.83,446.3,100.44,41.62,none,0
58,20,1.9,165.42,460.34,99.66,35.95,none,0
58,21,1.9,172.12,480.46,103.09,42.45,none,0
58,22,1.9,170.68,450.44,99.65,34.22,none,0
58,23,1.9,185.0,467.57,100.58,36.26,none,0
58,24,1.9,168.21,450.74,99.57,47.4,none,0
58,25,1.9,166.82,498.76,97.18,45.4,none,0
58,26,1.9,158.57,476.75,100.85,59.13,none,0
58,27,1.9,173.13,420.39,99.5,34.22,none,0
58,28,1.9,165.37,407.61,101.35,52.28,none,0
58,29,1.9,178.14,478.39,99.41,40.97,none,0
58,30,1.9,182.2,465.72,102.99,38.53,none,0
58,31,1.9,175.51,449.79,95.7,36.99,none,0
58,32,1.9,172.01,451.42,104.99,31.45,none,0
58,33,1.9,174.58,444.99,100.64,52.84,none,0
58,34,1.9,168.63,476.5,102.01,33.24,none,0
58,35,1.9,165.24,429.62,102.24,32.75,none,0
58,36,1.9,166.73,454.13,99.56,49.05,none,0
58,37,1.9,163.61,445.19,107.05,33.13,none,0
58,38,1.9,177.91,458.99,98.72,31.72,none,0
58,39,1.9,166.33,427.45,100.23,36.04,none,0
58,40,1.9,163.23,434.63,98.48,32.69,none,0
58,41,1.9,168.38,495.56,100.05,40.34,none,0
58,42,1.9,179.3,477.52,103.57,43.75,none,0
58,43,1.9,169.67,468.85,101.27,40.1,none,0
58,44,1.9,165.54,462.55,97.91,35.92,none,0
58,45,1.9,172.02,446.81,99.61,40.29,none,0
58,46,1.9,161.61,447.62,101.31,26.44,none,0
58,47,1.9,172.16,435.62,97.07,42.85,none,0
58,48,1.9,168.64,429.1,103.59,35.36,none,0
58,49,1.9,167.13,444.78,96.93,44.81,none,0
58,50,1.9,184.77,448.71,94.69,32.24,none,0
58,51,1.9,175.16,436.28,101.19,49.86,none,0
58,52,1.9,168.99,474.64,99.62,44.79,none,0
58,53,1.9,178.49,449.0,101.75,36.68,none,0
58,54,1.9,169.39,457.61,99.1,46.54,none,0
58,55,1.9,166.75,443.28,95.54,28.57,none,0
58,56,1.9,173.43,452.81,97.59,41.98,none,0
58,57,1.9,156.65,448.46,98.79,29.05,none,0
58,58,1.9,173.17,438.94,95.5,48.62,none,0
58,59,1.9,175.87,421.49,102.66,37.47,none,0
58,60,1.9,173.47,446.47,104.67,34.81,none,0
58,61,1.9,172.68,474.04,101.51,25.87,none,0
58,62,1.9,173.74,448.86,102.94,37.43,none,0
58,63,1.9,168.2,443.04,102.48,21.53,none,0
58,64,1.9,179.49,452.72,98.89,51.85,none,0
58,65,1.9,175.75,451.31,100.16,42.12,none,0
58,66,1.9,170.06,455.2,98.47,41.59,none,0
58,67,1.9,180.14,452.57,98.24,31.36,none,0
58,68,1.9,170.82,407.97,97.27,32.32,none,0
58,69,1.9,171.92,473.32,103.82,24.67,none,0
58,70,1.9,168.28,434.72,100.27,42.05,none,0
58,71,1.9,170.36,432.82,99.1,53.65,none,0
58,72,1.9,170.23,424.43,101.64,25.49,none,0
58,73,1.9,169.41,448.77,97.75,29.05,none,0
58,74,1.9,168.56,448.15,100.5,52.22,none,0
58,75,1.9,176.33,445.77,101.42,29.34,none,0
58,76,1.9,180.19,435.18,102.55,49.75,none,0
58,77,1.9,167.77,443.03,98.24,39.61,none,0
58,78,1.9,148.93,363.78,120.18,89.78,comp3,1
58,79,1.9,163.76,438.97,100.82,42.55,none,0
58,80,1.9,165.63,444.11,100.82,50.07,none,0
58,81,1.9,172.43,447.84,106.04,44.32,none,0
58,82,1.9,166.07,455.77,105.02,57.94,none,0
58,83,1.9,165.89,443.96,98.82,34.16,none,0
58,84,1.9,166.51,430.93,100.91,43.53,none,0
58,85,1.9,174.85,466.36,102.38,46.24,none,0
58,86,1.9,170.36,446.22,101.49,41.72,none,0
58,87,1.9,175.93,445.32,102.36,50.83,none,0
58,88,1.9,164.3,443.47,101.25,51.25,none,0
58,89,1.9,174.92,460.89,97.29,42.72,none,0
58,90,1.9,172.31,433.04,100.44,30.09,none,0
58,91,1.9,170.98,473.19,99.94,35.48,none,0
58,92,1.9,168.64,462.78,101.1,46.45,none,0
58,93,1.9,164.54,444.51,97.36,50.47,none,0
58,94,1.9,169.01,444.16,95.69,48.21,none,0
58,95,1.9,169.12,464.53,99.92,29.77,none,0
58,96,1.9,176.67,457.26,98.44,50.43,none,0
58,97,1.9,174.48,416.19,98.7,35.8,none,0
58,98,1.9,165.23,454.91,102.05,39.34,none,0
58,99,1.9,170.53,431.93,97.45,50.94,none,0
58,100,1.9,167.57,467.25,103.95,38.1,none,0
58,101,1.9,168.17,462.11,96.1,40.24,none,0
58,102,1.9,167.72,451.57,101.56,51.75,none,0
58,103,1.9,164.22,450.23,101.56,42.93,none,0
58,104,1.9,172.48,447.89,97.27,26.01,none,0
58,105,1.9,179.32,428.44,99.86,24.99,none,0
58,106,1.9,160.41,451.67,100.1,48.36,none,0
58,107,1.9,174.78,430.36,101.55,33.71,none,0
58,108,1.9,169.45,462.25,97.48,27.98,none,0
58,109,1.9,169.21,435.16,96.07,38.2,none,0
58,110,1.9,168.54,462.84,101.56,46.7,none,0
58,111,1.9,166.91,453.71,99.99,38.85,none,0
58,112,1.9,170.11,444.21,100.28,35.58,none,0
58,113,1.9,174.34,474.37,101.53,39.27,none,0
58,114,1.9,160.19,448.04,100.85,39.21,none,0
58,115,1.9,164.93,414.87,100.81,39.74,none,0
58,116,1.9,170.0,427.02,103.23,49.1,none,0
58,117,1.9,166.83,456.13,104.55,47.06,none,0
58,118,1.9,171.21,434.83,103.53,35.61,none,0
58,119,1.9,168.6,439.57,104.89,35.09,none,0
59,0,4.3,168.46,489.41,92.26,28.25,none,0
59,1,4.3,161.96,463.17,102.38,62.71,none,0
59,2,4.3,163.47,474.9,98.52,43.32,none,0
59,3,4.3,165.65,432.52,103.01,36.01,none,0
59,4,4.3,172.45,460.19,100.59,39.65,none,0
59,5,4.3,170.5,452.95,100.58,34.01,none,0
59,6,4.3,172.73,473.86,88.5,39.49,none,0
59,7,4.3,166.42,441.06,104.56,48.58,none,0
59,8,4.3,167.96,435.85,101.65,38.59,none,0
59,9,4.3,173.33,457.46,102.89,57.15,none,0
59,10,4.3,163.93,440.47,98.71,48.08,none,0
59,11,4.3,175.6,436.75,102.3,36.15,none,0
59,12,4.3,177.23,468.2,104.08,44.69,none,0
59,13,4.3,163.49,459.06,96.85,35.71,none,0
59,14,4.3,174.76,467.84,100.87,33.77,none,0
59,15,4.3,170.37,467.95,100.83,40.61,none,0
59,16,4.3,174.88,427.53,98.38,45.64,none,0
59,17,4.3,174.17,448.52,92.63,39.05,none,0
59,18,4.3,168.65,463.28,105.19,34.92,none,0
59,19,4.3,170.04,414.46,102.24,42.24,none,0
59,20,4.3,177.72,420.34,102.44,38.84,none,0
59,21,4.3,174.66,459.08,102.0,59.68,none,0
59,22,4.3,175.32,440.69,100.29,36.59,none,0
59,23,4.3,164.08,404.55,99.34,33.88,none,0
59,24,4.3,171.46,440.59,103.18,16.06,none,0
59,25,4.3,168.55,460.93,100.3,53.72,none,0
59,26,4.3,181.46,458.78,103.2,36.32,none,0
59,27,4.3,177.93,459.41,105.68,36.82,none,0
59,28,4.3,169.03,497.64,106.97,34.97,none,0
59,29,4.3,168.94,433.85,101.86,49.17,none,0
59,30,4.3,166.18,414.23,100.98,51.27,none,0
59,31,4.3,173.01,452.78,104.48,50.85,none,0
59,32,4.3,181.35,443.36,100.88,39.89,none,0
59,33,4.3,170.08,456.05,101.85,28.78,none,0
59,34,4.3,173.51,454.22,101.2,53.9,none,0
59,35,4.3,170.97,441.13,97.99,39.25,none,0
59,36,4.3,164.91,427.41,92.85,45.65,none,0
59,37,4.3,167.86,466.09,105.06,43.91,none,0
59,38,4.3,175.29,438.95,93.71,42.5,none,0
59,39,4.3,174.21,451.56,98.02,33.33,none,0
59,40,4.3,171.31,433.14,104.3,48.53,none,0
59,41,4.3,165.76,452.51,101.64,47.96,none,0
59,42,4.3,171.21,452.88,99.2,47.93,none,0
59,43,4.3,167.76,428.49,97.61,39.2,none,0
59,44,4.3,163.19,428.85,101.04,38.05,none,0
59,45,4.3,162.06,469.97,97.54,42.05,none,0
59,46,4.3,173.25,443.12,103.26,33.1,none,0
59,47,4.3,178.48,475.65,106.2,39.58,none,0
59,48,4.3,166.68,432.21,105.16,44.62,none,0
59,49,4.3,164.72,451.97,106.11,40.67,none,0
59,50,4.3,174.16,446.74,97.4,44.51,none,0
59,51,4.3,159.9,454.92,100.85,27.53,none,0
59,52,4.3,168.47,459.34,104.47,44.27,none,0
59,53,4.3,172.88,476.64,99.9,42.89,none,0
59,54,4.3,163.89,506.93,98.83,32.88,none,0
59,55,4.3,178.96,480.3,103.77,26.76,none,0
59,56,4.3,164.06,445.26,93.2,43.68,none,0
59,57,4.3,173.61,432.45,97.16,59.34,none,0
59,58,4.3,170.61,458.3,105.68,48.31,none,0
59,59,4.3,170.53,478.37,98.72,25.02,none,0
59,60,4.3,167.1,419.06,100.91,34.85,none,0
59,61,4.3,175.65,452.98,99.64,35.62,none,0
59,62,4.3,168.24,425.39,101.77,51.26,none,0
59,63,4.3,165.93,450.24,100.18,26.48,none,0
59,64,4.3,164.9,431.79,103.48,38.13,none,0
59,65,4.3,179.24,453.93,99.34,26.39,none,0
59,66,4.3,173.56,429.13,100.73,38.23,none,0
59,67,4.3,168.3,438.49,94.22,46.82,none,0
59,68,4.3,162.8,427.59,97.45,50.09,none,0
59,69,4.3,168.4,478.05,100.38,39.16,none,0
59,70,4.3,169.05,431.03,98.9,40.95,none,0
59,71,4.3,166.08,481.27,100.68,43.65,none,0
59,72,4.3,176.03,450.47,100.83,40.51,none,0
59,73,4.3,164.93,431.28,93.66,42.71,none,0
59,74,4.3,171.33,476.39,93.71,31.33,none,0
59,75,4.3,179.48,482.12,98.1,35.1,none,0
59,76,4.3,168.18,444.8,94.04,44.16,none,0
59,77,4.3,167.55,427.7,99.03,33.19,none,0
59,78,4.3,169.48,447.61,102.43,45.5,none,0
59,79,4.3,165.86,447.92,102.08,35.41,none,0
59,80,4.3,167.13,421.93,104.74,37.22,none,0
59,81,4.3,175.04,440.79,102.83,28.63,none,0
59,82,4.3,161.51,466.72,96.39,42.6,none,0
59,83,4.3,169.91,469.69,98.06,45.01,none,0
59,84,4.3,166.74,452.14,100.64,29.15,none,0
59,85,4.3,173.82,398.05,103.94,33.63,none,0
59,86,4.3,169.66,416.02,103.57,37.34,none,0
59,87,4.3,166.67,435.42,100.6,23.12,none,0
59,88,4.3,165.71,437.95,94.05,23.92,none,0
59,89,4.3,174.26,439.29,105.51,46.02,none,0
59,90,4.3,168.92,453.66,101.25,43.9,none,0
59,91,4.3,168.73,502.03,101.97,37.42,none,0
59,92,4.3,174.49,432.01,100.32,53.13,none,0
59,93,4.3,166.76,476.24,100.74,41.12,none,0
59,94,4.3,167.0,451.29,100.7,45.56,none,0
59,95,4.3,168.69,473.1,102.46,47.83,none,0
59,96,4.3,185.33,482.99,98.38,44.08,none,0
59,97,4.3,166.14,459.67,95.5,35.04,none,0
59,98,4.3,166.36,455.69,102.97,41.78,none,0
59,99,4.3,171.88,434.15,94.08,45.68,none,0
59,100,4.3,169.32,471.17,102.15,37.4,none,0
59,101,4.3,174.5,442.0,100.21,24.84,none,0
59,102,4.3,169.01,424.96,98.86,44.18,none,0
59,103,4.3,161.85,482.98,101.52,38.44,none,0
59,104,4.3,175.37,479.12,102.12,47.25,none,0
59,105,4.3,167.32,442.3,95.08,22.87,none,0
59,106,4.3,163.57,422.66,97.49,20.76,none,0
59,107,4.3,166.11,474.09,100.02,38.62,none,0
59,108,4.3,180.5,442.32,101.39,19.4,none,0
59,109,4.3,162.41,439.32,102.91,44.57,none,0
59,110,4.3,170.57,430.02,95.9,43.75,none,0
59,111,4.3,165.8,444.21,98.55,52.19,none,0
59,112,4.3,173.35,477.25,94.95,40.5,none,0
59,113,4.3,168.36,431.13,101.47,40.07,none,0
59,114,4.3,171.02,430.27,100.46,34.46,none,0
59,115,4.3,168.12,453.19,99.57,35.57,none,0
59,116,4.3,170.65,430.98,102.99,38.85,none,0
59,117,4.3,157.19,462.64,103.46,46.1,none,0
59,118,4.3,164.69,465.2,101.01,36.45,none,0
59,119,4.3,175.73,488.64,98.97,38.17,none,0
60,0,17.5,171.35,444.64,103.7,52.66,none,0
60,1,17.5,166.93,459.97,92.81,32.84,none,0
60,2,17.5,166.08,460.83,98.9,23.1,none,0
60,3,17.5,170.25,445.31,94.06,48.66,none,0
60,4,17.5,167.79,466.29,97.87,45.49,none,0
60,5,17.5,175.61,462.61,97.45,48.48,none,0
60,6,17.5,172.51,457.64,98.33,57.03,none,0
60,7,17.5,168.69,472.33,102.97,26.32,none,0
60,8,17.5,167.69,485.58,97.85,34.02,none,0
60,9,17.5,167.0,433.55,101.78,34.36,none,0
60,10,17.5,171.28,446.8,102.39,54.51,none,0
60,11,17.5,161.37,472.32,102.09,46.52,none,0
60,12,17.5,168.38,428.17,100.36,40.25,none,0
60,13,17.5,170.9,444.24,105.09,27.94,none,0
60,14,17.5,165.16,451.22,100.01,42.23,none,0
60,15,17.5,168.21,435.61,96.98,31.95,none,0
60,16,17.5,168.55,446.15,101.34,21.82,none,0
60,17,17.5,163.64,429.97,98.28,48.8,none,0
60,18,17.5,180.54,471.32,100.47,42.57,none,0
60,19,17.5,168.0,431.87,97.66,35.31,none,0
60,20,17.5,173.48,437.36,98.93,49.6,none,0
60,21,17.5,167.85,468.87,101.72,49.57,none,0
60,22,17.5,164.85,455.75,99.21,44.35,none,0
60,23,17.5,166.27,472.51,100.07,42.85,none,0
60,24,17.5,162.54,426.29,102.6,31.36,none,0
60,25,17.5,165.85,470.84,100.86,45.58,none,0
60,26,17.5,172.15,430.2,99.65,49.59,none,0
60,27,17.5,171.18,451.6,101.99,43.15,none,0
60,28,17.5,174.42,422.04,101.89,45.25,none,0
60,29,17.5,177.58,450.67,97.95,45.45,none,0
60,30,17.5,167.69,453.19,99.76,37.2,none,0
60,31,17.5,166.31,457.66,99.42,40.68,none,0
60,32,17.5,180.03,468.49,100.5,37.73,none,0
60,33,17.5,166.81,449.53,98.54,45.9,none,0
60,34,17.5,166.94,438.84,102.54,49.39,none,0
60,35,17.5,168.82,466.35,107.57,41.38,none,0
60,36,17.5,171.93,438.86,97.44,40.94,none,0
60,37,17.5,171.93,453.51,97.53,44.15,none,0
60,38,17.5,171.59,419.88,100.78,41.73,none,0
60,39,17.5,174.85,430.61,100.46,34.41,none,0
60,40,17.5,169.29,468.17,96.17,34.14,none,0
60,41,17.5,156.21,445.52,100.96,53.65,none,0
60,42,17.5,172.52,419.95,97.29,59.64,none,0
60,43,17.5,175.5,423.53,103.28,44.71,none,0
60,44,17.5,169.14,454.98,91.25,39.63,none,0
60,45,17.5,174.83,486.52,99.41,47.33,none,0
60,46,17.5,165.26,455.91,101.02,47.31,none,0
60,47,17.5,167.77,453.31,101.33,31.02,none,0
60,48,17.5,166.48,452.37,104.02,39.15,none,0
60,49,17.5,164.29,488.59,105.58,30.43,none,0
60,50,17.5,166.43,434.24,97.21,31.96,none,0
60,51,17.5,180.7,433.25,101.31,47.63,none,0
60,52,17.5,172.37,428.72,102.55,33.52,none,0
60,53,17.5,173.78,449.05,100.31,37.44,none,0
60,54,17.5,139.05,370.72,115.15,68.58,comp1,1
60,55,17.5,174.18,452.93,106.05,46.47,none,0
60,56,17.5,165.81,460.69,100.56,45.75,none,0
60,57,17.5,167.93,443.0,99.87,29.89,none,0
60,58,17.5,167.82,453.59,95.59,31.16,none,0
60,59,17.5,172.93,490.97,100.14,42.31,none,0
60,60,17.5,161.89,436.59,101.03,26.33,none,0
60,61,17.5,174.26,456.5,100.14,46.55,none,0
60,62,17.5,169.73,470.99,103.82,53.67,none,0
60,63,17.5,171.48,431.52,95.54,32.67,none,0
60,64,17.5,158.77,448.53,106.95,38.59,none,0
60,65,17.5,171.05,463.18,97.13,44.88,none,0
60,66,17.5,169.34,471.5,99.82,37.76,none,0
60,67,17.5,165.78,465.61,101.65,35.98,none,0
60,68,17.5,169.09,432.01,94.49,44.75,none,0
60,69,17.5,168.81,434.48,98.62,42.42,none,0
60,70,17.5,166.31,461.76,98.93,32.66,none,0
60,71,17.5,172.12,433.32,101.29,30.77,none,0
60,72,17.5,173.17,450.57,101.44,29.66,none,0
60,73,17.5,158.28,449.96,98.71,36.81,none,0
60,74,17.5,173.28,474.79,99.74,28.72,none,0
60,75,17.5,164.56,428.47,102.24,47.12,none,0
60,76,17.5,176.48,459.44,105.98,40.94,none,0
60,77,17.5,169.23,455.32,96.51,51.16,none,0
60,78,17.5,169.95,452.25,102.58,43.07,none,0
60,79,17.5,173.87,445.65,102.12,36.78,none,0
60,80,17.5,166.37,436.24,97.29,47.96,none,0
60,81,17.5,172.01,448.6,95.5,34.52,none,0
60,82,17.5,158.43,456.7,98.57,43.38,none,0
60,83,17.5,171.35,423.94,103.78,24.42,none,0
60,84,17.5,174.11,454.55,98.06,33.34,none,0
60,85,17.5,170.74,430.26,97.22,28.01,none,0
60,86,17.5,169.91,445.61,97.37,41.22,none,0
60,87,17.5,165.41,416.44,95.44,44.65,none,0
60,88,17.5,167.01,458.48,101.96,51.44,none,0
60,89,17.5,178.8,456.96,104.46,32.65,none,0
60,90,17.5,171.91,444.73,104.92,38.11,none,0
60,91,17.5,176.54,460.97,100.87,25.31,none,0
60,92,17.5,171.73,464.23,97.17,37.07,none,0
60,93,17.5,169.98,491.56,98.04,40.86,none,0
60,94,17.5,170.56,459.83,101.41,47.56,none,0
60,95,17.5,167.25,461.79,98.59,45.07,none,0
60,96,17.5,167.68,474.91,97.54,34.11,none,0
60,97,17.5,171.08,426.72,100.81,36.11,none,0
60,98,17.5,159.16,447.17,97.05,45.02,none,0
60,99,17.5,171.15,436.92,104.35,52.82,none,0
60,100,17.5,163.95,442.82,103.15,26.99,none,0
60,101,17.5,174.97,439.06,99.23,53.43,none,0
60,102,17.5,170.86,464.25,98.39,34.03,none,0
60,103,17.5,167.59,424.02,99.6,48.41,none,0
60,104,17.5,159.75,421.68,104.88,42.63,none,0
60,105,17.5,172.85,494.55,99.34,36.72,none,0
60,106,17.5,161.98,451.18,97.51,36.97,none,0
60,107,17.5,154.76,434.15,96.46,45.43,none,0
60,108,17.5,165.37,454.03,98.56,48.39,none,0
60,109,17.5,174.12,424.97,99.96,43.78,none,0
60,110,17.5,172.11,458.65,101.55,36.61,none,0
60,111,17.5,177.72,461.02,102.54,45.35,none,0
60,112,17.5,164.71,433.51,96.6,50.67,none,0
60,113,17.5,169.46,434.2,101.46,29.86,none,0
60,114,17.5,168.49,425.5,99.32,44.22,none,0
60,115,17.5,172.19,467.52,97.72,47.74,none,0
60,116,17.5,170.07,471.28,97.31,34.22,none,0
60,117,17.5,172.13,463.95,96.64,37.42,none,0
60,118,17.5,167.63,439.53,101.22,39.42,none,0
60,119,17.5,172.93,491.64,102.39,27.03,none,0
61,0,9.5,161.48,409.35,100.14,46.15,none,0
61,1,9.5,168.08,433.08,97.89,30.78,none,0
61,2,9.5,173.47,452.76,98.15,33.19,none,0
61,3,9.5,163.28,459.76,97.93,40.88,none,0
61,4,9.5,165.92,424.43,101.81,40.3,none,0
61,5,9.5,168.92,476.41,100.31,35.89,none,0
61,6,9.5,171.69,477.12,96.23,40.91,none,0
61,7,9.5,166.29,456.08,106.3,49.27,none,0
61,8,9.5,177.44,456.98,103.78,35.75,none,0
61,9,9.5,174.79,438.7,98.43,50.61,none,0
61,10,9.5,168.81,478.77,102.46,55.78,none,0
61,11,9.5,163.73,418.43,98.6,38.36,none,0
61,12,9.5,168.47,437.16,98.02,57.21,none,0
61,13,9.5,169.13,433.93,101.32,25.5,none,0
61,14,9.5,167.44,456.85,101.4,40.51,none,0
61,15,9.5,174.77,463.47,104.5,49.92,none,0
61,16,9.5,171.41,464.14,103.96,50.35,none,0
61,17,9.5,167.38,457.45,102.85,46.67,none,0
61,18,9.5,158.94,425.88,103.58,55.53,none,0
61,19,9.5,174.45,432.19,103.11,34.58,none,0
61,20,9.5,171.36,441.86,98.23,33.33,none,0
61,21,9.5,176.79,450.58,100.6,43.56,none,0
61,22,9.5,167.38,447.82,100.22,51.31,none,0
61,23,9.5,177.14,433.14,102.04,26.87,none,0
61,24,9.5,169.39,477.28,96.01,55.33,none,0
61,25,9.5,171.33,461.21,100.3,40.25,none,0
61,26,9.5,168.14,444.86,99.71,27.63,none,0
61,27,9.5,171.82,441.57,97.96,28.29,none,0
61,28,9.5,166.86,454.44,97.86,34.7,none,0
61,29,9.5,166.96,469.77,99.75,49.58,none,0
61,30,9.5,168.79,414.99,99.81,36.02,none,0
61,31,9.5,170.89,448.76,97.37,31.61,none,0
61,32,9.5,160.18,454.28,96.66,37.44,none,0
61,33,9.5,175.3,443.05,100.06,51.42,none,0
61,34,9.5,170.48,464.12,95.66,44.42,none,0
61,35,9.5,178.42,488.05,100.88,48.1,none,0
61,36,9.5,177.0,412.36,108.23,26.22,none,0
61,37,9.5,174.36,452.98,104.94,32.61,none,0
61,38,9.5,174.47,468.93,100.95,40.8,none,0
61,39,9.5,171.8,444.61,98.81,40.46,none,0
61,40,9.5,178.58,414.78,93.34,24.17,none,0
61,41,9.5,164.81,427.26,101.44,45.29,none,0
61,42,9.5,171.11,450.04,104.51,46.76,none,0
61,43,9.5,179.03,431.3,102.97,37.17,none,0
61,44,9.5,178.41,373.0,101.84,44.57,none,0
61,45,9.5,168.2,438.49,104.05,36.36,none,0
61,46,9.5,166.54,442.51,98.52,51.46,none,0
61,47,9.5,161.86,460.75,102.27,43.31,none,0
61,48,9.5,178.24,489.25,106.07,33.75,none,0
61,49,9.5,170.1,446.37,101.64,38.17,none,0
61,50,9.5,179.06,461.48,94.56,40.42,none,0
61,51,9.5,166.04,485.19,104.63,22.83,none,0
61,52,9.5,173.09,437.68,100.01,41.45,none,0
61,53,9.5,161.65,453.59,103.53,34.45,none,0
61,54,9.5,174.1,452.85,99.94,49.12,none,0
61,55,9.5,165.59,459.44,100.02,56.35,none,0
61,56,9.5,168.72,436.53,97.64,50.1,none,0
61,57,9.5,175.76,425.81,104.63,50.21,none,0
61,58,9.5,164.97,449.77,101.17,29.45,none,0
61,59,9.5,175.86,459.25,93.81,50.55,none,0
61,60,9.5,169.96,414.3,95.66,31.69,none,0
61,61,9.5,174.62,443.45,98.57,37.84,none,0
61,62,9.5,169.55,454.23,94.31,41.91,none,0
61,63,9.5,169.42,431.28,102.16,49.9,none,0
61,64,9.5,165.73,446.51,95.25,35.81,none,0
61,65,9.5,174.24,449.43,101.79,38.08,none,0
61,66,9.5,172.04,435.06,100.71,39.07,none,0
61,67,9.5,173.9,464.17,102.36,43.47,none,0
61,68,9.5,183.43,480.52,100.31,38.86,none,0
61,69,9.5,169.77,424.76,97.73,35.97,none,0
61,70,9.5,167.47,425.72,99.32,48.74,none,0
61,71,9.5,167.83,445.98,95.02,41.88,none,0
61,72,9.5,163.14,397.05,96.71,43.38,none,0
61,73,9.5,167.31,442.61,102.44,45.2,none,0
61,74,9.5,170.97,473.08,96.04,40.49,none,0
61,75,9.5,170.49,473.41,99.59,44.5,none,0
61,76,9.5,171.95,481.17,94.91,30.85,none,0
61,77,9.5,170.06,419.62,97.85,37.63,none,0
61,78,9.5,165.42,448.31,95.31,31.28,none,0
61,79,9.5,164.88,418.4,103.13,41.89,none,0
61,80,9.5,171.51,448.84,102.53,52.02,none,0
61,81,9.5,165.17,452.22,100.22,28.76,none,0
61,82,9.5,153.4,421.02,104.27,42.77,none,0
61,83,9.5,158.55,458.94,96.76,49.93,none,0
61,84,9.5,173.71,443.62,100.02,44.47,none,0
61,85,9.5,166.08,456.13,99.98,44.29,none,0
61,86,9.5,168.35,430.89,102.68,42.79,none,0
61,87,9.5,172.16,445.91,101.85,42.13,none,0
61,88,9.5,170.32,474.01,94.97,41.88,none,0
61,89,9.5,165.61,470.43,94.15,42.24,none,0
61,90,9.5,170.13,454.06,102.95,35.22,none,0
61,91,9.5,178.01,465.75,102.46,48.19,none,0
61,92,9.5,172.68,452.42,97.36,41.65,none,0
61,93,9.5,171.37,447.12,96.53,38.92,none,0
61,94,9.5,176.98,437.69,96.98,24.01,none,0
61,95,9.5,167.92,445.86,97.65,43.85,none,0
61,96,9.5,181.48,392.9,100.48,44.46,none,0
61,97,9.5,174.16,403.55,105.45,48.04,none,0
61,98,9.5,168.01,477.01,100.06,42.36,none,0
61,99,9.5,168.82,475.26,101.62,52.88,none,0
61,100,9.5,180.25,468.72,100.36,51.1,none,0
61,101,9.5,171.06,456.84,101.06,41.18,none,0
61,102,9.5,166.31,473.19,102.02,31.45,none,0
61,103,9.5,165.26,456.68,100.45,29.38,none,0
61,104,9.5,151.32,358.95,119.7,90.82,comp4,1
61,105,9.5,170.59,466.25,100.23,48.42,none,0
61,106,9.5,163.76,428.21,103.06,56.83,none,0
61,107,9.5,178.65,461.78,97.44,38.36,none,0
61,108,9.5,180.97,432.42,99.37,38.3,none,0
61,109,9.5,171.12,479.81,100.28,31.26,none,0
61,110,9.5,169.86,436.62,102.53,53.43,none,0
61,111,9.5,145.36,402.69,117.44,63.43,comp3,1
61,112,9.5,165.2,425.03,98.12,25.98,none,0
61,113,9.5,172.04,453.93,102.3,36.75,none,0
61,114,9.5,172.88,442.46,99.83,25.85,none,0
61,115,9.5,176.52,422.55,102.02,46.95,none,0
61,116,9.5,173.82,436.35,100.81,49.15,none,0
61,117,9.5,163.16,437.39,94.21,28.02,none,0
61,118,9.5,166.33,410.08,101.22,46.87,none,0
61,119,9.5,167.03,425.15,95.0,38.77,none,0
62,0,9.4,172.8,440.95,97.62,36.19,none,0
62,1,9.4,172.8,438.14,99.31,30.5,none,0
62,2,9.4,174.41,473.21,101.92,36.52,none,0
62,3,9.4,177.19,453.03,102.79,43.83,none,0
62,4,9.4,169.87,461.64,99.45,36.91,none,0
62,5,9.4,163.56,466.49,100.07,44.61,none,0
62,6,9.4,162.8,463.69,105.75,35.29,none,0
62,7,9.4,173.19,431.13,100.0,36.46,none,0
62,8,9.4,161.29,455.63,99.44,37.48,none,0
62,9,9.4,177.21,505.99,103.31,35.06,none,0
62,10,9.4,168.21,469.01,101.08,38.65,none,0
62,11,9.4,171.41,429.96,100.6,46.59,none,0
62,12,9.4,175.37,478.93,97.81,45.28,none,0
62,13,9.4,165.22,442.41,94.28,39.77,none,0
62,14,9.4,166.7,452.63,97.75,38.75,none,0
62,15,9.4,168.0,476.92,101.47,44.21,none,0
62,16,9.4,180.63,428.36,95.62,36.79,none,0
62,17,9.4,173.69,419.57,99.75,48.06,none,0
62,18,9.4,170.31,474.79,96.76,30.58,none,0
62,19,9.4,159.6,450.31,104.68,50.64,none,0
62,20,9.4,167.95,476.85,101.71,32.86,none,0
62,21,9.4,180.48,447.72,104.04,58.65,none,0
62,22,9.4,181.01,444.83,101.94,36.25,none,0
62,23,9.4,160.5,472.13,100.49,46.09,none,0
62,24,9.4,171.39,443.09,98.68,42.14,none,0
62,25,9.4,174.01,429.73,95.84,40.94,none,0
62,26,9.4,176.94,439.17,100.81,30.9,none,0
62,27,9.4,180.65,449.41,100.39,50.31,none,0
62,28,9.4,169.2,435.28,107.52,54.72,none,0
62,29,9.4,179.12,437.2,102.42,29.68,none,0
62,30,9.4,169.78,451.88,95.14,44.0,none,0
62,31,9.4,171.33,449.49,98.24,25.65,none,0
62,32,9.4,164.05,447.3,95.59,31.42,none,0
62,33,9.4,156.63,432.26,99.83,48.48,none,0
62,34,9.4,171.58,421.29,99.11,48.27,none,0
62,35,9.4,173.39,438.71,99.76,30.11,none,0
62,36,9.4,159.69,456.68,99.38,31.79,none,0
62,37,9.4,176.46,394.41,100.04,51.29,none,0
62,38,9.4,172.66,442.84,98.82,15.28,none,0
62,39,9.4,167.38,438.03,98.69,39.68,none,0
62,40,9.4,169.5,459.3,100.77,31.0,none,0
62,41,9.4,172.88,446.06,97.25,37.77,none,0
62,42,9.4,171.59,473.61,105.99,43.68,none,0
62,43,9.4,173.78,489.1,104.18,37.38,none,0
62,44,9.4,170.63,472.08,96.61,39.53,none,0
62,45,9.4,171.2,405.9,101.18,31.75,none,0
62,46,9.4,174.71,459.28,101.84,37.82,none,0
62,47,9.4,170.56,439.62,103.62,34.5,none,0
62,48,9.4,172.95,453.08,99.49,36.99,none,0
62,49,9.4,173.02,446.65,103.26,48.64,none,0
62,50,9.4,172.88,439.19,98.04,23.59,none,0
62,51,9.4,157.16,437.17,104.31,53.36,none,0
62,52,9.4,169.0,480.67,102.46,39.09,none,0
62,53,9.4,164.75,470.28,103.91,37.29,none,0
62,54,9.4,172.96,464.86,103.36,47.78,none,0
62,55,9.4,168.92,457.98,93.31,58.85,none,0
62,56,9.4,171.88,450.98,99.59,30.66,none,0
62,57,9.4,163.99,460.67,98.03,38.74,none,0
62,58,9.4,174.53,442.02,99.27,44.23,none,0
62,59,9.4,170.25,427.66,96.96,39.79,none,0
62,60,9.4,168.28,452.21,99.79,41.23,none,0
62,61,9.4,169.68,455.65,103.89,40.71,none,0
62,62,9.4,163.07,441.93,105.18,32.65,none,0
62,63,9.4,177.0,440.77,96.94,32.97,none,0
62,64,9.4,168.38,465.05,103.17,35.73,none,0
62,65,9.4,176.34,478.8,99.84,39.78,none,0
62,66,9.4,177.9,447.25,103.04,43.99,none,0
62,67,9.4,170.34,392.97,97.27,50.35,none,0
62,68,9.4,168.36,468.79,98.18,35.73,none,0
62,69,9.4,170.79,466.44,100.31,42.97,none,0
62,70,9.4,165.66,432.54,97.06,40.94,none,0
62,71,9.4,165.06,425.53,100.0,43.15,none,0
62,72,9.4,168.89,432.35,101.73,50.59,none,0
62,73,9.4,164.12,463.87,100.84,32.95,none,0
62,74,9.4,162.32,421.67,100.97,48.39,none,0
62,75,9.4,170.77,439.16,94.55,47.16,none,0
62,76,9.4,170.34,443.99,99.34,38.55,none,0
62,77,9.4,168.07,433.5,99.37,31.23,none,0
62,78,9.4,176.8,424.39,99.78,34.13,none,0
62,79,9.4,169.25,497.86,103.13,36.02,none,0
62,80,9.4,167.67,430.55,103.55,35.49,none,0
62,81,9.4,167.07,434.27,101.98,41.65,none,0
62,82,9.4,164.38,460.76,105.78,25.89,none,0
62,83,9.4,173.06,456.75,101.42,44.46,none,0
62,84,9.4,164.5,465.24,99.0,47.11,none,0
62,85,9.4,166.0,482.99,97.87,43.29,none,0
62,86,9.4,167.12,426.07,105.71,28.46,none,0
62,87,9.4,167.87,438.04,95.75,47.0,none,0
62,88,9.4,166.67,433.51,104.49,58.68,none,0
62,89,9.4,171.3,457.03,101.22,37.81,none,0
62,90,9.4,164.1,463.8,93.97,48.54,none,0
62,91,9.4,168.8,495.33,102.73,40.04,none,0
62,92,9.4,160.68,485.19,93.93,54.84,none,0
62,93,9.4,168.04,444.81,107.22,37.53,none,0
62,94,9.4,169.31,466.78,102.13,43.41,none,0
62,95,9.4,176.29,457.59,99.5,37.96,none,0
62,96,9.4,172.79,447.89,101.86,22.68,none,0
62,97,9.4,172.46,428.49,100.29,47.42,none,0
62,98,9.4,166.47,440.15,101.63,39.49,none,0
62,99,9.4,166.82,453.14,100.19,42.0,none,0
62,100,9.4,172.59,445.53,98.72,42.77,none,0
62,101,9.4,169.78,481.72,103.15,37.59,none,0
62,102,9.4,169.36,461.95,101.35,33.0,none,0
62,103,9.4,172.37,418.7,95.57,35.6,none,0
62,104,9.4,171.15,427.29,97.02,44.19,none,0
62,105,9.4,167.18,440.7,94.41,52.04,none,0
62,106,9.4,170.91,456.01,100.82,48.4,none,0
62,107,9.4,169.88,438.6,102.03,36.3,none,0
62,108,9.4,178.9,451.24,95.83,44.01,none,0
62,109,9.4,175.8,489.18,99.64,37.66,none,0
62,110,9.4,175.22,467.33,103.56,42.94,none,0
62,111,9.4,176.88,461.6,104.85,46.11,none,0
62,112,9.4,174.82,436.27,91.76,43.24,none,0
62,113,9.4,165.62,421.77,97.48,39.77,none,0
62,114,9.4,169.72,421.74,99.04,29.05,none,0
62,115,9.4,168.01,434.34,97.92,31.1,none,0
62,116,9.4,167.9,428.73,98.04,42.42,none,0
62,117,9.4,171.86,432.23,97.38,44.54,none,0
62,118,9.4,166.23,473.81,101.52,23.73,none,0
62,119,9.4,168.9,447.45,104.46,36.93,none,0
63,0,17.1,176.31,431.62,101.3,41.95,none,0
63,1,17.1,183.24,434.15,100.43,46.33,none,0
63,2,17.1,164.23,472.59,94.4,40.56,none,0
63,3,17.1,175.75,429.64,99.32,31.34,none,0
63,4,17.1,167.06,444.76,96.69,28.69,none,0
63,5,17.1,166.9,408.75,97.12,33.71,none,0
63,6,17.1,173.39,430.43,102.1,33.63,none,0
63,7,17.1,167.58,439.41,96.44,32.65,none,0
63,8,17.1,173.48,476.4,100.22,33.59,none,0
63,9,17.1,167.86,430.11,103.61,43.21,none,0
63,10,17.1,171.29,443.58,97.45,32.77,none,0
63,11,17.1,175.74,453.16,101.06,37.08,none,0
63,12,17.1,168.95,442.2,94.23,40.99,none,0
63,13,17.1,169.03,444.45,98.99,35.95,none,0
63,14,17.1,162.95,441.98,98.68,36.32,none,0
63,15,17.1,166.0,445.4,99.91,33.05,none,0
63,16,17.1,179.51,457.2,97.26,44.11,none,0
63,17,17.1,169.1,457.74,101.7,42.64,none,0
63,18,17.1,163.25,436.21,103.4,33.57,none,0
63,19,17.1,169.34,430.67,97.89,43.95,none,0
63,20,17.1,176.48,443.12,103.87,48.13,none,0
63,21,17.1,179.7,454.81,100.49,51.21,none,0
63,22,17.1,170.36,450.02,105.22,21.96,none,0
63,23,17.1,176.91,465.44,103.39,46.87,none,0
63,24,17.1,168.19,453.83,102.63,43.69,none,0
63,25,17.1,179.07,487.15,98.43,34.6,none,0
63,26,17.1,175.91,450.85,101.08,41.45,none,0
63,27,17.1,166.98,409.95,100.53,32.89,none,0
63,28,17.1,169.56,434.84,101.41,30.67,none,0
63,29,17.1,168.91,484.3,96.07,46.6,none,0
63,30,17.1,177.08,437.63,100.88,40.15,none,0
63,31,17.1,166.18,455.99,96.04,21.84,none,0
63,32,17.1,174.19,424.69,99.09,30.2,none,0
63,33,17.1,177.21,452.54,105.4,52.75,none,0
63,34,17.1,161.84,450.74,98.35,52.02,none,0
63,35,17.1,168.07,456.75,95.92,37.22,none,0
63,36,17.1,175.05,461.48,104.8,48.27,none,0
63,37,17.1,173.14,435.5,104.99,43.85,none,0
63,38,17.1,165.61,429.64,100.27,47.81,none,0
63,39,17.1,153.23,377.37,118.03,75.27,comp2,1
63,40,17.1,166.39,419.24,99.92,39.73,none,0
63,41,17.1,174.66,439.36,103.98,36.93,none,0
63,42,17.1,177.76,432.0,100.4,46.07,none,0
63,43,17.1,172.0,471.53,96.66,38.62,none,0
63,44,17.1,167.65,437.77,96.37,30.52,none,0
63,45,17.1,167.61,424.24,99.38,44.34,none,0
63,46,17.1,172.16,494.82,100.49,36.12,none,0
63,47,17.1,167.09,462.66,93.73,29.94,none,0
63,48,17.1,174.86,458.34,104.4,42.42,none,0
63,49,17.1,167.17,441.54,100.67,34.63,none,0
63,50,17.1,177.92,457.85,98.94,44.39,none,0
63,51,17.1,169.72,431.53,97.74,38.23,none,0
63,52,17.1,166.17,484.13,98.64,45.84,none,0
63,53,17.1,170.79,445.27,99.93,50.37,none,0
63,54,17.1,172.67,425.81,96.8,38.64,none,0
63,55,17.1,174.78,460.21,101.94,42.17,none,0
63,56,17.1,168.26,449.38,99.89,42.27,none,0
63,57,17.1,162.35,449.08,101.12,29.92,none,0
63,58,17.1,174.24,445.88,95.76,38.37,none,0
63,59,17.1,170.65,449.08,95.93,45.16,none,0
63,60,17.1,142.98,344.77,108.48,72.93,comp2,1
63,61,17.1,162.23,467.04,101.94,52.96,none,0
63,62,17.1,168.83,448.19,100.17,58.76,none,0
63,63,17.1,169.15,467.85,101.07,42.93,none,0
63,64,17.1,173.85,428.16,102.19,61.73,none,0
63,65,17.1,173.76,426.24,103.37,34.98,none,0
63,66,17.1,170.87,454.46,100.85,46.45,none,0
63,67,17.1,166.78,462.58,96.55,50.0,none,0
63,68,17.1,162.4,447.35,97.53,46.7,none,0
63,69,17.1,172.95,437.66,100.23,39.07,none,0
63,70,17.1,161.86,460.38,98.15,55.86,none,0
63,71,17.1,174.26,425.43,95.43,48.79,none,0
63,72,17.1,177.94,451.7,101.31,36.42,none,0
63,73,17.1,170.4,423.09,101.57,27.4,none,0
63,74,17.1,175.07,424.07,101.57,36.56,none,0
63,75,17.1,172.67,435.59,102.72,38.96,none,0
63,76,17.1,173.69,435.33,95.91,39.67,none,0
63,77,17.1,160.48,448.42,98.14,30.34,none,0
63,78,17.1,167.07,471.11,97.34,34.22,none,0
63,79,17.1,180.94,434.87,96.46,47.23,none,0
63,80,17.1,166.11,449.42,100.61,41.73,none,0
63,81,17.1,173.58,476.58,98.2,44.76,none,0
63,82,17.1,170.12,406.54,98.44,32.31,none,0
63,83,17.1,168.21,432.59,102.55,46.75,none,0
63,84,17.1,172.6,461.3,99.69,45.6,none,0
63,85,17.1,167.9,476.51,93.51,25.8,none,0
63,86,17.1,173.98,456.84,99.54,48.09,none,0
63,87,17.1,171.68,455.27,95.22,33.74,none,0
63,88,17.1,179.92,470.28,101.16,29.44,none,0
63,89,17.1,145.07,382.25,111.88,64.98,comp1,1
63,90,17.1,166.45,436.5,97.9,31.72,none,0
63,91,17.1,173.99,479.99,96.06,37.19,none,0
63,92,17.1,166.62,480.05,101.01,41.79,none,0
63,93,17.1,180.94,470.79,104.13,35.57,none,0
63,94,17.1,177.34,452.41,98.67,45.82,none,0
63,95,17.1,163.64,440.38,101.96,40.93,none,0
63,96,17.1,155.51,466.59,97.58,29.15,none,0
63,97,17.1,177.91,462.11,96.42,44.45,none,0
63,98,17.1,158.23,458.24,94.04,44.28,none,0
63,99,17.1,166.28,436.98,102.92,42.32,none,0
63,100,17.1,160.67,484.09,96.9,41.07,none,0
63,101,17.1,174.65,412.76,102.08,54.98,none,0
63,102,17.1,173.93,419.56,99.58,27.93,none,0
63,103,17.1,170.04,443.84,96.37,48.85,none,0
63,104,17.1,166.29,423.93,96.14,31.6,none,0
63,105,17.1,169.03,437.83,95.57,47.04,none,0
63,106,17.1,173.98,447.38,101.08,39.48,none,0
63,107,17.1,167.89,456.8,104.78,29.77,none,0
63,108,17.1,168.99,473.01,100.6,40.69,none,0
63,109,17.1,167.84,470.26,100.44,43.64,none,0
63,110,17.1,172.82,437.72,103.36,37.51,none,0
63,111,17.1,176.53,458.99,101.48,42.66,none,0
63,112,17.1,167.85,468.85,97.08,40.46,none,0
63,113,17.1,168.2,456.06,102.78,35.85,none,0
63,114,17.1,173.03,432.06,98.82,37.54,none,0
63,115,17.1,164.84,444.84,100.43,33.26,none,0
63,116,17.1,170.74,445.2,103.15,29.87,none,0
63,117,17.1,164.22,477.82,103.55,37.04,none,0
63,118,17.1,176.84,439.28,101.31,47.78,none,0
63,119,17.1,171.8,452.18,102.71,47.23,none,0
64,0,1.5,167.51,433.54,101.43,36.54,none,0
64,1,1.5,167.43,446.76,102.61,48.57,none,0
64,2,1.5,171.41,424.91,99.46,53.98,none,0
64,3,1.5,166.51,456.8,99.53,42.27,none,0
64,4,1.5,169.55,507.33,97.53,38.28,none,0
64,5,1.5,164.94,451.42,105.25,40.67,none,0
64,6,1.5,166.57,390.42,99.42,38.59,none,0
64,7,1.5,172.31,432.84,101.59,42.22,none,0
64,8,1.5,169.91,447.03,99.06,29.27,none,0
64,9,1.5,175.14,465.02,95.58,41.36,none,0
64,10,1.5,168.86,445.52,104.03,38.3,none,0
64,11,1.5,169.73,433.33,98.76,44.59,none,0
64,12,1.5,162.24,455.09,104.57,41.1,none,0
64,13,1.5,169.08,440.76,101.11,50.2,none,0
64,14,1.5,179.28,429.18,101.86,48.65,none,0
64,15,1.5,173.25,460.13,103.49,36.79,none,0
64,16,1.5,171.86,466.38,99.11,30.57,none,0
64,17,1.5,181.4,437.49,95.56,39.18,none,0
64,18,1.5,173.18,420.85,97.58,53.31,none,0
64,19,1.5,172.88,476.46,103.02,45.99,none,0
64,20,1.5,169.78,449.97,98.51,30.57,none,0
64,21,1.5,165.68,473.51,100.71,38.22,none,0
64,22,1.5,176.13,469.52,103.88,46.04,none,0
64,23,1.5,172.18,434.36,100.14,48.79,none,0
64,24,1.5,163.42,466.51,100.19,34.43,none,0
64,25,1.5,172.72,452.33,101.13,28.87,none,0
64,26,1.5,161.67,452.51,96.88,44.65,none,0
64,27,1.5,171.44,436.29,100.77,59.56,none,0
64,28,1.5,172.46,505.64,98.78,27.66,none,0
64,29,1.5,161.7,433.83,102.85,33.61,none,0
64,30,1.5,169.24,458.77,104.2,38.02,none,0
64,31,1.5,168.6,450.47,100.08,43.46,none,0
64,32,1.5,175.32,455.28,103.98,61.67,none,0
64,33,1.5,172.78,434.25,96.96,33.15,none,0
64,34,1.5,171.87,451.82,98.17,28.87,none,0
64,35,1.5,171.46,413.08,102.91,56.95,none,0
64,36,1.5,171.61,482.6,97.28,27.81,none,0
64,37,1.5,174.8,448.24,102.89,34.11,none,0
64,38,1.5,161.55,424.56,99.24,28.83,none,0
64,39,1.5,171.2,438.22,98.33,52.97,none,0
64,40,1.5,171.61,475.42,99.93,44.94,none,0
64,41,1.5,168.79,439.97,103.0,34.24,none,0
64,42,1.5,159.83,422.41,98.29,44.07,none,0
64,43,1.5,173.61,468.9,99.11,42.69,none,0
64,44,1.5,175.87,456.35,101.85,49.3,none,0
64,45,1.5,170.4,427.88,97.05,39.0,none,0
64,46,1.5,170.34,450.47,102.96,27.34,none,0
64,47,1.5,173.57,479.96,99.77,35.53,none,0
64,48,1.5,164.76,472.75,101.29,32.65,none,0
64,49,1.5,162.68,448.25,99.38,39.09,none,0
64,50,1.5,172.25,439.4,101.06,45.8,none,0
64,51,1.5,166.99,419.09,96.55,35.24,none,0
64,52,1.5,175.93,485.05,104.63,31.24,none,0
64,53,1.5,168.33,406.77,101.22,44.22,none,0
64,54,1.5,171.45,454.31,98.0,40.07,none,0
64,55,1.5,171.21,429.22,96.91,43.51,none,0
64,56,1.5,168.0,418.15,98.47,44.3,none,0
64,57,1.5,171.18,444.78,103.66,47.42,none,0
64,58,1.5,164.09,429.7,103.42,45.85,none,0
64,59,1.5,169.01,430.18,99.2,42.46,none,0
64,60,1.5,174.49,433.21,100.88,40.67,none,0
64,61,1.5,167.56,448.46,100.01,37.98,none,0
64,62,1.5,173.3,465.08,99.13,43.33,none,0
64,63,1.5,167.55,461.03,101.03,49.56,none,0
64,64,1.5,165.79,433.12,99.76,43.85,none,0
64,65,1.5,174.45,442.39,103.6,38.43,none,0
64,66,1.5,169.37,458.17,97.08,48.83,none,0
64,67,1.5,170.55,428.35,102.19,39.6,none,0
64,68,1.5,160.24,461.61,100.51,50.92,none,0
64,69,1.5,168.67,438.62,97.2,34.99,none,0
64,70,1.5,179.31,447.45,102.17,39.27,none,0
64,71,1.5,164.4,431.58,97.44,43.94,none,0
64,72,1.5,177.26,423.6,97.56,53.72,none,0
64,73,1.5,164.73,447.16,99.77,33.26,none,0
64,74,1.5,163.94,457.92,100.63,39.17,none,0
64,75,1.5,168.69,436.62,96.53,30.61,none,0
64,76,1.5,165.56,455.19,105.27,48.48,none,0
64,77,1.5,182.42,429.92,101.75,63.03,none,0
64,78,1.5,188.42,460.43,102.43,34.88,none,0
64,79,1.5,167.3,479.11,95.24,31.01,none,0
64,80,1.5,173.57,437.34,97.23,29.1,none,0
64,81,1.5,165.57,460.72,97.93,38.9,none,0
64,82,1.5,166.56,438.26,99.46,40.29,none,0
64,83,1.5,179.7,504.41,104.91,21.84,none,0
64,84,1.5,168.04,448.79,100.28,25.69,none,0
64,85,1.5,171.35,442.57,96.2,47.15,none,0
64,86,1.5,171.34,431.64,101.24,45.47,none,0
64,87,1.5,176.1,445.57,105.19,51.95,none,0
64,88,1.5,166.91,424.77,99.33,42.04,none,0
64,89,1.5,165.63,422.72,103.77,37.95,none,0
64,90,1.5,173.38,456.08,102.56,40.99,none,0
64,91,1.5,174.85,457.97,107.14,43.27,none,0
64,92,1.5,170.38,472.46,101.64,33.03,none,0
64,93,1.5,165.93,456.96,99.43,45.01,none,0
64,94,1.5,164.64,477.49,96.57,27.45,none,0
64,95,1.5,161.24,461.47,101.71,34.32,none,0
64,96,1.5,166.91,430.84,105.19,29.21,none,0
64,97,1.5,168.06,437.11,103.02,55.72,none,0
64,98,1.5,167.03,480.04,101.05,45.04,none,0
64,99,1.5,173.85,436.94,103.93,34.8,none,0
64,100,1.5,178.02,425.13,98.8,44.36,none,0
64,101,1.5,165.98,492.93,102.62,41.47,none,0
64,102,1.5,171.59,450.43,102.43,37.34,none,0
64,103,1.5,172.72,445.67,102.72,51.13,none,0
64,104,1.5,171.58,418.2,103.18,43.72,none,0
64,105,1.5,177.03,455.57,104.25,44.6,none,0
64,106,1.5,175.54,460.38,103.21,34.28,none,0
64,107,1.5,167.98,427.87,97.81,30.33,none,0
64,108,1.5,163.85,462.18,100.8,42.6,none,0
64,109,1.5,165.01,480.19,101.39,25.68,none,0
64,110,1.5,169.58,433.47,102.95,34.84,none,0
64,111,1.5,166.13,469.05,101.92,42.54,none,0
64,112,1.5,169.92,444.56,93.53,52.85,none,0
64,113,1.5,172.08,454.3,98.79,38.43,none,0
64,114,1.5,177.31,451.69,105.9,47.53,none,0
64,115,1.5,174.44,478.29,100.65,46.2,none,0
64,116,1.5,167.13,471.64,99.88,35.14,none,0
64,117,1.5,167.46,456.77,95.69,45.35,none,0
64,118,1.5,177.56,422.48,96.74,43.9,none,0
64,119,1.5,172.98,439.96,101.3,37.73,none,0
65,0,5.7,172.87,446.51,101.1,61.77,none,0
65,1,5.7,175.65,460.41,103.81,31.87,none,0
65,2,5.7,173.73,455.8,101.07,34.95,none,0
65,3,5.7,163.38,460.36,100.47,44.73,none,0
65,4,5.7,172.76,440.34,98.5,53.4,none,0
65,5,5.7,163.7,451.25,102.1,46.48,none,0
65,6,5.7,173.19,473.79,100.25,34.31,none,0
65,7,5.7,134.7,385.81,105.92,64.07,comp2,1
65,8,5.7,164.43,465.32,96.1,50.34,none,0
65,9,5.7,148.59,388.92,112.61,67.73,comp2,1
65,10,5.7,172.44,467.08,102.88,38.82,none,0
65,11,5.7,176.0,432.44,96.78,52.76,none,0
65,12,5.7,168.17,459.63,102.05,48.43,none,0
65,13,5.7,174.31,445.93,99.48,44.02,none,0
65,14,5.7,173.03,451.23,97.78,36.81,none,0
65,15,5.7,165.64,457.85,101.87,48.81,none,0
65,16,5.7,171.66,454.95,102.35,39.19,none,0
65,17,5.7,144.9,373.23,104.47,63.73,comp2,1
65,18,5.7,159.37,435.41,105.06,43.19,none,0
65,19,5.7,178.43,458.35,100.71,46.02,none,0
65,20,5.7,164.77,481.18,99.66,32.35,none,0
65,21,5.7,181.64,441.39,98.93,42.51,none,0
65,22,5.7,170.96,444.52,99.94,25.69,none,0
65,23,5.7,163.51,444.87,93.95,45.49,none,0
65,24,5.7,176.11,436.94,101.25,40.56,none,0
65,25,5.7,180.8,473.11,100.48,42.16,none,0
65,26,5.7,168.08,439.08,98.1,34.92,none,0
65,27,5.7,169.93,442.78,100.82,45.93,none,0
65,28,5.7,173.24,451.81,102.28,31.78,none,0
65,29,5.7,171.0,450.32,102.47,36.64,none,0
65,30,5.7,161.5,454.1,101.19,30.08,none,0
65,31,5.7,169.83,455.07,100.68,42.69,none,0
65,32,5.7,167.16,438.88,102.4,35.26,none,0
65,33,5.7,170.34,445.56,106.33,47.87,none,0
65,34,5.7,167.14,462.54,99.16,51.5,none,0
65,35,5.7,157.62,455.12,97.78,33.74,none,0
65,36,5.7,166.76,451.07,94.17,37.23,none,0
65,37,5.7,168.05,406.46,100.32,28.61,none,0
65,38,5.7,160.41,475.31,97.38,51.47,none,0
65,39,5.7,168.37,463.63,98.11,40.86,none,0
65,40,5.7,172.93,470.37,91.92,37.64,none,0
65,41,5.7,165.89,467.12,100.83,36.3,none,0
65,42,5.7,172.94,417.54,103.98,45.41,none,0
65,43,5.7,178.26,459.19,103.11,34.93,none,0
65,44,5.7,172.98,445.52,97.09,34.8,none,0
65,45,5.7,168.94,416.67,98.42,44.32,none,0
65,46,5.7,168.32,470.91,105.08,43.47,none,0
65,47,5.7,175.81,463.59,101.65,51.57,none,0
65,48,5.7,168.37,449.65,96.09,47.51,none,0
65,49,5.7,179.16,475.41,99.54,52.07,none,0
65,50,5.7,169.56,419.96,101.62,35.07,none,0
65,51,5.7,164.09,486.04,100.64,45.33,none,0
65,52,5.7,171.0,450.27,99.79,41.0,none,0
65,53,5.7,163.77,432.8,97.22,36.26,none,0
65,54,5.7,167.38,462.15,101.85,38.63,none,0
65,55,5.7,168.66,443.96,99.46,38.14,none,0
65,56,5.7,181.33,451.33,99.44,60.47,none,0
65,57,5.7,166.32,452.14,99.31,36.56,none,0
65,58,5.7,166.07,445.55,104.06,42.56,none,0
65,59,5.7,158.86,436.36,100.76,40.21,none,0
65,60,5.7,173.69,452.28,105.31,33.2,none,0
65,61,5.7,174.02,464.31,101.22,47.73,none,0
65,62,5.7,173.9,427.34,96.96,51.3,none,0
65,63,5.7,163.55,430.47,100.91,40.6,none,0
65,64,5.7,167.14,407.37,98.01,43.11,none,0
65,65,5.7,176.5,483.71,101.03,56.98,none,0
65,66,5.7,169.07,413.02,100.13,36.55,none,0
65,67,5.7,176.67,432.5,102.21,39.41,none,0
65,68,5.7,172.88,438.1,101.78,35.55,none,0
65,69,5.7,173.22,458.1,97.39,46.89,none,0
65,70,5.7,168.67,425.42,99.2,59.78,none,0
65,71,5.7,170.47,446.82,99.78,25.97,none,0
65,72,5.7,166.81,474.43,101.77,47.12,none,0
65,73,5.7,179.04,451.58,91.55,42.37,none,0
65,74,5.7,175.88,435.28,101.65,44.04,none,0
65,75,5.7,171.53,494.24,104.46,47.02,none,0
65,76,5.7,175.5,437.42,101.5,24.25,none,0
65,77,5.7,167.92,432.52,104.56,48.24,none,0
65,78,5.7,175.9,454.41,103.72,17.35,none,0
65,79,5.7,159.17,435.56,100.82,30.43,none,0
65,80,5.7,169.37,429.45,101.99,36.23,none,0
65,81,5.7,170.03,476.49,97.06,37.95,none,0
65,82,5.7,168.31,449.36,100.29,33.77,none,0
65,83,5.7,175.11,469.56,98.7,31.54,none,0
65,84,5.7,163.46,449.99,99.92,46.68,none,0
65,85,5.7,166.06,449.2,100.84,35.23,none,0
65,86,5.7,161.97,455.22,103.55,41.04,none,0
65,87,5.7,168.25,451.41,104.02,34.62,none,0
65,88,5.7,185.64,473.64,98.56,43.03,none,0
65,89,5.7,166.18,478.4,95.17,36.16,none,0
65,90,5.7,176.14,457.09,104.2,39.15,none,0
65,91,5.7,163.6,463.96,95.33,15.78,none,0
65,92,5.7,166.12,459.94,100.14,45.83,none,0
65,93,5.7,162.64,412.74,100.52,37.72,none,0
65,94,5.7,164.96,496.04,94.85,30.03,none,0
65,95,5.7,175.16,455.65,97.98,37.01,none,0
65,96,5.7,175.24,443.77,100.11,39.63,none,0
65,97,5.7,172.94,466.36,100.87,49.65,none,0
65,98,5.7,173.81,496.2,98.63,29.77,none,0
65,99,5.7,171.56,442.96,95.97,31.23,none,0
65,100,5.7,164.17,476.47,93.93,36.78,none,0
65,101,5.7,174.13,462.17,98.61,35.19,none,0
65,102,5.7,168.64,430.02,96.52,32.93,none,0
65,103,5.7,167.06,447.53,100.22,32.77,none,0
65,104,5.7,179.57,469.01,100.08,39.11,none,0
65,105,5.7,171.19,426.33,102.16,43.57,none,0
65,106,5.7,179.08,413.13,103.17,22.04,none,0
65,107,5.7,166.86,435.88,106.64,38.16,none,0
65,108,5.7,179.13,475.77,104.43,39.32,none,0
65,109,5.7,166.74,507.46,101.92,43.36,none,0
65,110,5.7,174.41,493.0,98.01,39.2,none,0
65,111,5.7,171.1,451.24,102.69,37.95,none,0
65,112,5.7,169.98,440.24,103.17,35.52,none,0
65,113,5.7,169.97,462.71,99.33,47.07,none,0
65,114,5.7,176.27,434.19,105.06,41.68,none,0
65,115,5.7,164.62,423.12,99.23,36.39,none,0
65,116,5.7,174.26,436.14,99.17,44.14,none,0
65,117,5.7,164.66,436.73,102.76,32.87,none,0
65,118,5.7,166.19,430.63,101.1,36.38,none,0
65,119,5.7,172.45,452.9,101.63,39.27,none,0
66,0,19.0,168.5,462.37,98.77,33.3,none,0
66,1,19.0,169.31,465.77,95.45,42.8,none,0
66,2,19.0,163.46,430.97,99.34,33.8,none,0
66,3,19.0,166.09,435.84,97.22,46.65,none,0
66,4,19.0,171.19,419.77,98.29,36.53,none,0
66,5,19.0,168.05,439.32,102.54,42.23,none,0
66,6,19.0,170.3,467.13,99.42,32.18,none,0
66,7,19.0,163.16,463.84,99.54,52.6,none,0
66,8,19.0,175.38,450.46,99.91,51.52,none,0
66,9,19.0,167.71,444.22,102.21,54.16,none,0
66,10,19.0,174.29,460.67,100.2,42.24,none,0
66,11,19.0,173.46,455.19,103.68,27.96,none,0
66,12,19.0,165.43,418.65,102.41,39.78,none,0
66,13,19.0,171.64,471.57,97.52,43.4,none,0
66,14,19.0,172.83,466.93,100.9,53.81,none,0
66,15,19.0,164.98,440.63,100.72,24.13,none,0
66,16,19.0,166.72,465.34,100.23,23.47,none,0
66,17,19.0,172.82,456.34,100.42,37.41,none,0
66,18,19.0,146.74,347.46,115.49,67.99,comp2,1
66,19,19.0,171.07,460.34,104.01,47.54,none,0
66,20,19.0,172.78,454.1,95.55,36.0,none,0
66,21,19.0,174.84,468.45,103.66,48.12,none,0
66,22,19.0,175.45,442.72,105.6,26.06,none,0
66,23,19.0,161.0,416.73,96.4,45.42,none,0
66,24,19.0,168.68,454.92,101.05,52.37,none,0
66,25,19.0,171.3,464.51,99.95,41.96,none,0
66,26,19.0,169.25,462.08,97.79,51.42,none,0
66,27,19.0,174.85,438.52,106.34,40.52,none,0
66,28,19.0,169.42,507.46,92.86,29.85,none,0
66,29,19.0,171.38,459.59,100.58,27.74,none,0
66,30,19.0,167.84,473.54,100.7,53.63,none,0
66,31,19.0,169.18,429.33,98.32,37.93,none,0
66,32,19.0,167.12,479.25,102.06,44.68,none,0
66,33,19.0,170.26,442.72,96.27,57.2,none,0
66,34,19.0,168.34,448.28,103.91,41.67,none,0
66,35,19.0,170.72,425.81,94.6,45.79,none,0
66,36,19.0,169.46,458.94,102.88,18.96,none,0
66,37,19.0,164.98,435.41,94.73,49.21,none,0
66,38,19.0,171.0,449.46,103.94,42.81,none,0
66,39,19.0,164.8,444.83,106.76,39.24,none,0
66,40,19.0,168.94,442.01,101.28,37.88,none,0
66,41,19.0,168.3,445.99,105.31,22.24,none,0
66,42,19.0,153.77,448.47,99.25,67.34,none,0
66,43,19.0,170.45,454.67,95.15,35.4,none,0
66,44,19.0,170.05,450.04,106.59,38.08,none,0
66,45,19.0,170.64,459.19,101.05,51.18,none,0
66,46,19.0,172.4,452.72,103.12,29.58,none,0
66,47,19.0,175.19,436.38,100.48,43.55,none,0
66,48,19.0,159.5,455.63,98.64,51.68,none,0
66,49,19.0,173.93,433.66,101.32,42.67,none,0
66,50,19.0,170.63,426.26,97.99,37.96,none,0
66,51,19.0,173.99,446.42,100.46,33.77,none,0
66,52,19.0,161.11,465.11,100.9,31.17,none,0
66,53,19.0,169.26,414.78,100.11,47.38,none,0
66,54,19.0,171.73,457.89,102.21,43.38,none,0
66,55,19.0,174.19,402.13,98.73,48.85,none,0
66,56,19.0,169.23,448.72,102.6,18.32,none,0
66,57,19.0,177.43,469.57,96.84,56.15,none,0
66,58,19.0,166.64,489.76,101.98,26.45,none,0
66,59,19.0,170.93,463.63,104.6,29.83,none,0
66,60,19.0,163.51,431.79,91.81,35.38,none,0
66,61,19.0,172.69,456.82,96.93,37.42,none,0
66,62,19.0,171.66,482.74,97.56,47.04,none,0
66,63,19.0,174.5,456.37,99.04,47.14,none,0
66,64,19.0,174.04,452.7,91.64,43.54,none,0
66,65,19.0,172.46,486.41,104.68,45.79,none,0
66,66,19.0,178.93,482.86,102.15,28.65,none,0
66,67,19.0,173.01,453.6,99.88,49.19,none,0
66,68,19.0,178.34,421.22,96.66,36.86,none,0
66,69,19.0,170.57,414.88,104.56,52.23,none,0
66,70,19.0,172.57,460.47,99.18,38.46,none,0
66,71,19.0,174.84,462.16,100.41,51.51,none,0
66,72,19.0,174.69,449.22,100.54,42.67,none,0
66,73,19.0,170.74,443.3,100.46,46.82,none,0
66,74,19.0,170.57,457.5,100.49,37.12,none,0
66,75,19.0,166.61,420.95,99.25,36.48,none,0
66,76,19.0,167.79,460.14,95.35,42.95,none,0
66,77,19.0,164.6,460.3,97.63,39.75,none,0
66,78,19.0,172.52,473.65,105.25,33.98,none,0
66,79,19.0,173.72,445.91,102.21,44.58,none,0
66,80,19.0,178.14,434.62,98.47,48.86,none,0
66,81,19.0,165.03,468.27,102.89,34.39,none,0
66,82,19.0,174.98,468.82,98.58,29.22,none,0
66,83,19.0,163.71,439.11,101.04,26.86,none,0
66,84,19.0,172.41,452.86,103.88,37.62,none,0
66,85,19.0,171.86,432.71,102.01,35.78,none,0
66,86,19.0,172.34,457.0,103.16,42.93,none,0
66,87,19.0,168.28,456.04,99.9,42.7,none,0
66,88,19.0,169.42,434.77,97.95,48.4,none,0
66,89,19.0,170.65,454.22,96.32,37.81,none,0
66,90,19.0,168.44,447.8,101.12,37.24,none,0
66,91,19.0,172.78,446.32,106.0,55.75,none,0
66,92,19.0,157.08,424.18,104.28,35.79,none,0
66,93,19.0,170.92,416.68,104.2,55.54,none,0
66,94,19.0,170.98,432.97,104.31,48.53,none,0
66,95,19.0,162.89,399.35,103.76,39.55,none,0
66,96,19.0,167.92,431.75,100.1,37.42,none,0
66,97,19.0,166.94,464.26,95.33,44.27,none,0
66,98,19.0,171.39,466.34,103.65,36.11,none,0
66,99,19.0,170.04,465.87,93.2,29.97,none,0
66,100,19.0,166.94,453.29,101.04,38.31,none,0
66,101,19.0,175.77,459.17,100.53,21.93,none,0
66,102,19.0,165.39,408.9,103.87,38.95,none,0
66,103,19.0,165.99,427.45,100.74,33.1,none,0
66,104,19.0,173.86,435.25,98.3,39.65,none,0
66,105,19.0,165.63,452.74,101.62,47.69,none,0
66,106,19.0,171.6,443.78,102.91,48.94,none,0
66,107,19.0,184.42,431.99,102.33,27.37,none,0
66,108,19.0,177.44,481.07,100.51,42.05,none,0
66,109,19.0,161.28,435.42,103.16,50.88,none,0
66,110,19.0,172.81,454.01,101.68,25.49,none,0
66,111,19.0,175.4,434.44,100.69,45.16,none,0
66,112,19.0,168.68,454.67,96.76,54.45,none,0
66,113,19.0,171.51,443.83,99.09,43.09,none,0
66,114,19.0,171.63,457.57,98.59,44.39,none,0
66,115,19.0,165.8,457.73,98.02,29.49,none,0
66,116,19.0,162.79,442.99,100.54,46.04,none,0
66,117,19.0,166.22,449.19,97.74,37.91,none,0
66,118,19.0,174.69,456.27,101.41,34.37,none,0
66,119,19.0,136.82,355.61,118.44,87.96,comp1,1
67,0,10.1,178.59,420.61,97.47,40.03,none,0
67,1,10.1,169.9,431.87,101.56,34.59,none,0
67,2,10.1,173.33,444.74,102.26,32.69,none,0
67,3,10.1,172.63,474.57,101.27,32.84,none,0
67,4,10.1,179.27,454.15,104.51,53.51,none,0
67,5,10.1,158.97,497.34,93.77,37.94,none,0
67,6,10.1,164.22,442.38,101.87,51.36,none,0
67,7,10.1,175.11,424.47,100.75,38.57,none,0
67,8,10.1,176.75,454.9,98.76,43.64,none,0
67,9,10.1,167.66,397.11,97.52,44.37,none,0
67,10,10.1,169.55,464.22,96.71,32.13,none,0
67,11,10.1,172.18,452.38,98.14,40.68,none,0
67,12,10.1,167.08,479.74,98.6,42.3,none,0
67,13,10.1,163.74,460.13,102.87,28.9,none,0
67,14,10.1,164.06,444.41,98.92,45.57,none,0
67,15,10.1,170.04,435.87,101.69,33.82,none,0
67,16,10.1,163.63,446.88,102.29,48.07,none,0
67,17,10.1,170.07,451.76,104.21,55.53,none,0
67,18,10.1,160.24,446.44,102.52,46.83,none,0
67,19,10.1,157.48,428.73,97.47,37.09,none,0
67,20,10.1,173.01,517.9,96.19,25.86,none,0
67,21,10.1,167.21,437.14,95.35,40.22,none,0
67,22,10.1,173.22,445.33,91.04,43.15,none,0
67,23,10.1,167.69,480.27,101.08,39.16,none,0
67,24,10.1,173.58,422.27,101.6,38.22,none,0
67,25,10.1,166.59,440.8,103.76,30.63,none,0
67,26,10.1,169.93,438.7,100.18,36.21,none,0
67,27,10.1,168.36,476.58,97.87,45.15,none,0
67,28,10.1,169.64,472.7,102.3,34.32,none,0
67,29,10.1,166.82,451.2,101.92,37.59,none,0
67,30,10.1,176.94,492.59,95.47,31.16,none,0
67,31,10.1,165.63,437.96,102.84,40.71,none,0
67,32,10.1,170.89,454.33,93.4,33.05,none,0
67,33,10.1,162.94,428.09,102.2,52.61,none,0
67,34,10.1,170.62,446.01,95.77,40.34,none,0
67,35,10.1,169.97,473.64,101.72,60.4,none,0
67,36,10.1,171.89,456.47,92.43,33.57,none,0
67,37,10.1,177.49,451.21,104.03,38.15,none,0
67,38,10.1,163.56,457.89,98.78,35.73,none,0
67,39,10.1,171.96,463.69,101.32,29.33,none,0
67,40,10.1,169.62,413.55,97.05,38.54,none,0
67,41,10.1,162.4,433.95,100.66,37.44,none,0
67,42,10.1,159.99,437.54,101.17,47.95,none,0
67,43,10.1,169.03,459.14,102.42,39.42,none,0
67,44,10.1,167.68,486.96,99.91,35.77,none,0
67,45,10.1,161.79,459.8,100.94,27.62,none,0
67,46,10.1,171.58,453.98,95.91,48.29,none,0
67,47,10.1,136.88,368.03,110.28,78.72,comp4,1
67,48,10.1,173.4,418.22,99.5,26.43,none,0
67,49,10.1,171.61,440.12,101.71,51.88,none,0
67,50,10.1,166.54,443.81,99.21,36.45,none,0
67,51,10.1,165.01,454.34,103.55,23.18,none,0
67,52,10.1,176.63,426.3,94.95,19.37,none,0
67,53,10.1,168.32,460.7,98.03,37.39,none,0
67,54,10.1,169.49,478.82,102.12,47.68,none,0
67,55,10.1,163.83,451.87,100.74,36.49,none,0
67,56,10.1,164.99,471.31,100.16,32.33,none,0
67,57,10.1,167.59,439.83,102.32,44.35,none,0
67,58,10.1,169.99,394.33,98.29,25.61,none,0
67,59,10.1,167.39,448.04,98.3,32.02,none,0
67,60,10.1,176.15,461.44,101.27,48.15,none,0
67,61,10.1,167.37,480.38,97.63,54.17,none,0
67,62,10.1,176.01,457.85,102.71,48.84,none,0
67,63,10.1,166.97,433.15,101.45,37.84,none,0
67,64,10.1,165.95,476.2,99.73,47.46,none,0
67,65,10.1,176.28,457.69,103.4,55.83,none,0
67,66,10.1,178.61,431.8,106.13,44.56,none,0
67,67,10.1,165.45,483.37,100.59,38.02,none,0
67,68,10.1,180.03,442.45,97.03,39.61,none,0
67,69,10.1,173.11,444.38,103.8,40.34,none,0
67,70,10.1,174.77,483.67,101.94,40.59,none,0
67,71,10.1,175.72,475.1,95.73,44.54,none,0
67,72,10.1,168.3,436.47,104.59,31.29,none,0
67,73,10.1,171.36,461.0,97.61,52.1,none,0
67,74,10.1,166.26,450.58,95.23,52.78,none,0
67,75,10.1,175.03,479.58,101.79,33.87,none,0
67,76,10.1,171.65,456.73,99.75,32.07,none,0
67,77,10.1,161.54,428.74,99.35,29.52,none,0
67,78,10.1,163.55,441.53,99.9,34.07,none,0
67,79,10.1,169.94,447.4,94.42,50.66,none,0
67,80,10.1,168.29,475.43,106.08,49.55,none,0
67,81,10.1,173.13,443.56,99.08,28.91,none,0
67,82,10.1,177.26,426.64,101.1,46.37,none,0
67,83,10.1,165.88,436.31,99.17,32.7,none,0
67,84,10.1,177.82,460.39,99.26,44.7,none,0
67,85,10.1,181.63,473.98,98.0,22.09,none,0
67,86,10.1,173.78,459.99,97.31,42.69,none,0
67,87,10.1,168.41,450.99,101.83,37.47,none,0
67,88,10.1,172.52,477.31,98.26,37.32,none,0
67,89,10.1,163.1,430.63,97.43,33.69,none,0
67,90,10.1,168.21,456.14,99.15,35.65,none,0
67,91,10.1,172.31,460.25,106.42,32.91,none,0
67,92,10.1,175.38,452.09,100.42,45.86,none,0
67,93,10.1,173.09,446.28,98.04,33.84,none,0
67,94,10.1,176.76,453.33,100.95,32.32,none,0
67,95,10.1,165.1,446.47,101.77,48.2,none,0
67,96,10.1,169.05,447.18,97.17,43.07,none,0
67,97,10.1,168.0,460.47,99.28,32.37,none,0
67,98,10.1,171.04,467.69,100.54,38.57,none,0
67,99,10.1,158.43,444.67,98.13,35.93,none,0
67,100,10.1,174.88,444.77,96.04,29.54,none,0
67,101,10.1,164.56,493.43,102.4,38.71,none,0
67,102,10.1,168.22,441.04,102.22,49.72,none,0
67,103,10.1,175.18,415.82,95.34,34.63,none,0
67,104,10.1,163.48,414.07,98.83,33.52,none,0
67,105,10.1,169.65,474.16,102.22,39.61,none,0
67,106,10.1,166.79,435.29,102.03,42.59,none,0
67,107,10.1,172.07,442.76,103.18,32.42,none,0
67,108,10.1,161.49,436.33,99.44,55.24,none,0
67,109,10.1,182.29,472.52,100.43,33.97,none,0
67,110,10.1,173.14,415.39,97.17,41.59,none,0
67,111,10.1,172.2,449.46,102.94,39.39,none,0
67,112,10.1,166.26,477.6,104.25,46.73,none,0
67,113,10.1,173.43,443.25,97.07,35.55,none,0
67,114,10.1,157.24,449.59,98.0,54.89,none,0
67,115,10.1,168.87,431.78,100.94,42.83,none,0
67,116,10.1,170.92,462.86,103.39,37.86,none,0
67,117,10.1,168.38,451.2,94.83,34.66,none,0
67,118,10.1,176.87,464.72,96.01,36.97,none,0
67,119,10.1,169.82,447.66,104.76,32.54,none,0
68,0,13.4,167.32,456.51,94.77,34.7,none,0
68,1,13.4,175.36,422.63,95.03,47.85,none,0
68,2,13.4,171.74,413.38,98.71,35.42,none,0
68,3,13.4,167.79,427.83,101.07,27.87,none,0
68,4,13.4,165.57,477.22,96.39,30.88,none,0
68,5,13.4,179.69,488.97,101.84,50.79,none,0
68,6,13.4,171.49,461.58,98.25,45.33,none,0
68,7,13.4,168.46,472.01,98.11,36.12,none,0
68,8,13.4,172.14,445.21,95.35,31.8,none,0
68,9,13.4,171.19,455.21,102.09,36.27,none,0
68,10,13.4,166.82,449.46,101.0,49.76,none,0
68,11,13.4,167.72,463.09,99.74,30.57,none,0
68,12,13.4,170.77,444.13,104.48,34.69,none,0
68,13,13.4,164.05,452.04,101.19,37.67,none,0
68,14,13.4,167.14,438.52,98.95,35.54,none,0
68,15,13.4,165.3,489.13,101.73,55.99,none,0
68,16,13.4,169.25,439.89,95.96,28.66,none,0
68,17,13.4,160.21,437.62,101.41,38.67,none,0
68,18,13.4,164.18,464.92,98.88,48.51,none,0
68,19,13.4,179.13,430.06,97.16,48.77,none,0
68,20,13.4,177.1,440.98,101.92,32.26,none,0
68,21,13.4,171.8,463.07,97.78,48.37,none,0
68,22,13.4,169.54,457.85,101.75,30.34,none,0
68,23,13.4,170.98,479.37,100.79,45.68,none,0
68,24,13.4,172.67,454.88,100.1,33.01,none,0
68,25,13.4,169.58,464.87,101.26,43.82,none,0
68,26,13.4,176.14,464.39,99.19,37.75,none,0
68,27,13.4,168.54,447.84,103.72,50.04,none,0
68,28,13.4,171.6,471.67,97.28,42.32,none,0
68,29,13.4,173.37,416.22,104.03,43.34,none,0
68,30,13.4,173.89,440.47,96.94,46.94,none,0
68,31,13.4,176.67,485.27,99.19,27.89,none,0
68,32,13.4,172.35,445.99,105.48,44.09,none,0
68,33,13.4,171.41,456.74,93.45,24.62,none,0
68,34,13.4,169.95,463.57,96.33,43.61,none,0
68,35,13.4,165.03,438.91,106.45,46.46,none,0
68,36,13.4,171.36,488.43,99.66,46.33,none,0
68,37,13.4,175.46,436.17,101.68,34.8,none,0
68,38,13.4,176.2,447.49,104.69,39.03,none,0
68,39,13.4,166.84,465.62,100.01,53.76,none,0
68,40,13.4,169.0,433.11,104.9,47.88,none,0
68,41,13.4,170.57,451.7,101.95,31.92,none,0
68,42,13.4,176.42,470.66,100.19,43.0,none,0
68,43,13.4,171.65,444.55,95.25,39.56,none,0
68,44,13.4,175.79,424.98,104.72,45.15,none,0
68,45,13.4,186.3,445.76,98.61,45.03,none,0
68,46,13.4,168.88,468.03,99.48,33.47,none,0
68,47,13.4,160.04,402.57,103.92,51.62,none,0
68,48,13.4,170.83,465.94,103.55,48.74,none,0
68,49,13.4,176.07,468.96,97.83,37.78,none,0
68,50,13.4,169.29,435.41,105.95,32.38,none,0
68,51,13.4,173.83,437.41,101.19,39.17,none,0
68,52,13.4,179.08,430.63,100.89,33.15,none,0
68,53,13.4,170.26,489.45,103.96,34.44,none,0
68,54,13.4,162.99,447.81,99.24,37.84,none,0
68,55,13.4,172.71,443.33,99.08,28.17,none,0
68,56,13.4,182.43,442.5,98.54,40.23,none,0
68,57,13.4,171.42,481.59,97.75,44.2,none,0
68,58,13.4,178.14,467.82,93.12,45.74,none,0
68,59,13.4,174.18,481.92,100.89,50.25,none,0
68,60,13.4,171.1,473.47,100.72,35.27,none,0
68,61,13.4,164.38,457.28,98.52,36.4,none,0
68,62,13.4,178.06,440.77,104.31,53.94,none,0
68,63,13.4,168.98,438.04,96.7,31.11,none,0
68,64,13.4,165.23,426.0,101.91,42.51,none,0
68,65,13.4,169.17,449.5,105.04,47.68,none,0
68,66,13.4,165.9,426.8,101.97,33.33,none,0
68,67,13.4,175.85,450.82,98.96,41.34,none,0
68,68,13.4,164.58,459.99,99.1,45.78,none,0
68,69,13.4,167.32,442.96,90.09,39.81,none,0
68,70,13.4,174.94,447.04,102.3,43.46,none,0
68,71,13.4,170.45,428.73,106.66,47.11,none,0
68,72,13.4,165.47,429.32,94.37,33.09,none,0
68,73,13.4,177.15,488.39,101.77,32.09,none,0
68,74,13.4,166.25,465.86,103.07,38.13,none,0
68,75,13.4,174.5,453.41,102.98,27.73,none,0
68,76,13.4,168.73,455.57,96.75,38.97,none,0
68,77,13.4,173.78,479.35,97.32,37.3,none,0
68,78,13.4,172.79,461.01,104.56,39.99,none,0
68,79,13.4,166.56,454.39,100.6,51.82,none,0
68,80,13.4,184.83,453.11,100.59,35.38,none,0
68,81,13.4,174.5,452.12,96.71,32.43,none,0
68,82,13.4,179.71,454.5,100.1,31.18,none,0
68,83,13.4,167.48,475.91,95.15,15.1,none,0
68,84,13.4,173.17,457.21,100.1,36.67,none,0
68,85,13.4,166.33,466.64,102.15,29.31,none,0
68,86,13.4,167.99,433.75,97.76,34.88,none,0
68,87,13.4,170.62,465.95,97.06,42.43,none,0
68,88,13.4,177.57,457.88,101.37,40.53,none,0
68,89,13.4,171.35,453.83,106.63,37.9,none,0
68,90,13.4,172.53,448.24,95.67,34.54,none,0
68,91,13.4,167.07,425.1,101.0,45.39,none,0
68,92,13.4,165.93,347.19,110.91,53.48,comp2,1
68,93,13.4,170.53,438.4,101.56,45.26,none,0
68,94,13.4,167.79,458.92,101.24,38.36,none,0
68,95,13.4,164.11,469.24,96.89,30.42,none,0
68,96,13.4,176.62,423.18,98.17,37.37,none,0
68,97,13.4,165.66,440.65,104.86,39.74,none,0
68,98,13.4,164.07,442.5,100.7,46.12,none,0
68,99,13.4,167.7,444.64,100.51,35.02,none,0
68,100,13.4,170.29,456.23,95.62,29.07,none,0
68,101,13.4,165.49,453.12,100.62,36.86,none,0
68,102,13.4,170.61,462.84,102.59,44.08,none,0
68,103,13.4,168.91,450.05,95.07,45.38,none,0
68,104,13.4,171.9,450.68,98.28,34.46,none,0
68,105,13.4,162.93,448.01,100.77,29.04,none,0
68,106,13.4,165.11,423.5,99.04,45.43,none,0
68,107,13.4,171.49,439.14,99.6,36.43,none,0
68,108,13.4,159.32,431.98,96.17,33.57,none,0
68,109,13.4,164.89,443.7,93.89,30.31,none,0
68,110,13.4,177.58,466.67,107.83,53.22,none,0
68,111,13.4,171.12,456.73,98.12,61.9,none,0
68,112,13.4,164.88,460.62,101.69,39.78,none,0
68,113,13.4,171.2,451.87,101.14,46.62,none,0
68,114,13.4,173.22,463.16,99.19,50.9,none,0
68,115,13.4,169.53,459.28,97.6,26.06,none,0
68,116,13.4,176.24,397.21,95.65,42.5,none,0
68,117,13.4,158.43,458.17,101.22,39.93,none,0
68,118,13.4,166.38,434.19,103.27,37.51,none,0
68,119,13.4,173.99,405.16,99.67,52.86,none,0
69,0,18.8,173.27,418.03,97.58,44.2,none,0
69,1,18.8,168.93,482.61,103.66,31.49,none,0
69,2,18.8,171.17,481.38,100.52,43.79,none,0
69,3,18.8,165.23,432.63,95.53,44.33,none,0
69,4,18.8,145.03,388.0,108.55,68.87,comp2,1
69,5,18.8,176.3,456.73,102.1,39.49,none,0
69,6,18.8,164.31,476.3,97.34,50.25,none,0
69,7,18.8,168.75,423.5,99.65,32.7,none,0
69,8,18.8,174.67,469.15,96.68,43.62,none,0
69,9,18.8,176.28,462.56,99.35,41.04,none,0
69,10,18.8,158.91,442.75,104.51,37.4,none,0
69,11,18.8,169.37,415.2,95.36,45.56,none,0
69,12,18.8,170.07,438.93,98.27,43.38,none,0
69,13,18.8,166.41,455.78,99.03,48.14,none,0
69,14,18.8,167.43,457.37,105.01,33.44,none,0
69,15,18.8,166.95,441.89,100.51,42.36,none,0
69,16,18.8,166.66,476.76,104.77,43.24,none,0
69,17,18.8,170.32,414.53,99.64,38.98,none,0
69,18,18.8,178.67,466.0,99.78,39.73,none,0
69,19,18.8,171.09,488.77,96.33,62.75,none,0
69,20,18.8,172.49,446.65,99.24,39.88,none,0
69,21,18.8,173.04,436.36,99.5,44.73,none,0
69,22,18.8,168.67,460.54,99.73,42.78,none,0
69,23,18.8,170.02,405.3,99.56,47.99,none,0
69,24,18.8,163.05,446.92,99.31,39.81,none,0
69,25,18.8,168.17,416.99,98.87,43.24,none,0
69,26,18.8,167.15,448.42,100.62,46.75,none,0
69,27,18.8,166.64,482.84,97.18,35.11,none,0
69,28,18.8,168.85,459.73,101.91,36.75,none,0
69,29,18.8,172.72,481.89,103.67,20.29,none,0
69,30,18.8,166.07,425.08,103.17,40.4,none,0
69,31,18.8,175.12,472.86,97.72,47.54,none,0
69,32,18.8,170.07,461.48,100.36,38.98,none,0
69,33,18.8,176.75,433.46,99.25,38.86,none,0
69,34,18.8,165.43,456.52,99.56,27.15,none,0
69,35,18.8,173.17,465.43,94.51,52.8,none,0
69,36,18.8,177.96,466.83,102.1,40.59,none,0
69,37,18.8,167.42,448.56,101.53,43.63,none,0
69,38,18.8,162.91,420.14,95.42,37.39,none,0
69,39,18.8,169.18,481.09,96.43,26.38,none,0
69,40,18.8,167.81,416.95,102.36,38.7,none,0
69,41,18.8,182.53,471.85,101.35,46.1,none,0
69,42,18.8,163.06,471.29,104.35,53.83,none,0
69,43,18.8,171.57,462.03,99.42,39.79,none,0
69,44,18.8,170.49,450.79,101.96,35.08,none,0
69,45,18.8,167.26,456.46,103.23,35.98,none,0
69,46,18.8,165.51,466.66,99.69,53.09,none,0
69,47,18.8,165.5,468.59,93.81,44.13,none,0
69,48,18.8,175.6,433.63,102.75,48.21,none,0
69,49,18.8,165.89,467.4,101.52,44.14,none,0
69,50,18.8,176.04,475.53,103.4,38.21,none,0
69,51,18.8,174.99,426.46,101.78,30.27,none,0
69,52,18.8,171.38,462.69,100.96,32.52,none,0
69,53,18.8,169.38,463.23,96.92,28.13,none,0
69,54,18.8,170.87,453.19,105.66,64.76,none,0
69,55,18.8,170.18,460.55,104.38,44.24,none,0
69,56,18.8,165.59,435.54,102.24,41.83,none,0
69,57,18.8,167.87,427.48,104.16,52.61,none,0
69,58,18.8,166.24,478.81,100.76,48.93,none,0
69,59,18.8,164.27,459.58,101.68,47.67,none,0
69,60,18.8,177.66,443.85,100.86,51.88,none,0
69,61,18.8,180.74,434.27,104.19,35.07,none,0
69,62,18.8,170.92,449.93,98.8,47.31,none,0
69,63,18.8,174.08,428.0,102.5,37.89,none,0
69,64,18.8,176.24,456.34,95.31,32.35,none,0
69,65,18.8,153.02,369.5,116.29,78.09,comp4,1
69,66,18.8,170.16,451.61,98.34,54.35,none,0
69,67,18.8,160.66,484.48,100.49,40.52,none,0
69,68,18.8,168.81,442.68,100.88,44.21,none,0
69,69,18.8,164.65,446.52,98.91,35.65,none,0
69,70,18.8,175.69,445.77,105.26,47.32,none,0
69,71,18.8,171.95,428.65,97.75,38.51,none,0
69,72,18.8,165.23,475.26,102.82,43.89,none,0
69,73,18.8,166.1,443.8,102.7,51.73,none,0
69,74,18.8,177.97,418.32,98.31,49.35,none,0
69,75,18.8,172.22,459.97,101.6,39.45,none,0
69,76,18.8,170.79,476.39,100.65,40.95,none,0
69,77,18.8,170.61,447.86,98.13,39.71,none,0
69,78,18.8,178.81,458.16,104.66,44.5,none,0
69,79,18.8,171.49,424.79,106.17,43.13,none,0
69,80,18.8,162.8,458.93,103.68,30.57,none,0
69,81,18.8,163.3,421.47,101.59,29.93,none,0
69,82,18.8,168.49,426.51,96.55,40.77,none,0
69,83,18.8,186.26,458.53,90.96,58.07,none,0
69,84,18.8,156.24,494.13,94.5,37.12,none,0
69,85,18.8,166.15,445.82,95.78,53.64,none,0
69,86,18.8,167.5,422.48,98.33,47.04,none,0
69,87,18.8,175.0,453.34,102.12,54.52,none,0
69,88,18.8,173.54,428.58,102.06,49.0,none,0
69,89,18.8,171.63,427.41,99.18,24.14,none,0
69,90,18.8,167.67,468.55,99.43,36.29,none,0
69,91,18.8,171.67,451.92,96.67,52.07,none,0
69,92,18.8,170.07,425.01,100.68,33.1,none,0
69,93,18.8,168.29,465.5,102.36,47.32,none,0
69,94,18.8,163.4,460.51,98.14,32.4,none,0
69,95,18.8,174.83,423.43,99.67,55.51,none,0
69,96,18.8,166.28,463.45,100.29,35.41,none,0
69,97,18.8,169.88,431.36,95.65,47.92,none,0
69,98,18.8,157.17,353.99,119.57,68.69,comp2,1
69,99,18.8,179.82,448.53,101.05,35.78,none,0
69,100,18.8,171.35,414.75,96.45,38.6,none,0
69,101,18.8,169.99,451.05,102.26,43.24,none,0
69,102,18.8,172.42,417.5,104.48,35.04,none,0
69,103,18.8,163.54,402.87,101.77,35.02,none,0
69,104,18.8,170.43,479.73,100.88,41.87,none,0
69,105,18.8,167.88,435.83,102.9,42.73,none,0
69,106,18.8,176.62,453.3,104.61,30.48,none,0
69,107,18.8,168.85,462.41,99.89,51.6,none,0
69,108,18.8,166.6,439.36,98.21,46.01,none,0
69,109,18.8,168.48,481.81,97.13,36.36,none,0
69,110,18.8,165.78,455.81,104.01,46.14,none,0
69,111,18.8,177.98,463.04,101.54,31.82,none,0
69,112,18.8,167.13,434.04,99.69,30.39,none,0
69,113,18.8,167.18,450.32,99.93,47.99,none,0
69,114,18.8,170.18,422.94,95.73,42.58,none,0
69,115,18.8,164.22,461.67,97.17,43.45,none,0
69,116,18.8,173.2,452.65,104.9,40.07,none,0
69,117,18.8,170.31,462.39,99.14,23.71,none,0
69,118,18.8,163.83,447.64,94.66,32.1,none,0
69,119,18.8,171.87,427.39,100.4,31.24,none,0
70,0,3.2,168.51,400.85,95.27,46.72,none,0
70,1,3.2,174.89,426.35,100.88,32.23,none,0
70,2,3.2,167.38,444.52,99.24,36.41,none,0
70,3,3.2,174.83,478.77,96.27,31.75,none,0
70,4,3.2,163.9,458.41,101.29,34.15,none,0
70,5,3.2,170.66,450.35,102.84,28.8,none,0
70,6,3.2,164.82,452.31,101.21,29.71,none,0
70,7,3.2,166.67,454.07,100.09,33.06,none,0
70,8,3.2,165.06,427.75,103.42,44.94,none,0
70,9,3.2,168.15,453.08,99.27,30.38,none,0
70,10,3.2,163.11,427.67,97.03,42.31,none,0
70,11,3.2,175.28,465.28,95.32,28.8,none,0
70,12,3.2,164.86,452.23,96.63,37.2,none,0
70,13,3.2,167.3,449.18,98.7,36.52,none,0
70,14,3.2,162.3,462.39,101.85,34.83,none,0
70,15,3.2,164.32,418.3,96.97,43.33,none,0
70,16,3.2,171.22,414.52,108.02,39.7,none,0
70,17,3.2,169.23,476.42,104.03,36.41,none,0
70,18,3.2,167.76,455.06,95.51,27.68,none,0
70,19,3.2,163.82,466.95,95.79,42.46,none,0
70,20,3.2,167.02,435.54,103.61,47.6,none,0
70,21,3.2,161.98,450.07,97.09,49.99,none,0
70,22,3.2,178.17,487.89,101.39,46.87,none,0
70,23,3.2,161.68,453.67,100.64,43.5,none,0
70,24,3.2,172.07,459.17,100.73,34.17,none,0
70,25,3.2,178.26,449.47,95.15,36.2,none,0
70,26,3.2,170.56,419.85,98.85,37.74,none,0
70,27,3.2,175.54,464.89,100.69,30.89,none,0
70,28,3.2,171.44,444.76,99.6,39.47,none,0
70,29,3.2,164.41,470.45,97.76,38.83,none,0
70,30,3.2,163.57,428.55,97.71,36.0,none,0
70,31,3.2,169.77,443.02,99.44,19.47,none,0
70,32,3.2,172.82,452.55,103.32,58.08,none,0
70,33,3.2,170.05,424.83,95.43,44.64,none,0
70,34,3.2,174.02,430.82,99.97,45.73,none,0
70,35,3.2,164.02,422.11,105.17,35.44,none,0
70,36,3.2,173.33,442.86,95.88,34.8,none,0
70,37,3.2,178.56,419.91,97.64,52.45,none,0
70,38,3.2,169.97,475.48,94.87,36.07,none,0
70,39,3.2,178.48,464.49,99.07,19.17,none,0
70,40,3.2,179.27,432.26,97.93,30.14,none,0
70,41,3.2,164.28,449.15,96.79,43.24,none,0
70,42,3.2,169.27,433.58,100.3,34.29,none,0
70,43,3.2,156.96,420.33,102.49,45.37,none,0
70,44,3.2,171.69,445.44,99.54,36.13,none,0
70,45,3.2,175.33,445.9,102.95,35.56,none,0
70,46,3.2,185.8,415.9,100.82,35.68,none,0
70,47,3.2,165.45,447.73,100.6,37.03,none,0
70,48,3.2,171.63,430.62,98.39,32.27,none,0
70,49,3.2,170.89,441.93,102.86,52.1,none,0
70,50,3.2,168.56,444.78,96.59,30.72,none,0
70,51,3.2,166.32,440.77,100.45,36.22,none,0
70,52,3.2,175.79,444.41,99.61,40.84,none,0
70,53,3.2,169.32,423.29,100.94,27.38,none,0
70,54,3.2,165.32,428.82,101.32,37.32,none,0
70,55,3.2,167.04,415.33,98.41,46.75,none,0
70,56,3.2,173.2,450.46,98.99,50.13,none,0
70,57,3.2,166.92,451.43,98.86,39.14,none,0
70,58,3.2,167.85,446.76,102.81,28.55,none,0
70,59,3.2,170.38,473.67,102.34,34.78,none,0
70,60,3.2,175.71,441.38,99.14,40.62,none,0
70,61,3.2,175.8,504.46,102.68,41.04,none,0
70,62,3.2,174.28,437.32,100.21,32.23,none,0
70,63,3.2,172.79,437.69,98.49,53.09,none,0
70,64,3.2,178.8,447.12,94.49,51.03,none,0
70,65,3.2,164.48,454.46,99.05,35.04,none,0
70,66,3.2,167.98,445.88,104.04,37.89,none,0
70,67,3.2,145.02,348.28,110.33,73.3,comp1,1
70,68,3.2,170.13,444.73,99.89,48.63,none,0
70,69,3.2,171.53,449.52,102.69,36.12,none,0
70,70,3.2,163.29,471.78,97.55,22.89,none,0
70,71,3.2,160.02,502.73,96.98,52.28,none,0
70,72,3.2,168.72,431.68,97.17,41.18,none,0
70,73,3.2,163.2,490.95,91.02,45.08,none,0
70,74,3.2,172.95,415.88,103.26,47.42,none,0
70,75,3.2,171.43,451.77,102.44,38.85,none,0
70,76,3.2,175.38,431.73,96.76,52.02,none,0
70,77,3.2,172.12,454.02,97.94,39.75,none,0
70,78,3.2,159.34,428.48,95.47,40.75,none,0
70,79,3.2,175.93,431.99,98.71,26.0,none,0
70,80,3.2,173.18,459.9,106.0,37.7,none,0
70,81,3.2,163.7,462.95,99.24,32.56,none,0
70,82,3.2,155.05,471.52,99.82,36.45,none,0
70,83,3.2,176.03,454.18,99.2,44.68,none,0
70,84,3.2,170.01,431.86,105.11,36.69,none,0
70,85,3.2,174.6,426.98,96.26,21.52,none,0
70,86,3.2,173.02,449.29,98.26,32.46,none,0
70,87,3.2,168.23,529.35,97.77,54.4,none,0
70,88,3.2,174.8,468.06,103.08,34.22,none,0
70,89,3.2,160.14,434.68,104.65,41.01,none,0
70,90,3.2,163.41,435.96,99.39,34.76,none,0
70,91,3.2,168.16,442.27,107.14,45.95,none,0
70,92,3.2,170.24,435.75,98.56,33.32,none,0
70,93,3.2,163.94,419.77,104.51,44.26,none,0
70,94,3.2,167.37,477.53,101.11,32.82,none,0
70,95,3.2,173.49,447.59,102.87,50.39,none,0
70,96,3.2,174.29,447.28,96.98,61.42,none,0
70,97,3.2,167.41,468.11,103.16,25.01,none,0
70,98,3.2,162.98,443.26,104.59,41.81,none,0
70,99,3.2,175.59,434.52,98.78,36.22,none,0
70,100,3.2,162.01,445.3,101.58,44.25,none,0
70,101,3.2,161.81,409.57,103.61,15.68,none,0
70,102,3.2,187.67,446.1,107.7,29.23,none,0
70,103,3.2,180.33,452.94,99.41,45.38,none,0
70,104,3.2,171.14,450.17,103.05,46.75,none,0
70,105,3.2,165.1,429.36,98.15,28.38,none,0
70,106,3.2,166.19,454.86,102.81,36.57,none,0
70,107,3.2,168.06,451.61,99.61,38.58,none,0
70,108,3.2,162.04,444.32,101.51,21.31,none,0
70,109,3.2,165.88,501.88,102.04,50.42,none,0
70,110,3.2,175.76,447.59,102.68,36.0,none,0
70,111,3.2,178.73,475.05,101.23,41.63,none,0
70,112,3.2,168.31,407.44,98.25,30.93,none,0
70,113,3.2,174.09,466.18,98.25,46.21,none,0
70,114,3.2,177.78,465.22,98.8,42.74,none,0
70,115,3.2,168.04,443.19,98.18,40.49,none,0
70,116,3.2,174.52,466.51,98.55,34.06,none,0
70,117,3.2,168.99,451.63,101.88,18.93,none,0
70,118,3.2,169.33,440.32,100.06,40.75,none,0
70,119,3.2,170.52,439.69,98.38,22.58,none,0
71,0,2.5,166.6,456.86,103.23,29.79,none,0
71,1,2.5,169.73,456.07,107.11,34.79,none,0
71,2,2.5,173.59,475.96,101.35,49.56,none,0
71,3,2.5,164.34,469.62,105.25,40.38,none,0
71,4,2.5,173.4,445.93,103.35,30.7,none,0
71,5,2.5,174.94,446.7,98.54,35.39,none,0
71,6,2.5,166.78,460.8,103.82,41.53,none,0
71,7,2.5,165.77,427.1,103.22,35.55,none,0
71,8,2.5,167.16,442.68,96.99,34.35,none,0
71,9,2.5,165.38,416.83,103.94,43.94,none,0
71,10,2.5,180.18,435.18,104.82,51.87,none,0
71,11,2.5,168.45,439.96,100.27,34.61,none,0
71,12,2.5,172.06,453.3,99.48,43.27,none,0
71,13,2.5,164.16,417.48,102.55,54.31,none,0
71,14,2.5,172.49,441.15,107.03,28.18,none,0
71,15,2.5,168.75,440.94,101.6,27.23,none,0
71,16,2.5,168.47,433.2,94.44,37.7,none,0
71,17,2.5,177.57,477.34,101.97,44.75,none,0
71,18,2.5,176.58,456.67,102.88,39.46,none,0
71,19,2.5,171.19,473.76,102.09,28.58,none,0
71,20,2.5,173.12,450.84,98.67,52.55,none,0
71,21,2.5,168.27,480.13,97.53,40.75,none,0
71,22,2.5,171.12,479.37,103.05,43.23,none,0
71,23,2.5,162.85,459.23,99.28,35.87,none,0
71,24,2.5,176.12,423.89,103.5,53.83,none,0
71,25,2.5,168.03,423.78,103.04,44.02,none,0
71,26,2.5,171.55,451.69,97.91,41.48,none,0
71,27,2.5,169.62,450.16,100.68,38.94,none,0
71,28,2.5,171.53,416.49,99.05,28.59,none,0
71,29,2.5,164.83,464.69,101.56,41.65,none,0
71,30,2.5,169.64,443.48,98.8,43.54,none,0
71,31,2.5,166.07,434.58,100.88,32.36,none,0
71,32,2.5,172.64,463.83,108.2,29.98,none,0
71,33,2.5,174.04,426.65,101.75,52.33,none,0
71,34,2.5,166.49,460.76,99.47,38.33,none,0
71,35,2.5,165.37,436.33,99.0,42.38,none,0
71,36,2.5,176.95,444.98,100.06,48.16,none,0
71,37,2.5,161.41,458.85,99.58,43.28,none,0
71,38,2.5,166.18,427.56,101.24,33.87,none,0
71,39,2.5,170.48,438.94,96.56,36.61,none,0
71,40,2.5,165.23,412.17,102.84,42.96,none,0
71,41,2.5,165.05,434.95,96.83,34.16,none,0
71,42,2.5,170.56,431.9,98.3,37.09,none,0
71,43,2.5,172.95,472.64,104.01,21.16,none,0
71,44,2.5,166.04,452.12,103.21,44.93,none,0
71,45,2.5,179.42,426.12,100.91,54.23,none,0
71,46,2.5,176.83,424.22,99.68,40.62,none,0
71,47,2.5,166.31,461.42,101.83,50.96,none,0
71,48,2.5,159.74,486.18,98.45,31.53,none,0
71,49,2.5,173.56,410.49,102.85,33.84,none,0
71,50,2.5,178.36,481.4,101.66,44.14,none,0
71,51,2.5,173.93,446.1,100.33,29.4,none,0
71,52,2.5,169.77,422.38,104.18,37.45,none,0
71,53,2.5,165.26,443.74,101.57,45.06,none,0
71,54,2.5,172.51,439.56,100.96,45.63,none,0
71,55,2.5,169.9,484.03,100.56,37.19,none,0
71,56,2.5,164.67,488.75,98.93,47.26,none,0
71,57,2.5,174.02,487.79,99.88,28.01,none,0
71,58,2.5,179.52,438.56,97.85,43.41,none,0
71,59,2.5,169.8,483.75,99.89,39.02,none,0
71,60,2.5,172.31,444.55,100.04,46.58,none,0
71,61,2.5,161.16,450.03,98.48,31.5,none,0
71,62,2.5,164.0,424.37,98.5,42.1,none,0
71,63,2.5,175.83,445.05,98.26,40.47,none,0
71,64,2.5,164.12,458.64,100.78,37.05,none,0
71,65,2.5,160.27,476.6,106.14,29.97,none,0
71,66,2.5,177.99,425.41,97.04,31.33,none,0
71,67,2.5,168.88,454.1,99.99,33.63,none,0
71,68,2.5,161.05,449.63,96.23,33.16,none,0
71,69,2.5,166.49,436.48,102.22,43.09,none,0
71,70,2.5,173.05,482.18,99.63,50.92,none,0
71,71,2.5,167.29,453.75,103.99,36.9,none,0
71,72,2.5,172.11,471.22,102.43,42.52,none,0
71,73,2.5,168.01,390.9,97.81,42.37,none,0
71,74,2.5,177.43,413.85,92.83,36.88,none,0
71,75,2.5,163.87,454.56,99.36,48.25,none,0
71,76,2.5,170.74,440.34,100.48,52.92,none,0
71,77,2.5,162.75,445.09,104.6,53.47,none,0
71,78,2.5,173.31,468.58,103.17,46.76,none,0
71,79,2.5,177.39,472.2,98.24,35.4,none,0
71,80,2.5,161.48,431.95,96.33,39.65,none,0
71,81,2.5,170.45,438.0,103.91,36.05,none,0
71,82,2.5,173.77,422.39,104.74,35.15,none,0
71,83,2.5,163.57,433.84,101.7,30.12,none,0
71,84,2.5,170.28,419.39,97.9,25.71,none,0
71,85,2.5,163.13,463.5,99.1,33.36,none,0
71,86,2.5,176.41,448.15,100.48,42.42,none,0
71,87,2.5,179.35,468.33,99.97,50.42,none,0
71,88,2.5,174.63,483.7,97.92,31.22,none,0
71,89,2.5,176.6,464.4,104.98,35.17,none,0
71,90,2.5,170.75,428.63,101.11,49.6,none,0
71,91,2.5,178.43,458.67,99.63,40.52,none,0
71,92,2.5,163.7,439.0,103.05,32.66,none,0
71,93,2.5,173.78,439.9,102.75,25.57,none,0
71,94,2.5,172.96,468.54,97.81,46.15,none,0
71,95,2.5,169.92,457.89,100.78,60.97,none,0
71,96,2.5,171.02,481.63,100.0,46.69,none,0
71,97,2.5,172.58,433.88,99.95,32.73,none,0
71,98,2.5,162.76,436.23,101.67,47.38,none,0
71,99,2.5,181.69,448.18,95.02,42.45,none,0
71,100,2.5,172.6,425.52,107.61,41.01,none,0
71,101,2.5,175.7,477.11,98.18,44.08,none,0
71,102,2.5,167.18,451.03,97.44,36.1,none,0
71,103,2.5,163.97,442.27,93.41,50.39,none,0
71,104,2.5,161.21,455.57,101.47,35.69,none,0
71,105,2.5,163.82,440.35,100.77,51.91,none,0
71,106,2.5,176.41,441.78,103.7,47.24,none,0
71,107,2.5,163.04,458.34,97.28,36.04,none,0
71,108,2.5,173.91,421.19,106.5,36.59,none,0
71,109,2.5,171.02,424.39,100.46,31.65,none,0
71,110,2.5,158.41,426.72,97.76,39.28,none,0
71,111,2.5,174.0,430.03,105.0,56.35,none,0
71,112,2.5,168.23,444.87,97.7,50.74,none,0
71,113,2.5,171.25,453.28,99.43,40.65,none,0
71,114,2.5,174.57,405.42,100.39,33.29,none,0
71,115,2.5,173.36,470.41,97.22,33.85,none,0
71,116,2.5,163.3,449.76,92.83,31.79,none,0
71,117,2.5,178.27,458.66,101.94,26.07,none,0
71,118,2.5,169.73,459.3,93.74,28.99,none,0
71,119,2.5,168.59,421.8,98.85,42.13,none,0
72,0,18.7,175.22,431.99,100.93,47.49,none,0
72,1,18.7,170.71,455.69,103.01,34.42,none,0
72,2,18.7,170.58,436.16,99.16,45.01,none,0
72,3,18.7,173.38,449.28,103.44,51.53,none,0
72,4,18.7,164.13,470.94,99.2,42.46,none,0
72,5,18.7,164.74,447.49,100.07,42.18,none,0
72,6,18.7,165.27,448.35,100.49,43.12,none,0
72,7,18.7,169.62,446.49,104.13,48.68,none,0
72,8,18.7,173.74,436.09,101.57,66.75,none,0
72,9,18.7,180.89,424.11,101.35,38.14,none,0
72,10,18.7,161.17,432.44,99.27,42.49,none,0
72,11,18.7,175.06,465.12,100.29,40.16,none,0
72,12,18.7,165.18,410.02,102.79,30.61,none,0
72,13,18.7,168.21,467.52,98.16,33.86,none,0
72,14,18.7,170.79,437.95,95.62,45.47,none,0
72,15,18.7,175.11,470.2,98.36,33.46,none,0
72,16,18.7,172.48,462.0,96.9,48.58,none,0
72,17,18.7,177.23,416.01,100.79,31.28,none,0
72,18,18.7,172.88,483.74,103.72,47.14,none,0
72,19,18.7,147.07,358.03,113.83,67.66,comp3,1
72,20,18.7,176.69,450.42,98.77,46.44,none,0
72,21,18.7,177.76,412.17,100.28,48.27,none,0
72,22,18.7,166.38,470.8,97.21,38.37,none,0
72,23,18.7,172.68,483.82,100.13,30.46,none,0
72,24,18.7,175.84,408.41,99.62,35.49,none,0
72,25,18.7,167.22,445.24,95.22,38.84,none,0
72,26,18.7,163.32,487.72,100.24,33.84,none,0
72,27,18.7,179.92,442.99,101.63,35.54,none,0
72,28,18.7,171.74,472.31,106.51,55.34,none,0
72,29,18.7,168.87,473.38,97.28,45.94,none,0
72,30,18.7,173.19,429.05,95.97,30.52,none,0
72,31,18.7,169.8,446.9,100.77,27.2,none,0
72,32,18.7,163.16,456.0,101.61,32.23,none,0
72,33,18.7,168.76,441.65,99.44,39.16,none,0
72,34,18.7,161.03,477.74,97.17,36.04,none,0
72,35,18.7,175.93,442.52,103.92,27.51,none,0
72,36,18.7,169.16,464.15,98.7,41.35,none,0
72,37,18.7,165.56,476.54,106.58,35.59,none,0
72,38,18.7,173.96,457.71,100.71,29.17,none,0
72,39,18.7,173.69,452.87,98.81,38.35,none,0
72,40,18.7,162.72,453.45,97.65,39.28,none,0
72,41,18.7,168.03,484.45,100.23,21.28,none,0
72,42,18.7,161.04,486.11,99.89,33.71,none,0
72,43,18.7,169.77,472.81,101.52,55.54,none,0
72,44,18.7,164.69,477.91,94.8,39.45,none,0
72,45,18.7,173.46,467.22,101.33,43.25,none,0
72,46,18.7,162.43,449.37,99.61,38.69,none,0
72,47,18.7,165.53,439.3,102.29,37.19,none,0
72,48,18.7,164.01,467.35,106.52,42.43,none,0
72,49,18.7,179.04,474.65,100.32,26.64,none,0
72,50,18.7,169.71,445.1,95.14,54.47,none,0
72,51,18.7,163.2,449.84,97.87,35.55,none,0
72,52,18.7,178.54,438.01,99.62,40.34,none,0
72,53,18.7,167.17,452.19,99.35,40.19,none,0
72,54,18.7,181.65,416.73,99.85,42.48,none,0
72,55,18.7,165.47,475.48,99.07,43.26,none,0
72,56,18.7,169.12,440.7,96.33,42.75,none,0
72,57,18.7,168.38,429.78,104.43,33.62,none,0
72,58,18.7,164.2,425.87,93.22,55.15,none,0
72,59,18.7,171.45,437.59,98.64,45.48,none,0
72,60,18.7,167.13,436.44,95.68,46.35,none,0
72,61,18.7,166.28,449.87,100.56,47.07,none,0
72,62,18.7,160.58,425.58,99.98,39.16,none,0
72,63,18.7,176.5,483.65,103.84,49.12,none,0
72,64,18.7,168.55,459.29,96.05,46.08,none,0
72,65,18.7,162.33,426.13,103.77,37.05,none,0
72,66,18.7,165.83,460.92,98.52,45.17,none,0
72,67,18.7,170.8,464.7,103.9,43.95,none,0
72,68,18.7,171.21,448.67,95.99,41.84,none,0
72,69,18.7,175.5,432.76,102.77,29.19,none,0
72,70,18.7,162.65,434.54,98.03,33.17,none,0
72,71,18.7,166.12,452.27,95.33,47.01,none,0
72,72,18.7,177.13,436.7,100.24,42.76,none,0
72,73,18.7,168.31,453.05,105.63,47.19,none,0
72,74,18.7,170.34,452.7,99.83,33.21,none,0
72,75,18.7,177.76,478.38,99.3,36.14,none,0
72,76,18.7,178.93,452.21,103.74,47.25,none,0
72,77,18.7,167.31,426.94,102.01,44.73,none,0
72,78,18.7,176.64,441.09,97.79,37.74,none,0
72,79,18.7,175.79,414.33,97.14,46.93,none,0
72,80,18.7,173.22,430.51,95.32,46.79,none,0
72,81,18.7,166.54,456.52,102.02,31.71,none,0
72,82,18.7,163.41,458.63,101.5,41.54,none,0
72,83,18.7,171.3,442.74,106.08,35.72,none,0
72,84,18.7,165.09,463.79,101.68,37.76,none,0
72,85,18.7,180.85,449.81,93.77,36.13,none,0
72,86,18.7,168.22,452.71,98.29,45.83,none,0
72,87,18.7,166.13,441.42,99.22,25.89,none,0
72,88,18.7,161.14,444.7,100.08,35.32,none,0
72,89,18.7,162.48,449.63,103.22,45.54,none,0
72,90,18.7,163.62,407.55,95.75,48.82,none,0
72,91,18.7,177.54,419.81,102.82,34.25,none,0
72,92,18.7,173.11,466.26,102.11,34.0,none,0
72,93,18.7,161.3,466.83,99.46,42.31,none,0
72,94,18.7,167.55,442.08,101.88,48.51,none,0
72,95,18.7,174.13,461.53,103.72,26.26,none,0
72,96,18.7,169.76,444.69,95.14,36.32,none,0
72,97,18.7,171.36,472.6,96.25,38.46,none,0
72,98,18.7,163.13,449.1,101.74,41.66,none,0
72,99,18.7,169.17,473.49,103.14,27.49,none,0
72,100,18.7,170.76,435.91,99.25,37.58,none,0
72,101,18.7,163.11,456.55,101.29,46.07,none,0
72,102,18.7,165.44,447.34,103.32,27.6,none,0
72,103,18.7,157.82,415.81,99.39,45.86,none,0
72,104,18.7,160.05,439.24,96.68,50.8,none,0
72,105,18.7,168.85,422.3,99.87,39.98,none,0
72,106,18.7,169.7,437.94,98.79,49.57,none,0
72,107,18.7,166.69,472.42,101.8,34.89,none,0
72,108,18.7,164.59,491.91,98.54,35.59,none,0
72,109,18.7,167.82,427.71,103.09,44.35,none,0
72,110,18.7,164.91,440.57,102.01,57.51,none,0
72,111,18.7,163.21,452.36,103.04,53.33,none,0
72,112,18.7,174.62,498.91,91.58,43.58,none,0
72,113,18.7,167.4,449.83,98.93,40.21,none,0
72,114,18.7,167.37,456.55,100.46,46.92,none,0
72,115,18.7,163.27,471.08,100.62,49.82,none,0
72,116,18.7,166.66,431.91,101.5,37.18,none,0
72,117,18.7,167.79,461.29,98.53,52.79,none,0
72,118,18.7,171.12,467.91,98.33,57.48,none,0
72,119,18.7,169.34,498.43,105.93,48.18,none,0
73,0,7.1,166.46,454.95,99.17,37.96,none,0
73,1,7.1,170.15,441.41,101.05,39.56,none,0
73,2,7.1,172.4,457.62,99.56,25.65,none,0
73,3,7.1,177.97,459.06,101.34,50.73,none,0
73,4,7.1,175.36,473.75,94.11,37.23,none,0
73,5,7.1,174.29,478.74,97.28,27.58,none,0
73,6,7.1,173.61,443.56,98.56,30.35,none,0
73,7,7.1,177.11,446.88,97.5,32.8,none,0
73,8,7.1,164.25,472.78,103.66,42.29,none,0
73,9,7.1,174.92,447.44,104.74,38.34,none,0
73,10,7.1,167.99,435.51,103.67,41.63,none,0
73,11,7.1,167.86,424.54,96.58,45.89,none,0
73,12,7.1,169.79,393.4,96.55,42.12,none,0
73,13,7.1,163.12,438.88,95.07,38.77,none,0
73,14,7.1,167.48,469.85,101.2,46.81,none,0
73,15,7.1,169.07,398.23,97.28,56.42,none,0
73,16,7.1,170.47,458.02,98.8,48.84,none,0
73,17,7.1,169.87,442.35,99.03,47.5,none,0
73,18,7.1,166.3,438.53,101.39,52.69,none,0
73,19,7.1,168.62,420.69,98.58,47.83,none,0
73,20,7.1,158.24,429.43,102.04,43.51,none,0
73,21,7.1,172.52,469.63,100.86,35.69,none,0
73,22,7.1,167.09,454.31,100.75,48.61,none,0
73,23,7.1,159.47,405.5,99.43,14.03,none,0
73,24,7.1,169.78,435.52,99.57,44.2,none,0
73,25,7.1,171.52,432.76,94.98,47.89,none,0
73,26,7.1,170.79,450.98,103.65,32.73,none,0
73,27,7.1,173.12,474.27,104.81,36.08,none,0
73,28,7.1,172.7,442.97,94.01,39.23,none,0
73,29,7.1,177.58,495.43,99.92,34.26,none,0
73,30,7.1,164.93,436.28,99.34,33.59,none,0
73,31,7.1,170.35,456.34,104.71,47.34,none,0
73,32,7.1,173.03,453.7,98.52,34.08,none,0
73,33,7.1,163.94,442.19,104.09,46.15,none,0
73,34,7.1,166.93,460.21,96.37,52.4,none,0
73,35,7.1,168.87,429.5,97.68,53.7,none,0
73,36,7.1,165.33,424.08,98.15,31.34,none,0
73,37,7.1,176.11,435.85,93.97,44.25,none,0
73,38,7.1,170.65,448.79,100.28,33.9,none,0
73,39,7.1,171.64,478.58,102.95,44.49,none,0
73,40,7.1,167.61,432.32,101.85,40.01,none,0
73,41,7.1,173.54,481.97,99.74,27.06,none,0
73,42,7.1,169.83,448.24,97.88,28.18,none,0
73,43,7.1,178.66,465.13,101.04,33.09,none,0
73,44,7.1,167.89,467.2,94.89,54.73,none,0
73,45,7.1,169.21,458.61,100.8,53.66,none,0
73,46,7.1,169.76,417.13,103.46,60.49,none,0
73,47,7.1,168.89,453.34,96.7,32.4,none,0
73,48,7.1,176.84,488.38,93.9,46.09,none,0
73,49,7.1,171.86,431.88,98.57,45.03,none,0
73,50,7.1,170.34,423.99,99.21,34.39,none,0
73,51,7.1,174.64,441.7,100.8,29.78,none,0
73,52,7.1,172.73,431.29,98.91,38.17,none,0
73,53,7.1,163.44,462.46,109.57,19.09,none,0
73,54,7.1,159.89,443.35,98.48,36.38,none,0
73,55,7.1,171.65,434.0,96.68,50.43,none,0
73,56,7.1,168.17,469.55,100.69,31.51,none,0
73,57,7.1,172.19,421.63,97.7,26.81,none,0
73,58,7.1,163.9,443.88,100.79,44.18,none,0
73,59,7.1,165.19,417.18,98.95,33.92,none,0
73,60,7.1,171.22,468.0,98.56,28.99,none,0
73,61,7.1,181.84,473.84,96.34,37.3,none,0
73,62,7.1,169.6,447.56,99.9,34.33,none,0
73,63,7.1,169.85,456.62,94.95,48.26,none,0
73,64,7.1,173.93,444.84,103.26,47.05,none,0
73,65,7.1,166.58,433.94,99.61,26.49,none,0
73,66,7.1,161.3,488.54,98.69,36.36,none,0
73,67,7.1,163.48,455.72,95.01,32.54,none,0
73,68,7.1,166.76,476.35,92.6,46.53,none,0
73,69,7.1,171.62,430.68,95.77,26.22,none,0
73,70,7.1,167.72,419.18,99.56,44.13,none,0
73,71,7.1,168.23,483.26,105.14,26.26,none,0
73,72,7.1,170.51,460.83,100.94,29.93,none,0
73,73,7.1,173.09,473.3,99.35,33.61,none,0
73,74,7.1,164.63,457.08,95.68,44.36,none,0
73,75,7.1,165.01,411.44,103.26,46.95,none,0
73,76,7.1,164.04,459.51,101.75,42.12,none,0
73,77,7.1,164.74,419.48,103.65,28.64,none,0
73,78,7.1,177.0,427.53,101.0,43.48,none,0
73,79,7.1,173.08,451.87,98.35,21.62,none,0
73,80,7.1,177.18,447.23,95.81,34.24,none,0
73,81,7.1,157.27,396.32,101.78,41.88,none,0
73,82,7.1,172.14,466.48,96.74,47.9,none,0
73,83,7.1,168.07,470.14,96.0,42.46,none,0
73,84,7.1,172.49,465.41,101.37,20.32,none,0
73,85,7.1,168.51,456.07,99.82,26.33,none,0
73,86,7.1,169.37,465.53,100.36,40.91,none,0
73,87,7.1,178.92,490.66,96.66,35.57,none,0
73,88,7.1,172.31,452.4,101.8,29.56,none,0
73,89,7.1,172.28,443.91,101.29,28.02,none,0
73,90,7.1,170.84,454.76,101.76,47.31,none,0
73,91,7.1,164.52,434.62,99.37,41.13,none,0
73,92,7.1,170.89,425.42,99.21,42.26,none,0
73,93,7.1,162.86,433.51,93.22,44.0,none,0
73,94,7.1,167.18,385.86,101.91,34.13,none,0
73,95,7.1,164.6,449.79,95.3,41.59,none,0
73,96,7.1,168.14,482.72,100.76,28.82,none,0
73,97,7.1,174.64,450.24,101.85,33.5,none,0
73,98,7.1,171.78,455.79,101.35,42.24,none,0
73,99,7.1,170.6,429.62,101.29,47.15,none,0
73,100,7.1,173.81,475.19,97.46,42.85,none,0
73,101,7.1,165.07,440.63,97.6,48.95,none,0
73,102,7.1,173.87,490.75,102.43,43.06,none,0
73,103,7.1,173.87,462.0,102.51,39.63,none,0
73,104,7.1,177.91,457.82,97.91,39.95,none,0
73,105,7.1,170.75,470.8,103.04,49.0,none,0
73,106,7.1,167.68,469.21,99.07,36.89,none,0
73,107,7.1,168.07,474.17,97.9,43.3,none,0
73,108,7.1,163.04,424.65,99.13,43.53,none,0
73,109,7.1,169.59,424.4,105.8,29.44,none,0
73,110,7.1,166.98,443.83,102.71,30.35,none,0
73,111,7.1,172.12,441.75,99.8,28.41,none,0
73,112,7.1,168.27,411.39,105.89,43.62,none,0
73,113,7.1,171.59,439.85,99.86,33.68,none,0
73,114,7.1,170.89,435.51,101.77,44.69,none,0
73,115,7.1,164.89,436.35,101.2,45.26,none,0
73,116,7.1,175.02,483.91,101.43,34.1,none,0
73,117,7.1,169.25,457.12,100.67,53.41,none,0
73,118,7.1,165.74,458.97,97.73,43.35,none,0
73,119,7.1,165.58,457.39,105.66,31.37,none,0
74,0,17.1,165.21,461.55,103.7,47.16,none,0
74,1,17.1,166.76,441.35,98.56,47.55,none,0
74,2,17.1,162.56,458.26,96.11,43.91,none,0
74,3,17.1,175.84,474.6,95.89,59.87,none,0
74,4,17.1,159.79,404.7,103.87,44.99,none,0
74,5,17.1,169.66,462.14,103.94,49.27,none,0
74,6,17.1,165.94,453.55,99.95,38.66,none,0
74,7,17.1,163.95,469.59,100.39,35.65,none,0
74,8,17.1,165.59,481.73,100.54,36.84,none,0
74,9,17.1,166.46,438.29,105.54,32.49,none,0
74,10,17.1,168.6,469.78,102.28,46.62,none,0
74,11,17.1,169.73,471.7,102.22,43.72,none,0
74,12,17.1,177.95,448.11,100.61,41.38,none,0
74,13,17.1,175.42,449.27,102.45,38.32,none,0
74,14,17.1,182.79,463.04,99.61,32.48,none,0
74,15,17.1,178.24,461.61,99.45,46.03,none,0
74,16,17.1,168.76,410.45,104.93,45.16,none,0
74,17,17.1,163.5,440.85,99.7,42.06,none,0
74,18,17.1,160.42,464.06,100.1,41.07,none,0
74,19,17.1,177.97,456.42,103.87,31.5,none,0
74,20,17.1,166.99,474.43,99.9,30.2,none,0
74,21,17.1,169.32,423.04,96.08,29.37,none,0
74,22,17.1,169.11,448.31,97.62,37.11,none,0
74,23,17.1,176.64,467.92,96.94,49.68,none,0
74,24,17.1,170.16,440.4,98.01,39.6,none,0
74,25,17.1,172.23,418.36,97.66,47.82,none,0
74,26,17.1,176.18,439.07,101.92,31.82,none,0
74,27,17.1,173.5,423.3,95.82,46.0,none,0
74,28,17.1,165.71,492.8,98.84,29.23,none,0
74,29,17.1,164.15,449.76,99.18,51.85,none,0
74,30,17.1,172.32,441.41,98.24,41.29,none,0
74,31,17.1,164.88,447.59,98.47,24.93,none,0
74,32,17.1,169.49,451.04,98.61,39.4,none,0
74,33,17.1,171.99,472.39,99.32,42.59,none,0
74,34,17.1,163.1,486.97,102.29,49.85,none,0
74,35,17.1,166.38,450.22,101.62,23.37,none,0
74,36,17.1,175.54,415.87,99.82,36.61,none,0
74,37,17.1,164.2,427.81,100.86,49.18,none,0
74,38,17.1,178.4,466.55,99.49,29.83,none,0
74,39,17.1,170.53,456.82,102.12,36.29,none,0
74,40,17.1,170.07,447.52,100.84,43.52,none,0
74,41,17.1,171.73,489.39,100.52,41.18,none,0
74,42,17.1,168.94,461.57,96.13,51.55,none,0
74,43,17.1,142.32,327.05,114.47,70.94,comp2,1
74,44,17.1,170.68,445.72,100.66,36.74,none,0
74,45,17.1,174.73,421.7,94.27,47.92,none,0
74,46,17.1,174.38,485.53,97.96,26.02,none,0
74,47,17.1,165.89,449.49,99.57,34.08,none,0
74,48,17.1,166.15,449.83,97.12,40.32,none,0
74,49,17.1,169.54,444.98,96.26,38.02,none,0
74,50,17.1,160.32,417.99,96.56,37.97,none,0
74,51,17.1,167.09,441.57,97.84,40.94,none,0
74,52,17.1,180.21,423.85,99.78,46.37,none,0
74,53,17.1,165.34,440.64,103.11,30.93,none,0
74,54,17.1,171.96,454.26,100.16,28.55,none,0
74,55,17.1,174.19,446.68,103.94,60.07,none,0
74,56,17.1,168.7,435.2,99.7,43.65,none,0
74,57,17.1,167.2,441.78,98.26,60.32,none,0
74,58,17.1,170.09,432.72,103.33,40.3,none,0
74,59,17.1,172.06,448.27,95.67,46.86,none,0
74,60,17.1,167.49,436.22,101.45,36.88,none,0
74,61,17.1,172.25,449.76,102.18,39.16,none,0
74,62,17.1,172.49,451.92,97.77,35.76,none,0
74,63,17.1,166.56,459.91,100.53,41.11,none,0
74,64,17.1,173.98,501.39,103.12,40.06,none,0
74,65,17.1,172.29,449.34,97.85,27.49,none,0
74,66,17.1,172.39,460.48,102.22,34.18,none,0
74,67,17.1,167.61,464.48,99.1,37.43,none,0
74,68,17.1,166.15,437.65,98.76,36.2,none,0
74,69,17.1,164.33,437.67,101.48,35.87,none,0
74,70,17.1,167.66,430.39,98.3,39.64,none,0
74,71,17.1,173.78,444.15,98.4,36.34,none,0
74,72,17.1,174.45,442.17,98.93,31.6,none,0
74,73,17.1,171.5,434.62,98.08,28.39,none,0
74,74,17.1,166.82,457.32,99.01,37.83,none,0
74,75,17.1,172.08,396.73,100.25,40.78,none,0
74,76,17.1,177.67,454.16,101.83,38.0,none,0
74,77,17.1,167.76,428.17,99.14,22.46,none,0
74,78,17.1,168.37,465.21,99.17,57.54,none,0
74,79,17.1,169.67,458.81,103.45,47.44,none,0
74,80,17.1,162.89,454.88,102.47,47.99,none,0
74,81,17.1,169.04,454.67,93.88,24.14,none,0
74,82,17.1,173.99,439.42,104.89,31.48,none,0
74,83,17.1,175.39,452.2,99.2,16.78,none,0
74,84,17.1,167.32,436.06,99.53,32.13,none,0
74,85,17.1,177.35,454.13,99.59,45.89,none,0
74,86,17.1,169.4,444.6,100.51,46.36,none,0
74,87,17.1,169.95,444.48,100.54,43.89,none,0
74,88,17.1,162.05,449.7,102.08,34.14,none,0
74,89,17.1,171.18,422.12,97.62,35.3,none,0
74,90,17.1,175.15,442.91,98.03,40.65,none,0
74,91,17.1,166.49,495.32,97.59,36.44,none,0
74,92,17.1,181.42,466.06,103.56,39.18,none,0
74,93,17.1,174.21,449.19,97.18,33.01,none,0
74,94,17.1,171.39,426.73,102.66,51.86,none,0
74,95,17.1,157.04,452.25,98.79,39.65,none,0
74,96,17.1,169.52,424.45,100.5,38.77,none,0
74,97,17.1,170.89,445.02,99.76,31.61,none,0
74,98,17.1,174.45,444.47,102.9,32.99,none,0
74,99,17.1,164.46,471.45,96.98,46.51,none,0
74,100,17.1,170.62,441.3,102.85,33.55,none,0
74,101,17.1,176.63,433.6,96.03,15.03,none,0
74,102,17.1,165.13,436.14,97.83,37.47,none,0
74,103,17.1,167.85,430.14,99.21,35.62,none,0
74,104,17.1,172.79,475.59,101.72,37.03,none,0
74,105,17.1,170.92,440.99,97.87,42.96,none,0
74,106,17.1,176.26,478.7,106.72,42.1,none,0
74,107,17.1,176.29,405.13,100.43,33.18,none,0
74,108,17.1,170.72,467.64,106.35,36.71,none,0
74,109,17.1,168.86,432.9,92.7,43.95,none,0
74,110,17.1,172.58,425.6,96.11,45.88,none,0
74,111,17.1,166.94,432.25,100.1,42.41,none,0
74,112,17.1,177.96,462.3,97.86,45.36,none,0
74,113,17.1,167.44,444.59,100.07,42.48,none,0
74,114,17.1,176.65,454.47,93.35,40.51,none,0
74,115,17.1,171.68,423.15,98.12,36.2,none,0
74,116,17.1,164.31,437.42,104.25,30.46,none,0
74,117,17.1,181.97,475.02,100.86,36.49,none,0
74,118,17.1,175.1,467.81,100.69,37.81,none,0
74,119,17.1,163.41,457.11,99.63,42.95,none,0
75,0,15.9,173.3,431.01,99.29,46.58,none,0
75,1,15.9,174.1,473.96,100.6,49.98,none,0
75,2,15.9,171.45,433.88,99.97,32.65,none,0
75,3,15.9,175.06,433.02,99.39,43.5,none,0
75,4,15.9,174.16,423.0,102.14,30.57,none,0
75,5,15.9,177.05,414.45,98.66,33.78,none,0
75,6,15.9,171.26,437.27,96.59,21.99,none,0
75,7,15.9,170.36,458.5,96.24,50.96,none,0
75,8,15.9,177.29,438.79,99.19,29.34,none,0
75,9,15.9,168.64,444.37,104.63,33.3,none,0
75,10,15.9,168.66,446.7,100.62,35.92,none,0
75,11,15.9,175.08,409.24,93.61,39.0,none,0
75,12,15.9,167.95,469.82,101.75,39.48,none,0
75,13,15.9,168.0,432.95,100.75,39.17,none,0
75,14,15.9,181.53,440.37,100.31,54.97,none,0
75,15,15.9,163.44,433.68,99.88,42.33,none,0
75,16,15.9,162.35,478.27,101.65,43.27,none,0
75,17,15.9,170.72,463.08,100.38,40.21,none,0
75,18,15.9,176.79,440.04,95.57,34.76,none,0
75,19,15.9,176.34,459.05,103.35,50.69,none,0
75,20,15.9,171.05,463.54,99.66,43.03,none,0
75,21,15.9,174.95,418.33,98.86,50.13,none,0
75,22,15.9,164.73,438.97,100.2,40.73,none,0
75,23,15.9,168.72,449.39,101.72,28.08,none,0
75,24,15.9,161.83,489.06,103.15,33.02,none,0
75,25,15.9,159.77,445.73,101.17,32.03,none,0
75,26,15.9,166.37,417.83,94.42,34.22,none,0
75,27,15.9,171.13,465.91,104.41,40.45,none,0
75,28,15.9,171.46,467.59,100.65,49.32,none,0
75,29,15.9,172.1,456.18,100.28,22.88,none,0
75,30,15.9,168.1,433.38,103.22,33.99,none,0
75,31,15.9,168.89,474.9,105.09,38.26,none,0
75,32,15.9,176.17,453.73,98.23,37.84,none,0
75,33,15.9,174.25,463.3,98.71,38.43,none,0
75,34,15.9,170.65,471.01,100.75,23.7,none,0
75,35,15.9,165.03,461.85,102.15,30.85,none,0
75,36,15.9,175.52,465.15,103.51,40.59,none,0
75,37,15.9,162.24,483.07,97.96,31.85,none,0
75,38,15.9,177.35,440.33,99.23,39.88,none,0
75,39,15.9,172.22,417.43,95.62,40.74,none,0
75,40,15.9,163.13,442.91,97.88,40.58,none,0
75,41,15.9,175.47,441.81,100.44,47.81,none,0
75,42,15.9,169.32,456.36,104.4,63.6,none,0
75,43,15.9,168.13,440.67,96.31,31.87,none,0
75,44,15.9,154.55,443.14,107.57,35.98,none,0
75,45,15.9,174.04,457.44,92.43,42.51,none,0
75,46,15.9,173.23,452.48,99.24,46.59,none,0
75,47,15.9,165.2,466.48,104.23,45.85,none,0
75,48,15.9,172.16,431.31,94.61,30.58,none,0
75,49,15.9,167.46,386.84,98.69,45.35,none,0
75,50,15.9,172.37,416.49,98.3,39.58,none,0
75,51,15.9,166.07,494.39,99.81,61.83,none,0
75,52,15.9,174.24,453.02,96.93,49.88,none,0
75,53,15.9,169.65,468.76,104.32,23.58,none,0
75,54,15.9,167.79,444.06,102.28,41.1,none,0
75,55,15.9,171.88,435.03,96.96,44.32,none,0
75,56,15.9,168.88,442.28,96.8,52.82,none,0
75,57,15.9,162.56,446.85,99.34,39.54,none,0
75,58,15.9,173.21,430.03,96.87,23.21,none,0
75,59,15.9,168.91,464.16,99.55,27.34,none,0
75,60,15.9,172.94,438.57,99.34,39.24,none,0
75,61,15.9,164.46,461.4,97.61,30.15,none,0
75,62,15.9,179.59,441.43,97.71,38.49,none,0
75,63,15.9,164.27,449.5,100.68,26.04,none,0
75,64,15.9,167.14,442.64,96.98,25.0,none,0
75,65,15.9,170.99,412.22,101.51,30.39,none,0
75,66,15.9,168.06,479.65,101.03,31.54,none,0
75,67,15.9,162.91,440.91,101.97,53.72,none,0
75,68,15.9,176.49,460.24,96.02,55.52,none,0
75,69,15.9,171.75,478.14,97.83,46.5,none,0
75,70,15.9,172.53,436.67,101.45,34.7,none,0
75,71,15.9,170.73,430.63,100.08,34.07,none,0
75,72,15.9,167.46,439.55,100.08,34.43,none,0
75,73,15.9,174.7,412.56,104.18,42.36,none,0
75,74,15.9,169.46,418.72,100.46,36.36,none,0
75,75,15.9,169.01,472.07,106.88,39.56,none,0
75,76,15.9,175.28,443.97,98.63,40.1,none,0
75,77,15.9,161.75,426.14,100.23,49.59,none,0
75,78,15.9,164.85,479.38,93.14,47.63,none,0
75,79,15.9,166.07,463.7,95.51,40.59,none,0
75,80,15.9,171.0,464.11,94.4,38.79,none,0
75,81,15.9,169.71,458.27,98.85,34.72,none,0
75,82,15.9,171.16,456.47,99.57,31.65,none,0
75,83,15.9,175.28,455.89,99.47,35.39,none,0
75,84,15.9,173.11,467.58,101.83,48.95,none,0
75,85,15.9,172.52,459.79,103.79,40.45,none,0
75,86,15.9,177.27,434.34,99.98,46.75,none,0
75,87,15.9,165.7,439.67,100.55,41.83,none,0
75,88,15.9,158.56,482.35,100.23,41.07,none,0
75,89,15.9,181.98,461.31,105.2,35.23,none,0
75,90,15.9,168.23,469.97,97.83,38.93,none,0
75,91,15.9,175.41,417.61,103.0,41.57,none,0
75,92,15.9,163.95,474.65,102.41,43.3,none,0
75,93,15.9,178.53,440.84,102.4,27.92,none,0
75,94,15.9,173.28,437.04,99.45,39.56,none,0
75,95,15.9,167.64,451.74,98.84,34.78,none,0
75,96,15.9,169.26,443.79,99.97,30.96,none,0
75,97,15.9,169.94,423.77,102.84,53.81,none,0
75,98,15.9,174.47,483.37,100.05,43.25,none,0
75,99,15.9,175.68,447.6,102.4,41.2,none,0
75,100,15.9,174.24,422.99,101.34,55.5,none,0
75,101,15.9,170.97,440.41,105.47,49.95,none,0
75,102,15.9,171.99,444.52,102.03,38.59,none,0
75,103,15.9,171.98,432.18,103.34,38.39,none,0
75,104,15.9,180.6,443.61,95.58,45.35,none,0
75,105,15.9,165.42,437.99,104.07,31.5,none,0
75,106,15.9,167.59,465.8,96.75,40.5,none,0
75,107,15.9,171.24,450.81,105.06,43.45,none,0
75,108,15.9,175.2,469.26,99.41,42.9,none,0
75,109,15.9,167.12,410.67,95.96,30.25,none,0
75,110,15.9,175.66,463.41,100.58,29.38,none,0
75,111,15.9,168.59,474.2,99.86,45.04,none,0
75,112,15.9,165.36,413.21,99.91,49.09,none,0
75,113,15.9,173.77,468.37,99.63,46.11,none,0
75,114,15.9,173.21,436.86,96.8,42.73,none,0
75,115,15.9,160.45,409.82,95.89,38.66,none,0
75,116,15.9,159.9,444.45,103.55,44.52,none,0
75,117,15.9,172.18,463.84,95.27,40.3,none,0
75,118,15.9,173.04,410.96,95.82,31.38,none,0
75,119,15.9,170.79,463.14,95.89,49.53,none,0
76,0,16.7,168.04,445.76,104.58,36.05,none,0
76,1,16.7,174.84,437.28,105.92,48.43,none,0
76,2,16.7,165.89,468.33,96.19,43.07,none,0
76,3,16.7,175.12,448.27,99.87,39.72,none,0
76,4,16.7,162.17,475.99,97.6,31.9,none,0
76,5,16.7,158.18,436.63,100.05,51.62,none,0
76,6,16.7,173.62,449.46,100.23,30.71,none,0
76,7,16.7,170.04,466.98,99.94,36.43,none,0
76,8,16.7,164.41,459.14,99.78,41.3,none,0
76,9,16.7,169.94,459.56,100.81,46.48,none,0
76,10,16.7,172.45,429.54,101.37,43.33,none,0
76,11,16.7,170.23,474.47,99.35,39.17,none,0
76,12,16.7,166.14,447.07,101.87,60.53,none,0
76,13,16.7,160.21,442.63,103.33,51.28,none,0
76,14,16.7,174.97,431.71,101.09,53.46,none,0
76,15,16.7,176.02,466.49,96.92,24.38,none,0
76,16,16.7,173.63,433.64,99.31,52.18,none,0
76,17,16.7,189.19,441.03,98.75,35.95,none,0
76,18,16.7,170.73,426.28,95.26,51.29,none,0
76,19,16.7,167.01,459.05,106.02,46.04,none,0
76,20,16.7,165.68,443.76,99.29,40.92,none,0
76,21,16.7,165.59,458.31,96.92,31.58,none,0
76,22,16.7,169.16,433.04,98.1,50.63,none,0
76,23,16.7,160.64,441.07,99.09,34.81,none,0
76,24,16.7,168.75,430.02,97.67,33.48,none,0
76,25,16.7,173.23,460.33,98.36,43.12,none,0
76,26,16.7,170.14,427.69,97.56,34.94,none,0
76,27,16.7,173.58,468.68,98.06,29.77,none,0
76,28,16.7,167.63,479.16,104.03,47.78,none,0
76,29,16.7,174.34,438.16,101.13,41.25,none,0
76,30,16.7,174.15,433.29,97.66,40.08,none,0
76,31,16.7,165.5,437.82,94.12,32.4,none,0
76,32,16.7,165.35,462.41,94.53,42.38,none,0
76,33,16.7,173.46,434.82,101.52,39.82,none,0
76,34,16.7,170.49,426.32,99.83,22.04,none,0
76,35,16.7,166.06,442.97,96.67,44.05,none,0
76,36,16.7,175.37,414.88,104.95,45.93,none,0
76,37,16.7,167.52,451.5,98.37,34.84,none,0
76,38,16.7,169.06,418.48,99.9,42.08,none,0
76,39,16.7,164.28,464.96,102.24,34.67,none,0
76,40,16.7,173.54,478.89,98.97,37.96,none,0
76,41,16.7,172.66,445.38,96.61,46.65,none,0
76,42,16.7,164.94,475.61,98.55,54.65,none,0
76,43,16.7,170.7,467.55,100.44,37.14,none,0
76,44,16.7,161.95,479.71,104.0,31.28,none,0
76,45,16.7,169.88,463.35,99.26,37.75,none,0
76,46,16.7,171.02,432.25,101.25,31.89,none,0
76,47,16.7,162.73,426.72,102.76,40.68,none,0
76,48,16.7,177.55,470.59,103.97,28.31,none,0
76,49,16.7,165.08,416.42,103.06,37.08,none,0
76,50,16.7,167.38,459.32,102.79,39.77,none,0
76,51,16.7,170.98,437.88,95.44,37.52,none,0
76,52,16.7,165.18,417.04,102.74,51.36,none,0
76,53,16.7,168.59,412.69,100.99,39.88,none,0
76,54,16.7,177.11,466.7,93.68,36.48,none,0
76,55,16.7,177.04,417.51,104.44,51.52,none,0
76,56,16.7,163.49,459.08,101.09,33.73,none,0
76,57,16.7,172.68,478.32,99.13,36.92,none,0
76,58,16.7,171.26,428.81,101.19,38.06,none,0
76,59,16.7,174.3,470.08,100.73,57.86,none,0
76,60,16.7,166.8,461.13,104.43,49.75,none,0
76,61,16.7,169.46,479.27,101.05,35.42,none,0
76,62,16.7,167.01,479.59,96.46,55.56,none,0
76,63,16.7,172.03,444.11,98.15,52.76,none,0
76,64,16.7,172.82,464.41,100.45,30.7,none,0
76,65,16.7,171.29,445.87,100.42,37.39,none,0
76,66,16.7,163.82,452.77,99.39,43.27,none,0
76,67,16.7,163.16,454.86,97.36,31.43,none,0
76,68,16.7,173.58,453.31,101.71,31.17,none,0
76,69,16.7,169.3,425.72,100.75,42.72,none,0
76,70,16.7,177.94,503.52,99.38,43.4,none,0
76,71,16.7,167.58,442.39,102.19,35.25,none,0
76,72,16.7,169.8,448.79,102.22,34.02,none,0
76,73,16.7,173.65,437.71,102.27,56.69,none,0
76,74,16.7,166.39,435.39,106.04,41.26,none,0
76,75,16.7,166.58,480.24,97.4,25.72,none,0
76,76,16.7,163.24,446.17,100.06,25.15,none,0
76,77,16.7,169.36,442.83,96.17,60.02,none,0
76,78,16.7,173.45,460.04,101.14,33.59,none,0
76,79,16.7,172.76,473.82,95.67,36.3,none,0
76,80,16.7,170.78,461.14,92.97,42.36,none,0
76,81,16.7,178.34,459.89,100.45,24.74,none,0
76,82,16.7,164.83,438.27,95.65,34.12,none,0
76,83,16.7,170.3,450.7,99.0,39.68,none,0
76,84,16.7,169.89,443.67,100.47,49.42,none,0
76,85,16.7,176.78,432.24,99.75,32.23,none,0
76,86,16.7,172.16,411.41,95.78,41.05,none,0
76,87,16.7,165.15,447.07,100.0,35.95,none,0
76,88,16.7,163.69,437.35,97.55,41.94,none,0
76,89,16.7,170.65,440.43,94.76,41.63,none,0
76,90,16.7,177.69,439.97,101.41,48.91,none,0
76,91,16.7,172.8,462.46,99.26,35.63,none,0
76,92,16.7,160.27,421.67,102.16,35.73,none,0
76,93,16.7,183.68,449.62,98.72,39.35,none,0
76,94,16.7,168.94,451.44,100.53,36.12,none,0
76,95,16.7,176.0,400.82,100.67,26.87,none,0
76,96,16.7,167.27,431.67,96.5,48.87,none,0
76,97,16.7,171.97,452.02,101.27,33.02,none,0
76,98,16.7,180.03,446.69,97.79,34.17,none,0
76,99,16.7,167.44,400.17,100.9,24.72,none,0
76,100,16.7,167.75,410.15,97.33,44.82,none,0
76,101,16.7,170.91,450.66,98.82,46.19,none,0
76,102,16.7,171.15,452.7,96.88,40.97,none,0
76,103,16.7,180.31,480.56,97.17,48.98,none,0
76,104,16.7,169.41,472.19,100.02,35.87,none,0
76,105,16.7,170.91,443.8,101.23,51.75,none,0
76,106,16.7,174.71,483.81,102.67,37.23,none,0
76,107,16.7,171.99,441.25,99.81,27.11,none,0
76,108,16.7,164.53,433.31,104.16,42.88,none,0
76,109,16.7,164.19,450.6,96.67,36.04,none,0
76,110,16.7,175.51,457.94,98.56,37.55,none,0
76,111,16.7,166.02,456.68,98.79,38.27,none,0
76,112,16.7,176.09,442.51,100.59,42.27,none,0
76,113,16.7,167.91,431.04,104.91,42.65,none,0
76,114,16.7,165.73,518.46,106.49,38.5,none,0
76,115,16.7,166.11,469.86,100.73,41.67,none,0
76,116,16.7,165.24,458.71,104.03,41.46,none,0
76,117,16.7,178.79,459.04,102.25,37.23,none,0
76,118,16.7,169.34,429.63,98.35,34.13,none,0
76,119,16.7,168.42,432.35,98.19,45.88,none,0
77,0,17.1,171.75,428.05,99.04,30.71,none,0
77,1,17.1,170.39,441.61,93.5,39.07,none,0
77,2,17.1,167.55,426.06,96.37,40.26,none,0
77,3,17.1,167.14,464.56,99.83,27.96,none,0
77,4,17.1,167.74,426.32,97.42,37.75,none,0
77,5,17.1,169.91,463.72,99.06,56.57,none,0
77,6,17.1,170.16,445.6,98.82,55.66,none,0
77,7,17.1,166.13,423.12,98.51,35.64,none,0
77,8,17.1,171.6,445.72,97.95,42.18,none,0
77,9,17.1,170.86,469.2,99.65,51.75,none,0
77,10,17.1,157.61,447.97,98.95,37.52,none,0
77,11,17.1,165.3,455.99,100.69,38.34,none,0
77,12,17.1,166.08,445.3,105.31,25.19,none,0
77,13,17.1,166.9,425.78,99.6,47.34,none,0
77,14,17.1,168.43,427.61,98.71,33.37,none,0
77,15,17.1,163.5,427.16,105.44,28.44,none,0
77,16,17.1,168.36,413.53,101.25,43.56,none,0
77,17,17.1,173.6,466.57,99.47,28.07,none,0
77,18,17.1,172.38,444.62,101.33,28.92,none,0
77,19,17.1,171.83,430.9,96.82,26.78,none,0
77,20,17.1,173.33,443.34,101.0,45.81,none,0
77,21,17.1,175.18,408.57,100.55,31.51,none,0
77,22,17.1,167.76,426.63,99.61,35.76,none,0
77,23,17.1,177.72,447.88,99.89,43.92,none,0
77,24,17.1,170.8,470.62,98.4,42.86,none,0
77,25,17.1,169.96,434.1,93.45,38.09,none,0
77,26,17.1,166.76,435.4,99.76,39.34,none,0
77,27,17.1,171.92,447.8,95.35,39.95,none,0
77,28,17.1,170.95,453.97,98.94,43.37,none,0
77,29,17.1,165.41,464.55,100.63,36.13,none,0
77,30,17.1,169.69,412.54,99.89,55.63,none,0
77,31,17.1,170.74,479.51,105.13,40.55,none,0
77,32,17.1,166.88,449.67,101.57,57.67,none,0
77,33,17.1,169.95,431.7,100.34,49.97,none,0
77,34,17.1,169.73,429.11,96.08,42.18,none,0
77,35,17.1,170.07,457.85,98.73,46.74,none,0
77,36,17.1,171.66,471.02,94.36,52.28,none,0
77,37,17.1,170.67,439.46,101.62,53.05,none,0
77,38,17.1,163.03,457.47,100.81,45.62,none,0
77,39,17.1,170.48,447.37,106.07,39.36,none,0
77,40,17.1,181.26,439.64,102.08,33.5,none,0
77,41,17.1,165.43,447.33,103.47,42.09,none,0
77,42,17.1,171.93,458.07,101.07,36.48,none,0
77,43,17.1,171.53,462.21,98.87,33.55,none,0
77,44,17.1,164.01,419.2,102.12,44.4,none,0
77,45,17.1,173.95,490.65,104.72,28.22,none,0
77,46,17.1,176.01,442.92,94.97,45.48,none,0
77,47,17.1,180.33,442.88,99.39,33.85,none,0
77,48,17.1,167.14,469.41,100.02,46.73,none,0
77,49,17.1,167.07,434.48,102.47,27.7,none,0
77,50,17.1,178.54,489.48,104.78,43.25,none,0
77,51,17.1,169.41,448.45,97.96,46.02,none,0
77,52,17.1,176.95,443.02,99.76,38.64,none,0
77,53,17.1,169.48,465.09,99.58,31.73,none,0
77,54,17.1,164.85,455.57,104.42,50.28,none,0
77,55,17.1,175.69,434.61,102.4,40.76,none,0
77,56,17.1,171.09,431.95,101.49,50.61,none,0
77,57,17.1,165.15,439.75,103.15,36.85,none,0
77,58,17.1,176.16,463.48,99.28,35.54,none,0
77,59,17.1,164.42,489.33,99.54,48.02,none,0
77,60,17.1,175.8,458.42,102.44,31.11,none,0
77,61,17.1,177.19,450.58,102.74,42.7,none,0
77,62,17.1,177.57,468.84,101.7,60.79,none,0
77,63,17.1,175.43,457.02,103.29,49.73,none,0
77,64,17.1,171.72,426.71,93.89,26.13,none,0
77,65,17.1,163.29,478.51,100.32,43.54,none,0
77,66,17.1,163.17,428.01,98.23,42.53,none,0
77,67,17.1,166.4,427.79,99.49,45.99,none,0
77,68,17.1,162.62,452.14,97.59,40.3,none,0
77,69,17.1,171.52,393.03,103.02,44.24,none,0
77,70,17.1,168.83,475.58,99.99,41.69,none,0
77,71,17.1,171.33,470.01,100.0,30.44,none,0
77,72,17.1,170.21,438.14,101.84,34.22,none,0
77,73,17.1,158.23,490.83,99.88,40.14,none,0
77,74,17.1,166.54,493.46,98.56,37.71,none,0
77,75,17.1,170.3,452.87,107.2,40.78,none,0
77,76,17.1,170.11,474.66,101.66,26.16,none,0
77,77,17.1,166.44,453.81,97.48,39.47,none,0
77,78,17.1,170.55,456.67,101.75,26.34,none,0
77,79,17.1,167.04,453.87,100.69,41.36,none,0
77,80,17.1,177.62,439.79,101.45,34.81,none,0
77,81,17.1,167.68,460.13,102.15,40.68,none,0
77,82,17.1,166.8,440.39,101.57,46.37,none,0
77,83,17.1,174.57,444.4,93.81,40.35,none,0
77,84,17.1,169.79,406.64,101.01,41.68,none,0
77,85,17.1,160.7,446.15,103.59,55.82,none,0
77,86,17.1,161.73,439.58,97.6,33.96,none,0
77,87,17.1,167.03,467.88,96.78,39.86,none,0
77,88,17.1,168.66,463.47,97.64,56.68,none,0
77,89,17.1,137.54,343.26,112.64,85.11,comp2,1
77,90,17.1,173.69,460.42,96.12,35.47,none,0
77,91,17.1,163.4,457.86,103.6,22.89,none,0
77,92,17.1,166.53,443.78,99.13,45.46,none,0
77,93,17.1,175.21,462.26,100.9,45.08,none,0
77,94,17.1,170.17,459.27,103.93,38.21,none,0
77,95,17.1,168.87,463.91,96.84,38.01,none,0
77,96,17.1,171.67,449.29,100.43,41.86,none,0
77,97,17.1,169.8,444.4,99.21,51.66,none,0
77,98,17.1,163.8,496.52,100.41,28.77,none,0
77,99,17.1,160.83,444.88,100.11,37.5,none,0
77,100,17.1,175.08,454.55,97.82,24.11,none,0
77,101,17.1,170.37,457.51,102.69,38.16,none,0
77,102,17.1,163.96,445.46,103.1,39.83,none,0
77,103,17.1,171.68,440.31,104.8,40.33,none,0
77,104,17.1,163.24,461.04,102.36,42.86,none,0
77,105,17.1,175.23,431.56,97.89,40.91,none,0
77,106,17.1,167.24,445.77,101.16,27.12,none,0
77,107,17.1,173.9,441.1,102.64,40.85,none,0
77,108,17.1,177.15,455.17,99.59,32.01,none,0
77,109,17.1,173.9,468.47,102.08,37.96,none,0
77,110,17.1,167.84,458.07,101.97,54.37,none,0
77,111,17.1,166.76,481.96,98.38,40.28,none,0
77,112,17.1,168.9,482.72,96.84,35.86,none,0
77,113,17.1,173.33,430.11,101.1,49.19,none,0
77,114,17.1,171.26,450.06,103.42,58.76,none,0
77,115,17.1,169.55,428.52,100.71,43.72,none,0
77,116,17.1,178.5,467.43,100.22,60.23,none,0
77,117,17.1,167.82,463.29,102.54,27.94,none,0
77,118,17.1,163.14,419.24,98.48,25.99,none,0
77,119,17.1,182.29,449.78,101.92,39.32,none,0
78,0,4.8,168.63,436.04,97.57,39.85,none,0
78,1,4.8,170.47,441.61,96.33,50.86,none,0
78,2,4.8,173.27,446.48,104.26,57.22,none,0
78,3,4.8,174.09,453.07,99.42,42.75,none,0
78,4,4.8,172.31,450.03,98.81,47.56,none,0
78,5,4.8,170.48,462.78,103.14,35.45,none,0
78,6,4.8,171.81,410.28,100.99,43.18,none,0
78,7,4.8,167.31,479.27,103.37,36.18,none,0
78,8,4.8,175.31,477.48,100.34,43.01,none,0
78,9,4.8,171.65,418.96,99.73,35.54,none,0
78,10,4.8,166.34,459.4,98.01,27.79,none,0
78,11,4.8,166.41,484.56,98.96,41.1,none,0
78,12,4.8,175.21,397.94,104.78,45.5,none,0
78,13,4.8,167.67,450.6,97.16,38.76,none,0
78,14,4.8,175.17,422.73,101.81,48.66,none,0
78,15,4.8,169.84,434.28,100.29,44.77,none,0
78,16,4.8,182.28,436.24,99.47,37.85,none,0
78,17,4.8,173.25,453.25,99.24,34.55,none,0
78,18,4.8,168.36,446.33,97.54,33.99,none,0
78,19,4.8,174.29,454.51,99.86,43.1,none,0
78,20,4.8,181.37,459.92,99.69,57.0,none,0
78,21,4.8,172.13,475.73,102.26,50.04,none,0
78,22,4.8,165.94,435.45,98.63,55.16,none,0
78,23,4.8,166.47,476.32,102.36,30.99,none,0
78,24,4.8,169.47,462.12,101.26,39.82,none,0
78,25,4.8,178.29,460.26,98.43,33.4,none,0
78,26,4.8,170.43,437.75,96.52,43.91,none,0
78,27,4.8,171.93,417.65,101.52,42.91,none,0
78,28,4.8,169.72,426.52,98.52,45.32,none,0
78,29,4.8,169.16,457.71,96.32,48.42,none,0
78,30,4.8,171.57,474.12,97.19,25.1,none,0
78,31,4.8,167.12,475.61,92.91,52.63,none,0
78,32,4.8,174.17,473.27,100.9,50.55,none,0
78,33,4.8,166.65,443.26,97.62,34.62,none,0
78,34,4.8,174.03,474.25,100.64,38.47,none,0
78,35,4.8,165.05,440.38,99.75,40.37,none,0
78,36,4.8,169.63,425.61,97.12,32.55,none,0
78,37,4.8,169.4,441.05,96.11,34.97,none,0
78,38,4.8,175.19,445.11,100.95,33.63,none,0
78,39,4.8,167.29,471.26,98.2,46.25,none,0
78,40,4.8,170.85,484.87,108.21,44.07,none,0
78,41,4.8,170.17,444.69,100.46,45.52,none,0
78,42,4.8,161.42,472.8,96.08,55.57,none,0
78,43,4.8,171.79,462.25,105.66,46.82,none,0
78,44,4.8,168.15,465.83,99.83,47.35,none,0
78,45,4.8,177.96,442.24,99.42,35.52,none,0
78,46,4.8,170.73,444.46,98.75,48.88,none,0
78,47,4.8,169.66,454.21,99.56,47.82,none,0
78,48,4.8,168.11,435.69,96.2,38.09,none,0
78,49,4.8,175.14,458.84,101.46,37.16,none,0
78,50,4.8,172.54,433.97,101.23,37.98,none,0
78,51,4.8,167.8,445.31,95.43,44.94,none,0
78,52,4.8,168.68,453.57,99.77,23.79,none,0
78,53,4.8,173.49,452.95,103.99,29.94,none,0
78,54,4.8,168.75,478.34,103.09,38.7,none,0
78,55,4.8,167.84,425.14,103.11,34.15,none,0
78,56,4.8,173.07,465.36,98.05,33.04,none,0
78,57,4.8,157.75,424.34,99.1,27.79,none,0
78,58,4.8,168.94,447.91,99.24,27.61,none,0
78,59,4.8,167.04,461.81,97.9,40.96,none,0
78,60,4.8,166.3,428.25,99.19,46.18,none,0
78,61,4.8,167.89,450.37,95.43,58.1,none,0
78,62,4.8,173.35,441.94,100.11,37.33,none,0
78,63,4.8,171.24,462.34,99.12,32.23,none,0
78,64,4.8,170.95,479.54,102.69,32.6,none,0
78,65,4.8,169.97,459.94,100.85,38.04,none,0
78,66,4.8,170.37,467.09,98.69,40.9,none,0
78,67,4.8,164.3,417.02,103.21,36.01,none,0
78,68,4.8,165.11,431.56,102.93,35.79,none,0
78,69,4.8,167.73,430.79,99.42,46.47,none,0
78,70,4.8,161.76,445.41,100.16,36.09,none,0
78,71,4.8,169.07,424.29,100.84,40.73,none,0
78,72,4.8,167.47,468.01,98.93,53.18,none,0
78,73,4.8,173.45,454.33,96.75,31.22,none,0
78,74,4.8,170.49,440.32,100.73,41.11,none,0
78,75,4.8,175.64,439.3,102.43,46.35,none,0
78,76,4.8,169.42,445.67,99.55,23.65,none,0
78,77,4.8,166.7,461.13,104.59,20.77,none,0
78,78,4.8,177.7,390.38,100.07,41.34,none,0
78,79,4.8,169.54,435.94,97.12,26.78,none,0
78,80,4.8,175.38,438.34,108.86,28.05,none,0
78,81,4.8,165.72,498.09,95.38,35.95,none,0
78,82,4.8,169.77,472.86,96.98,40.69,none,0
78,83,4.8,174.0,463.35,104.78,59.9,none,0
78,84,4.8,170.95,478.5,97.88,42.22,none,0
78,85,4.8,173.11,440.13,102.59,33.64,none,0
78,86,4.8,172.44,445.36,99.87,30.87,none,0
78,87,4.8,167.57,471.3,99.66,36.43,none,0
78,88,4.8,176.93,457.24,96.46,41.25,none,0
78,89,4.8,174.72,441.06,98.25,41.73,none,0
78,90,4.8,171.87,479.21,98.72,37.05,none,0
78,91,4.8,161.54,477.27,102.54,37.3,none,0
78,92,4.8,173.67,451.6,97.94,33.29,none,0
78,93,4.8,169.54,436.55,103.71,30.97,none,0
78,94,4.8,171.84,450.16,98.38,34.43,none,0
78,95,4.8,170.26,480.15,95.17,33.15,none,0
78,96,4.8,171.95,455.7,102.43,47.7,none,0
78,97,4.8,168.64,460.57,103.17,46.09,none,0
78,98,4.8,162.59,404.98,110.29,40.82,none,0
78,99,4.8,168.4,453.66,102.38,36.19,none,0
78,100,4.8,167.14,468.55,103.93,55.28,none,0
78,101,4.8,167.69,462.22,103.86,31.0,none,0
78,102,4.8,165.57,427.81,101.89,48.31,none,0
78,103,4.8,170.0,438.87,96.55,37.45,none,0
78,104,4.8,172.63,421.66,105.55,21.42,none,0
78,105,4.8,168.95,455.13,100.34,40.99,none,0
78,106,4.8,170.29,463.18,98.06,42.65,none,0
78,107,4.8,171.1,450.18,98.95,26.86,none,0
78,108,4.8,162.27,474.45,103.47,25.83,none,0
78,109,4.8,168.75,482.69,100.95,34.66,none,0
78,110,4.8,171.6,422.02,94.15,56.54,none,0
78,111,4.8,178.63,451.27,98.22,40.42,none,0
78,112,4.8,175.9,436.36,100.34,29.62,none,0
78,113,4.8,177.49,464.76,100.76,29.96,none,0
78,114,4.8,142.8,405.95,108.87,76.07,comp1,1
78,115,4.8,163.69,456.48,96.42,40.65,none,0
78,116,4.8,174.35,442.86,100.66,37.28,none,0
78,117,4.8,168.46,454.83,102.12,43.67,none,0
78,118,4.8,165.63,462.76,105.86,26.5,none,0
78,119,4.8,168.19,449.04,99.25,35.83,none,0
79,0,4.1,160.24,429.2,100.25,66.37,none,0
79,1,4.1,164.4,463.9,100.89,40.25,none,0
79,2,4.1,174.36,434.99,100.11,28.2,none,0
79,3,4.1,164.9,451.71,97.8,42.7,none,0
79,4,4.1,166.53,431.3,101.01,44.61,none,0
79,5,4.1,165.46,430.06,104.93,28.45,none,0
79,6,4.1,173.21,443.42,95.57,33.1,none,0
79,7,4.1,167.94,454.77,100.88,35.0,none,0
79,8,4.1,164.75,428.85,94.01,48.7,none,0
79,9,4.1,177.7,448.05,100.7,44.84,none,0
79,10,4.1,167.16,460.04,92.21,33.79,none,0
79,11,4.1,173.14,442.78,105.1,33.59,none,0
79,12,4.1,174.45,490.0,98.47,34.07,none,0
79,13,4.1,159.15,472.4,101.19,27.1,none,0
79,14,4.1,165.25,451.59,97.92,36.53,none,0
79,15,4.1,169.74,455.7,96.55,26.25,none,0
79,16,4.1,167.31,477.04,95.43,41.32,none,0
79,17,4.1,169.8,453.35,101.11,39.09,none,0
79,18,4.1,177.58,425.78,102.51,42.61,none,0
79,19,4.1,171.99,463.23,101.27,29.51,none,0
79,20,4.1,171.49,458.78,107.24,35.02,none,0
79,21,4.1,171.06,501.64,98.94,46.55,none,0
79,22,4.1,168.79,452.19,100.27,27.33,none,0
79,23,4.1,171.27,466.43,101.89,26.63,none,0
79,24,4.1,178.5,464.57,96.23,45.32,none,0
79,25,4.1,165.46,431.39,94.72,48.07,none,0
79,26,4.1,156.65,458.96,98.8,32.66,none,0
79,27,4.1,173.0,437.35,100.07,48.93,none,0
79,28,4.1,182.97,444.4,103.7,32.85,none,0
79,29,4.1,179.63,446.59,98.78,37.46,none,0
79,30,4.1,175.47,452.15,100.65,60.08,none,0
79,31,4.1,172.51,457.85,101.01,37.86,none,0
79,32,4.1,170.31,434.84,96.05,32.09,none,0
79,33,4.1,169.72,426.28,103.97,35.07,none,0
79,34,4.1,171.74,483.43,98.41,46.76,none,0
79,35,4.1,161.19,438.3,99.98,32.75,none,0
79,36,4.1,161.74,429.73,100.59,22.6,none,0
79,37,4.1,164.48,465.79,94.15,38.72,none,0
79,38,4.1,171.16,444.79,95.32,35.63,none,0
79,39,4.1,175.76,439.27,102.36,36.0,none,0
79,40,4.1,176.13,454.5,100.67,53.7,none,0
79,41,4.1,166.78,455.57,105.55,43.23,none,0
79,42,4.1,167.69,466.57,100.3,52.31,none,0
79,43,4.1,163.83,432.37,108.57,44.72,none,0
79,44,4.1,168.27,451.6,102.38,40.45,none,0
79,45,4.1,182.89,453.69,102.31,34.33,none,0
79,46,4.1,174.07,421.35,98.11,26.22,none,0
79,47,4.1,158.43,459.26,100.55,34.11,none,0
79,48,4.1,163.67,435.24,97.79,51.08,none,0
79,49,4.1,174.45,439.75,106.25,47.8,none,0
79,50,4.1,173.36,458.6,95.55,17.52,none,0
79,51,4.1,165.29,447.93,97.83,40.11,none,0
79,52,4.1,171.75,500.41,107.68,37.69,none,0
79,53,4.1,178.0,474.97,100.76,40.75,none,0
79,54,4.1,170.59,440.75,100.44,45.08,none,0
79,55,4.1,172.38,428.72,103.95,55.6,none,0
79,56,4.1,162.15,452.59,101.7,39.74,none,0
79,57,4.1,181.42,450.25,95.14,42.6,none,0
79,58,4.1,167.27,473.83,98.73,34.17,none,0
79,59,4.1,165.56,448.32,105.26,33.17,none,0
79,60,4.1,184.63,461.54,101.04,52.63,none,0
79,61,4.1,174.26,455.32,100.66,46.01,none,0
79,62,4.1,167.86,457.75,99.58,33.26,none,0
79,63,4.1,168.73,451.49,102.84,41.68,none,0
79,64,4.1,166.44,445.2,101.71,22.92,none,0
79,65,4.1,167.07,429.86,99.66,31.7,none,0
79,66,4.1,168.36,433.45,102.61,45.16,none,0
79,67,4.1,167.32,471.03,107.38,43.04,none,0
79,68,4.1,175.36,503.75,96.17,29.88,none,0
79,69,4.1,170.17,463.59,97.97,41.26,none,0
79,70,4.1,168.58,445.27,97.19,50.0,none,0
79,71,4.1,167.74,471.92,103.69,33.4,none,0
79,72,4.1,163.3,433.48,97.7,33.8,none,0
79,73,4.1,168.38,447.73,106.62,31.34,none,0
79,74,4.1,165.56,477.86,95.41,34.05,none,0
79,75,4.1,176.47,439.57,104.28,39.22,none,0
79,76,4.1,173.89,498.91,105.14,16.72,none,0
79,77,4.1,168.78,427.38,94.66,44.28,none,0
79,78,4.1,171.51,422.64,103.75,43.14,none,0
79,79,4.1,173.66,449.17,103.58,50.09,none,0
79,80,4.1,176.94,398.7,101.83,45.6,none,0
79,81,4.1,173.38,410.09,100.4,36.8,none,0
79,82,4.1,176.19,436.15,100.41,32.93,none,0
79,83,4.1,175.53,407.44,98.4,31.74,none,0
79,84,4.1,171.06,446.83,96.65,40.4,none,0
79,85,4.1,168.77,419.24,92.65,51.08,none,0
79,86,4.1,165.16,424.74,102.27,50.1,none,0
79,87,4.1,172.56,424.67,100.97,23.01,none,0
79,88,4.1,166.23,439.81,102.08,44.38,none,0
79,89,4.1,170.52,446.46,98.82,37.06,none,0
79,90,4.1,168.03,467.42,97.54,30.63,none,0
79,91,4.1,171.8,437.8,96.34,37.15,none,0
79,92,4.1,175.33,467.74,95.81,45.8,none,0
79,93,4.1,172.22,494.45,102.62,44.9,none,0
79,94,4.1,163.1,464.16,98.61,45.37,none,0
79,95,4.1,167.25,460.55,98.52,51.77,none,0
79,96,4.1,175.96,476.88,103.04,40.69,none,0
79,97,4.1,172.19,419.16,101.02,37.98,none,0
79,98,4.1,185.94,444.62,98.49,26.37,none,0
79,99,4.1,173.7,428.8,104.65,36.39,none,0
79,100,4.1,175.6,503.19,96.41,43.41,none,0
79,101,4.1,159.56,457.15,97.4,50.7,none,0
79,102,4.1,173.97,418.8,106.63,39.81,none,0
79,103,4.1,175.33,451.58,99.45,37.7,none,0
79,104,4.1,172.41,396.4,95.92,50.17,none,0
79,105,4.1,170.17,442.98,98.53,44.0,none,0
79,106,4.1,173.72,456.65,98.58,50.46,none,0
79,107,4.1,134.19,342.44,117.77,75.28,comp4,1
79,108,4.1,172.35,466.42,101.75,35.98,none,0
79,109,4.1,168.84,458.49,102.01,50.58,none,0
79,110,4.1,166.23,442.83,102.58,43.8,none,0
79,111,4.1,172.61,458.41,104.72,36.15,none,0
79,112,4.1,179.76,506.95,102.15,38.72,none,0
79,113,4.1,168.38,442.04,100.71,37.55,none,0
79,114,4.1,176.23,429.02,96.77,43.16,none,0
79,115,4.1,166.68,427.42,98.68,39.0,none,0
79,116,4.1,162.1,466.59,98.2,43.4,none,0
79,117,4.1,170.81,437.84,100.83,30.68,none,0
79,118,4.1,169.22,430.43,97.27,32.0,none,0
79,119,4.1,168.66,422.86,99.93,44.14,none,0
80,0,7.3,175.44,454.12,104.7,42.03,none,0
80,1,7.3,161.43,433.35,92.68,42.07,none,0
80,2,7.3,169.23,466.65,97.4,28.22,none,0
80,3,7.3,174.8,432.17,104.14,34.45,none,0
80,4,7.3,166.56,463.13,96.85,24.77,none,0
80,5,7.3,167.26,461.08,103.92,37.2,none,0
80,6,7.3,163.42,451.15,101.6,50.52,none,0
80,7,7.3,166.94,440.78,99.27,43.39,none,0
80,8,7.3,164.89,435.31,92.64,64.56,none,0
80,9,7.3,168.97,430.58,101.26,35.59,none,0
80,10,7.3,163.95,451.54,98.07,40.2,none,0
80,11,7.3,161.86,459.85,99.93,41.31,none,0
80,12,7.3,164.24,455.42,105.78,24.64,none,0
80,13,7.3,166.85,453.39,100.28,47.7,none,0
80,14,7.3,174.14,459.19,101.18,39.66,none,0
80,15,7.3,174.77,427.46,97.16,49.18,none,0
80,16,7.3,170.79,467.84,101.3,52.97,none,0
80,17,7.3,169.7,479.45,104.86,36.08,none,0
80,18,7.3,169.76,443.12,99.19,35.91,none,0
80,19,7.3,169.38,433.33,99.23,29.16,none,0
80,20,7.3,168.01,464.69,104.12,38.74,none,0
80,21,7.3,164.58,479.07,97.0,47.46,none,0
80,22,7.3,168.3,442.91,100.24,46.37,none,0
80,23,7.3,162.31,468.61,99.23,39.94,none,0
80,24,7.3,163.85,460.68,101.02,37.82,none,0
80,25,7.3,173.92,455.05,98.64,50.56,none,0
80,26,7.3,160.95,488.56,104.31,46.37,none,0
80,27,7.3,170.15,433.5,97.74,35.72,none,0
80,28,7.3,162.69,444.29,99.08,33.89,none,0
80,29,7.3,162.42,447.56,98.42,45.59,none,0
80,30,7.3,162.93,443.94,92.22,41.74,none,0
80,31,7.3,169.7,433.5,101.04,35.14,none,0
80,32,7.3,170.05,462.23,100.35,48.28,none,0
80,33,7.3,165.94,449.5,104.22,45.04,none,0
80,34,7.3,176.66,437.82,103.63,46.04,none,0
80,35,7.3,164.34,473.4,102.12,41.27,none,0
80,36,7.3,163.66,432.56,98.73,40.52,none,0
80,37,7.3,166.17,437.21,94.19,37.56,none,0
80,38,7.3,170.42,446.86,98.93,53.07,none,0
80,39,7.3,166.71,440.6,100.4,29.36,none,0
80,40,7.3,171.37,443.37,99.09,40.7,none,0
80,41,7.3,161.74,486.49,99.73,36.78,none,0
80,42,7.3,172.0,456.73,93.07,47.4,none,0
80,43,7.3,169.92,474.87,97.59,28.94,none,0
80,44,7.3,172.62,445.35,97.78,43.7,none,0
80,45,7.3,171.53,441.5,96.44,51.01,none,0
80,46,7.3,167.95,484.06,96.44,38.27,none,0
80,47,7.3,159.87,470.09,107.87,44.52,none,0
80,48,7.3,174.2,474.92,98.33,60.74,none,0
80,49,7.3,166.02,429.52,91.88,37.88,none,0
80,50,7.3,171.05,470.05,105.02,42.12,none,0
80,51,7.3,171.27,464.67,101.4,27.15,none,0
80,52,7.3,172.28,427.11,100.3,44.04,none,0
80,53,7.3,164.18,438.86,97.08,46.61,none,0
80,54,7.3,164.86,426.79,100.0,36.54,none,0
80,55,7.3,171.26,414.9,97.36,35.96,none,0
80,56,7.3,147.41,385.12,113.13,86.37,comp3,1
80,57,7.3,170.83,448.44,99.41,38.9,none,0
80,58,7.3,170.84,457.27,106.42,43.59,none,0
80,59,7.3,163.32,460.99,99.48,52.96,none,0
80,60,7.3,167.67,416.76,93.72,40.79,none,0
80,61,7.3,168.14,451.44,97.31,54.64,none,0
80,62,7.3,169.31,445.22,101.04,40.72,none,0
80,63,7.3,165.69,432.3,96.66,32.69,none,0
80,64,7.3,177.1,435.17,95.86,44.27,none,0
80,65,7.3,170.27,423.13,95.96,48.92,none,0
80,66,7.3,177.59,420.07,92.79,31.92,none,0
80,67,7.3,169.72,438.74,99.09,45.16,none,0
80,68,7.3,179.23,449.2,99.38,33.89,none,0
80,69,7.3,176.75,453.36,101.67,38.47,none,0
80,70,7.3,174.14,440.7,101.63,24.73,none,0
80,71,7.3,168.32,469.07,99.63,45.07,none,0
80,72,7.3,181.1,440.93,100.67,39.42,none,0
80,73,7.3,168.03,437.97,96.13,42.77,none,0
80,74,7.3,177.85,446.76,98.53,53.43,none,0
80,75,7.3,167.64,437.62,93.95,34.13,none,0
80,76,7.3,173.11,439.72,96.8,50.25,none,0
80,77,7.3,169.38,425.69,101.85,41.67,none,0
80,78,7.3,172.59,466.48,105.55,46.54,none,0
80,79,7.3,168.59,465.18,97.93,58.86,none,0
80,80,7.3,184.04,472.6,102.64,45.11,none,0
80,81,7.3,167.54,447.5,100.43,29.11,none,0
80,82,7.3,160.91,490.99,100.27,36.58,none,0
80,83,7.3,172.4,468.99,100.44,43.85,none,0
80,84,7.3,173.68,464.21,102.58,45.87,none,0
80,85,7.3,166.34,436.73,99.66,44.31,none,0
80,86,7.3,165.87,445.19,99.69,44.46,none,0
80,87,7.3,176.32,428.26,103.17,46.65,none,0
80,88,7.3,169.86,432.03,96.28,46.64,none,0
80,89,7.3,179.36,489.37,103.74,52.15,none,0
80,90,7.3,176.49,436.54,102.4,39.33,none,0
80,91,7.3,174.99,489.86,100.18,41.11,none,0
80,92,7.3,169.85,456.56,104.19,36.9,none,0
80,93,7.3,170.72,434.71,98.14,31.11,none,0
80,94,7.3,158.42,441.22,97.44,52.19,none,0
80,95,7.3,163.69,449.25,105.48,58.94,none,0
80,96,7.3,170.3,424.56,99.49,36.15,none,0
80,97,7.3,178.59,436.23,98.6,28.9,none,0
80,98,7.3,173.72,460.95,103.92,39.3,none,0
80,99,7.3,174.22,446.07,106.62,33.5,none,0
80,100,7.3,172.81,480.19,100.94,32.19,none,0
80,101,7.3,177.4,462.41,102.81,31.53,none,0
80,102,7.3,164.65,460.73,98.07,36.3,none,0
80,103,7.3,171.13,465.15,98.98,26.32,none,0
80,104,7.3,174.19,422.91,99.18,42.0,none,0
80,105,7.3,164.16,436.84,104.51,46.02,none,0
80,106,7.3,164.87,432.11,97.66,42.61,none,0
80,107,7.3,171.8,447.06,103.54,61.59,none,0
80,108,7.3,174.49,443.65,97.61,30.45,none,0
80,109,7.3,175.6,426.67,101.59,32.55,none,0
80,110,7.3,163.36,425.25,96.0,54.59,none,0
80,111,7.3,162.07,458.3,96.62,42.54,none,0
80,112,7.3,167.28,430.27,93.31,57.61,none,0
80,113,7.3,171.83,470.49,101.05,20.94,none,0
80,114,7.3,166.77,410.26,102.05,34.17,none,0
80,115,7.3,159.78,481.98,97.23,38.39,none,0
80,116,7.3,165.79,418.42,97.2,47.81,none,0
80,117,7.3,171.15,445.78,100.15,28.94,none,0
80,118,7.3,170.96,452.71,101.05,43.64,none,0
80,119,7.3,160.16,423.43,104.72,47.1,none,0
81,0,4.3,173.16,475.08,97.35,48.51,none,0
81,1,4.3,170.35,442.22,97.75,34.5,none,0
81,2,4.3,169.61,485.17,94.64,33.31,none,0
81,3,4.3,166.55,455.05,100.05,36.95,none,0
81,4,4.3,171.91,452.47,101.52,27.74,none,0
81,5,4.3,171.45,446.74,100.52,47.18,none,0
81,6,4.3,173.4,425.84,99.63,45.2,none,0
81,7,4.3,173.12,460.52,96.37,51.16,none,0
81,8,4.3,174.16,439.76,102.29,26.22,none,0
81,9,4.3,168.64,422.32,98.6,40.89,none,0
81,10,4.3,157.77,446.2,99.25,39.32,none,0
81,11,4.3,167.72,471.2,101.19,41.58,none,0
81,12,4.3,162.36,471.35,100.49,49.1,none,0
81,13,4.3,169.9,426.89,108.39,39.12,none,0
81,14,4.3,175.61,498.52,103.47,35.66,none,0
81,15,4.3,173.6,438.96,97.75,30.66,none,0
81,16,4.3,175.83,465.7,95.19,38.4,none,0
81,17,4.3,163.04,468.42,99.13,46.48,none,0
81,18,4.3,175.47,446.96,96.08,43.54,none,0
81,19,4.3,171.82,487.58,99.61,41.47,none,0
81,20,4.3,175.09,429.85,103.69,33.44,none,0
81,21,4.3,174.79,452.85,99.45,43.75,none,0
81,22,4.3,168.36,462.38,98.06,40.56,none,0
81,23,4.3,158.17,361.68,113.8,78.24,comp4,1
81,24,4.3,164.66,475.14,100.8,45.35,none,0
81,25,4.3,165.06,452.96,98.97,48.0,none,0
81,26,4.3,163.69,470.98,104.72,45.48,none,0
81,27,4.3,173.24,458.59,102.16,37.56,none,0
81,28,4.3,173.88,437.83,101.56,48.2,none,0
81,29,4.3,165.67,470.1,102.8,43.17,none,0
81,30,4.3,158.32,439.18,101.2,39.5,none,0
81,31,4.3,158.47,427.5,102.02,48.9,none,0
81,32,4.3,174.86,445.22,106.58,38.69,none,0
81,33,4.3,163.1,429.73,100.06,21.56,none,0
81,34,4.3,177.13,463.03,101.92,41.58,none,0
81,35,4.3,171.56,476.19,100.31,35.07,none,0
81,36,4.3,166.79,435.85,99.96,28.52,none,0
81,37,4.3,181.18,470.06,99.23,39.95,none,0
81,38,4.3,178.8,401.2,100.94,29.69,none,0
81,39,4.3,166.94,430.29,101.25,38.97,none,0
81,40,4.3,166.36,471.52,100.54,49.02,none,0
81,41,4.3,177.23,470.91,102.26,39.36,none,0
81,42,4.3,170.43,455.78,96.78,33.69,none,0
81,43,4.3,146.5,369.44,118.16,60.23,comp3,1
81,44,4.3,167.9,467.79,98.69,33.55,none,0
81,45,4.3,171.32,468.8,103.66,46.35,none,0
81,46,4.3,160.35,451.38,99.67,36.26,none,0
81,47,4.3,167.34,428.44,100.67,41.77,none,0
81,48,4.3,170.9,464.78,100.73,39.97,none,0
81,49,4.3,170.95,429.83,99.49,40.01,none,0
81,50,4.3,162.53,459.33,101.38,32.55,none,0
81,51,4.3,166.12,420.87,97.12,38.49,none,0
81,52,4.3,169.94,457.35,100.67,34.92,none,0
81,53,4.3,167.89,451.41,100.48,43.83,none,0
81,54,4.3,184.06,450.78,95.02,50.41,none,0
81,55,4.3,174.37,465.74,102.47,31.77,none,0
81,56,4.3,173.21,461.33,96.59,36.19,none,0
81,57,4.3,170.02,452.98,100.68,31.18,none,0
81,58,4.3,172.99,466.85,105.82,46.36,none,0
81,59,4.3,167.51,416.86,100.61,27.16,none,0
81,60,4.3,175.77,458.1,104.12,40.37,none,0
81,61,4.3,169.94,433.35,100.92,56.55,none,0
81,62,4.3,170.2,478.38,97.04,56.92,none,0
81,63,4.3,181.62,457.09,98.22,41.89,none,0
81,64,4.3,174.56,461.65,100.47,46.06,none,0
81,65,4.3,170.62,449.45,97.52,42.94,none,0
81,66,4.3,166.55,411.12,101.97,60.48,none,0
81,67,4.3,165.18,440.57,101.59,31.19,none,0
81,68,4.3,175.93,486.07,101.52,37.4,none,0
81,69,4.3,168.79,450.35,99.88,34.81,none,0
81,70,4.3,166.81,460.64,97.8,46.69,none,0
81,71,4.3,174.22,409.44,97.17,35.69,none,0
81,72,4.3,169.33,434.56,105.11,41.0,none,0
81,73,4.3,168.9,440.76,98.97,37.76,none,0
81,74,4.3,170.94,463.45,100.62,52.81,none,0
81,75,4.3,169.67,452.71,100.82,39.84,none,0
81,76,4.3,165.9,446.07,102.87,41.42,none,0
81,77,4.3,164.52,443.26,99.18,44.08,none,0
81,78,4.3,170.54,475.39,101.5,39.99,none,0
81,79,4.3,175.57,472.23,103.52,41.1,none,0
81,80,4.3,170.74,458.83,100.05,29.75,none,0
81,81,4.3,171.93,464.74,104.32,41.73,none,0
81,82,4.3,171.01,458.75,97.9,44.33,none,0
81,83,4.3,168.29,458.92,100.53,39.19,none,0
81,84,4.3,177.73,437.66,96.12,49.08,none,0
81,85,4.3,169.5,448.5,101.25,30.82,none,0
81,86,4.3,175.6,446.17,96.45,48.3,none,0
81,87,4.3,166.06,420.16,97.67,30.76,none,0
81,88,4.3,174.13,430.23,99.94,30.28,none,0
81,89,4.3,171.13,473.22,98.56,40.23,none,0
81,90,4.3,165.67,428.06,97.12,39.56,none,0
81,91,4.3,162.42,480.87,96.93,39.08,none,0
81,92,4.3,169.44,478.8,103.84,35.88,none,0
81,93,4.3,174.55,425.99,98.35,42.75,none,0
81,94,4.3,172.08,453.91,102.35,41.6,none,0
81,95,4.3,163.53,424.42,101.55,37.45,none,0
81,96,4.3,165.33,450.61,93.86,48.26,none,0
81,97,4.3,179.56,458.86,97.59,30.23,none,0
81,98,4.3,171.47,443.66,96.55,36.81,none,0
81,99,4.3,170.93,446.89,97.74,39.18,none,0
81,100,4.3,173.85,423.97,102.05,24.09,none,0
81,101,4.3,180.67,449.49,101.39,44.32,none,0
81,102,4.3,175.81,444.82,92.46,32.64,none,0
81,103,4.3,166.72,461.41,101.46,48.03,none,0
81,104,4.3,174.95,436.38,100.12,55.24,none,0
81,105,4.3,156.29,423.83,95.8,40.44,none,0
81,106,4.3,167.22,425.31,96.61,34.14,none,0
81,107,4.3,164.03,439.9,99.76,34.4,none,0
81,108,4.3,175.85,448.42,99.68,38.04,none,0
81,109,4.3,166.02,456.38,106.71,43.02,none,0
81,110,4.3,168.42,469.14,99.52,49.06,none,0
81,111,4.3,166.09,492.24,94.68,35.86,none,0
81,112,4.3,170.2,424.81,99.07,36.42,none,0
81,113,4.3,163.61,458.59,101.36,26.39,none,0
81,114,4.3,166.19,463.62,103.71,41.19,none,0
81,115,4.3,173.63,467.56,96.58,38.72,none,0
81,116,4.3,178.4,440.97,98.68,44.12,none,0
81,117,4.3,177.69,456.03,98.08,52.81,none,0
81,118,4.3,171.39,467.51,100.1,44.43,none,0
81,119,4.3,179.7,451.99,96.07,47.57,none,0
82,0,13.0,171.75,457.5,102.35,39.75,none,0
82,1,13.0,178.27,454.25,105.54,37.75,none,0
82,2,13.0,145.36,349.4,111.71,63.37,comp4,1
82,3,13.0,167.52,422.92,97.43,31.68,none,0
82,4,13.0,170.74,446.32,105.36,31.24,none,0
82,5,13.0,173.3,459.33,103.6,35.06,none,0
82,6,13.0,174.94,471.14,96.17,21.36,none,0
82,7,13.0,167.36,458.73,97.36,28.19,none,0
82,8,13.0,169.75,436.84,106.45,37.92,none,0
82,9,13.0,172.22,484.35,94.72,41.27,none,0
82,10,13.0,176.25,469.27,104.47,32.94,none,0
82,11,13.0,176.24,443.65,100.76,49.14,none,0
82,12,13.0,164.53,461.37,98.06,41.91,none,0
82,13,13.0,160.66,437.95,99.58,55.66,none,0
82,14,13.0,172.57,451.17,99.46,29.86,none,0
82,15,13.0,172.13,467.76,103.14,46.26,none,0
82,16,13.0,166.41,448.15,101.96,26.24,none,0
82,17,13.0,167.99,468.67,98.31,34.43,none,0
82,18,13.0,158.97,456.94,100.38,53.84,none,0
82,19,13.0,173.33,423.72,99.37,19.83,none,0
82,20,13.0,143.93,339.01,113.19,54.32,comp1,1
82,21,13.0,167.9,435.09,97.04,40.05,none,0
82,22,13.0,173.66,446.97,89.55,20.96,none,0
82,23,13.0,163.28,492.47,97.5,38.28,none,0
82,24,13.0,172.62,433.38,102.61,23.61,none,0
82,25,13.0,164.62,448.25,101.87,29.65,none,0
82,26,13.0,170.88,472.35,101.75,33.18,none,0
82,27,13.0,175.89,439.98,101.56,33.61,none,0
82,28,13.0,179.11,467.04,92.0,47.49,none,0
82,29,13.0,165.86,452.66,96.06,43.35,none,0
82,30,13.0,165.07,451.04,100.63,48.26,none,0
82,31,13.0,179.58,495.23,106.76,38.26,none,0
82,32,13.0,159.1,448.81,101.78,37.63,none,0
82,33,13.0,174.55,466.56,103.52,34.5,none,0
82,34,13.0,170.78,455.25,99.37,36.8,none,0
82,35,13.0,184.98,469.01,102.88,34.87,none,0
82,36,13.0,178.73,432.62,101.43,44.96,none,0
82,37,13.0,173.01,468.36,97.13,35.99,none,0
82,38,13.0,167.54,475.85,99.91,34.41,none,0
82,39,13.0,159.88,444.39,97.92,41.59,none,0
82,40,13.0,173.13,421.6,100.17,34.16,none,0
82,41,13.0,169.31,429.54,95.96,31.15,none,0
82,42,13.0,161.56,459.16,99.26,20.59,none,0
82,43,13.0,169.01,434.59,104.98,31.8,none,0
82,44,13.0,171.97,449.08,97.17,51.55,none,0
82,45,13.0,164.15,441.25,97.84,36.46,none,0
82,46,13.0,162.39,442.08,97.17,37.18,none,0
82,47,13.0,170.93,443.38,96.15,41.66,none,0
82,48,13.0,176.62,462.18,104.41,48.01,none,0
82,49,13.0,170.55,435.36,100.53,37.22,none,0
82,50,13.0,169.44,471.31,97.16,46.18,none,0
82,51,13.0,170.82,458.14,101.29,47.0,none,0
82,52,13.0,160.83,485.54,98.56,38.46,none,0
82,53,13.0,175.62,454.38,99.09,39.66,none,0
82,54,13.0,164.64,454.97,99.52,34.15,none,0
82,55,13.0,173.75,451.22,93.71,34.28,none,0
82,56,13.0,172.25,482.72,101.48,39.63,none,0
82,57,13.0,176.86,443.2,97.04,41.12,none,0
82,58,13.0,170.36,466.07,96.63,34.88,none,0
82,59,13.0,175.15,435.31,99.39,30.23,none,0
82,60,13.0,173.69,432.77,99.63,40.13,none,0
82,61,13.0,172.7,462.16,104.31,48.22,none,0
82,62,13.0,173.94,428.03,101.83,49.86,none,0
82,63,13.0,170.75,464.42,100.23,42.98,none,0
82,64,13.0,173.3,437.59,101.71,44.52,none,0
82,65,13.0,170.73,407.02,100.77,35.47,none,0
82,66,13.0,168.05,453.49,101.11,41.89,none,0
82,67,13.0,161.87,448.01,96.95,47.84,none,0
82,68,13.0,170.29,484.87,99.2,54.27,none,0
82,69,13.0,166.25,465.26,104.27,44.45,none,0
82,70,13.0,167.52,453.84,98.2,39.53,none,0
82,71,13.0,165.69,445.35,99.84,39.14,none,0
82,72,13.0,170.83,456.76,100.85,39.24,none,0
82,73,13.0,160.44,437.17,98.1,26.07,none,0
82,74,13.0,166.32,446.16,100.26,23.54,none,0
82,75,13.0,172.11,456.95,98.26,36.97,none,0
82,76,13.0,163.53,426.66,97.88,42.97,none,0
82,77,13.0,174.1,467.74,102.52,36.33,none,0
82,78,13.0,166.2,443.67,101.49,57.65,none,0
82,79,13.0,172.36,438.67,101.37,29.42,none,0
82,80,13.0,159.63,417.53,95.67,49.46,none,0
82,81,13.0,172.83,441.06,96.43,29.95,none,0
82,82,13.0,166.24,437.72,95.56,48.94,none,0
82,83,13.0,173.79,465.57,95.41,53.15,none,0
82,84,13.0,163.18,445.18,103.28,45.55,none,0
82,85,13.0,171.54,456.71,101.82,37.05,none,0
82,86,13.0,173.24,444.21,97.35,49.8,none,0
82,87,13.0,168.82,427.22,96.89,33.78,none,0
82,88,13.0,176.26,486.67,96.36,42.52,none,0
82,89,13.0,168.73,448.58,101.72,33.52,none,0
82,90,13.0,164.94,504.28,102.63,36.97,none,0
82,91,13.0,167.1,430.27,96.09,46.28,none,0
82,92,13.0,173.26,450.11,109.11,32.92,none,0
82,93,13.0,173.11,444.79,97.91,48.16,none,0
82,94,13.0,176.13,459.6,102.37,27.36,none,0
82,95,13.0,166.86,458.77,97.59,42.04,none,0
82,96,13.0,173.35,485.23,93.68,47.75,none,0
82,97,13.0,167.52,435.92,102.72,21.72,none,0
82,98,13.0,175.23,473.25,103.46,34.23,none,0
82,99,13.0,167.46,473.72,99.28,41.61,none,0
82,100,13.0,163.0,457.27,99.57,20.07,none,0
82,101,13.0,168.06,455.32,104.54,30.22,none,0
82,102,13.0,173.2,479.63,96.29,44.8,none,0
82,103,13.0,171.43,454.13,99.14,41.51,none,0
82,104,13.0,164.76,448.41,96.74,40.14,none,0
82,105,13.0,163.73,476.99,96.75,34.35,none,0
82,106,13.0,170.8,445.62,99.79,32.45,none,0
82,107,13.0,172.5,471.88,102.06,49.18,none,0
82,108,13.0,172.29,444.84,96.83,39.2,none,0
82,109,13.0,165.89,440.63,99.33,43.15,none,0
82,110,13.0,170.99,478.75,107.06,33.31,none,0
82,111,13.0,169.48,452.04,102.81,44.01,none,0
82,112,13.0,171.61,471.37,104.33,34.71,none,0
82,113,13.0,170.92,444.76,98.54,39.73,none,0
82,114,13.0,175.38,483.34,97.41,22.33,none,0
82,115,13.0,166.85,463.7,98.59,39.03,none,0
82,116,13.0,166.55,488.86,100.34,47.91,none,0
82,117,13.0,176.31,460.16,94.69,37.8,none,0
82,118,13.0,160.58,454.31,101.65,38.14,none,0
82,119,13.0,179.44,447.99,97.81,51.38,none,0
83,0,14.8,183.62,450.51,105.59,34.08,none,0
83,1,14.8,160.21,470.38,102.52,42.01,none,0
83,2,14.8,168.28,435.07,104.68,38.85,none,0
83,3,14.8,169.77,443.96,101.13,50.39,none,0
83,4,14.8,172.41,455.15,99.82,34.61,none,0
83,5,14.8,167.32,447.66,101.91,22.6,none,0
83,6,14.8,169.54,459.41,97.07,34.22,none,0
83,7,14.8,175.61,437.19,96.36,44.49,none,0
83,8,14.8,161.72,432.74,100.59,36.35,none,0
83,9,14.8,169.62,450.25,100.76,54.1,none,0
83,10,14.8,171.67,457.63,105.07,36.24,none,0
83,11,14.8,166.86,453.53,102.56,38.83,none,0
83,12,14.8,167.99,450.6,98.06,34.66,none,0
83,13,14.8,173.21,414.7,106.66,41.47,none,0
83,14,14.8,168.99,411.18,98.77,46.57,none,0
83,15,14.8,168.65,461.54,100.93,36.46,none,0
83,16,14.8,171.3,471.67,104.04,36.47,none,0
83,17,14.8,172.73,450.83,101.07,39.74,none,0
83,18,14.8,175.94,419.29,100.04,53.39,none,0
83,19,14.8,168.02,446.83,95.98,43.49,none,0
83,20,14.8,160.05,441.96,102.86,45.85,none,0
83,21,14.8,174.34,512.96,98.37,41.93,none,0
83,22,14.8,167.87,447.06,102.32,66.31,none,0
83,23,14.8,157.44,423.12,101.88,45.02,none,0
83,24,14.8,169.35,454.12,99.59,46.59,none,0
83,25,14.8,166.9,439.23,95.58,41.47,none,0
83,26,14.8,167.61,454.54,100.24,38.15,none,0
83,27,14.8,172.13,456.29,104.2,39.96,none,0
83,28,14.8,162.87,452.47,101.95,35.08,none,0
83,29,14.8,170.44,424.96,101.4,48.65,none,0
83,30,14.8,163.04,419.3,100.37,53.35,none,0
83,31,14.8,171.42,471.82,98.95,45.04,none,0
83,32,14.8,170.82,449.53,97.8,48.21,none,0
83,33,14.8,180.58,458.84,103.09,45.88,none,0
83,34,14.8,168.74,453.45,97.2,37.57,none,0
83,35,14.8,177.37,457.65,101.39,19.39,none,0
83,36,14.8,176.2,456.54,99.23,47.69,none,0
83,37,14.8,173.98,433.45,100.27,36.28,none,0
83,38,14.8,175.38,464.67,102.98,42.06,none,0
83,39,14.8,169.59,457.56,96.32,43.74,none,0
83,40,14.8,169.75,465.83,101.49,37.06,none,0
83,41,14.8,160.35,463.15,107.85,37.76,none,0
83,42,14.8,173.38,404.73,97.44,31.75,none,0
83,43,14.8,173.45,431.88,95.84,37.19,none,0
83,44,14.8,162.44,467.76,96.81,37.98,none,0
83,45,14.8,176.09,487.43,101.73,48.85,none,0
83,46,14.8,147.14,412.39,117.92,84.18,comp3,1
83,47,14.8,172.7,445.86,100.03,46.7,none,0
83,48,14.8,173.02,470.45,102.13,43.72,none,0
83,49,14.8,183.59,504.03,94.08,61.93,none,0
83,50,14.8,170.72,448.24,99.57,39.43,none,0
83,51,14.8,174.23,486.41,97.64,49.56,none,0
83,52,14.8,169.84,421.47,99.33,54.81,none,0
83,53,14.8,169.02,393.56,93.8,39.74,none,0
83,54,14.8,170.11,456.9,100.62,36.74,none,0
83,55,14.8,167.36,440.15,101.24,38.44,none,0
83,56,14.8,165.57,432.2,95.42,37.55,none,0
83,57,14.8,170.13,468.14,101.91,50.4,none,0
83,58,14.8,170.64,454.79,97.71,56.03,none,0
83,59,14.8,170.79,450.7,102.95,41.75,none,0
83,60,14.8,162.96,468.5,103.31,34.67,none,0
83,61,14.8,171.0,430.44,100.89,40.86,none,0
83,62,14.8,164.4,459.18,99.71,47.58,none,0
83,63,14.8,172.45,442.23,102.19,50.4,none,0
83,64,14.8,167.18,489.93,103.35,42.68,none,0
83,65,14.8,175.44,437.93,100.41,49.14,none,0
83,66,14.8,161.23,461.15,98.57,33.22,none,0
83,67,14.8,173.22,420.01,97.68,36.61,none,0
83,68,14.8,167.66,434.38,98.61,23.81,none,0
83,69,14.8,175.08,452.0,98.4,38.21,none,0
83,70,14.8,168.23,479.32,102.64,47.07,none,0
83,71,14.8,166.16,463.4,101.68,36.51,none,0
83,72,14.8,169.05,465.07,99.11,41.67,none,0
83,73,14.8,169.19,463.54,101.18,34.23,none,0
83,74,14.8,168.12,477.57,98.44,37.89,none,0
83,75,14.8,173.06,445.83,104.31,45.17,none,0
83,76,14.8,165.65,462.58,97.51,58.19,none,0
83,77,14.8,166.9,425.37,99.82,40.59,none,0
83,78,14.8,169.38,450.62,98.86,41.9,none,0
83,79,14.8,164.98,450.35,97.99,39.1,none,0
83,80,14.8,170.56,447.62,98.63,47.03,none,0
83,81,14.8,163.5,406.45,101.78,47.75,none,0
83,82,14.8,174.22,452.74,94.84,31.18,none,0
83,83,14.8,171.38,413.11,101.94,42.33,none,0
83,84,14.8,165.64,481.47,105.35,33.34,none,0
83,85,14.8,173.26,425.48,96.79,59.91,none,0
83,86,14.8,175.89,479.37,101.23,29.05,none,0
83,87,14.8,169.56,470.83,102.52,32.87,none,0
83,88,14.8,170.94,444.27,105.0,41.97,none,0
83,89,14.8,173.15,451.57,104.47,42.12,none,0
83,90,14.8,172.23,430.13,101.13,29.49,none,0
83,91,14.8,167.04,467.41,97.59,39.29,none,0
83,92,14.8,171.94,456.0,101.0,42.84,none,0
83,93,14.8,177.5,468.34,95.58,36.74,none,0
83,94,14.8,176.99,434.26,95.24,59.24,none,0
83,95,14.8,158.61,474.21,93.48,43.0,none,0
83,96,14.8,161.95,400.61,98.57,60.2,none,0
83,97,14.8,174.63,473.75,95.89,50.26,none,0
83,98,14.8,166.88,468.48,100.75,46.39,none,0
83,99,14.8,169.01,431.6,104.97,32.31,none,0
83,100,14.8,164.58,467.49,104.67,47.87,none,0
83,101,14.8,169.31,432.14,103.19,36.17,none,0
83,102,14.8,161.99,441.38,99.23,49.09,none,0
83,103,14.8,170.29,453.98,98.71,38.47,none,0
83,104,14.8,169.11,439.87,95.63,52.65,none,0
83,105,14.8,165.73,445.58,94.96,34.59,none,0
83,106,14.8,171.99,458.33,100.05,39.34,none,0
83,107,14.8,165.47,405.88,107.97,47.63,none,0
83,108,14.8,172.5,477.63,100.15,47.15,none,0
83,109,14.8,183.27,498.58,99.0,39.19,none,0
83,110,14.8,171.25,487.9,98.16,43.48,none,0
83,111,14.8,172.3,418.22,102.83,43.96,none,0
83,112,14.8,169.72,459.32,98.24,40.58,none,0
83,113,14.8,168.01,425.04,100.36,51.49,none,0
83,114,14.8,172.34,447.74,97.95,51.56,none,0
83,115,14.8,162.46,433.57,105.83,40.45,none,0
83,116,14.8,168.91,473.18,104.12,46.45,none,0
83,117,14.8,166.62,445.81,96.87,36.86,none,0
83,118,14.8,178.99,441.67,101.71,53.97,none,0
83,119,14.8,161.86,467.39,101.0,37.52,none,0
84,0,1.6,169.95,446.75,100.37,30.2,none,0
84,1,1.6,170.65,420.52,99.4,29.13,none,0
84,2,1.6,168.68,463.29,96.51,44.35,none,0
84,3,1.6,166.76,444.79,100.39,50.76,none,0
84,4,1.6,169.36,423.49,95.89,35.2,none,0
84,5,1.6,173.87,439.35,97.51,46.03,none,0
84,6,1.6,158.36,467.82,102.32,39.12,none,0
84,7,1.6,171.03,444.18,101.36,33.88,none,0
84,8,1.6,153.47,452.09,99.94,23.33,none,0
84,9,1.6,169.95,442.09,102.17,54.08,none,0
84,10,1.6,158.67,477.02,101.33,57.23,none,0
84,11,1.6,171.34,462.04,95.15,38.01,none,0
84,12,1.6,165.75,464.29,103.43,55.28,none,0
84,13,1.6,171.96,464.27,101.0,38.31,none,0
84,14,1.6,171.24,470.17,101.82,35.15,none,0
84,15,1.6,167.16,463.68,105.18,40.92,none,0
84,16,1.6,165.32,451.0,97.7,50.51,none,0
84,17,1.6,165.13,458.01,106.18,47.34,none,0
84,18,1.6,177.77,439.26,101.47,49.1,none,0
84,19,1.6,164.87,461.24,101.15,54.74,none,0
84,20,1.6,168.2,435.51,101.95,46.82,none,0
84,21,1.6,169.54,455.16,100.82,41.82,none,0
84,22,1.6,166.38,436.11,100.1,36.92,none,0
84,23,1.6,166.56,449.15,100.34,45.32,none,0
84,24,1.6,168.81,409.31,98.89,47.29,none,0
84,25,1.6,168.77,422.08,94.81,30.81,none,0
84,26,1.6,153.39,471.96,103.93,30.22,none,0
84,27,1.6,166.68,436.16,100.0,54.58,none,0
84,28,1.6,162.71,479.33,103.62,52.04,none,0
84,29,1.6,174.56,476.79,103.32,51.81,none,0
84,30,1.6,182.33,457.02,101.1,55.53,none,0
84,31,1.6,176.72,488.25,99.66,33.67,none,0
84,32,1.6,167.25,431.03,93.12,34.76,none,0
84,33,1.6,184.06,462.27,101.76,29.62,none,0
84,34,1.6,175.02,431.86,102.14,48.47,none,0
84,35,1.6,179.39,450.44,102.06,47.76,none,0
84,36,1.6,173.31,447.93,104.4,41.24,none,0
84,37,1.6,171.09,443.38,96.76,34.71,none,0
84,38,1.6,172.75,451.02,99.7,46.75,none,0
84,39,1.6,164.75,422.53,101.14,47.64,none,0
84,40,1.6,175.01,459.24,98.19,45.63,none,0
84,41,1.6,174.43,449.96,99.84,48.27,none,0
84,42,1.6,167.86,433.28,103.69,47.79,none,0
84,43,1.6,159.98,455.8,98.13,50.59,none,0
84,44,1.6,165.63,474.06,97.37,54.86,none,0
84,45,1.6,164.58,497.41,107.11,50.5,none,0
84,46,1.6,175.69,456.58,102.94,16.0,none,0
84,47,1.6,166.73,415.28,91.98,30.99,none,0
84,48,1.6,167.33,451.71,97.04,39.44,none,0
84,49,1.6,167.44,434.62,100.22,39.79,none,0
84,50,1.6,167.13,447.5,99.8,39.52,none,0
84,51,1.6,175.68,464.41,103.21,31.22,none,0
84,52,1.6,164.18,446.74,97.65,35.78,none,0
84,53,1.6,165.09,434.83,99.08,54.94,none,0
84,54,1.6,166.24,435.15,96.93,38.72,none,0
84,55,1.6,168.72,432.86,96.38,41.45,none,0
84,56,1.6,173.08,427.45,98.25,51.05,none,0
84,57,1.6,168.73,464.81,100.86,57.24,none,0
84,58,1.6,169.45,454.5,101.82,30.24,none,0
84,59,1.6,173.61,428.21,105.62,37.04,none,0
84,60,1.6,162.97,485.55,100.84,46.17,none,0
84,61,1.6,170.36,481.14,104.89,37.13,none,0
84,62,1.6,174.18,461.25,101.01,34.35,none,0
84,63,1.6,182.25,479.55,101.55,30.28,none,0
84,64,1.6,163.16,427.67,99.64,44.66,none,0
84,65,1.6,180.5,442.52,102.39,43.14,none,0
84,66,1.6,169.15,455.47,103.53,40.43,none,0
84,67,1.6,171.17,453.63,103.67,44.18,none,0
84,68,1.6,165.22,480.31,109.17,38.92,none,0
84,69,1.6,173.1,456.05,95.03,31.9,none,0
84,70,1.6,189.01,452.81,94.16,38.13,none,0
84,71,1.6,169.25,464.59,97.17,19.89,none,0
84,72,1.6,173.25,465.06,99.12,25.82,none,0
84,73,1.6,176.84,478.22,99.86,40.79,none,0
84,74,1.6,166.3,455.0,97.17,43.97,none,0
84,75,1.6,167.01,442.66,101.14,35.04,none,0
84,76,1.6,170.45,448.32,100.26,46.78,none,0
84,77,1.6,170.39,451.19,97.63,42.99,none,0
84,78,1.6,172.49,454.46,105.46,23.75,none,0
84,79,1.6,167.17,452.07,100.51,47.49,none,0
84,80,1.6,171.92,456.13,97.61,32.03,none,0
84,81,1.6,176.23,441.56,96.09,55.96,none,0
84,82,1.6,169.76,439.77,97.74,42.68,none,0
84,83,1.6,172.48,483.0,100.65,43.63,none,0
84,84,1.6,172.19,467.21,102.33,45.03,none,0
84,85,1.6,167.76,439.0,102.36,41.48,none,0
84,86,1.6,163.97,439.69,96.68,45.83,none,0
84,87,1.6,165.49,465.51,98.1,29.23,none,0
84,88,1.6,153.06,428.73,99.81,35.23,none,0
84,89,1.6,178.44,453.07,98.68,44.13,none,0
84,90,1.6,155.15,431.15,104.25,28.16,none,0
84,91,1.6,169.06,445.95,96.59,54.52,none,0
84,92,1.6,167.06,430.65,104.05,52.05,none,0
84,93,1.6,172.41,456.18,99.26,35.08,none,0
84,94,1.6,169.7,422.03,98.73,39.72,none,0
84,95,1.6,176.04,468.01,98.87,32.39,none,0
84,96,1.6,177.73,448.4,101.39,40.12,none,0
84,97,1.6,169.81,473.49,99.45,44.66,none,0
84,98,1.6,169.38,426.7,104.6,22.9,none,0
84,99,1.6,163.74,438.01,103.35,28.29,none,0
84,100,1.6,172.26,453.83,104.16,33.03,none,0
84,101,1.6,172.9,452.08,98.83,43.12,none,0
84,102,1.6,169.09,444.41,93.65,42.54,none,0
84,103,1.6,159.74,448.33,98.53,51.26,none,0
84,104,1.6,161.96,432.97,102.46,61.12,none,0
84,105,1.6,170.74,439.42,107.74,31.7,none,0
84,106,1.6,174.61,445.74,102.66,47.04,none,0
84,107,1.6,178.75,432.58,104.09,43.45,none,0
84,108,1.6,170.68,453.59,105.53,40.5,none,0
84,109,1.6,171.61,461.8,99.09,28.33,none,0
84,110,1.6,169.9,439.49,99.01,42.79,none,0
84,111,1.6,174.9,476.72,95.93,40.02,none,0
84,112,1.6,165.79,455.82,99.73,43.62,none,0
84,113,1.6,172.99,419.57,104.22,36.76,none,0
84,114,1.6,164.9,430.85,94.91,27.04,none,0
84,115,1.6,173.29,464.98,99.1,20.5,none,0
84,116,1.6,167.52,448.62,97.38,35.57,none,0
84,117,1.6,170.41,440.6,98.79,31.73,none,0
84,118,1.6,172.9,483.86,101.2,29.72,none,0
84,119,1.6,167.33,459.66,105.48,42.68,none,0
85,0,11.7,166.91,476.01,102.75,39.94,none,0
85,1,11.7,171.13,466.17,104.27,38.4,none,0
85,2,11.7,171.3,452.97,103.76,33.43,none,0
85,3,11.7,169.17,427.32,100.24,54.28,none,0
85,4,11.7,173.89,459.38,101.41,48.83,none,0
85,5,11.7,166.06,456.71,99.17,57.81,none,0
85,6,11.7,163.6,493.58,95.45,40.82,none,0
85,7,11.7,165.52,451.25,101.86,39.7,none,0
85,8,11.7,168.1,442.41,106.28,36.76,none,0
85,9,11.7,171.99,449.75,99.77,35.38,none,0
85,10,11.7,174.03,440.75,97.5,51.56,none,0
85,11,11.7,174.4,448.06,99.48,18.66,none,0
85,12,11.7,175.37,442.46,102.15,45.62,none,0
85,13,11.7,169.21,463.85,103.18,39.31,none,0
85,14,11.7,175.48,436.75,98.2,43.05,none,0
85,15,11.7,161.36,432.92,96.79,43.2,none,0
85,16,11.7,171.08,466.54,106.78,40.66,none,0
85,17,11.7,168.81,440.86,102.57,46.66,none,0
85,18,11.7,172.22,441.35,94.42,40.02,none,0
85,19,11.7,170.75,444.66,97.75,44.86,none,0
85,20,11.7,174.27,457.36,100.74,31.2,none,0
85,21,11.7,163.97,451.57,101.07,37.41,none,0
85,22,11.7,184.03,443.67,97.08,35.51,none,0
85,23,11.7,151.29,414.99,94.12,35.49,none,0
85,24,11.7,161.22,473.08,100.9,38.07,none,0
85,25,11.7,159.08,455.79,93.96,35.22,none,0
85,26,11.7,165.46,457.87,94.82,45.16,none,0
85,27,11.7,178.38,449.62,94.36,29.75,none,0
85,28,11.7,174.56,460.88,98.78,37.76,none,0
85,29,11.7,170.53,465.14,96.41,29.08,none,0
85,30,11.7,159.71,428.92,102.98,51.88,none,0
85,31,11.7,171.88,488.53,100.86,36.54,none,0
85,32,11.7,163.28,419.36,100.11,46.43,none,0
85,33,11.7,168.81,473.67,105.45,47.68,none,0
85,34,11.7,170.82,462.28,101.87,44.95,none,0
85,35,11.7,171.29,457.34,101.47,50.52,none,0
85,36,11.7,178.58,460.92,95.18,46.83,none,0
85,37,11.7,166.96,458.31,100.85,34.81,none,0
85,38,11.7,171.27,479.15,101.27,33.89,none,0
85,39,11.7,173.49,443.91,106.41,55.56,none,0
85,40,11.7,156.7,453.82,99.71,33.1,none,0
85,41,11.7,173.18,436.88,103.15,53.22,none,0
85,42,11.7,170.8,435.77,103.34,43.47,none,0
85,43,11.7,169.95,439.67,99.35,47.76,none,0
85,44,11.7,166.51,454.95,101.51,41.97,none,0
85,45,11.7,168.0,425.87,97.96,42.7,none,0
85,46,11.7,172.32,470.68,97.8,49.3,none,0
85,47,11.7,170.03,457.0,100.84,40.35,none,0
85,48,11.7,163.67,464.86,104.97,58.96,none,0
85,49,11.7,181.06,447.25,98.22,24.79,none,0
85,50,11.7,173.29,442.91,99.36,23.33,none,0
85,51,11.7,176.71,464.25,104.83,38.84,none,0
85,52,11.7,177.4,470.94,97.18,39.49,none,0
85,53,11.7,168.05,495.1,102.58,27.78,none,0
85,54,11.7,171.02,471.46,98.64,35.2,none,0
85,55,11.7,179.08,443.73,103.25,36.96,none,0
85,56,11.7,168.96,463.09,98.24,51.04,none,0
85,57,11.7,170.94,436.63,97.52,33.77,none,0
85,58,11.7,153.55,396.05,112.11,45.37,comp3,1
85,59,11.7,173.0,440.25,93.62,31.92,none,0
85,60,11.7,168.87,462.24,99.53,44.66,none,0
85,61,11.7,171.55,405.47,99.83,36.1,none,0
85,62,11.7,165.72,430.63,98.77,46.23,none,0
85,63,11.7,164.98,461.65,100.1,32.76,none,0
85,64,11.7,182.15,458.49,98.92,38.07,none,0
85,65,11.7,168.26,409.11,97.79,47.47,none,0
85,66,11.7,171.93,494.59,96.38,40.88,none,0
85,67,11.7,168.25,503.09,97.36,30.9,none,0
85,68,11.7,169.93,451.4,100.49,44.78,none,0
85,69,11.7,165.16,473.73,99.73,41.48,none,0
85,70,11.7,169.68,451.74,102.89,41.33,none,0
85,71,11.7,169.77,485.5,105.4,46.41,none,0
85,72,11.7,171.29,455.8,101.2,46.61,none,0
85,73,11.7,169.95,468.8,95.22,42.34,none,0
85,74,11.7,162.11,455.45,103.95,53.75,none,0
85,75,11.7,170.07,445.97,102.05,43.47,none,0
85,76,11.7,165.95,440.83,99.85,42.87,none,0
85,77,11.7,172.82,448.05,99.27,34.04,none,0
85,78,11.7,173.1,443.86,99.95,38.92,none,0
85,79,11.7,162.73,474.41,97.51,33.1,none,0
85,80,11.7,171.06,430.17,97.87,46.95,none,0
85,81,11.7,167.34,446.52,98.79,48.68,none,0
85,82,11.7,172.99,412.13,103.06,33.34,none,0
85,83,11.7,180.31,476.92,100.63,44.0,none,0
85,84,11.7,170.38,450.06,100.67,35.7,none,0
85,85,11.7,173.03,414.37,97.69,32.71,none,0
85,86,11.7,171.24,474.22,101.9,37.14,none,0
85,87,11.7,157.3,424.16,98.33,38.64,none,0
85,88,11.7,166.42,452.19,94.61,41.77,none,0
85,89,11.7,172.45,471.5,102.44,36.26,none,0
85,90,11.7,177.5,460.18,98.62,38.08,none,0
85,91,11.7,172.81,449.58,97.42,35.55,none,0
85,92,11.7,184.1,435.65,104.16,25.53,none,0
85,93,11.7,169.36,419.83,99.51,41.85,none,0
85,94,11.7,176.69,439.79,95.38,50.61,none,0
85,95,11.7,173.42,445.95,104.44,43.08,none,0
85,96,11.7,171.77,454.96,99.32,41.61,none,0
85,97,11.7,170.34,457.05,102.78,51.79,none,0
85,98,11.7,170.41,447.43,97.9,46.65,none,0
85,99,11.7,167.61,466.62,101.63,45.63,none,0
85,100,11.7,171.45,442.03,99.37,42.34,none,0
85,101,11.7,167.2,487.03,97.09,28.97,none,0
85,102,11.7,165.01,453.26,97.03,36.84,none,0
85,103,11.7,173.58,462.7,97.97,36.5,none,0
85,104,11.7,170.3,482.83,95.43,42.84,none,0
85,105,11.7,186.29,438.77,101.44,44.96,none,0
85,106,11.7,167.66,448.7,100.51,38.2,none,0
85,107,11.7,163.48,395.86,105.98,45.8,none,0
85,108,11.7,170.68,464.67,98.09,36.36,none,0
85,109,11.7,173.53,463.82,99.63,40.42,none,0
85,110,11.7,166.49,440.07,103.6,43.93,none,0
85,111,11.7,176.27,407.13,98.53,49.7,none,0
85,112,11.7,163.25,438.08,101.53,40.93,none,0
85,113,11.7,169.95,436.72,99.04,30.06,none,0
85,114,11.7,172.58,448.69,99.52,41.8,none,0
85,115,11.7,169.9,462.51,98.29,28.09,none,0
85,116,11.7,173.69,468.62,98.12,51.85,none,0
85,117,11.7,174.41,448.05,96.18,51.34,none,0
85,118,11.7,170.99,412.62,100.61,51.19,none,0
85,119,11.7,174.84,445.85,101.86,50.88,none,0
86,0,2.3,172.55,424.7,94.41,34.88,none,0
86,1,2.3,170.19,440.68,102.79,37.6,none,0
86,2,2.3,168.59,471.79,99.68,42.48,none,0
86,3,2.3,175.85,455.57,102.2,55.37,none,0
86,4,2.3,177.56,458.79,98.67,35.01,none,0
86,5,2.3,169.55,458.98,107.48,33.79,none,0
86,6,2.3,177.17,462.24,99.55,42.26,none,0
86,7,2.3,166.25,414.61,96.31,26.49,none,0
86,8,2.3,180.41,459.15,100.11,47.17,none,0
86,9,2.3,171.5,469.3,101.14,43.06,none,0
86,10,2.3,169.53,454.58,101.59,50.29,none,0
86,11,2.3,160.53,418.41,97.99,44.45,none,0
86,12,2.3,169.97,431.49,107.68,40.43,none,0
86,13,2.3,172.38,473.72,100.15,44.2,none,0
86,14,2.3,168.39,449.89,94.51,26.4,none,0
86,15,2.3,161.79,442.75,98.21,36.14,none,0
86,16,2.3,168.51,451.63,102.82,44.89,none,0
86,17,2.3,168.64,485.72,99.24,62.63,none,0
86,18,2.3,169.69,480.91,100.81,37.76,none,0
86,19,2.3,174.41,420.17,91.43,28.24,none,0
86,20,2.3,167.84,440.99,100.73,34.15,none,0
86,21,2.3,164.14,394.11,99.53,49.77,none,0
86,22,2.3,169.86,412.92,100.74,38.84,none,0
86,23,2.3,171.21,412.11,98.9,45.58,none,0
86,24,2.3,169.82,453.73,102.8,45.98,none,0
86,25,2.3,166.1,432.85,103.42,32.01,none,0
86,26,2.3,173.86,419.28,98.72,33.05,none,0
86,27,2.3,165.62,442.85,100.11,51.26,none,0
86,28,2.3,162.22,468.59,97.5,55.09,none,0
86,29,2.3,178.25,456.85,100.13,50.74,none,0
86,30,2.3,157.37,448.53,99.33,46.37,none,0
86,31,2.3,171.45,459.38,100.94,41.06,none,0
86,32,2.3,182.06,473.26,98.11,32.6,none,0
86,33,2.3,169.14,459.26,95.52,39.4,none,0
86,34,2.3,160.83,461.99,100.22,28.02,none,0
86,35,2.3,165.59,398.03,105.09,41.66,none,0
86,36,2.3,163.56,453.3,100.05,33.9,none,0
86,37,2.3,170.85,466.01,96.33,45.19,none,0
86,38,2.3,170.86,427.99,103.81,37.07,none,0
86,39,2.3,161.61,430.84,100.8,35.77,none,0
86,40,2.3,167.13,438.07,101.02,26.19,none,0
86,41,2.3,162.38,472.27,100.17,32.21,none,0
86,42,2.3,170.78,430.99,101.08,37.27,none,0
86,43,2.3,164.62,435.41,97.82,43.2,none,0
86,44,2.3,164.18,453.97,97.62,31.24,none,0
86,45,2.3,169.93,430.41,106.61,33.19,none,0
86,46,2.3,170.43,496.51,100.58,43.99,none,0
86,47,2.3,173.83,463.42,101.45,40.63,none,0
86,48,2.3,172.28,413.9,100.0,47.33,none,0
86,49,2.3,165.61,460.39,103.09,52.18,none,0
86,50,2.3,170.46,448.76,98.41,41.3,none,0
86,51,2.3,168.54,445.41,98.62,33.59,none,0
86,52,2.3,168.06,438.03,100.98,46.21,none,0
86,53,2.3,162.16,432.8,99.3,36.8,none,0
86,54,2.3,160.33,444.83,98.66,30.72,none,0
86,55,2.3,169.29,454.93,101.34,32.04,none,0
86,56,2.3,156.28,435.5,103.71,47.6,none,0
86,57,2.3,162.78,455.65,104.55,58.76,none,0
86,58,2.3,172.15,438.41,101.19,53.14,none,0
86,59,2.3,171.27,468.46,96.37,52.37,none,0
86,60,2.3,168.92,470.35,101.0,47.41,none,0
86,61,2.3,178.02,419.42,106.86,40.74,none,0
86,62,2.3,163.56,444.72,99.93,40.11,none,0
86,63,2.3,182.43,482.93,102.99,40.64,none,0
86,64,2.3,163.22,471.16,99.47,50.81,none,0
86,65,2.3,165.2,456.12,101.23,30.41,none,0
86,66,2.3,172.85,443.45,102.06,40.06,none,0
86,67,2.3,171.67,431.17,97.09,46.46,none,0
86,68,2.3,165.93,418.81,92.1,27.94,none,0
86,69,2.3,161.05,420.09,99.22,34.62,none,0
86,70,2.3,170.71,462.36,100.92,46.13,none,0
86,71,2.3,171.42,470.93,100.14,52.43,none,0
86,72,2.3,164.29,446.38,98.21,22.12,none,0
86,73,2.3,167.0,457.38,99.42,31.96,none,0
86,74,2.3,171.22,460.69,100.13,47.32,none,0
86,75,2.3,170.0,457.03,96.91,44.14,none,0
86,76,2.3,172.29,435.75,102.01,41.0,none,0
86,77,2.3,165.37,468.83,99.88,41.13,none,0
86,78,2.3,167.48,461.12,100.35,39.97,none,0
86,79,2.3,161.14,460.25,99.25,39.78,none,0
86,80,2.3,171.47,440.69,96.32,41.37,none,0
86,81,2.3,172.11,442.64,98.19,47.25,none,0
86,82,2.3,167.72,452.15,98.04,40.4,none,0
86,83,2.3,173.09,455.39,98.92,46.98,none,0
86,84,2.3,160.38,460.09,101.03,42.66,none,0
86,85,2.3,176.12,468.22,96.54,42.3,none,0
86,86,2.3,167.74,443.9,103.15,45.09,none,0
86,87,2.3,171.62,452.73,102.6,44.47,none,0
86,88,2.3,165.34,453.26,98.62,31.35,none,0
86,89,2.3,164.01,450.02,98.91,37.6,none,0
86,90,2.3,168.17,428.37,100.93,41.42,none,0
86,91,2.3,171.54,430.29,100.61,45.78,none,0
86,92,2.3,172.0,434.26,99.17,43.05,none,0
86,93,2.3,171.57,456.24,104.28,47.65,none,0
86,94,2.3,165.25,407.36,100.08,28.7,none,0
86,95,2.3,170.1,456.29,98.65,34.92,none,0
86,96,2.3,169.36,461.64,100.68,46.76,none,0
86,97,2.3,173.93,463.33,101.31,36.45,none,0
86,98,2.3,168.82,457.54,99.15,35.8,none,0
86,99,2.3,161.16,451.39,101.68,35.38,none,0
86,100,2.3,165.9,481.55,100.8,33.79,none,0
86,101,2.3,169.47,447.78,104.15,26.46,none,0
86,102,2.3,170.69,433.56,103.2,35.04,none,0
86,103,2.3,166.37,449.87,103.38,58.76,none,0
86,104,2.3,175.77,438.65,94.19,31.26,none,0
86,105,2.3,168.68,454.29,100.06,43.22,none,0
86,106,2.3,171.71,464.04,103.68,30.66,none,0
86,107,2.3,177.61,454.07,102.1,40.0,none,0
86,108,2.3,172.87,437.06,96.57,33.02,none,0
86,109,2.3,165.97,468.55,101.89,42.23,none,0
86,110,2.3,178.96,484.99,100.32,43.62,none,0
86,111,2.3,175.2,457.21,99.25,46.44,none,0
86,112,2.3,168.6,500.09,98.82,48.59,none,0
86,113,2.3,169.82,459.3,97.42,47.16,none,0
86,114,2.3,179.15,439.56,97.81,36.7,none,0
86,115,2.3,174.21,471.51,100.88,55.23,none,0
86,116,2.3,169.96,479.85,106.39,34.65,none,0
86,117,2.3,168.68,452.35,100.91,37.74,none,0
86,118,2.3,170.81,451.03,102.08,35.89,none,0
86,119,2.3,168.04,472.16,101.9,35.35,none,0
87,0,8.4,172.03,448.14,100.72,39.97,none,0
87,1,8.4,170.0,474.72,100.98,50.96,none,0
87,2,8.4,171.54,416.77,90.96,21.31,none,0
87,3,8.4,167.15,432.98,96.58,37.89,none,0
87,4,8.4,170.35,411.61,99.86,42.2,none,0
87,5,8.4,165.97,472.33,97.68,37.45,none,0
87,6,8.4,170.08,462.52,100.0,45.22,none,0
87,7,8.4,169.42,446.82,99.8,44.88,none,0
87,8,8.4,167.88,441.65,97.71,42.17,none,0
87,9,8.4,146.6,362.42,120.57,63.49,comp3,1
87,10,8.4,174.13,451.92,98.73,27.42,none,0
87,11,8.4,176.67,429.03,100.42,32.98,none,0
87,12,8.4,173.58,428.28,93.37,56.64,none,0
87,13,8.4,172.57,443.17,93.22,40.41,none,0
87,14,8.4,167.35,456.35,103.55,41.72,none,0
87,15,8.4,169.94,480.86,96.84,37.71,none,0
87,16,8.4,174.74,414.44,101.33,39.85,none,0
87,17,8.4,168.23,445.18,100.58,45.21,none,0
87,18,8.4,164.72,427.12,107.3,30.64,none,0
87,19,8.4,176.44,443.47,98.49,37.6,none,0
87,20,8.4,173.12,418.47,104.5,30.89,none,0
87,21,8.4,171.01,455.54,98.76,21.1,none,0
87,22,8.4,167.23,449.07,99.51,38.95,none,0
87,23,8.4,162.62,470.86,95.63,30.7,none,0
87,24,8.4,174.71,454.2,101.17,47.07,none,0
87,25,8.4,170.08,459.52,101.88,49.91,none,0
87,26,8.4,174.91,463.23,95.62,41.87,none,0
87,27,8.4,165.82,479.47,100.62,35.3,none,0
87,28,8.4,170.52,452.33,101.24,35.52,none,0
87,29,8.4,162.71,387.87,97.88,41.06,none,0
87,30,8.4,175.12,464.1,96.95,29.9,none,0
87,31,8.4,172.77,447.77,103.18,37.18,none,0
87,32,8.4,172.14,488.59,100.36,18.46,none,0
87,33,8.4,170.79,463.42,95.93,40.87,none,0
87,34,8.4,168.75,454.68,97.37,40.05,none,0
87,35,8.4,175.53,456.42,102.9,35.41,none,0
87,36,8.4,172.32,447.05,99.96,43.56,none,0
87,37,8.4,171.82,437.43,97.99,61.97,none,0
87,38,8.4,168.63,434.66,97.97,42.79,none,0
87,39,8.4,161.89,456.38,98.74,42.12,none,0
87,40,8.4,181.18,500.04,102.64,38.78,none,0
87,41,8.4,165.39,464.9,103.41,45.61,none,0
87,42,8.4,171.26,430.86,101.41,36.99,none,0
87,43,8.4,172.9,452.99,98.3,41.25,none,0
87,44,8.4,166.92,479.95,100.09,39.09,none,0
87,45,8.4,174.47,449.82,98.95,39.17,none,0
87,46,8.4,161.45,454.0,98.43,46.92,none,0
87,47,8.4,170.61,467.08,101.39,48.62,none,0
87,48,8.4,171.79,460.15,99.72,40.87,none,0
87,49,8.4,169.78,420.73,94.75,44.07,none,0
87,50,8.4,168.27,449.47,101.92,40.9,none,0
87,51,8.4,164.55,461.91,97.09,39.38,none,0
87,52,8.4,168.03,477.02,103.68,23.73,none,0
87,53,8.4,170.1,460.53,95.4,44.07,none,0
87,54,8.4,170.06,408.32,94.42,41.47,none,0
87,55,8.4,175.62,415.23,93.34,52.64,none,0
87,56,8.4,169.95,509.35,97.67,46.75,none,0
87,57,8.4,169.15,428.91,99.69,57.15,none,0
87,58,8.4,173.47,412.52,103.62,42.22,none,0
87,59,8.4,177.94,413.3,96.59,43.28,none,0
87,60,8.4,177.03,446.0,102.01,37.52,none,0
87,61,8.4,172.5,470.89,94.86,50.74,none,0
87,62,8.4,178.91,425.8,100.64,60.5,none,0
87,63,8.4,173.43,419.46,100.67,40.36,none,0
87,64,8.4,176.52,436.66,101.95,45.46,none,0
87,65,8.4,174.11,426.01,101.27,38.69,none,0
87,66,8.4,171.14,424.92,101.34,46.83,none,0
87,67,8.4,176.41,456.0,101.83,51.82,none,0
87,68,8.4,172.04,450.0,95.85,31.34,none,0
87,69,8.4,170.77,492.65,103.77,33.94,none,0
87,70,8.4,168.68,452.84,104.55,24.43,none,0
87,71,8.4,176.0,461.87,100.02,42.27,none,0
87,72,8.4,172.24,448.52,100.4,32.41,none,0
87,73,8.4,169.83,483.46,103.77,39.22,none,0
87,74,8.4,175.85,420.3,99.29,40.6,none,0
87,75,8.4,166.03,409.22,93.38,38.72,none,0
87,76,8.4,173.77,444.6,104.22,30.42,none,0
87,77,8.4,172.68,437.81,103.25,36.81,none,0
87,78,8.4,168.35,427.42,100.69,53.95,none,0
87,79,8.4,164.5,443.26,98.98,42.52,none,0
87,80,8.4,165.38,429.67,99.47,38.67,none,0
87,81,8.4,171.73,454.95,96.82,47.42,none,0
87,82,8.4,174.83,427.45,104.6,43.82,none,0
87,83,8.4,169.87,454.38,99.8,33.43,none,0
87,84,8.4,168.26,484.0,97.63,47.98,none,0
87,85,8.4,168.26,498.29,98.26,30.88,none,0
87,86,8.4,174.38,416.57,106.72,53.32,none,0
87,87,8.4,174.13,458.81,100.6,34.89,none,0
87,88,8.4,169.79,454.3,102.69,45.88,none,0
87,89,8.4,172.41,457.56,98.24,41.79,none,0
87,90,8.4,169.91,480.1,104.92,39.19,none,0
87,91,8.4,164.03,439.05,97.17,37.82,none,0
87,92,8.4,169.61,433.01,100.12,42.58,none,0
87,93,8.4,169.72,446.33,101.07,41.7,none,0
87,94,8.4,179.5,394.02,106.04,40.58,none,0
87,95,8.4,170.09,474.04,99.33,32.67,none,0
87,96,8.4,175.88,462.97,99.81,47.66,none,0
87,97,8.4,167.98,460.22,103.48,40.96,none,0
87,98,8.4,161.73,452.41,99.38,22.2,none,0
87,99,8.4,164.1,473.48,94.65,42.0,none,0
87,100,8.4,166.61,421.35,101.56,45.14,none,0
87,101,8.4,180.75,441.59,102.46,31.09,none,0
87,102,8.4,163.04,451.85,99.56,32.61,none,0
87,103,8.4,166.31,451.76,102.27,32.02,none,0
87,104,8.4,168.17,412.53,98.23,43.44,none,0
87,105,8.4,160.94,445.77,104.13,31.08,none,0
87,106,8.4,172.97,453.16,100.38,31.6,none,0
87,107,8.4,163.56,425.35,101.45,35.13,none,0
87,108,8.4,166.08,428.59,100.24,38.55,none,0
87,109,8.4,173.54,438.72,101.32,40.92,none,0
87,110,8.4,173.61,452.73,97.1,41.83,none,0
87,111,8.4,171.09,458.33,97.89,39.23,none,0
87,112,8.4,176.31,419.82,100.79,36.16,none,0
87,113,8.4,168.38,444.85,104.72,37.58,none,0
87,114,8.4,165.16,424.27,100.28,40.03,none,0
87,115,8.4,166.78,444.44,101.58,45.52,none,0
87,116,8.4,172.93,438.3,105.56,41.66,none,0
87,117,8.4,171.17,456.1,99.62,38.79,none,0
87,118,8.4,172.01,486.6,95.29,30.55,none,0
87,119,8.4,169.05,431.09,98.09,32.87,none,0
88,0,16.5,167.3,453.05,97.19,46.75,none,0
88,1,16.5,176.68,431.86,100.03,37.74,none,0
88,2,16.5,166.41,471.97,101.76,26.83,none,0
88,3,16.5,176.54,446.03,100.52,47.31,none,0
88,4,16.5,174.0,462.33,94.37,29.8,none,0
88,5,16.5,179.14,459.82,98.96,35.53,none,0
88,6,16.5,169.51,432.67,104.39,23.2,none,0
88,7,16.5,172.7,434.18,101.42,37.57,none,0
88,8,16.5,172.0,464.4,94.46,43.15,none,0
88,9,16.5,170.16,483.48,104.47,43.63,none,0
88,10,16.5,173.13,461.13,99.58,46.97,none,0
88,11,16.5,174.55,462.34,101.22,33.75,none,0
88,12,16.5,176.75,459.9,104.65,34.32,none,0
88,13,16.5,159.32,443.12,100.38,36.14,none,0
88,14,16.5,166.86,418.44,100.1,49.83,none,0
88,15,16.5,163.8,431.37,105.53,37.28,none,0
88,16,16.5,167.8,457.65,97.63,44.81,none,0
88,17,16.5,170.6,424.68,103.69,45.25,none,0
88,18,16.5,162.9,422.24,104.02,39.81,none,0
88,19,16.5,166.4,450.42,97.86,40.88,none,0
88,20,16.5,166.65,456.92,100.15,48.83,none,0
88,21,16.5,175.51,451.96,104.04,34.68,none,0
88,22,16.5,176.04,437.71,99.06,33.18,none,0
88,23,16.5,170.25,437.46,96.73,40.56,none,0
88,24,16.5,173.94,446.52,104.87,42.35,none,0
88,25,16.5,165.09,457.85,101.13,43.62,none,0
88,26,16.5,165.49,460.43,100.48,53.6,none,0
88,27,16.5,170.37,466.53,98.37,54.67,none,0
88,28,16.5,169.36,471.89,100.12,50.76,none,0
88,29,16.5,163.61,423.53,98.33,54.41,none,0
88,30,16.5,174.1,407.64,98.32,38.24,none,0
88,31,16.5,166.02,463.04,101.13,42.17,none,0
88,32,16.5,171.59,465.61,102.56,47.77,none,0
88,33,16.5,177.33,465.62,96.96,40.56,none,0
88,34,16.5,165.63,461.09,100.46,49.81,none,0
88,35,16.5,173.02,476.18,98.93,33.06,none,0
88,36,16.5,162.82,431.49,103.1,44.22,none,0
88,37,16.5,175.76,465.15,100.94,33.96,none,0
88,38,16.5,168.99,462.86,103.48,46.23,none,0
88,39,16.5,129.82,365.6,117.38,62.7,comp2,1
88,40,16.5,174.78,417.4,99.51,47.41,none,0
88,41,16.5,168.78,458.65,99.8,40.38,none,0
88,42,16.5,170.62,465.25,105.42,41.21,none,0
88,43,16.5,176.48,461.59,98.89,33.27,none,0
88,44,16.5,167.96,467.93,98.85,39.34,none,0
88,45,16.5,170.63,492.28,106.46,36.89,none,0
88,46,16.5,169.71,433.83,100.47,50.89,none,0
88,47,16.5,175.26,460.28,101.21,24.95,none,0
88,48,16.5,167.75,425.6,99.08,38.04,none,0
88,49,16.5,171.92,461.2,96.02,30.36,none,0
88,50,16.5,177.47,466.95,101.48,47.54,none,0
88,51,16.5,165.94,463.37,102.39,42.46,none,0
88,52,16.5,168.34,452.81,100.81,44.88,none,0
88,53,16.5,165.58,446.27,104.14,20.74,none,0
88,54,16.5,166.59,474.12,101.41,47.39,none,0
88,55,16.5,163.82,433.1,103.97,45.01,none,0
88,56,16.5,174.17,420.12,96.16,34.12,none,0
88,57,16.5,164.64,433.71,97.17,39.48,none,0
88,58,16.5,166.9,471.82,103.97,38.04,none,0
88,59,16.5,168.58,467.05,102.12,50.38,none,0
88,60,16.5,170.87,473.63,99.94,45.16,none,0
88,61,16.5,175.11,444.57,103.6,27.89,none,0
88,62,16.5,175.08,489.76,99.14,41.68,none,0
88,63,16.5,174.1,440.54,105.93,28.36,none,0
88,64,16.5,164.57,439.57,101.51,38.66,none,0
88,65,16.5,170.48,462.33,105.46,33.39,none,0
88,66,16.5,170.31,445.5,98.08,40.72,none,0
88,67,16.5,169.53,456.26,99.89,48.25,none,0
88,68,16.5,176.86,469.23,98.04,34.32,none,0
88,69,16.5,164.55,480.04,105.0,32.22,none,0
88,70,16.5,170.77,450.66,99.29,45.42,none,0
88,71,16.5,172.48,457.34,99.4,33.05,none,0
88,72,16.5,175.33,458.02,101.08,41.32,none,0
88,73,16.5,170.36,441.19,103.68,34.99,none,0
88,74,16.5,167.68,420.31,96.44,34.83,none,0
88,75,16.5,175.25,435.21,103.92,27.61,none,0
88,76,16.5,170.06,450.23,97.29,34.63,none,0
88,77,16.5,157.35,451.92,100.07,27.51,none,0
88,78,16.5,162.94,458.09,98.53,45.74,none,0
88,79,16.5,182.33,486.2,102.45,36.03,none,0
88,80,16.5,168.05,468.49,100.22,49.6,none,0
88,81,16.5,174.01,430.77,99.76,32.74,none,0
88,82,16.5,173.26,452.49,96.2,29.64,none,0
88,83,16.5,166.03,457.24,100.44,38.62,none,0
88,84,16.5,175.88,441.99,93.5,37.15,none,0
88,85,16.5,175.49,430.66,100.58,45.05,none,0
88,86,16.5,166.56,462.11,98.26,24.62,none,0
88,87,16.5,162.92,483.03,97.45,42.27,none,0
88,88,16.5,159.19,412.61,102.98,40.96,none,0
88,89,16.5,164.86,449.41,99.0,31.15,none,0
88,90,16.5,161.12,475.53,100.49,44.92,none,0
88,91,16.5,171.21,428.32,93.82,39.03,none,0
88,92,16.5,170.9,469.86,103.69,45.95,none,0
88,93,16.5,177.08,447.17,102.54,52.82,none,0
88,94,16.5,172.79,482.27,98.22,48.19,none,0
88,95,16.5,173.73,474.38,101.15,45.33,none,0
88,96,16.5,167.34,481.08,97.41,40.65,none,0
88,97,16.5,181.45,474.06,95.62,36.7,none,0
88,98,16.5,166.75,505.25,101.45,61.82,none,0
88,99,16.5,177.12,410.94,103.46,52.88,none,0
88,100,16.5,174.45,456.19,105.16,35.71,none,0
88,101,16.5,169.7,437.89,98.27,34.34,none,0
88,102,16.5,174.9,456.21,98.26,24.98,none,0
88,103,16.5,172.9,474.32,100.52,30.58,none,0
88,104,16.5,163.13,440.02,96.1,38.38,none,0
88,105,16.5,171.42,453.59,104.61,42.41,none,0
88,106,16.5,170.55,427.29,98.91,42.06,none,0
88,107,16.5,166.79,468.03,100.67,46.6,none,0
88,108,16.5,163.44,417.7,99.88,40.05,none,0
88,109,16.5,171.1,466.64,99.09,56.93,none,0
88,110,16.5,175.49,446.05,103.81,40.41,none,0
88,111,16.5,164.82,423.98,102.19,41.75,none,0
88,112,16.5,175.32,467.26,100.55,39.69,none,0
88,113,16.5,171.32,412.22,103.18,45.21,none,0
88,114,16.5,170.48,458.45,109.08,30.85,none,0
88,115,16.5,165.5,445.51,102.73,39.28,none,0
88,116,16.5,173.76,471.87,96.95,29.4,none,0
88,117,16.5,176.28,458.79,102.13,60.76,none,0
88,118,16.5,164.03,439.82,93.11,44.41,none,0
88,119,16.5,156.89,437.64,102.98,46.22,none,0
89,0,0.3,177.1,443.01,94.59,44.34,none,0
89,1,0.3,169.75,439.41,98.25,30.85,none,0
89,2,0.3,172.84,492.5,101.1,38.15,none,0
89,3,0.3,167.88,485.98,100.52,61.51,none,0
89,4,0.3,167.52,457.66,102.2,35.75,none,0
89,5,0.3,166.38,433.57,105.73,36.09,none,0
89,6,0.3,174.83,441.6,98.67,33.78,none,0
89,7,0.3,164.64,451.0,99.77,39.16,none,0
89,8,0.3,166.76,452.12,96.11,44.0,none,0
89,9,0.3,174.24,438.38,95.15,49.89,none,0
89,10,0.3,172.0,503.23,100.29,31.75,none,0
89,11,0.3,168.44,430.09,95.75,38.25,none,0
89,12,0.3,158.7,475.29,99.08,40.03,none,0
89,13,0.3,170.37,442.9,98.49,41.82,none,0
89,14,0.3,178.75,431.43,105.34,51.85,none,0
89,15,0.3,168.61,448.37,99.88,41.34,none,0
89,16,0.3,179.19,408.44,97.53,49.74,none,0
89,17,0.3,169.39,444.11,95.91,41.0,none,0
89,18,0.3,172.04,471.06,102.65,33.31,none,0
89,19,0.3,167.24,400.26,101.33,37.75,none,0
89,20,0.3,172.29,416.84,105.0,38.78,none,0
89,21,0.3,170.13,408.08,98.66,32.07,none,0
89,22,0.3,163.13,443.67,100.57,57.75,none,0
89,23,0.3,158.99,428.24,97.78,37.71,none,0
89,24,0.3,171.69,454.47,94.92,51.47,none,0
89,25,0.3,161.17,458.97,103.46,34.74,none,0
89,26,0.3,170.58,421.46,96.41,32.17,none,0
89,27,0.3,168.44,423.61,98.51,48.33,none,0
89,28,0.3,168.98,469.93,98.7,22.18,none,0
89,29,0.3,162.04,487.61,99.32,35.64,none,0
89,30,0.3,168.35,483.57,96.31,48.09,none,0
89,31,0.3,175.34,460.43,98.1,54.55,none,0
89,32,0.3,176.66,458.14,94.82,46.55,none,0
89,33,0.3,167.49,435.24,101.29,43.69,none,0
89,34,0.3,175.15,450.32,97.07,54.12,none,0
89,35,0.3,170.41,460.57,98.53,31.59,none,0
89,36,0.3,174.63,471.62,104.39,36.95,none,0
89,37,0.3,167.13,462.7,98.1,37.99,none,0
89,38,0.3,164.16,462.72,100.41,36.55,none,0
89,39,0.3,172.65,435.0,101.97,41.54,none,0
89,40,0.3,164.87,420.06,100.77,42.76,none,0
89,41,0.3,174.67,458.79,102.79,32.3,none,0
89,42,0.3,179.9,447.03,97.23,48.69,none,0
89,43,0.3,169.3,443.95,93.55,30.48,none,0
89,44,0.3,170.43,425.29,96.22,48.69,none,0
89,45,0.3,173.09,446.04,98.98,23.92,none,0
89,46,0.3,177.75,483.62,103.06,43.08,none,0
89,47,0.3,166.45,423.63,94.84,40.33,none,0
89,48,0.3,165.93,412.0,104.99,57.0,none,0
89,49,0.3,156.55,452.06,101.1,40.89,none,0
89,50,0.3,168.33,435.75,105.54,34.84,none,0
89,51,0.3,172.44,462.17,99.69,47.25,none,0
89,52,0.3,173.48,462.99,99.47,50.63,none,0
89,53,0.3,167.12,446.08,96.49,51.07,none,0
89,54,0.3,167.34,461.68,104.94,36.96,none,0
89,55,0.3,162.18,425.29,101.82,44.23,none,0
89,56,0.3,170.64,464.75,99.42,40.76,none,0
89,57,0.3,172.26,459.28,99.79,43.12,none,0
89,58,0.3,175.67,484.09,98.93,51.02,none,0
89,59,0.3,171.57,452.8,102.92,47.01,none,0
89,60,0.3,167.26,457.13,97.84,46.14,none,0
89,61,0.3,164.97,440.53,102.46,48.61,none,0
89,62,0.3,172.87,474.63,102.48,37.35,none,0
89,63,0.3,177.07,448.62,103.23,32.34,none,0
89,64,0.3,164.73,415.94,103.78,42.82,none,0
89,65,0.3,174.52,474.86,96.27,41.93,none,0
89,66,0.3,172.5,469.1,100.09,43.24,none,0
89,67,0.3,170.71,414.6,96.1,33.41,none,0
89,68,0.3,166.24,494.67,99.63,44.58,none,0
89,69,0.3,176.16,482.04,101.88,45.25,none,0
89,70,0.3,171.96,412.12,98.85,48.42,none,0
89,71,0.3,161.12,455.12,101.08,40.72,none,0
89,72,0.3,174.07,446.47,98.48,42.76,none,0
89,73,0.3,170.97,436.67,96.35,27.15,none,0
89,74,0.3,161.84,451.43,95.35,32.05,none,0
89,75,0.3,164.13,444.2,98.12,42.93,none,0
89,76,0.3,171.97,456.45,99.27,45.22,none,0
89,77,0.3,167.63,453.44,96.18,35.71,none,0
89,78,0.3,157.45,457.55,94.82,44.91,none,0
89,79,0.3,161.84,423.97,94.05,34.7,none,0
89,80,0.3,161.16,462.9,99.68,40.32,none,0
89,81,0.3,169.09,424.36,98.61,44.74,none,0
89,82,0.3,161.16,426.06,103.52,47.02,none,0
89,83,0.3,168.33,424.97,100.13,55.62,none,0
89,84,0.3,175.21,499.24,100.36,45.06,none,0
89,85,0.3,171.93,439.26,96.78,34.51,none,0
89,86,0.3,177.94,455.39,104.32,40.8,none,0
89,87,0.3,173.19,483.61,97.75,41.84,none,0
89,88,0.3,166.74,482.51,98.47,52.86,none,0
89,89,0.3,173.85,445.95,99.44,45.11,none,0
89,90,0.3,173.78,415.92,101.27,38.38,none,0
89,91,0.3,167.94,446.75,98.96,51.51,none,0
89,92,0.3,166.74,439.39,103.37,49.98,none,0
89,93,0.3,180.26,468.69,98.39,36.25,none,0
89,94,0.3,168.58,470.69,101.24,45.71,none,0
89,95,0.3,168.4,432.35,101.58,45.59,none,0
89,96,0.3,174.08,429.06,100.05,39.02,none,0
89,97,0.3,172.55,454.51,101.44,39.99,none,0
89,98,0.3,168.36,475.03,100.85,50.54,none,0
89,99,0.3,168.06,469.24,99.86,41.88,none,0
89,100,0.3,172.76,438.02,103.39,55.24,none,0
89,101,0.3,169.79,470.13,98.04,37.1,none,0
89,102,0.3,173.56,430.27,97.46,37.79,none,0
89,103,0.3,169.89,434.67,97.77,44.74,none,0
89,104,0.3,165.16,463.27,94.54,41.61,none,0
89,105,0.3,169.52,477.57,100.02,30.85,none,0
89,106,0.3,161.74,441.71,99.33,54.6,none,0
89,107,0.3,171.06,461.52,97.45,39.82,none,0
89,108,0.3,164.71,468.97,99.4,31.92,none,0
89,109,0.3,163.99,489.33,103.18,34.26,none,0
89,110,0.3,169.97,444.59,106.13,40.2,none,0
89,111,0.3,168.58,477.48,105.3,40.08,none,0
89,112,0.3,166.81,451.93,98.58,33.96,none,0
89,113,0.3,168.13,456.94,96.17,45.61,none,0
89,114,0.3,175.29,472.84,99.59,43.21,none,0
89,115,0.3,170.28,479.43,100.87,46.1,none,0
89,116,0.3,166.74,460.01,100.42,53.75,none,0
89,117,0.3,160.95,448.87,97.88,29.84,none,0
89,118,0.3,171.17,466.31,102.24,34.55,none,0
89,119,0.3,176.18,438.49,106.1,40.19,none,0
90,0,9.2,152.18,389.7,112.09,71.64,comp2,1
90,1,9.2,182.76,441.88,95.07,34.49,none,0
90,2,9.2,168.58,440.56,99.5,44.9,none,0
90,3,9.2,172.36,477.49,100.15,47.59,none,0
90,4,9.2,176.72,455.02,93.98,42.09,none,0
90,5,9.2,170.77,458.96,106.24,34.37,none,0
90,6,9.2,169.55,474.34,104.97,40.88,none,0
90,7,9.2,173.35,448.49,101.88,36.59,none,0
90,8,9.2,170.13,412.98,99.45,48.98,none,0
90,9,9.2,167.45,468.18,99.14,33.86,none,0
90,10,9.2,169.55,424.71,98.79,41.43,none,0
90,11,9.2,168.97,452.16,102.91,36.29,none,0
90,12,9.2,164.05,433.57,100.18,47.6,none,0
90,13,9.2,166.6,439.01,101.7,45.94,none,0
90,14,9.2,169.59,424.94,96.82,40.91,none,0
90,15,9.2,171.85,460.18,101.75,55.76,none,0
90,16,9.2,180.86,460.11,100.74,41.9,none,0
90,17,9.2,174.62,469.61,100.08,40.28,none,0
90,18,9.2,172.14,433.18,105.2,30.91,none,0
90,19,9.2,173.02,477.12,100.95,36.72,none,0
90,20,9.2,171.24,435.62,102.21,37.57,none,0
90,21,9.2,176.11,423.44,101.93,35.15,none,0
90,22,9.2,169.59,484.98,99.7,51.5,none,0
90,23,9.2,169.36,407.76,100.02,42.23,none,0
90,24,9.2,179.5,456.33,96.98,48.1,none,0
90,25,9.2,170.86,452.85,99.92,29.53,none,0
90,26,9.2,178.39,453.32,101.09,28.38,none,0
90,27,9.2,167.52,440.79,99.4,28.25,none,0
90,28,9.2,167.92,477.22,97.99,38.24,none,0
90,29,9.2,169.03,472.75,101.72,27.46,none,0
90,30,9.2,168.42,436.41,94.18,52.32,none,0
90,31,9.2,167.88,428.51,100.2,37.08,none,0
90,32,9.2,169.59,455.66,102.43,31.87,none,0
90,33,9.2,172.84,418.24,96.4,43.74,none,0
90,34,9.2,169.8,458.29,104.57,43.58,none,0
90,35,9.2,176.44,454.55,99.09,32.61,none,0
90,36,9.2,170.23,477.44,101.58,32.54,none,0
90,37,9.2,168.93,408.25,99.86,28.61,none,0
90,38,9.2,167.42,463.71,96.76,42.1,none,0
90,39,9.2,163.85,469.74,97.1,35.55,none,0
90,40,9.2,158.95,473.31,100.49,32.24,none,0
90,41,9.2,167.29,461.38,98.93,36.11,none,0
90,42,9.2,172.55,454.57,99.59,48.36,none,0
90,43,9.2,180.02,449.88,102.42,56.23,none,0
90,44,9.2,174.69,480.69,101.97,37.09,none,0
90,45,9.2,169.29,446.84,97.28,36.98,none,0
90,46,9.2,164.62,436.76,95.72,30.69,none,0
90,47,9.2,166.59,434.85,95.44,29.19,none,0
90,48,9.2,170.05,416.95,102.81,48.18,none,0
90,49,9.2,179.03,457.83,97.71,34.78,none,0
90,50,9.2,168.07,474.24,100.88,37.07,none,0
90,51,9.2,175.65,435.41,101.96,36.36,none,0
90,52,9.2,173.67,466.86,103.37,34.58,none,0
90,53,9.2,171.36,478.23,95.4,31.71,none,0
90,54,9.2,164.95,422.95,107.21,22.27,none,0
90,55,9.2,167.87,424.85,101.36,36.89,none,0
90,56,9.2,166.09,445.01,103.5,55.08,none,0
90,57,9.2,167.6,439.18,93.4,48.23,none,0
90,58,9.2,168.1,432.06,105.33,37.34,none,0
90,59,9.2,173.57,423.07,99.68,44.66,none,0
90,60,9.2,174.47,482.65,98.87,39.92,none,0
90,61,9.2,171.49,466.56,96.92,53.84,none,0
90,62,9.2,171.83,410.37,103.6,39.07,none,0
90,63,9.2,171.06,462.26,94.64,45.99,none,0
90,64,9.2,168.17,435.59,100.2,35.96,none,0
90,65,9.2,176.21,453.5,101.54,40.65,none,0
90,66,9.2,176.41,441.06,104.1,40.15,none,0
90,67,9.2,170.52,430.7,92.0,42.88,none,0
90,68,9.2,179.77,457.12,96.8,48.18,none,0
90,69,9.2,171.39,498.67,97.9,53.48,none,0
90,70,9.2,162.8,397.51,97.53,37.92,none,0
90,71,9.2,180.46,449.58,98.9,57.66,none,0
90,72,9.2,175.65,432.51,102.73,34.68,none,0
90,73,9.2,172.59,442.3,99.1,42.59,none,0
90,74,9.2,168.86,444.43,95.37,41.08,none,0
90,75,9.2,165.29,407.93,102.99,40.17,none,0
90,76,9.2,169.74,453.22,101.16,27.46,none,0
90,77,9.2,168.93,516.97,98.78,29.81,none,0
90,78,9.2,166.04,442.59,98.27,52.54,none,0
90,79,9.2,167.91,416.31,100.15,27.84,none,0
90,80,9.2,171.67,439.58,98.9,25.57,none,0
90,81,9.2,174.21,442.05,101.96,51.43,none,0
90,82,9.2,173.02,463.15,99.8,43.62,none,0
90,83,9.2,161.68,425.96,97.36,42.98,none,0
90,84,9.2,164.08,483.77,99.51,45.05,none,0
90,85,9.2,171.09,450.02,103.65,37.22,none,0
90,86,9.2,170.2,440.3,105.81,28.75,none,0
90,87,9.2,172.84,441.65,99.74,47.44,none,0
90,88,9.2,164.15,463.71,97.83,37.76,none,0
90,89,9.2,174.03,442.02,100.01,49.7,none,0
90,90,9.2,166.42,437.64,105.38,42.04,none,0
90,91,9.2,173.15,455.91,100.26,48.28,none,0
90,92,9.2,171.27,455.64,95.7,19.39,none,0
90,93,9.2,177.7,448.62,102.16,55.82,none,0
90,94,9.2,171.47,449.51,98.55,31.77,none,0
90,95,9.2,165.28,431.11,102.17,40.39,none,0
90,96,9.2,169.12,474.55,98.52,39.52,none,0
90,97,9.2,170.01,498.39,97.41,32.0,none,0
90,98,9.2,166.63,464.8,99.88,41.12,none,0
90,99,9.2,173.94,446.85,96.77,36.73,none,0
90,100,9.2,165.9,426.4,97.88,28.21,none,0
90,101,9.2,170.42,466.62,103.18,43.5,none,0
90,102,9.2,169.61,402.29,99.98,37.5,none,0
90,103,9.2,172.47,455.59,98.28,57.19,none,0
90,104,9.2,168.76,430.08,101.41,32.25,none,0
90,105,9.2,170.45,457.56,102.14,38.43,none,0
90,106,9.2,166.05,455.9,98.87,44.89,none,0
90,107,9.2,167.44,479.53,101.26,23.08,none,0
90,108,9.2,172.45,449.83,102.21,25.44,none,0
90,109,9.2,173.27,443.45,100.66,28.71,none,0
90,110,9.2,178.78,427.42,98.32,45.63,none,0
90,111,9.2,167.52,456.22,103.47,58.28,none,0
90,112,9.2,172.25,447.97,100.04,28.28,none,0
90,113,9.2,164.33,461.07,101.06,33.31,none,0
90,114,9.2,165.23,414.17,103.63,55.71,none,0
90,115,9.2,175.89,445.35,92.4,37.93,none,0
90,116,9.2,166.21,450.06,107.2,43.39,none,0
90,117,9.2,168.85,451.61,93.85,38.02,none,0
90,118,9.2,166.32,469.88,100.51,30.82,none,0
90,119,9.2,167.55,440.88,96.15,52.68,none,0
91,0,16.6,170.99,455.5,97.6,22.11,none,0
91,1,16.6,176.66,449.56,97.91,25.18,none,0
91,2,16.6,171.98,470.11,99.07,44.56,none,0
91,3,16.6,172.38,461.65,103.26,27.47,none,0
91,4,16.6,175.92,426.97,102.83,42.58,none,0
91,5,16.6,166.22,462.77,103.42,33.79,none,0
91,6,16.6,168.05,469.13,99.24,34.99,none,0
91,7,16.6,174.87,445.48,97.09,28.78,none,0
91,8,16.6,168.84,439.22,102.9,40.4,none,0
91,9,16.6,165.11,449.26,95.35,35.21,none,0
91,10,16.6,175.42,463.53,102.22,29.9,none,0
91,11,16.6,169.22,472.74,100.04,46.21,none,0
91,12,16.6,160.7,462.22,102.89,40.97,none,0
91,13,16.6,177.8,431.75,102.74,27.48,none,0
91,14,16.6,171.88,448.08,100.31,33.09,none,0
91,15,16.6,173.47,437.27,104.79,37.78,none,0
91,16,16.6,167.9,471.31,97.4,25.16,none,0
91,17,16.6,160.87,491.31,99.98,36.4,none,0
91,18,16.6,171.31,445.04,97.49,43.83,none,0
91,19,16.6,178.77,471.7,99.52,31.65,none,0
91,20,16.6,171.94,454.66,102.4,41.95,none,0
91,21,16.6,180.93,465.59,94.55,35.82,none,0
91,22,16.6,168.13,463.09,93.68,44.95,none,0
91,23,16.6,164.62,460.78,103.44,37.18,none,0
91,24,16.6,162.28,438.97,101.46,47.19,none,0
91,25,16.6,174.26,467.25,98.24,48.17,none,0
91,26,16.6,171.43,495.28,100.39,50.11,none,0
91,27,16.6,163.18,439.79,98.72,43.18,none,0
91,28,16.6,172.61,421.7,100.12,31.88,none,0
91,29,16.6,176.64,443.79,97.74,44.2,none,0
91,30,16.6,171.38,486.69,95.91,40.92,none,0
91,31,16.6,169.88,425.54,100.85,38.06,none,0
91,32,16.6,173.91,487.42,92.88,52.31,none,0
91,33,16.6,169.83,435.9,100.03,30.21,none,0
91,34,16.6,167.01,445.17,100.14,38.88,none,0
91,35,16.6,161.27,433.68,102.43,34.67,none,0
91,36,16.6,168.35,482.09,102.84,31.7,none,0
91,37,16.6,170.46,438.5,95.05,41.19,none,0
91,38,16.6,170.14,411.68,104.68,37.5,none,0
91,39,16.6,179.52,475.54,100.11,44.57,none,0
91,40,16.6,173.68,467.95,100.26,54.21,none,0
91,41,16.6,176.61,449.73,102.09,40.85,none,0
91,42,16.6,171.23,443.03,100.29,50.78,none,0
91,43,16.6,177.67,438.62,99.91,56.99,none,0
91,44,16.6,168.15,442.07,96.7,25.11,none,0
91,45,16.6,176.02,445.16,99.75,53.71,none,0
91,46,16.6,165.32,444.61,100.86,45.63,none,0
91,47,16.6,168.17,456.46,101.89,44.63,none,0
91,48,16.6,163.86,438.62,101.61,45.83,none,0
91,49,16.6,170.02,456.97,99.29,37.31,none,0
91,50,16.6,175.22,433.78,100.3,38.29,none,0
91,51,16.6,173.25,473.78,94.36,50.13,none,0
91,52,16.6,172.16,470.98,101.5,38.92,none,0
91,53,16.6,172.22,456.09,102.31,41.34,none,0
91,54,16.6,170.04,459.04,98.13,38.18,none,0
91,55,16.6,172.53,474.14,101.86,42.68,none,0
91,56,16.6,163.25,448.19,103.35,36.01,none,0
91,57,16.6,162.09,480.36,100.89,43.65,none,0
91,58,16.6,165.73,455.45,102.63,39.92,none,0
91,59,16.6,167.55,473.93,101.07,38.25,none,0
91,60,16.6,166.16,450.97,101.9,50.88,none,0
91,61,16.6,180.22,432.7,95.17,45.64,none,0
91,62,16.6,172.82,427.46,109.49,28.77,none,0
91,63,16.6,170.29,470.44,100.35,49.91,none,0
91,64,16.6,174.74,485.09,90.79,44.36,none,0
91,65,16.6,162.18,446.58,96.15,28.26,none,0
91,66,16.6,171.69,448.19,104.4,35.8,none,0
91,67,16.6,161.05,411.61,99.5,41.39,none,0
91,68,16.6,170.56,448.4,97.04,45.37,none,0
91,69,16.6,171.57,454.9,96.52,36.74,none,0
91,70,16.6,171.56,431.37,104.98,42.67,none,0
91,71,16.6,169.27,461.38,97.94,52.22,none,0
91,72,16.6,160.79,450.54,104.25,53.48,none,0
91,73,16.6,174.16,442.56,104.84,40.71,none,0
91,74,16.6,163.63,453.5,100.58,34.19,none,0
91,75,16.6,172.19,412.74,104.62,41.79,none,0
91,76,16.6,162.56,442.74,102.25,34.92,none,0
91,77,16.6,177.34,467.36,101.97,32.19,none,0
91,78,16.6,166.36,448.31,95.43,39.57,none,0
91,79,16.6,166.14,406.67,97.95,42.12,none,0
91,80,16.6,168.82,442.02,97.78,35.36,none,0
91,81,16.6,170.87,432.87,97.98,23.42,none,0
91,82,16.6,179.34,464.22,104.11,39.62,none,0
91,83,16.6,167.92,449.89,98.05,29.71,none,0
91,84,16.6,168.83,433.92,103.53,43.4,none,0
91,85,16.6,181.36,479.21,96.8,37.65,none,0
91,86,16.6,158.21,441.79,93.97,41.38,none,0
91,87,16.6,175.5,467.75,99.66,46.51,none,0
91,88,16.6,172.72,440.55,106.77,40.38,none,0
91,89,16.6,172.02,404.46,98.31,33.18,none,0
91,90,16.6,167.39,458.62,96.46,43.37,none,0
91,91,16.6,177.53,470.89,101.87,24.52,none,0
91,92,16.6,169.41,431.42,98.69,49.18,none,0
91,93,16.6,176.3,429.37,100.27,48.35,none,0
91,94,16.6,155.52,458.58,97.46,49.55,none,0
91,95,16.6,169.27,476.3,97.18,36.49,none,0
91,96,16.6,169.28,432.7,97.84,47.45,none,0
91,97,16.6,157.83,472.43,104.54,28.82,none,0
91,98,16.6,177.88,455.24,99.18,32.68,none,0
91,99,16.6,168.08,441.35,98.04,40.76,none,0
91,100,16.6,167.86,460.98,99.42,46.91,none,0
91,101,16.6,170.92,443.11,98.03,33.44,none,0
91,102,16.6,170.03,426.97,103.22,31.02,none,0
91,103,16.6,167.06,427.28,96.85,34.4,none,0
91,104,16.6,174.55,447.98,102.83,39.78,none,0
91,105,16.6,163.17,423.78,103.34,58.98,none,0
91,106,16.6,165.8,449.71,98.45,46.25,none,0
91,107,16.6,168.25,447.04,98.57,39.2,none,0
91,108,16.6,173.56,429.7,100.59,19.72,none,0
91,109,16.6,177.37,477.7,95.58,35.17,none,0
91,110,16.6,174.84,458.58,101.51,49.43,none,0
91,111,16.6,174.82,433.42,103.92,34.39,none,0
91,112,16.6,176.56,447.99,101.81,40.99,none,0
91,113,16.6,172.98,437.4,96.42,49.34,none,0
91,114,16.6,160.96,490.36,101.09,35.38,none,0
91,115,16.6,162.15,453.08,96.64,38.03,none,0
91,116,16.6,159.77,440.32,105.99,37.0,none,0
91,117,16.6,172.13,470.73,102.77,45.03,none,0
91,118,16.6,170.37,433.95,94.32,29.88,none,0
91,119,16.6,171.55,457.39,100.89,43.79,none,0
92,0,10.7,163.64,448.45,101.14,46.58,none,0
92,1,10.7,173.08,459.23,97.61,50.55,none,0
92,2,10.7,168.14,453.05,98.78,47.67,none,0
92,3,10.7,182.98,459.2,100.06,32.47,none,0
92,4,10.7,163.99,423.64,101.33,47.08,none,0
92,5,10.7,170.02,483.47,98.93,38.42,none,0
92,6,10.7,174.66,448.34,101.37,52.67,none,0
92,7,10.7,163.3,482.01,96.85,45.2,none,0
92,8,10.7,164.44,432.64,100.6,40.44,none,0
92,9,10.7,165.61,463.93,102.0,44.32,none,0
92,10,10.7,169.51,472.35,100.67,29.16,none,0
92,11,10.7,173.92,457.22,104.06,49.84,none,0
92,12,10.7,174.5,472.42,99.22,33.85,none,0
92,13,10.7,173.56,436.56,99.09,36.92,none,0
92,14,10.7,167.67,450.08,100.26,46.88,none,0
92,15,10.7,165.03,445.01,107.22,37.23,none,0
92,16,10.7,172.87,444.88,98.72,22.04,none,0
92,17,10.7,171.79,491.8,101.02,27.44,none,0
92,18,10.7,169.34,476.42,97.96,53.63,none,0
92,19,10.7,172.97,430.98,97.64,43.8,none,0
92,20,10.7,177.36,439.49,104.94,26.05,none,0
92,21,10.7,166.75,410.39,100.25,39.36,none,0
92,22,10.7,174.74,462.73,100.85,39.7,none,0
92,23,10.7,170.42,453.66,103.05,46.44,none,0
92,24,10.7,161.46,440.58,102.73,47.24,none,0
92,25,10.7,169.53,457.17,101.28,41.35,none,0
92,26,10.7,180.06,394.84,97.76,50.5,none,0
92,27,10.7,167.85,445.26,93.65,29.84,none,0
92,28,10.7,181.36,458.0,102.91,38.13,none,0
92,29,10.7,175.55,456.72,97.34,41.26,none,0
92,30,10.7,170.43,479.79,95.44,36.58,none,0
92,31,10.7,176.49,448.92,99.81,39.69,none,0
92,32,10.7,161.2,460.47,97.73,42.73,none,0
92,33,10.7,162.98,449.4,104.91,35.81,none,0
92,34,10.7,179.55,461.11,101.72,31.82,none,0
92,35,10.7,165.17,437.73,98.34,23.67,none,0
92,36,10.7,173.58,436.19,98.13,46.77,none,0
92,37,10.7,169.96,454.02,100.16,34.17,none,0
92,38,10.7,169.48,442.97,94.43,38.07,none,0
92,39,10.7,175.36,464.45,103.54,55.53,none,0
92,40,10.7,166.27,468.19,102.23,45.04,none,0
92,41,10.7,172.24,442.29,99.43,38.57,none,0
92,42,10.7,173.41,442.09,103.05,24.6,none,0
92,43,10.7,158.05,465.53,98.72,45.87,none,0
92,44,10.7,172.65,476.29,103.93,52.08,none,0
92,45,10.7,164.94,431.71,98.88,37.47,none,0
92,46,10.7,170.18,446.35,96.38,28.08,none,0
92,47,10.7,161.93,472.04,93.77,35.81,none,0
92,48,10.7,169.06,456.09,98.76,39.57,none,0
92,49,10.7,173.99,405.9,102.02,47.96,none,0
92,50,10.7,178.57,478.43,100.51,20.95,none,0
92,51,10.7,168.98,440.8,97.19,38.88,none,0
92,52,10.7,170.85,484.79,102.74,43.14,none,0
92,53,10.7,175.28,433.92,100.57,42.02,none,0
92,54,10.7,159.19,430.57,101.8,49.38,none,0
92,55,10.7,169.95,477.03,98.3,49.14,none,0
92,56,10.7,172.87,477.24,95.29,43.29,none,0
92,57,10.7,174.55,485.79,99.43,30.91,none,0
92,58,10.7,166.26,460.41,99.17,45.93,none,0
92,59,10.7,163.15,442.47,102.61,48.44,none,0
92,60,10.7,164.09,442.86,101.38,34.2,none,0
92,61,10.7,163.77,436.62,97.44,21.49,none,0
92,62,10.7,170.2,446.07,95.33,27.49,none,0
92,63,10.7,173.4,401.97,103.32,29.69,none,0
92,64,10.7,172.83,455.37,99.31,37.68,none,0
92,65,10.7,174.61,470.78,97.88,26.97,none,0
92,66,10.7,174.48,409.76,100.54,50.03,none,0
92,67,10.7,172.69,474.46,97.57,35.89,none,0
92,68,10.7,167.73,427.16,105.32,46.86,none,0
92,69,10.7,171.79,442.96,105.47,32.07,none,0
92,70,10.7,168.71,484.6,96.35,28.4,none,0
92,71,10.7,170.69,435.46,97.96,23.05,none,0
92,72,10.7,163.74,439.71,98.0,49.49,none,0
92,73,10.7,180.13,462.02,104.29,47.02,none,0
92,74,10.7,167.02,415.63,106.33,37.69,none,0
92,75,10.7,163.19,445.0,101.38,54.96,none,0
92,76,10.7,167.74,438.71,98.27,59.91,none,0
92,77,10.7,172.83,428.09,94.87,52.55,none,0
92,78,10.7,166.51,419.6,92.93,29.43,none,0
92,79,10.7,168.27,465.98,96.53,42.42,none,0
92,80,10.7,170.76,436.65,98.56,28.22,none,0
92,81,10.7,173.5,430.41,101.61,22.18,none,0
92,82,10.7,172.12,442.43,97.28,53.53,none,0
92,83,10.7,168.86,426.36,97.62,51.73,none,0
92,84,10.7,167.41,415.99,100.42,40.34,none,0
92,85,10.7,165.52,429.16,101.21,36.85,none,0
92,86,10.7,173.73,419.21,94.55,31.6,none,0
92,87,10.7,170.43,446.16,99.15,30.24,none,0
92,88,10.7,177.16,475.94,98.28,29.99,none,0
92,89,10.7,168.4,469.77,101.09,29.51,none,0
92,90,10.7,164.77,475.71,98.41,31.26,none,0
92,91,10.7,160.12,435.86,99.19,35.76,none,0
92,92,10.7,171.04,460.25,95.32,40.46,none,0
92,93,10.7,172.08,485.33,94.1,46.06,none,0
92,94,10.7,173.88,423.0,97.89,39.94,none,0
92,95,10.7,166.89,468.33,94.64,39.69,none,0
92,96,10.7,165.34,456.87,104.74,33.41,none,0
92,97,10.7,170.75,462.04,98.45,36.87,none,0
92,98,10.7,174.69,463.09,104.61,23.99,none,0
92,99,10.7,172.65,451.3,102.15,52.32,none,0
92,100,10.7,167.14,457.38,95.03,36.29,none,0
92,101,10.7,171.71,460.44,96.72,33.87,none,0
92,102,10.7,172.03,447.36,103.48,51.95,none,0
92,103,10.7,172.68,423.27,100.3,43.84,none,0
92,104,10.7,169.36,456.57,102.16,35.69,none,0
92,105,10.7,167.62,480.47,104.59,33.27,none,0
92,106,10.7,178.47,458.22,99.28,35.85,none,0
92,107,10.7,174.57,424.35,100.95,38.88,none,0
92,108,10.7,174.06,443.79,101.7,34.23,none,0
92,109,10.7,176.8,436.43,93.27,38.24,none,0
92,110,10.7,172.47,437.17,100.88,42.8,none,0
92,111,10.7,175.41,451.62,98.34,44.14,none,0
92,112,10.7,173.5,437.32,99.98,47.88,none,0
92,113,10.7,166.72,457.24,101.13,38.03,none,0
92,114,10.7,176.4,425.24,98.48,57.71,none,0
92,115,10.7,175.19,470.01,99.7,35.04,none,0
92,116,10.7,173.61,465.1,100.75,33.68,none,0
92,117,10.7,165.96,451.55,97.07,53.0,none,0
92,118,10.7,178.02,420.78,95.82,54.24,none,0
92,119,10.7,171.47,436.07,98.79,49.05,none,0
93,0,14.2,148.9,342.72,112.77,65.78,comp4,1
93,1,14.2,172.36,439.9,103.44,40.16,none,0
93,2,14.2,172.07,459.06,100.47,32.14,none,0
93,3,14.2,166.31,468.46,103.67,33.89,none,0
93,4,14.2,170.73,460.62,101.5,50.35,none,0
93,5,14.2,173.89,436.59,102.06,36.23,none,0
93,6,14.2,163.38,401.7,103.68,38.95,none,0
93,7,14.2,168.78,451.43,93.77,47.72,none,0
93,8,14.2,165.6,468.11,95.0,27.74,none,0
93,9,14.2,172.18,444.93,98.32,36.31,none,0
93,10,14.2,164.93,455.83,105.25,42.93,none,0
93,11,14.2,171.27,460.69,98.39,46.15,none,0
93,12,14.2,174.46,424.92,101.01,48.73,none,0
93,13,14.2,168.52,434.66,100.09,28.45,none,0
93,14,14.2,169.53,465.89,100.74,49.48,none,0
93,15,14.2,169.43,460.38,96.84,45.69,none,0
93,16,14.2,163.18,467.76,104.56,40.5,none,0
93,17,14.2,168.39,427.07,104.35,41.39,none,0
93,18,14.2,170.98,485.4,100.03,35.77,none,0
93,19,14.2,168.63,424.69,99.7,49.81,none,0
93,20,14.2,175.14,456.1,97.68,37.7,none,0
93,21,14.2,181.89,475.1,96.25,46.39,none,0
93,22,14.2,169.43,432.67,102.3,38.66,none,0
93,23,14.2,173.25,442.07,96.51,43.13,none,0
93,24,14.2,163.58,425.31,100.45,37.57,none,0
93,25,14.2,173.49,417.33,99.46,43.71,none,0
93,26,14.2,173.82,448.69,100.63,40.68,none,0
93,27,14.2,167.43,461.84,98.49,44.89,none,0
93,28,14.2,175.15,419.77,101.23,45.12,none,0
93,29,14.2,177.06,450.55,100.99,39.1,none,0
93,30,14.2,168.45,431.65,102.42,35.18,none,0
93,31,14.2,178.85,483.5,97.7,29.35,none,0
93,32,14.2,169.87,461.44,100.26,35.54,none,0
93,33,14.2,172.03,436.64,105.19,44.99,none,0
93,34,14.2,176.64,489.28,99.97,34.82,none,0
93,35,14.2,168.25,483.08,96.31,36.2,none,0
93,36,14.2,164.24,453.55,97.58,29.71,none,0
93,37,14.2,170.05,440.38,99.57,43.94,none,0
93,38,14.2,159.69,471.71,103.62,37.27,none,0
93,39,14.2,169.65,429.75,100.81,42.13,none,0
93,40,14.2,167.5,450.6,97.86,36.25,none,0
93,41,14.2,175.16,447.93,96.66,48.69,none,0
93,42,14.2,174.76,451.04,102.04,38.96,none,0
93,43,14.2,175.13,437.22,99.54,38.97,none,0
93,44,14.2,170.88,430.15,96.24,40.64,none,0
93,45,14.2,170.15,449.69,102.17,40.84,none,0
93,46,14.2,169.3,439.3,97.43,25.46,none,0
93,47,14.2,175.23,454.02,94.66,38.18,none,0
93,48,14.2,167.22,437.98,99.08,35.39,none,0
93,49,14.2,173.3,431.22,97.94,32.14,none,0
93,50,14.2,175.26,434.23,97.15,28.11,none,0
93,51,14.2,163.42,440.81,100.26,31.87,none,0
93,52,14.2,178.13,458.6,100.97,47.4,none,0
93,53,14.2,169.26,457.8,94.86,35.65,none,0
93,54,14.2,169.54,433.9,102.3,38.0,none,0
93,55,14.2,179.95,430.15,101.31,55.1,none,0
93,56,14.2,172.18,469.21,99.68,27.76,none,0
93,57,14.2,163.25,478.0,100.86,28.43,none,0
93,58,14.2,168.3,445.06,100.75,46.63,none,0
93,59,14.2,167.82,452.29,98.87,37.29,none,0
93,60,14.2,170.68,399.52,105.83,34.7,none,0
93,61,14.2,170.23,439.13,99.98,22.48,none,0
93,62,14.2,167.68,408.96,99.8,26.33,none,0
93,63,14.2,172.04,505.34,100.45,40.67,none,0
93,64,14.2,164.1,456.72,103.75,36.42,none,0
93,65,14.2,171.79,448.69,101.91,35.23,none,0
93,66,14.2,170.18,454.73,100.13,40.23,none,0
93,67,14.2,177.43,458.77,96.9,33.72,none,0
93,68,14.2,167.77,428.25,99.76,36.89,none,0
93,69,14.2,166.25,451.38,99.3,43.81,none,0
93,70,14.2,172.88,449.23,95.68,37.63,none,0
93,71,14.2,162.58,440.47,102.61,37.58,none,0
93,72,14.2,169.25,448.48,100.27,35.39,none,0
93,73,14.2,165.48,441.94,100.5,42.04,none,0
93,74,14.2,177.24,456.16,100.82,39.62,none,0
93,75,14.2,160.73,472.72,100.27,33.83,none,0
93,76,14.2,166.76,462.35,100.73,46.55,none,0
93,77,14.2,166.57,452.39,97.63,37.85,none,0
93,78,14.2,176.97,468.18,100.87,45.91,none,0
93,79,14.2,167.61,431.76,100.96,29.15,none,0
93,80,14.2,163.19,455.1,101.64,39.91,none,0
93,81,14.2,173.02,492.2,100.35,45.13,none,0
93,82,14.2,165.74,472.46,102.03,54.92,none,0
93,83,14.2,164.96,431.34,99.44,26.52,none,0
93,84,14.2,168.36,463.71,95.53,38.22,none,0
93,85,14.2,167.33,461.06,96.76,44.7,none,0
93,86,14.2,172.01,462.66,99.66,29.5,none,0
93,87,14.2,167.49,457.48,97.81,32.79,none,0
93,88,14.2,176.84,468.92,102.89,47.25,none,0
93,89,14.2,176.91,452.2,99.73,43.61,none,0
93,90,14.2,180.05,448.36,104.09,52.61,none,0
93,91,14.2,173.65,474.42,95.72,36.22,none,0
93,92,14.2,159.44,442.41,97.27,48.19,none,0
93,93,14.2,175.02,428.15,99.6,30.92,none,0
93,94,14.2,172.61,473.22,100.11,51.45,none,0
93,95,14.2,167.24,465.24,103.79,43.48,none,0
93,96,14.2,171.77,455.08,99.84,39.32,none,0
93,97,14.2,164.55,445.64,98.04,42.41,none,0
93,98,14.2,167.17,439.98,98.36,44.56,none,0
93,99,14.2,170.62,424.95,101.24,36.9,none,0
93,100,14.2,163.52,443.06,99.64,54.01,none,0
93,101,14.2,172.88,433.74,96.25,50.16,none,0
93,102,14.2,167.36,455.68,98.72,37.15,none,0
93,103,14.2,167.0,457.34,102.16,45.78,none,0
93,104,14.2,170.02,438.27,98.1,61.25,none,0
93,105,14.2,171.79,454.25,95.66,43.33,none,0
93,106,14.2,174.73,434.71,98.68,47.44,none,0
93,107,14.2,172.64,446.09,101.66,21.58,none,0
93,108,14.2,172.54,422.46,102.15,43.6,none,0
93,109,14.2,170.67,457.17,103.52,38.81,none,0
93,110,14.2,168.77,449.97,98.3,35.32,none,0
93,111,14.2,170.48,436.15,104.8,44.44,none,0
93,112,14.2,166.18,447.71,97.53,52.32,none,0
93,113,14.2,174.46,452.44,103.62,35.42,none,0
93,114,14.2,169.48,451.87,96.0,41.83,none,0
93,115,14.2,174.75,461.85,98.85,27.56,none,0
93,116,14.2,164.37,445.17,101.83,35.36,none,0
93,117,14.2,170.65,481.01,99.21,49.27,none,0
93,118,14.2,168.48,518.11,99.4,31.31,none,0
93,119,14.2,171.12,444.77,103.55,34.99,none,0
94,0,4.0,164.19,437.12,97.04,49.19,none,0
94,1,4.0,171.34,493.51,97.31,34.51,none,0
94,2,4.0,170.98,417.54,95.93,37.18,none,0
94,3,4.0,162.68,429.28,102.24,39.31,none,0
94,4,4.0,174.44,455.51,94.81,27.32,none,0
94,5,4.0,164.24,437.95,101.25,52.56,none,0
94,6,4.0,173.33,475.87,99.36,50.83,none,0
94,7,4.0,173.1,445.14,98.89,40.78,none,0
94,8,4.0,178.57,427.97,98.45,40.44,none,0
94,9,4.0,171.98,432.14,102.33,48.3,none,0
94,10,4.0,164.15,465.54,98.78,25.02,none,0
94,11,4.0,170.38,425.65,96.71,24.6,none,0
94,12,4.0,171.31,440.42,93.77,27.81,none,0
94,13,4.0,173.66,441.86,103.5,37.53,none,0
94,14,4.0,163.94,474.97,101.23,37.74,none,0
94,15,4.0,170.95,418.08,101.01,33.57,none,0
94,16,4.0,170.46,481.08,101.07,44.39,none,0
94,17,4.0,169.63,445.27,99.85,35.09,none,0
94,18,4.0,169.43,432.84,100.57,33.16,none,0
94,19,4.0,170.58,477.62,99.56,48.31,none,0
94,20,4.0,172.37,458.24,102.22,35.78,none,0
94,21,4.0,175.29,458.55,95.37,62.15,none,0
94,22,4.0,171.18,452.01,100.7,26.49,none,0
94,23,4.0,167.44,428.82,101.33,45.42,none,0
94,24,4.0,174.55,443.25,100.78,49.35,none,0
94,25,4.0,171.5,428.33,100.27,38.62,none,0
94,26,4.0,172.58,458.05,100.81,44.19,none,0
94,27,4.0,164.02,457.25,101.26,38.09,none,0
94,28,4.0,162.97,433.57,91.71,36.51,none,0
94,29,4.0,167.91,473.97,102.18,43.63,none,0
94,30,4.0,173.63,498.31,99.48,40.0,none,0
94,31,4.0,173.55,466.98,101.05,42.9,none,0
94,32,4.0,163.53,460.41,98.49,50.91,none,0
94,33,4.0,164.22,459.49,100.67,47.95,none,0
94,34,4.0,172.74,484.36,101.97,43.4,none,0
94,35,4.0,174.83,418.5,100.23,32.18,none,0
94,36,4.0,174.05,488.48,104.29,56.75,none,0
94,37,4.0,174.05,433.75,101.05,43.75,none,0
94,38,4.0,166.2,445.8,102.17,35.07,none,0
94,39,4.0,173.66,425.12,95.73,46.04,none,0
94,40,4.0,163.37,444.99,96.54,43.95,none,0
94,41,4.0,170.37,445.7,96.42,46.51,none,0
94,42,4.0,168.44,438.19,99.08,46.96,none,0
94,43,4.0,166.04,504.27,96.45,38.51,none,0
94,44,4.0,168.17,446.47,100.28,38.54,none,0
94,45,4.0,175.98,445.28,97.89,39.27,none,0
94,46,4.0,161.27,442.22,97.72,37.57,none,0
94,47,4.0,178.72,458.05,103.39,44.37,none,0
94,48,4.0,171.22,428.76,101.09,42.96,none,0
94,49,4.0,169.95,430.55,103.84,44.2,none,0
94,50,4.0,172.94,446.3,99.49,38.4,none,0
94,51,4.0,166.06,418.67,101.75,28.98,none,0
94,52,4.0,172.01,417.2,97.3,46.96,none,0
94,53,4.0,161.32,471.93,97.66,45.58,none,0
94,54,4.0,169.94,466.22,102.97,37.25,none,0
94,55,4.0,167.5,491.18,104.45,47.89,none,0
94,56,4.0,168.08,412.1,98.5,32.98,none,0
94,57,4.0,178.21,473.24,94.44,43.67,none,0
94,58,4.0,171.46,476.27,97.13,41.64,none,0
94,59,4.0,172.64,446.34,102.68,37.55,none,0
94,60,4.0,172.09,448.21,99.29,45.35,none,0
94,61,4.0,174.74,471.42,103.0,47.83,none,0
94,62,4.0,173.45,417.11,95.83,33.8,none,0
94,63,4.0,173.7,468.64,103.42,32.61,none,0
94,64,4.0,167.48,430.26,98.08,40.43,none,0
94,65,4.0,160.67,461.27,97.03,38.1,none,0
94,66,4.0,168.33,455.09,99.9,45.86,none,0
94,67,4.0,170.33,436.57,97.16,46.5,none,0
94,68,4.0,167.88,434.12,99.92,40.85,none,0
94,69,4.0,158.34,441.54,101.61,42.01,none,0
94,70,4.0,175.25,464.34,104.79,56.42,none,0
94,71,4.0,139.74,361.92,111.55,63.09,comp4,1
94,72,4.0,169.06,439.48,95.27,25.23,none,0
94,73,4.0,164.89,449.08,96.19,34.44,none,0
94,74,4.0,168.65,436.38,96.17,52.04,none,0
94,75,4.0,168.07,449.87,101.85,39.12,none,0
94,76,4.0,166.09,478.97,101.24,42.76,none,0
94,77,4.0,169.86,457.82,99.02,42.07,none,0
94,78,4.0,179.63,439.78,99.5,40.17,none,0
94,79,4.0,171.18,428.37,96.59,30.93,none,0
94,80,4.0,174.84,456.09,100.22,46.97,none,0
94,81,4.0,165.0,472.72,98.26,32.91,none,0
94,82,4.0,169.96,474.31,100.38,29.75,none,0
94,83,4.0,171.58,455.77,95.42,34.62,none,0
94,84,4.0,176.72,425.96,96.28,48.69,none,0
94,85,4.0,169.5,487.79,105.23,45.38,none,0
94,86,4.0,174.37,465.66,100.19,44.74,none,0
94,87,4.0,172.95,470.06,97.31,39.43,none,0
94,88,4.0,176.17,480.11,104.6,36.53,none,0
94,89,4.0,161.59,436.42,103.71,35.7,none,0
94,90,4.0,171.69,467.93,98.89,31.92,none,0
94,91,4.0,167.19,436.85,100.59,48.41,none,0
94,92,4.0,177.53,401.27,99.45,29.31,none,0
94,93,4.0,171.94,470.9,101.71,30.63,none,0
94,94,4.0,168.52,435.52,97.34,38.08,none,0
94,95,4.0,170.33,440.11,102.42,45.28,none,0
94,96,4.0,172.63,474.49,101.52,48.99,none,0
94,97,4.0,168.8,466.34,98.88,40.87,none,0
94,98,4.0,173.31,450.92,97.28,46.48,none,0
94,99,4.0,168.14,461.54,95.47,32.3,none,0
94,100,4.0,181.5,485.07,98.82,24.56,none,0
94,101,4.0,174.76,428.79,103.49,39.3,none,0
94,102,4.0,180.86,412.13,100.83,50.9,none,0
94,103,4.0,163.8,428.84,98.01,39.91,none,0
94,104,4.0,169.43,410.97,100.46,52.96,none,0
94,105,4.0,168.78,428.05,100.86,37.91,none,0
94,106,4.0,173.68,437.19,97.85,30.61,none,0
94,107,4.0,160.49,448.32,100.71,43.41,none,0
94,108,4.0,170.94,447.13,102.61,36.58,none,0
94,109,4.0,169.03,435.61,103.59,45.5,none,0
94,110,4.0,167.4,480.33,101.92,52.99,none,0
94,111,4.0,169.34,456.84,105.19,40.42,none,0
94,112,4.0,174.6,471.3,99.77,25.22,none,0
94,113,4.0,168.18,453.84,101.65,21.17,none,0
94,114,4.0,166.24,454.73,103.13,47.75,none,0
94,115,4.0,165.36,458.85,103.11,49.07,none,0
94,116,4.0,165.74,477.56,98.79,49.35,none,0
94,117,4.0,171.09,473.41,100.16,40.8,none,0
94,118,4.0,174.25,438.21,104.24,49.34,none,0
94,119,4.0,160.12,471.0,96.03,32.13,none,0
95,0,1.4,172.52,483.62,96.42,35.52,none,0
95,1,1.4,172.95,454.15,100.67,41.48,none,0
95,2,1.4,171.37,424.88,96.96,46.34,none,0
95,3,1.4,176.57,430.09,96.22,49.05,none,0
95,4,1.4,170.15,434.72,99.56,40.69,none,0
95,5,1.4,172.36,453.37,101.07,34.16,none,0
95,6,1.4,166.09,436.66,101.62,27.17,none,0
95,7,1.4,175.7,449.72,100.32,40.36,none,0
95,8,1.4,176.32,445.62,102.15,35.98,none,0
95,9,1.4,178.16,468.01,102.01,40.49,none,0
95,10,1.4,173.3,458.63,100.59,48.09,none,0
95,11,1.4,163.26,446.88,95.97,40.96,none,0
95,12,1.4,168.93,445.89,104.02,40.54,none,0
95,13,1.4,176.31,444.08,100.59,33.34,none,0
95,14,1.4,180.29,440.64,102.18,36.33,none,0
95,15,1.4,174.82,438.19,99.99,47.35,none,0
95,16,1.4,172.73,437.12,92.85,29.19,none,0
95,17,1.4,173.74,442.69,97.6,34.79,none,0
95,18,1.4,169.79,445.11,104.14,27.25,none,0
95,19,1.4,171.87,423.27,102.96,37.35,none,0
95,20,1.4,175.04,407.13,93.37,42.72,none,0
95,21,1.4,171.84,464.04,97.79,44.34,none,0
95,22,1.4,179.12,436.97,103.09,49.92,none,0
95,23,1.4,173.79,426.59,99.8,33.93,none,0
95,24,1.4,174.87,468.9,99.72,32.26,none,0
95,25,1.4,159.0,448.57,96.09,32.82,none,0
95,26,1.4,162.94,415.64,97.34,59.7,none,0
95,27,1.4,172.03,439.67,97.88,41.28,none,0
95,28,1.4,177.06,445.77,96.43,41.08,none,0
95,29,1.4,172.52,442.02,102.03,44.02,none,0
95,30,1.4,170.76,425.74,101.29,41.55,none,0
95,31,1.4,170.22,485.38,102.56,52.93,none,0
95,32,1.4,168.92,423.2,97.05,47.53,none,0
95,33,1.4,164.31,475.81,107.79,50.53,none,0
95,34,1.4,169.16,445.34,96.46,44.01,none,0
95,35,1.4,163.26,441.57,103.22,41.64,none,0
95,36,1.4,162.85,454.93,101.56,59.83,none,0
95,37,1.4,171.19,426.0,97.57,41.6,none,0
95,38,1.4,173.68,471.65,97.45,45.61,none,0
95,39,1.4,175.93,441.51,95.0,34.83,none,0
95,40,1.4,164.67,426.2,101.59,51.29,none,0
95,41,1.4,172.99,477.83,103.12,31.81,none,0
95,42,1.4,168.35,428.86,98.52,37.96,none,0
95,43,1.4,166.48,463.57,100.84,36.38,none,0
95,44,1.4,169.64,434.57,97.0,42.78,none,0
95,45,1.4,161.06,444.5,97.7,57.47,none,0
95,46,1.4,162.28,486.81,104.23,48.15,none,0
95,47,1.4,168.64,452.21,98.34,37.59,none,0
95,48,1.4,172.58,447.09,98.86,20.46,none,0
95,49,1.4,176.29,415.5,98.6,32.61,none,0
95,50,1.4,171.25,496.87,101.74,31.32,none,0
95,51,1.4,163.54,444.49,97.65,37.15,none,0
95,52,1.4,166.48,438.87,100.5,46.84,none,0
95,53,1.4,171.75,451.81,97.33,55.71,none,0
95,54,1.4,177.45,421.7,103.87,30.04,none,0
95,55,1.4,170.81,442.38,96.67,25.12,none,0
95,56,1.4,176.23,457.81,98.61,53.31,none,0
95,57,1.4,167.79,441.18,98.48,47.04,none,0
95,58,1.4,174.04,474.1,102.44,57.02,none,0
95,59,1.4,165.39,470.45,98.09,39.64,none,0
95,60,1.4,174.56,451.89,97.94,57.02,none,0
95,61,1.4,167.06,437.79,104.0,40.82,none,0
95,62,1.4,171.46,450.67,105.49,36.97,none,0
95,63,1.4,169.5,425.24,98.27,38.74,none,0
95,64,1.4,164.52,462.46,102.26,40.2,none,0
95,65,1.4,169.34,435.72,95.8,34.97,none,0
95,66,1.4,165.37,441.56,98.67,51.17,none,0
95,67,1.4,173.16,494.56,103.96,47.03,none,0
95,68,1.4,175.67,428.6,102.31,44.94,none,0
95,69,1.4,164.97,434.34,104.26,29.11,none,0
95,70,1.4,174.56,463.29,104.67,41.53,none,0
95,71,1.4,162.57,441.51,100.81,29.52,none,0
95,72,1.4,165.53,442.98,102.37,43.84,none,0
95,73,1.4,165.15,455.35,96.49,32.54,none,0
95,74,1.4,165.83,449.88,92.42,30.62,none,0
95,75,1.4,170.61,438.64,102.22,30.2,none,0
95,76,1.4,171.44,448.05,99.83,39.57,none,0
95,77,1.4,172.15,466.8,96.69,45.93,none,0
95,78,1.4,170.21,467.91,99.41,38.57,none,0
95,79,1.4,157.97,456.13,100.69,38.57,none,0
95,80,1.4,174.33,463.28,100.82,41.95,none,0
95,81,1.4,164.18,450.64,97.92,28.14,none,0
95,82,1.4,172.51,453.58,106.81,48.29,none,0
95,83,1.4,167.46,434.33,93.3,48.45,none,0
95,84,1.4,174.95,425.72,96.13,39.86,none,0
95,85,1.4,169.11,470.24,95.88,34.27,none,0
95,86,1.4,174.02,467.09,97.91,26.91,none,0
95,87,1.4,170.77,449.7,97.63,46.05,none,0
95,88,1.4,167.27,445.09,95.09,32.2,none,0
95,89,1.4,180.93,442.11,101.4,32.88,none,0
95,90,1.4,171.12,455.06,99.52,38.09,none,0
95,91,1.4,167.37,403.35,105.44,41.87,none,0
95,92,1.4,176.6,433.25,94.56,28.09,none,0
95,93,1.4,174.24,490.95,100.72,50.56,none,0
95,94,1.4,167.84,496.05,105.47,37.61,none,0
95,95,1.4,176.51,435.54,99.06,55.36,none,0
95,96,1.4,177.58,414.77,101.17,45.27,none,0
95,97,1.4,164.98,447.76,98.34,49.28,none,0
95,98,1.4,142.5,394.92,116.15,67.4,comp1,1
95,99,1.4,172.56,421.2,95.0,45.16,none,0
95,100,1.4,173.74,443.54,97.47,39.58,none,0
95,101,1.4,167.17,477.57,101.23,49.48,none,0
95,102,1.4,163.25,469.63,98.83,42.02,none,0
95,103,1.4,170.17,437.2,100.55,50.27,none,0
95,104,1.4,161.88,473.07,95.87,47.78,none,0
95,105,1.4,174.27,414.28,103.12,50.56,none,0
95,106,1.4,168.88,476.26,102.18,40.72,none,0
95,107,1.4,176.4,452.56,98.67,46.84,none,0
95,108,1.4,165.29,462.8,96.64,48.52,none,0
95,109,1.4,175.73,435.52,104.23,46.06,none,0
95,110,1.4,160.61,452.31,99.61,17.72,none,0
95,111,1.4,162.59,469.57,98.91,30.41,none,0
95,112,1.4,166.28,435.49,96.62,39.42,none,0
95,113,1.4,177.04,453.11,99.48,37.18,none,0
95,114,1.4,174.98,448.49,103.05,46.08,none,0
95,115,1.4,173.95,451.88,100.7,38.59,none,0
95,116,1.4,161.93,447.01,95.81,43.18,none,0
95,117,1.4,172.93,458.4,99.19,34.92,none,0
95,118,1.4,166.27,441.76,95.48,31.95,none,0
95,119,1.4,172.36,458.92,102.22,58.01,none,0
96,0,5.4,157.34,486.84,98.25,31.17,none,0
96,1,5.4,169.65,438.62,102.28,24.44,none,0
96,2,5.4,170.73,431.84,100.93,29.68,none,0
96,3,5.4,162.37,457.71,99.29,38.43,none,0
96,4,5.4,174.99,476.29,94.88,24.51,none,0
96,5,5.4,176.0,449.11,101.41,34.26,none,0
96,6,5.4,171.93,465.96,98.73,42.38,none,0
96,7,5.4,166.38,436.15,103.79,51.68,none,0
96,8,5.4,163.99,476.59,98.24,31.26,none,0
96,9,5.4,174.82,412.97,103.49,51.49,none,0
96,10,5.4,171.51,450.33,97.39,41.67,none,0
96,11,5.4,165.08,459.96,102.96,32.77,none,0
96,12,5.4,161.64,446.02,98.79,26.22,none,0
96,13,5.4,174.82,437.43,98.41,42.37,none,0
96,14,5.4,166.67,464.77,97.9,38.12,none,0
96,15,5.4,172.86,472.32,97.76,40.6,none,0
96,16,5.4,166.76,457.46,95.77,44.07,none,0
96,17,5.4,178.32,432.39,97.85,50.17,none,0
96,18,5.4,175.45,433.58,101.01,26.31,none,0
96,19,5.4,176.24,451.46,108.21,37.86,none,0
96,20,5.4,171.53,445.53,94.72,39.39,none,0
96,21,5.4,168.93,453.03,102.88,46.36,none,0
96,22,5.4,170.74,445.51,99.27,44.72,none,0
96,23,5.4,174.73,448.15,101.45,38.76,none,0
96,24,5.4,172.25,443.63,98.6,41.74,none,0
96,25,5.4,169.73,475.09,102.72,46.45,none,0
96,26,5.4,169.42,432.78,98.95,31.81,none,0
96,27,5.4,178.6,478.22,96.63,47.29,none,0
96,28,5.4,168.31,429.48,100.02,40.8,none,0
96,29,5.4,171.87,429.44,99.27,54.22,none,0
96,30,5.4,172.89,437.93,105.25,29.03,none,0
96,31,5.4,171.12,451.12,103.56,42.54,none,0
96,32,5.4,167.37,443.61,100.43,38.19,none,0
96,33,5.4,167.52,445.66,100.68,35.39,none,0
96,34,5.4,170.97,440.68,100.17,51.27,none,0
96,35,5.4,172.82,441.73,104.66,40.32,none,0
96,36,5.4,156.53,414.28,102.02,43.47,none,0
96,37,5.4,167.92,469.35,102.73,40.36,none,0
96,38,5.4,166.55,439.71,94.99,35.97,none,0
96,39,5.4,167.25,468.88,100.25,25.84,none,0
96,40,5.4,173.04,426.62,101.8,39.18,none,0
96,41,5.4,163.27,448.54,99.42,32.35,none,0
96,42,5.4,177.65,449.91,99.48,51.97,none,0
96,43,5.4,157.01,445.25,104.04,37.92,none,0
96,44,5.4,170.61,421.97,100.82,43.31,none,0
96,45,5.4,172.28,421.14,101.38,43.32,none,0
96,46,5.4,175.76,468.8,96.02,39.5,none,0
96,47,5.4,162.06,455.8,98.0,41.56,none,0
96,48,5.4,170.2,441.66,106.95,31.92,none,0
96,49,5.4,179.04,452.87,99.87,46.0,none,0
96,50,5.4,170.17,463.86,99.49,41.35,none,0
96,51,5.4,170.38,446.17,98.75,36.43,none,0
96,52,5.4,173.47,433.99,105.94,56.16,none,0
96,53,5.4,164.23,470.45,100.35,30.23,none,0
96,54,5.4,165.81,431.21,101.4,46.02,none,0
96,55,5.4,168.27,464.29,98.22,38.16,none,0
96,56,5.4,166.1,447.37,94.52,31.93,none,0
96,57,5.4,160.6,452.38,93.29,41.97,none,0
96,58,5.4,172.79,472.28,106.43,35.99,none,0
96,59,5.4,168.42,448.26,100.02,43.96,none,0
96,60,5.4,177.3,449.15,99.11,38.31,none,0
96,61,5.4,166.69,464.63,99.31,31.98,none,0
96,62,5.4,173.17,425.22,100.79,29.74,none,0
96,63,5.4,157.27,415.18,99.82,43.17,none,0
96,64,5.4,165.29,464.77,99.85,28.24,none,0
96,65,5.4,178.69,446.34,103.25,35.78,none,0
96,66,5.4,170.03,433.27,97.17,37.56,none,0
96,67,5.4,167.74,467.03,103.32,40.26,none,0
96,68,5.4,165.56,443.71,100.68,37.62,none,0
96,69,5.4,167.64,459.43,98.36,33.64,none,0
96,70,5.4,177.81,447.22,98.02,49.38,none,0
96,71,5.4,164.57,448.18,101.23,34.6,none,0
96,72,5.4,169.06,438.96,100.29,35.21,none,0
96,73,5.4,177.38,442.31,103.31,50.74,none,0
96,74,5.4,171.75,475.69,105.06,45.3,none,0
96,75,5.4,178.17,427.46,94.1,44.53,none,0
96,76,5.4,167.98,462.33,101.42,41.91,none,0
96,77,5.4,166.91,461.04,99.84,48.42,none,0
96,78,5.4,166.43,447.51,98.47,50.52,none,0
96,79,5.4,175.42,456.2,98.46,22.47,none,0
96,80,5.4,169.92,435.95,100.7,43.45,none,0
96,81,5.4,168.28,479.64,99.74,33.95,none,0
96,82,5.4,170.62,446.86,100.66,37.25,none,0
96,83,5.4,167.83,470.98,102.11,56.02,none,0
96,84,5.4,171.73,407.93,102.1,38.42,none,0
96,85,5.4,182.74,460.64,102.71,40.48,none,0
96,86,5.4,176.2,472.29,98.25,37.01,none,0
96,87,5.4,167.6,430.09,100.33,34.92,none,0
96,88,5.4,160.54,441.4,96.72,48.05,none,0
96,89,5.4,165.18,439.16,101.5,30.92,none,0
96,90,5.4,165.4,480.76,104.61,47.53,none,0
96,91,5.4,165.46,450.99,108.06,36.42,none,0
96,92,5.4,171.12,467.3,103.62,52.73,none,0
96,93,5.4,177.64,447.0,102.91,52.25,none,0
96,94,5.4,159.39,419.49,96.11,44.04,none,0
96,95,5.4,173.2,452.99,100.03,39.1,none,0
96,96,5.4,167.23,480.03,102.55,38.27,none,0
96,97,5.4,168.97,426.18,95.88,38.77,none,0
96,98,5.4,170.77,455.3,105.08,44.63,none,0
96,99,5.4,168.81,428.26,103.21,32.19,none,0
96,100,5.4,165.97,457.36,104.25,36.47,none,0
96,101,5.4,163.0,498.11,98.28,35.17,none,0
96,102,5.4,160.81,477.19,93.34,49.09,none,0
96,103,5.4,167.61,476.76,103.2,38.32,none,0
96,104,5.4,165.39,487.93,103.13,44.66,none,0
96,105,5.4,163.79,458.48,99.04,41.82,none,0
96,106,5.4,167.88,434.11,99.82,45.67,none,0
96,107,5.4,170.46,439.52,103.36,24.36,none,0
96,108,5.4,163.68,416.23,99.65,31.86,none,0
96,109,5.4,163.39,449.42,95.12,34.37,none,0
96,110,5.4,163.94,439.69,104.83,20.95,none,0
96,111,5.4,182.06,453.36,101.68,35.82,none,0
96,112,5.4,170.09,485.18,102.8,54.05,none,0
96,113,5.4,173.51,461.99,97.48,48.57,none,0
96,114,5.4,168.63,454.5,104.96,43.49,none,0
96,115,5.4,164.29,466.04,105.08,49.9,none,0
96,116,5.4,171.48,408.05,103.18,35.69,none,0
96,117,5.4,178.87,448.07,101.34,41.0,none,0
96,118,5.4,167.99,431.03,100.93,37.84,none,0
96,119,5.4,174.89,440.9,101.5,51.55,none,0
97,0,17.4,174.16,450.92,102.93,39.71,none,0
97,1,17.4,166.02,457.35,104.01,30.85,none,0
97,2,17.4,173.67,436.9,97.88,36.16,none,0
97,3,17.4,171.75,477.4,98.48,53.62,none,0
97,4,17.4,164.81,432.68,99.78,31.48,none,0
97,5,17.4,173.12,455.2,103.01,42.73,none,0
97,6,17.4,162.97,422.2,96.3,46.26,none,0
97,7,17.4,175.43,433.48,102.25,45.41,none,0
97,8,17.4,168.01,444.19,97.73,42.71,none,0
97,9,17.4,171.25,430.84,101.68,34.19,none,0
97,10,17.4,164.3,467.38,103.36,49.36,none,0
97,11,17.4,180.07,450.42,97.97,31.57,none,0
97,12,17.4,163.46,441.8,105.07,38.63,none,0
97,13,17.4,165.59,462.84,100.28,50.39,none,0
97,14,17.4,157.18,434.57,98.61,38.3,none,0
97,15,17.4,171.61,461.19,98.44,35.55,none,0
97,16,17.4,174.51,447.36,99.6,39.92,none,0
97,17,17.4,146.51,403.91,116.46,55.74,comp2,1
97,18,17.4,170.11,458.2,97.98,26.13,none,0
97,19,17.4,166.63,457.37,101.39,31.65,none,0
97,20,17.4,171.6,469.68,96.94,54.15,none,0
97,21,17.4,164.99,484.19,100.32,42.38,none,0
97,22,17.4,170.44,479.02,95.85,41.95,none,0
97,23,17.4,175.55,450.86,100.14,57.35,none,0
97,24,17.4,159.9,471.22,98.22,27.17,none,0
97,25,17.4,173.32,451.25,103.06,45.02,none,0
97,26,17.4,174.83,430.55,104.72,52.91,none,0
97,27,17.4,165.71,452.94,105.03,47.05,none,0
97,28,17.4,173.32,464.97,100.26,42.91,none,0
97,29,17.4,168.8,437.68,101.36,34.73,none,0
97,30,17.4,171.14,453.26,94.3,39.56,none,0
97,31,17.4,169.27,433.17,95.98,56.58,none,0
97,32,17.4,180.0,426.99,99.87,41.67,none,0
97,33,17.4,169.82,486.81,101.55,36.37,none,0
97,34,17.4,177.17,447.42,104.17,15.19,none,0
97,35,17.4,159.1,456.98,96.99,43.85,none,0
97,36,17.4,171.05,460.54,97.51,33.81,none,0
97,37,17.4,173.91,455.13,95.36,41.88,none,0
97,38,17.4,172.23,473.89,99.66,61.22,none,0
97,39,17.4,169.28,457.05,97.37,42.63,none,0
97,40,17.4,168.44,437.22,99.06,32.76,none,0
97,41,17.4,165.17,454.81,99.05,33.35,none,0
97,42,17.4,164.1,442.07,95.57,35.73,none,0
97,43,17.4,169.21,462.85,102.0,43.97,none,0
97,44,17.4,171.75,424.46,102.67,41.31,none,0
97,45,17.4,174.61,479.51,99.76,49.35,none,0
97,46,17.4,163.29,426.2,96.84,30.69,none,0
97,47,17.4,175.27,425.98,98.34,39.71,none,0
97,48,17.4,176.73,448.12,97.61,28.46,none,0
97,49,17.4,164.08,454.38,99.83,43.29,none,0
97,50,17.4,171.04,434.44,101.13,42.74,none,0
97,51,17.4,166.03,444.55,99.08,36.11,none,0
97,52,17.4,165.45,453.65,100.79,48.66,none,0
97,53,17.4,170.31,437.55,100.6,43.79,none,0
97,54,17.4,163.02,455.58,93.47,42.86,none,0
97,55,17.4,174.56,465.88,101.61,37.88,none,0
97,56,17.4,176.01,468.46,101.45,36.82,none,0
97,57,17.4,168.95,454.54,99.04,38.85,none,0
97,58,17.4,172.38,443.81,99.69,27.94,none,0
97,59,17.4,166.54,462.67,99.67,50.19,none,0
97,60,17.4,174.05,423.64,98.16,39.31,none,0
97,61,17.4,170.51,456.94,101.67,27.9,none,0
97,62,17.4,167.38,429.49,96.11,22.96,none,0
97,63,17.4,164.77,415.03,98.69,44.73,none,0
97,64,17.4,169.46,450.3,99.57,43.69,none,0
97,65,17.4,170.86,463.97,98.73,29.63,none,0
97,66,17.4,171.36,447.11,98.91,38.52,none,0
97,67,17.4,163.61,454.99,98.49,37.79,none,0
97,68,17.4,165.54,438.2,99.57,37.81,none,0
97,69,17.4,158.66,433.83,100.54,36.53,none,0
97,70,17.4,167.39,465.68,98.82,30.09,none,0
97,71,17.4,168.37,462.94,103.3,39.99,none,0
97,72,17.4,171.18,431.95,98.67,31.86,none,0
97,73,17.4,163.69,415.59,106.69,40.75,none,0
97,74,17.4,178.28,438.08,104.2,30.26,none,0
97,75,17.4,171.36,477.2,99.33,45.91,none,0
97,76,17.4,170.45,453.0,101.52,38.95,none,0
97,77,17.4,173.19,485.71,94.66,34.54,none,0
97,78,17.4,165.9,448.14,103.97,47.9,none,0
97,79,17.4,164.83,435.58,100.59,27.53,none,0
97,80,17.4,169.99,459.49,102.19,46.97,none,0
97,81,17.4,177.99,403.5,93.93,29.06,none,0
97,82,17.4,175.05,453.24,98.88,31.01,none,0
97,83,17.4,167.26,479.56,101.21,23.62,none,0
97,84,17.4,175.15,426.31,100.8,35.14,none,0
97,85,17.4,160.59,436.35,107.32,51.65,none,0
97,86,17.4,167.36,448.99,90.3,35.95,none,0
97,87,17.4,173.22,432.48,99.75,49.27,none,0
97,88,17.4,171.24,469.5,101.5,31.93,none,0
97,89,17.4,162.21,418.79,98.03,39.89,none,0
97,90,17.4,173.14,470.89,99.72,37.78,none,0
97,91,17.4,170.31,460.5,93.84,35.2,none,0
97,92,17.4,169.34,412.62,98.44,42.82,none,0
97,93,17.4,161.78,493.3,106.33,44.64,none,0
97,94,17.4,170.04,459.52,100.68,48.18,none,0
97,95,17.4,173.88,430.44,97.42,34.84,none,0
97,96,17.4,169.47,429.07,95.14,30.9,none,0
97,97,17.4,179.1,440.2,101.85,54.14,none,0
97,98,17.4,160.29,464.37,102.21,39.18,none,0
97,99,17.4,166.76,452.14,97.97,43.52,none,0
97,100,17.4,168.69,454.44,96.44,41.45,none,0
97,101,17.4,168.31,449.77,106.02,35.15,none,0
97,102,17.4,168.7,456.22,101.1,30.54,none,0
97,103,17.4,167.69,421.33,98.09,35.53,none,0
97,104,17.4,171.56,465.49,99.43,46.72,none,0
97,105,17.4,171.57,448.25,97.13,32.97,none,0
97,106,17.4,163.37,438.15,102.5,39.97,none,0
97,107,17.4,166.52,485.14,105.48,49.42,none,0
97,108,17.4,173.79,464.4,102.23,38.95,none,0
97,109,17.4,163.18,464.08,99.18,39.77,none,0
97,110,17.4,159.41,455.0,101.99,36.14,none,0
97,111,17.4,172.21,454.4,104.41,52.26,none,0
97,112,17.4,177.0,462.57,102.27,37.03,none,0
97,113,17.4,179.16,482.23,102.48,47.85,none,0
97,114,17.4,168.18,449.55,100.5,46.62,none,0
97,115,17.4,176.33,476.24,97.02,44.48,none,0
97,116,17.4,172.28,455.49,96.92,51.67,none,0
97,117,17.4,177.13,472.27,98.98,35.8,none,0
97,118,17.4,171.46,408.0,106.66,52.69,none,0
97,119,17.4,176.62,477.22,102.47,39.13,none,0
98,0,11.1,173.18,441.25,95.51,33.0,none,0
98,1,11.1,165.4,477.46,105.14,39.89,none,0
98,2,11.1,178.33,426.48,103.43,42.8,none,0
98,3,11.1,171.61,447.15,102.44,43.62,none,0
98,4,11.1,168.97,492.23,97.75,40.1,none,0
98,5,11.1,166.7,457.44,102.15,42.74,none,0
98,6,11.1,162.2,463.75,94.91,38.86,none,0
98,7,11.1,160.06,500.89,93.16,33.61,none,0
98,8,11.1,167.26,437.89,99.91,39.14,none,0
98,9,11.1,161.07,473.53,96.79,36.45,none,0
98,10,11.1,178.88,498.47,99.59,35.63,none,0
98,11,11.1,177.65,448.27,94.37,36.72,none,0
98,12,11.1,168.35,433.29,97.57,39.31,none,0
98,13,11.1,180.12,448.21,101.71,39.35,none,0
98,14,11.1,166.18,429.31,100.91,37.32,none,0
98,15,11.1,180.15,442.09,102.91,39.71,none,0
98,16,11.1,171.04,475.03,100.51,42.06,none,0
98,17,11.1,164.12,473.24,100.4,39.89,none,0
98,18,11.1,174.9,470.4,98.21,46.65,none,0
98,19,11.1,161.69,475.01,97.51,34.39,none,0
98,20,11.1,160.24,443.83,97.05,49.47,none,0
98,21,11.1,172.38,481.49,102.63,39.03,none,0
98,22,11.1,174.51,428.87,97.86,22.06,none,0
98,23,11.1,168.31,477.56,100.79,25.18,none,0
98,24,11.1,175.16,428.61,103.69,42.81,none,0
98,25,11.1,176.73,452.0,97.87,39.63,none,0
98,26,11.1,168.63,474.04,101.25,14.39,none,0
98,27,11.1,172.81,447.1,100.47,34.04,none,0
98,28,11.1,182.64,458.7,95.78,36.24,none,0
98,29,11.1,176.87,468.11,102.02,30.49,none,0
98,30,11.1,169.63,456.21,100.5,37.21,none,0
98,31,11.1,161.98,407.89,98.19,46.2,none,0
98,32,11.1,169.96,468.95,95.51,47.56,none,0
98,33,11.1,160.7,448.0,100.67,48.44,none,0
98,34,11.1,176.93,447.82,96.72,47.52,none,0
98,35,11.1,173.3,452.83,99.16,42.47,none,0
98,36,11.1,170.19,446.08,102.22,49.25,none,0
98,37,11.1,173.85,449.28,104.1,39.4,none,0
98,38,11.1,170.1,459.0,98.69,33.02,none,0
98,39,11.1,168.06,478.77,103.1,39.8,none,0
98,40,11.1,171.32,464.51,101.25,41.76,none,0
98,41,11.1,173.9,443.29,100.65,42.37,none,0
98,42,11.1,175.7,457.1,95.32,47.73,none,0
98,43,11.1,167.55,432.64,97.78,52.58,none,0
98,44,11.1,168.3,469.62,96.56,39.33,none,0
98,45,11.1,165.2,422.16,98.65,34.24,none,0
98,46,11.1,171.46,505.58,101.52,39.17,none,0
98,47,11.1,168.44,454.69,101.05,34.88,none,0
98,48,11.1,164.09,447.5,98.63,40.65,none,0
98,49,11.1,170.12,467.8,97.56,43.13,none,0
98,50,11.1,171.42,457.22,101.97,35.96,none,0
98,51,11.1,172.63,424.88,100.14,64.33,none,0
98,52,11.1,166.23,444.16,103.81,48.17,none,0
98,53,11.1,172.28,476.4,97.74,52.93,none,0
98,54,11.1,172.51,432.26,99.95,21.95,none,0
98,55,11.1,164.64,476.83,103.78,48.21,none,0
98,56,11.1,167.2,442.45,98.93,36.59,none,0
98,57,11.1,164.83,436.45,100.75,56.92,none,0
98,58,11.1,170.1,422.99,101.14,31.69,none,0
98,59,11.1,170.78,443.44,102.68,40.32,none,0
98,60,11.1,165.41,452.62,101.72,46.17,none,0
98,61,11.1,165.07,432.7,98.88,36.73,none,0
98,62,11.1,182.53,447.65,99.86,45.74,none,0
98,63,11.1,166.28,439.37,99.73,49.16,none,0
98,64,11.1,164.61,409.96,96.97,54.45,none,0
98,65,11.1,165.86,478.94,102.15,37.29,none,0
98,66,11.1,173.99,444.54,101.22,33.81,none,0
98,67,11.1,170.71,447.51,101.9,45.03,none,0
98,68,11.1,175.44,492.05,100.38,46.32,none,0
98,69,11.1,169.71,466.68,100.7,41.77,none,0
98,70,11.1,166.12,458.5,100.61,36.94,none,0
98,71,11.1,163.93,434.22,99.04,41.32,none,0
98,72,11.1,164.25,463.7,100.29,36.81,none,0
98,73,11.1,169.88,452.69,100.95,34.09,none,0
98,74,11.1,158.84,461.64,98.96,44.38,none,0
98,75,11.1,174.58,451.86,101.02,44.46,none,0
98,76,11.1,173.45,463.47,101.28,43.56,none,0
98,77,11.1,169.26,469.95,97.39,42.91,none,0
98,78,11.1,175.03,450.75,101.59,37.63,none,0
98,79,11.1,171.79,433.16,104.89,39.9,none,0
98,80,11.1,168.64,461.37,98.1,35.51,none,0
98,81,11.1,178.03,447.78,94.35,29.58,none,0
98,82,11.1,170.45,433.14,99.79,31.24,none,0
98,83,11.1,172.88,473.79,98.19,30.79,none,0
98,84,11.1,169.42,482.0,106.28,56.69,none,0
98,85,11.1,170.07,451.23,102.09,50.27,none,0
98,86,11.1,177.29,459.71,107.19,48.02,none,0
98,87,11.1,159.26,471.45,96.4,41.34,none,0
98,88,11.1,177.37,461.32,101.53,36.71,none,0
98,89,11.1,167.15,483.17,103.72,36.98,none,0
98,90,11.1,169.33,479.07,98.29,54.43,none,0
98,91,11.1,171.98,446.36,102.31,24.84,none,0
98,92,11.1,171.6,460.07,97.04,45.37,none,0
98,93,11.1,169.28,449.53,97.92,35.02,none,0
98,94,11.1,172.13,422.83,101.38,48.31,none,0
98,95,11.1,172.86,440.47,101.85,42.55,none,0
98,96,11.1,162.65,416.38,96.35,45.29,none,0
98,97,11.1,162.41,480.62,104.8,19.98,none,0
98,98,11.1,177.3,470.8,96.18,50.52,none,0
98,99,11.1,171.11,470.74,99.95,33.17,none,0
98,100,11.1,178.86,454.93,100.85,43.07,none,0
98,101,11.1,171.2,451.98,98.96,32.8,none,0
98,102,11.1,164.79,462.28,103.32,37.77,none,0
98,103,11.1,163.81,429.22,105.43,38.21,none,0
98,104,11.1,163.72,462.55,95.45,32.56,none,0
98,105,11.1,167.68,434.15,100.72,47.75,none,0
98,106,11.1,173.17,460.6,97.62,46.65,none,0
98,107,11.1,170.39,495.12,100.0,50.12,none,0
98,108,11.1,162.07,448.45,101.4,37.78,none,0
98,109,11.1,175.49,457.45,98.17,42.47,none,0
98,110,11.1,172.37,465.95,104.22,38.39,none,0
98,111,11.1,156.45,438.22,103.17,30.76,none,0
98,112,11.1,166.62,446.5,102.38,29.46,none,0
98,113,11.1,168.53,463.82,102.86,34.95,none,0
98,114,11.1,171.5,465.68,99.98,39.05,none,0
98,115,11.1,164.71,448.72,99.9,39.3,none,0
98,116,11.1,167.9,432.75,97.19,48.11,none,0
98,117,11.1,169.45,460.38,99.56,23.88,none,0
98,118,11.1,172.42,456.64,100.35,27.35,none,0
98,119,11.1,167.67,479.13,101.1,46.66,none,0
99,0,1.3,171.9,439.54,99.28,40.75,none,0
99,1,1.3,170.36,455.48,97.76,37.83,none,0
99,2,1.3,168.81,463.75,107.16,29.16,none,0
99,3,1.3,158.32,398.68,103.49,34.39,none,0
99,4,1.3,162.49,445.88,97.36,26.97,none,0
99,5,1.3,163.51,433.7,96.94,40.74,none,0
99,6,1.3,175.83,481.53,103.45,34.23,none,0
99,7,1.3,164.04,423.52,103.85,41.67,none,0
99,8,1.3,158.89,478.0,98.15,32.6,none,0
99,9,1.3,176.19,451.0,99.7,29.76,none,0
99,10,1.3,165.66,499.07,101.65,46.26,none,0
99,11,1.3,168.78,470.9,99.81,34.53,none,0
99,12,1.3,164.8,439.68,95.26,33.48,none,0
99,13,1.3,168.83,449.23,102.69,39.19,none,0
99,14,1.3,174.78,476.03,101.56,47.45,none,0
99,15,1.3,167.36,479.56,101.19,41.51,none,0
99,16,1.3,175.44,476.94,96.93,42.6,none,0
99,17,1.3,162.1,473.87,104.95,24.87,none,0
99,18,1.3,178.61,442.55,102.68,38.1,none,0
99,19,1.3,170.8,467.13,102.47,39.19,none,0
99,20,1.3,163.66,456.43,95.23,51.26,none,0
99,21,1.3,168.35,457.05,103.23,42.55,none,0
99,22,1.3,169.18,453.2,102.13,39.11,none,0
99,23,1.3,158.1,438.51,100.26,40.84,none,0
99,24,1.3,168.61,453.12,100.93,40.27,none,0
99,25,1.3,170.71,465.85,96.56,39.03,none,0
99,26,1.3,167.14,468.73,105.76,26.73,none,0
99,27,1.3,169.45,474.6,91.76,58.36,none,0
99,28,1.3,170.49,482.06,97.69,22.69,none,0
99,29,1.3,171.73,443.29,104.0,36.12,none,0
99,30,1.3,181.6,436.65,105.29,38.34,none,0
99,31,1.3,179.07,456.76,97.48,39.02,none,0
99,32,1.3,172.05,441.68,100.77,34.2,none,0
99,33,1.3,170.25,452.28,97.62,38.83,none,0
99,34,1.3,176.12,462.36,98.14,38.05,none,0
99,35,1.3,171.53,419.4,100.85,54.39,none,0
99,36,1.3,169.55,453.02,95.26,42.92,none,0
99,37,1.3,173.34,429.74,103.35,40.96,none,0
99,38,1.3,167.25,454.22,99.45,32.66,none,0
99,39,1.3,172.62,464.07,98.3,35.03,none,0
99,40,1.3,161.2,468.83,101.05,35.05,none,0
99,41,1.3,169.88,467.23,101.19,36.24,none,0
99,42,1.3,175.95,466.86,99.59,31.88,none,0
99,43,1.3,171.37,498.35,96.71,44.82,none,0
99,44,1.3,168.75,471.84,97.63,30.13,none,0
99,45,1.3,170.94,448.98,103.27,16.82,none,0
99,46,1.3,162.51,439.99,101.56,56.1,none,0
99,47,1.3,171.02,466.15,104.33,47.51,none,0
99,48,1.3,171.07,442.77,104.09,55.15,none,0
99,49,1.3,176.53,425.94,97.07,31.26,none,0
99,50,1.3,172.15,449.63,102.55,27.36,none,0
99,51,1.3,165.81,462.0,104.73,38.47,none,0
99,52,1.3,171.78,434.31,99.61,57.55,none,0
99,53,1.3,173.62,452.65,99.81,46.24,none,0
99,54,1.3,172.36,399.25,101.18,33.52,none,0
99,55,1.3,169.73,475.22,100.14,40.86,none,0
99,56,1.3,171.14,466.25,97.69,45.21,none,0
99,57,1.3,168.41,440.63,104.23,31.47,none,0
99,58,1.3,172.03,434.14,100.7,51.2,none,0
99,59,1.3,170.18,466.59,98.8,39.31,none,0
99,60,1.3,169.73,430.22,101.5,36.6,none,0
99,61,1.3,170.33,438.7,98.41,46.86,none,0
99,62,1.3,170.69,468.46,95.33,45.27,none,0
99,63,1.3,167.83,457.84,98.17,37.4,none,0
99,64,1.3,162.56,426.48,96.82,37.75,none,0
99,65,1.3,176.37,455.26,98.88,46.95,none,0
99,66,1.3,166.18,425.11,98.73,45.72,none,0
99,67,1.3,166.91,438.34,103.11,43.98,none,0
99,68,1.3,172.28,458.1,103.88,41.1,none,0
99,69,1.3,169.46,464.69,99.42,30.32,none,0
99,70,1.3,165.12,459.29,98.93,39.01,none,0
99,71,1.3,165.51,430.69,95.83,51.55,none,0
99,72,1.3,171.17,428.07,95.23,39.93,none,0
99,73,1.3,170.59,381.68,98.92,46.27,none,0
99,74,1.3,168.67,436.56,98.71,46.92,none,0
99,75,1.3,156.51,491.77,100.68,40.96,none,0
99,76,1.3,166.97,485.78,100.96,47.95,none,0
99,77,1.3,165.71,439.13,99.16,42.21,none,0
99,78,1.3,169.12,465.13,97.53,40.97,none,0
99,79,1.3,169.42,443.82,98.32,37.93,none,0
99,80,1.3,167.66,453.74,99.77,34.56,none,0
99,81,1.3,173.09,431.93,103.86,44.05,none,0
99,82,1.3,165.77,472.61,100.97,35.93,none,0
99,83,1.3,169.79,465.06,104.17,27.0,none,0
99,84,1.3,169.2,468.92,95.88,33.31,none,0
99,85,1.3,174.73,454.36,98.58,25.35,none,0
99,86,1.3,169.37,475.01,99.91,26.5,none,0
99,87,1.3,162.87,434.25,101.62,47.12,none,0
99,88,1.3,165.03,478.09,101.2,49.46,none,0
99,89,1.3,177.02,419.02,96.45,25.92,none,0
99,90,1.3,167.83,435.99,104.46,35.38,none,0
99,91,1.3,176.76,458.61,101.22,29.56,none,0
99,92,1.3,169.7,411.16,107.85,40.07,none,0
99,93,1.3,167.73,489.81,98.26,44.96,none,0
99,94,1.3,173.1,435.67,94.71,49.52,none,0
99,95,1.3,173.62,444.38,97.91,17.5,none,0
99,96,1.3,174.97,481.62,93.54,35.03,none,0
99,97,1.3,176.59,447.91,97.89,53.29,none,0
99,98,1.3,173.08,437.27,102.97,34.95,none,0
99,99,1.3,174.51,474.54,100.09,22.84,none,0
99,100,1.3,178.08,462.08,105.52,26.4,none,0
99,101,1.3,179.84,415.99,99.89,48.93,none,0
99,102,1.3,162.88,448.39,97.66,39.37,none,0
99,103,1.3,172.89,437.25,100.55,42.3,none,0
99,104,1.3,168.08,474.66,102.1,48.7,none,0
99,105,1.3,169.19,453.06,96.16,42.5,none,0
99,106,1.3,181.09,456.59,98.56,38.1,none,0
99,107,1.3,172.22,451.34,96.55,26.54,none,0
99,108,1.3,167.1,446.54,96.43,26.16,none,0
99,109,1.3,167.18,440.29,96.04,27.75,none,0
99,110,1.3,172.3,442.84,96.02,33.89,none,0
99,111,1.3,175.44,437.33,101.64,41.09,none,0
99,112,1.3,167.39,470.46,98.65,41.46,none,0
99,113,1.3,163.57,442.84,101.0,42.64,none,0
99,114,1.3,171.29,447.1,96.5,39.87,none,0
99,115,1.3,180.32,442.25,95.26,37.38,none,0
99,116,1.3,166.99,462.5,102.21,36.66,none,0
99,117,1.3,177.41,470.41,99.12,32.06,none,0
99,118,1.3,171.14,450.63,101.1,48.38,none,0
99,119,1.3,165.9,417.45,99.72,38.64,none,0
100,0,17.9,178.75,439.0,99.45,34.33,none,0
100,1,17.9,165.21,469.02,94.86,41.58,none,0
100,2,17.9,178.41,457.41,101.15,40.26,none,0
100,3,17.9,156.45,464.85,98.51,38.2,none,0
100,4,17.9,172.98,426.69,106.51,41.19,none,0
100,5,17.9,172.45,461.29,101.08,45.75,none,0
100,6,17.9,175.3,457.3,96.82,29.93,none,0
100,7,17.9,175.33,473.47,97.11,27.62,none,0
100,8,17.9,163.85,435.28,100.66,42.22,none,0
100,9,17.9,181.2,430.46,93.1,55.95,none,0
100,10,17.9,166.67,433.58,101.88,41.46,none,0
100,11,17.9,164.73,458.74,103.23,38.98,none,0
100,12,17.9,175.66,461.21,100.85,55.88,none,0
100,13,17.9,164.45,448.42,97.24,38.62,none,0
100,14,17.9,169.6,460.59,101.34,38.02,none,0
100,15,17.9,159.68,437.35,100.13,45.37,none,0
100,16,17.9,180.01,428.68,102.79,46.81,none,0
100,17,17.9,179.12,445.37,100.0,45.27,none,0
100,18,17.9,175.69,438.82,95.29,38.83,none,0
100,19,17.9,174.44,443.93,99.88,40.72,none,0
100,20,17.9,168.25,429.21,100.73,40.29,none,0
100,21,17.9,176.03,478.35,108.94,46.17,none,0
100,22,17.9,173.72,390.74,101.59,45.89,none,0
100,23,17.9,168.74,441.42,99.22,51.61,none,0
100,24,17.9,170.12,474.93,94.29,27.9,none,0
100,25,17.9,178.39,430.88,98.52,52.49,none,0
100,26,17.9,160.22,419.05,97.62,44.59,none,0
100,27,17.9,166.64,471.78,103.95,43.96,none,0
100,28,17.9,165.82,461.37,100.81,32.97,none,0
100,29,17.9,169.35,463.1,96.8,46.6,none,0
100,30,17.9,166.17,449.63,99.3,49.38,none,0
100,31,17.9,173.46,447.47,100.49,44.55,none,0
100,32,17.9,167.89,436.3,103.19,35.06,none,0
100,33,17.9,173.14,446.55,99.49,39.98,none,0
100,34,17.9,173.33,440.59,97.55,36.12,none,0
100,35,17.9,162.48,454.29,103.69,43.96,none,0
100,36,17.9,172.88,455.32,101.52,35.0,none,0
100,37,17.9,179.18,438.86,98.96,39.18,none,0
100,38,17.9,169.95,429.76,95.93,29.17,none,0
100,39,17.9,167.14,447.59,99.16,44.87,none,0
100,40,17.9,171.13,489.71,98.45,33.69,none,0
100,41,17.9,172.86,464.01,100.62,45.74,none,0
100,42,17.9,167.28,469.66,104.08,29.78,none,0
100,43,17.9,172.8,464.46,104.86,32.41,none,0
100,44,17.9,168.15,477.2,100.3,20.66,none,0
100,45,17.9,169.79,476.42,95.42,41.51,none,0
100,46,17.9,182.24,446.11,96.96,36.1,none,0
100,47,17.9,169.13,463.25,99.02,35.27,none,0
100,48,17.9,169.95,458.34,96.57,30.93,none,0
100,49,17.9,171.3,469.12,103.05,31.56,none,0
100,50,17.9,161.61,432.05,100.41,50.07,none,0
100,51,17.9,163.59,451.04,101.84,34.72,none,0
100,52,17.9,163.43,435.23,102.67,46.08,none,0
100,53,17.9,180.1,437.24,94.82,43.38,none,0
100,54,17.9,170.55,441.13,100.48,31.09,none,0
100,55,17.9,171.31,476.07,97.83,39.67,none,0
100,56,17.9,176.8,482.32,106.35,39.0,none,0
100,57,17.9,176.29,453.38,94.07,48.91,none,0
100,58,17.9,173.5,444.03,99.17,51.38,none,0
100,59,17.9,166.06,462.03,96.24,47.22,none,0
100,60,17.9,169.59,437.32,99.07,37.73,none,0
100,61,17.9,168.19,453.8,101.92,50.18,none,0
100,62,17.9,173.67,484.22,101.71,49.72,none,0
100,63,17.9,171.25,431.21,99.35,38.32,none,0
100,64,17.9,175.08,446.39,100.27,31.2,none,0
100,65,17.9,171.92,463.22,96.04,39.22,none,0
100,66,17.9,158.6,465.14,98.1,42.67,none,0
100,67,17.9,174.46,425.5,103.64,55.33,none,0
100,68,17.9,175.85,474.97,95.33,46.4,none,0
100,69,17.9,170.63,431.96,98.66,31.42,none,0
100,70,17.9,171.64,453.21,102.16,51.0,none,0
100,71,17.9,171.6,448.08,100.8,40.89,none,0
100,72,17.9,184.11,486.24,100.08,41.48,none,0
100,73,17.9,157.29,431.4,99.48,41.44,none,0
100,74,17.9,164.72,479.28,102.93,17.63,none,0
100,75,17.9,178.17,461.95,101.0,49.65,none,0
100,76,17.9,171.56,413.26,102.9,41.0,none,0
100,77,17.9,173.5,467.83,97.91,34.34,none,0
100,78,17.9,171.36,441.69,97.87,30.15,none,0
100,79,17.9,171.53,473.63,100.22,43.87,none,0
100,80,17.9,171.95,455.33,100.41,36.89,none,0
100,81,17.9,172.62,459.52,97.2,30.74,none,0
100,82,17.9,168.72,408.99,98.56,38.71,none,0
100,83,17.9,164.74,461.04,99.97,48.91,none,0
100,84,17.9,169.21,415.76,95.75,12.83,none,0
100,85,17.9,170.66,469.83,96.95,32.37,none,0
100,86,17.9,173.09,429.48,103.66,28.15,none,0
100,87,17.9,173.3,446.35,96.97,35.95,none,0
100,88,17.9,176.08,417.79,99.93,43.72,none,0
100,89,17.9,161.02,445.8,94.38,51.93,none,0
100,90,17.9,167.2,437.59,102.04,34.65,none,0
100,91,17.9,174.86,449.06,101.86,46.4,none,0
100,92,17.9,171.01,472.32,103.8,37.19,none,0
100,93,17.9,168.58,465.49,102.27,48.3,none,0
100,94,17.9,173.58,471.95,93.96,41.4,none,0
100,95,17.9,173.17,414.67,97.45,46.98,none,0
100,96,17.9,171.19,469.56,93.97,34.58,none,0
100,97,17.9,167.46,417.67,102.86,28.43,none,0
100,98,17.9,174.24,437.66,99.93,44.47,none,0
100,99,17.9,175.15,448.22,97.81,34.19,none,0
100,100,17.9,172.99,433.68,106.35,49.44,none,0
100,101,17.9,176.32,452.47,98.31,39.35,none,0
100,102,17.9,174.6,479.12,97.03,32.18,none,0
100,103,17.9,171.27,456.34,104.57,39.85,none,0
100,104,17.9,171.25,484.5,98.01,20.12,none,0
100,105,17.9,173.29,448.3,99.97,42.08,none,0
100,106,17.9,169.74,443.3,101.11,42.81,none,0
100,107,17.9,171.23,439.17,97.76,63.5,none,0
100,108,17.9,162.29,458.31,102.56,44.89,none,0
100,109,17.9,169.61,442.19,100.2,39.15,none,0
100,110,17.9,176.33,444.1,97.17,43.35,none,0
100,111,17.9,176.86,467.42,107.96,27.87,none,0
100,112,17.9,166.6,445.37,104.1,38.86,none,0
100,113,17.9,162.12,441.2,99.92,35.72,none,0
100,114,17.9,165.22,437.76,98.27,37.6,none,0
100,115,17.9,176.02,449.91,94.35,42.94,none,0
100,116,17.9,161.71,447.17,99.87,38.46,none,0
100,117,17.9,160.03,398.01,116.54,74.73,comp3,1
100,118,17.9,173.38,474.85,99.96,46.18,none,0
100,119,17.9,164.98,448.71,95.92,47.11,none,0
101,0,18.1,169.09,493.11,103.96,40.13,none,0
101,1,18.1,170.49,434.0,101.31,31.35,none,0
101,2,18.1,167.49,425.97,100.85,38.73,none,0
101,3,18.1,166.78,449.85,97.99,24.54,none,0
101,4,18.1,171.91,431.7,99.57,56.36,none,0
101,5,18.1,170.6,475.96,94.27,27.5,none,0
101,6,18.1,152.39,350.41,112.73,73.27,comp4,1
101,7,18.1,168.71,450.77,96.25,32.69,none,0
101,8,18.1,178.67,438.8,100.28,28.65,none,0
101,9,18.1,175.11,469.18,99.25,40.08,none,0
101,10,18.1,169.06,468.12,101.0,39.72,none,0
101,11,18.1,175.88,452.07,101.5,45.42,none,0
101,12,18.1,164.96,457.46,98.7,32.49,none,0
101,13,18.1,169.7,454.87,99.97,41.56,none,0
101,14,18.1,164.08,482.68,92.08,38.32,none,0
101,15,18.1,163.37,435.47,103.81,47.24,none,0
101,16,18.1,168.39,454.47,97.9,41.62,none,0
101,17,18.1,177.02,420.12,102.73,33.28,none,0
101,18,18.1,162.93,457.76,97.28,36.87,none,0
101,19,18.1,173.52,418.47,99.89,48.34,none,0
101,20,18.1,180.38,480.69,96.48,48.89,none,0
101,21,18.1,166.81,452.83,101.47,36.37,none,0
101,22,18.1,172.43,456.18,96.47,44.93,none,0
101,23,18.1,172.42,513.17,101.9,37.91,none,0
101,24,18.1,170.15,477.11,96.21,43.77,none,0
101,25,18.1,175.88,461.82,100.65,32.08,none,0
101,26,18.1,170.22,454.98,100.96,46.34,none,0
101,27,18.1,163.19,412.16,101.45,36.94,none,0
101,28,18.1,169.13,438.07,102.25,37.49,none,0
101,29,18.1,160.2,420.37,104.74,50.98,none,0
101,30,18.1,172.16,415.09,96.33,46.58,none,0
101,31,18.1,169.96,447.35,98.54,27.41,none,0
101,32,18.1,171.37,456.25,98.61,44.54,none,0
101,33,18.1,167.26,438.45,99.61,46.37,none,0
101,34,18.1,169.49,446.39,100.67,40.66,none,0
101,35,18.1,163.99,458.47,96.17,53.14,none,0
101,36,18.1,175.45,454.7,98.95,42.35,none,0
101,37,18.1,170.31,435.66,96.39,42.89,none,0
101,38,18.1,177.07,470.51,96.68,60.46,none,0
101,39,18.1,172.45,457.56,100.14,38.92,none,0
101,40,18.1,171.32,444.01,100.18,31.31,none,0
101,41,18.1,164.6,482.2,101.22,34.59,none,0
101,42,18.1,167.66,477.2,98.44,42.31,none,0
101,43,18.1,170.43,443.5,99.04,36.63,none,0
101,44,18.1,168.75,449.26,95.96,32.57,none,0
101,45,18.1,175.75,425.52,99.43,47.47,none,0
101,46,18.1,164.31,466.13,101.63,54.82,none,0
101,47,18.1,170.1,474.09,102.82,45.57,none,0
101,48,18.1,178.88,418.96,100.78,34.94,none,0
101,49,18.1,171.67,446.76,99.78,41.05,none,0
101,50,18.1,171.01,433.92,99.97,29.76,none,0
101,51,18.1,168.94,416.73,100.18,27.33,none,0
101,52,18.1,177.47,435.92,98.88,37.62,none,0
101,53,18.1,168.04,469.72,101.14,33.7,none,0
101,54,18.1,165.98,451.77,100.7,41.41,none,0
101,55,18.1,140.27,357.11,123.59,57.41,comp1,1
101,56,18.1,171.09,456.31,103.9,27.76,none,0
101,57,18.1,176.64,463.14,95.45,51.58,none,0
101,58,18.1,165.9,437.07,101.72,38.54,none,0
101,59,18.1,173.25,441.43,95.92,27.73,none,0
101,60,18.1,170.96,429.68,102.62,51.76,none,0
101,61,18.1,171.61,465.63,98.0,33.33,none,0
101,62,18.1,166.74,454.08,101.11,45.81,none,0
101,63,18.1,165.02,435.42,103.27,52.79,none,0
101,64,18.1,167.6,454.38,93.27,54.6,none,0
101,65,18.1,174.73,439.72,99.56,34.54,none,0
101,66,18.1,173.93,469.28,99.06,39.78,none,0
101,67,18.1,168.34,474.24,99.69,24.99,none,0
101,68,18.1,165.15,438.83,101.66,45.25,none,0
101,69,18.1,177.05,474.57,102.6,27.07,none,0
101,70,18.1,178.92,442.66,97.66,38.36,none,0
101,71,18.1,174.27,454.21,102.38,38.12,none,0
101,72,18.1,179.65,433.74,99.46,33.82,none,0
101,73,18.1,160.98,462.07,99.61,32.65,none,0
101,74,18.1,171.27,438.72,98.25,42.6,none,0
101,75,18.1,176.81,431.52,94.81,32.54,none,0
101,76,18.1,168.44,422.83,102.88,30.05,none,0
101,77,18.1,170.63,415.99,95.79,36.28,none,0
101,78,18.1,162.27,479.3,100.15,51.36,none,0
101,79,18.1,174.89,442.97,98.4,42.61,none,0
101,80,18.1,171.95,450.87,94.88,42.9,none,0
101,81,18.1,166.29,478.86,104.2,26.91,none,0
101,82,18.1,166.35,425.86,102.6,42.88,none,0
101,83,18.1,174.61,465.21,98.47,43.58,none,0
101,84,18.1,173.95,475.45,101.57,48.76,none,0
101,85,18.1,171.14,451.72,102.25,50.48,none,0
101,86,18.1,152.02,392.82,121.06,91.33,comp3,1
101,87,18.1,170.71,440.14,98.19,51.85,none,0
101,88,18.1,172.83,436.97,103.05,45.52,none,0
101,89,18.1,169.41,465.65,97.79,41.8,none,0
101,90,18.1,170.3,442.38,101.42,45.36,none,0
101,91,18.1,172.01,465.02,100.82,32.59,none,0
101,92,18.1,166.8,480.32,103.2,39.89,none,0
101,93,18.1,166.92,459.12,103.14,40.71,none,0
101,94,18.1,177.35,475.45,100.89,46.0,none,0
101,95,18.1,163.96,440.63,98.8,41.42,none,0
101,96,18.1,173.98,463.04,99.48,35.51,none,0
101,97,18.1,171.33,451.96,101.24,33.96,none,0
101,98,18.1,167.86,459.99,102.46,38.76,none,0
101,99,18.1,167.03,462.03,101.29,31.7,none,0
101,100,18.1,166.0,469.45,97.57,49.13,none,0
101,101,18.1,167.66,476.42,97.78,47.83,none,0
101,102,18.1,147.89,384.29,112.36,84.04,comp1,1
101,103,18.1,172.5,452.19,100.89,29.16,none,0
101,104,18.1,168.83,441.02,99.86,21.97,none,0
101,105,18.1,148.84,376.98,108.6,67.56,comp2,1
101,106,18.1,169.85,470.53,93.24,38.1,none,0
101,107,18.1,170.14,445.06,99.96,43.3,none,0
101,108,18.1,163.0,474.14,94.58,40.56,none,0
101,109,18.1,174.77,446.21,100.67,38.8,none,0
101,110,18.1,168.1,431.37,99.79,43.78,none,0
101,111,18.1,162.23,429.4,99.64,49.69,none,0
101,112,18.1,172.39,479.51,97.73,44.92,none,0
101,113,18.1,158.68,448.56,102.73,46.98,none,0
101,114,18.1,169.39,446.29,103.43,42.18,none,0
101,115,18.1,179.47,436.0,97.61,36.63,none,0
101,116,18.1,171.92,443.07,101.6,35.25,none,0
101,117,18.1,180.83,413.6,96.35,31.88,none,0
101,118,18.1,172.42,429.73,102.95,46.99,none,0
101,119,18.1,181.07,448.83,99.62,36.57,none,0
102,0,2.1,169.76,465.16,96.4,44.12,none,0
102,1,2.1,171.24,461.08,95.24,39.88,none,0
102,2,2.1,168.87,454.84,103.65,40.46,none,0
102,3,2.1,171.23,457.91,96.45,30.93,none,0
102,4,2.1,181.08,442.15,99.06,35.18,none,0
102,5,2.1,174.63,441.6,100.04,45.51,none,0
102,6,2.1,169.92,452.18,94.13,42.28,none,0
102,7,2.1,178.96,426.0,98.2,36.73,none,0
102,8,2.1,174.3,452.2,98.85,42.21,none,0
102,9,2.1,177.47,439.29,100.58,46.25,none,0
102,10,2.1,168.75,447.81,101.58,52.37,none,0
102,11,2.1,162.06,446.75,100.02,39.95,none,0
102,12,2.1,174.25,470.36,97.94,38.19,none,0
102,13,2.1,175.73,502.0,102.81,34.7,none,0
102,14,2.1,170.31,454.81,100.48,34.61,none,0
102,15,2.1,173.34,417.47,98.5,43.11,none,0
102,16,2.1,174.85,427.03,99.09,26.02,none,0
102,17,2.1,169.39,469.8,99.75,34.32,none,0
102,18,2.1,163.13,456.35,95.63,54.28,none,0
102,19,2.1,162.95,430.16,99.89,47.69,none,0
102,20,2.1,169.0,489.79,102.35,31.86,none,0
102,21,2.1,165.22,474.41,106.32,32.65,none,0
102,22,2.1,167.21,444.6,97.99,44.54,none,0
102,23,2.1,165.34,441.48,100.91,48.04,none,0
102,24,2.1,168.57,489.61,101.09,30.45,none,0
102,25,2.1,172.24,451.73,103.41,47.55,none,0
102,26,2.1,169.17,462.58,102.58,28.48,none,0
102,27,2.1,170.09,439.91,100.39,30.64,none,0
102,28,2.1,171.08,444.11,101.57,28.92,none,0
102,29,2.1,169.16,447.1,95.4,44.98,none,0
102,30,2.1,180.22,444.82,103.76,52.95,none,0
102,31,2.1,166.39,468.07,107.15,45.82,none,0
102,32,2.1,169.73,442.45,101.89,36.3,none,0
102,33,2.1,172.28,439.03,96.15,48.22,none,0
102,34,2.1,163.93,434.47,100.07,36.1,none,0
102,35,2.1,162.71,446.94,102.57,42.43,none,0
102,36,2.1,171.89,458.75,98.77,35.34,none,0
102,37,2.1,172.3,430.97,104.41,47.58,none,0
102,38,2.1,166.68,475.66,100.19,43.88,none,0
102,39,2.1,164.48,424.85,100.77,36.68,none,0
102,40,2.1,168.31,454.24,106.49,46.26,none,0
102,41,2.1,184.1,397.52,98.86,42.27,none,0
102,42,2.1,170.84,438.15,97.7,21.43,none,0
102,43,2.1,172.42,490.54,102.98,34.34,none,0
102,44,2.1,179.03,456.17,97.65,46.01,none,0
102,45,2.1,165.86,440.31,100.09,45.08,none,0
102,46,2.1,172.77,435.37,99.65,47.6,none,0
102,47,2.1,169.95,500.56,99.5,31.45,none,0
102,48,2.1,169.24,469.92,97.1,48.28,none,0
102,49,2.1,170.97,440.21,100.58,16.38,none,0
102,50,2.1,169.08,463.51,98.67,38.95,none,0
102,51,2.1,176.8,454.72,105.35,48.33,none,0
102,52,2.1,172.76,442.13,97.4,31.38,none,0
102,53,2.1,173.12,437.08,105.82,38.23,none,0
102,54,2.1,163.82,476.65,97.32,53.02,none,0
102,55,2.1,169.25,468.86,97.38,42.89,none,0
102,56,2.1,172.52,471.62,98.42,49.76,none,0
102,57,2.1,172.81,486.26,100.09,31.0,none,0
102,58,2.1,165.43,411.22,105.98,32.61,none,0
102,59,2.1,164.05,441.73,96.62,50.12,none,0
102,60,2.1,167.2,511.4,94.49,34.53,none,0
102,61,2.1,169.39,449.93,97.86,35.5,none,0
102,62,2.1,174.69,416.57,102.33,53.52,none,0
102,63,2.1,167.63,454.65,102.96,43.05,none,0
102,64,2.1,172.86,430.83,98.42,31.03,none,0
102,65,2.1,173.99,439.33,102.8,35.62,none,0
102,66,2.1,169.2,452.31,100.96,28.74,none,0
102,67,2.1,168.69,440.02,98.08,41.14,none,0
102,68,2.1,173.51,458.78,97.06,53.12,none,0
102,69,2.1,177.33,445.89,96.42,51.69,none,0
102,70,2.1,175.82,464.57,101.85,37.71,none,0
102,71,2.1,171.58,462.22,98.08,35.32,none,0
102,72,2.1,177.1,445.08,96.25,30.59,none,0
102,73,2.1,170.73,421.26,104.08,19.71,none,0
102,74,2.1,168.45,449.38,100.48,27.52,none,0
102,75,2.1,174.81,413.29,100.5,53.63,none,0
102,76,2.1,170.34,450.89,100.64,51.29,none,0
102,77,2.1,169.09,420.52,97.74,28.74,none,0
102,78,2.1,180.59,453.03,100.2,46.56,none,0
102,79,2.1,171.1,442.52,99.93,41.3,none,0
102,80,2.1,160.45,459.17,94.91,39.18,none,0
102,81,2.1,172.51,431.1,99.64,50.93,none,0
102,82,2.1,178.29,488.73,99.34,36.8,none,0
102,83,2.1,166.81,436.68,98.98,47.07,none,0
102,84,2.1,165.25,430.1,104.01,40.45,none,0
102,85,2.1,173.17,440.41,94.7,37.51,none,0
102,86,2.1,162.23,440.12,98.05,29.3,none,0
102,87,2.1,175.23,423.78,99.5,38.13,none,0
102,88,2.1,176.48,466.93,104.16,40.73,none,0
102,89,2.1,175.29,446.96,100.09,36.81,none,0
102,90,2.1,173.65,496.57,100.7,35.55,none,0
102,91,2.1,173.16,462.71,102.44,47.63,none,0
102,92,2.1,166.38,445.92,103.98,33.37,none,0
102,93,2.1,167.49,492.4,100.44,35.55,none,0
102,94,2.1,177.81,462.41,94.96,46.18,none,0
102,95,2.1,159.92,471.55,100.21,40.33,none,0
102,96,2.1,158.12,446.25,102.58,43.36,none,0
102,97,2.1,177.96,440.72,92.88,31.11,none,0
102,98,2.1,166.21,465.01,99.69,40.45,none,0
102,99,2.1,163.33,410.66,101.87,43.49,none,0
102,100,2.1,162.46,485.08,95.49,34.04,none,0
102,101,2.1,165.93,423.67,99.55,45.11,none,0
102,102,2.1,178.28,480.77,103.8,26.94,none,0
102,103,2.1,166.98,446.42,100.37,29.1,none,0
102,104,2.1,172.58,434.18,103.8,38.93,none,0
102,105,2.1,164.74,460.64,101.02,20.0,none,0
102,106,2.1,176.52,478.04,100.67,30.62,none,0
102,107,2.1,164.13,448.06,95.51,44.95,none,0
102,108,2.1,166.89,464.63,99.89,30.33,none,0
102,109,2.1,164.22,451.97,96.02,35.86,none,0
102,110,2.1,169.96,412.3,100.09,35.04,none,0
102,111,2.1,173.96,441.55,100.35,46.39,none,0
102,112,2.1,171.61,476.64,100.26,39.08,none,0
102,113,2.1,163.48,414.11,99.73,50.56,none,0
102,114,2.1,169.15,435.19,100.27,41.22,none,0
102,115,2.1,172.02,445.63,97.4,45.1,none,0
102,116,2.1,171.52,466.48,102.81,41.5,none,0
102,117,2.1,173.6,464.8,97.13,24.21,none,0
102,118,2.1,166.63,455.65,97.0,44.44,none,0
102,119,2.1,163.28,447.06,102.49,27.95,none,0
103,0,14.1,177.3,428.25,102.88,46.95,none,0
103,1,14.1,170.86,455.63,91.37,23.87,none,0
103,2,14.1,165.3,424.94,102.72,42.67,none,0
103,3,14.1,159.03,433.27,104.01,24.78,none,0
103,4,14.1,174.66,439.89,102.91,40.63,none,0
103,5,14.1,173.86,454.55,105.23,36.17,none,0
103,6,14.1,171.53,486.63,96.17,38.09,none,0
103,7,14.1,168.34,481.14,99.62,43.5,none,0
103,8,14.1,176.85,449.32,98.05,48.92,none,0
103,9,14.1,164.97,417.68,97.29,34.98,none,0
103,10,14.1,168.19,418.93,101.82,37.84,none,0
103,11,14.1,174.24,492.71,101.43,54.4,none,0
103,12,14.1,171.14,452.21,94.16,35.52,none,0
103,13,14.1,173.06,449.76,103.28,35.7,none,0
103,14,14.1,152.52,339.05,116.11,92.1,comp3,1
103,15,14.1,171.13,450.64,99.28,29.16,none,0
103,16,14.1,162.59,468.1,104.55,45.8,none,0
103,17,14.1,174.67,438.22,95.73,47.54,none,0
103,18,14.1,169.52,450.32,98.11,43.32,none,0
103,19,14.1,171.28,444.71,98.05,46.88,none,0
103,20,14.1,173.16,470.94,93.66,37.32,none,0
103,21,14.1,168.33,425.58,100.46,44.68,none,0
103,22,14.1,169.76,439.36,100.95,41.61,none,0
103,23,14.1,161.09,440.31,100.24,52.95,none,0
103,24,14.1,171.31,489.47,97.47,47.67,none,0
103,25,14.1,177.36,479.88,100.09,45.45,none,0
103,26,14.1,174.28,458.07,99.34,37.37,none,0
103,27,14.1,165.79,454.28,104.16,42.91,none,0
103,28,14.1,175.82,430.68,97.36,29.69,none,0
103,29,14.1,162.36,410.76,96.34,30.98,none,0
103,30,14.1,169.88,418.44,98.31,35.42,none,0
103,31,14.1,166.7,425.65,102.8,40.53,none,0
103,32,14.1,161.87,484.61,101.06,33.56,none,0
103,33,14.1,164.84,459.23,102.33,47.22,none,0
103,34,14.1,167.05,468.07,103.23,44.57,none,0
103,35,14.1,185.6,457.3,99.35,40.95,none,0
103,36,14.1,169.52,465.75,99.39,45.22,none,0
103,37,14.1,162.36,480.7,99.14,44.0,none,0
103,38,14.1,162.98,432.06,101.03,34.71,none,0
103,39,14.1,169.37,438.04,97.13,30.14,none,0
103,40,14.1,171.17,469.27,101.24,37.51,none,0
103,41,14.1,167.63,429.85,105.15,34.17,none,0
103,42,14.1,169.55,471.46,98.02,38.35,none,0
103,43,14.1,178.65,457.04,99.08,39.58,none,0
103,44,14.1,167.88,418.13,90.13,37.39,none,0
103,45,14.1,172.59,448.66,98.26,33.6,none,0
103,46,14.1,171.01,441.61,96.08,32.15,none,0
103,47,14.1,174.51,440.69,101.42,36.41,none,0
103,48,14.1,167.38,453.34,99.86,38.07,none,0
103,49,14.1,161.91,450.0,101.6,39.52,none,0
103,50,14.1,162.07,453.3,102.71,41.66,none,0
103,51,14.1,178.77,436.52,102.61,44.96,none,0
103,52,14.1,173.71,449.38,102.29,29.32,none,0
103,53,14.1,167.73,474.63,91.05,53.01,none,0
103,54,14.1,171.03,444.32,98.5,40.48,none,0
103,55,14.1,169.93,436.03,98.11,41.04,none,0
103,56,14.1,172.89,445.66,100.08,47.72,none,0
103,57,14.1,160.9,437.4,100.38,47.54,none,0
103,58,14.1,170.73,447.52,101.04,44.8,none,0
103,59,14.1,169.38,459.0,97.18,23.05,none,0
103,60,14.1,166.47,461.25,99.84,25.66,none,0
103,61,14.1,170.27,491.44,97.58,47.79,none,0
103,62,14.1,171.44,416.62,101.39,37.27,none,0
103,63,14.1,173.38,469.16,102.14,41.04,none,0
103,64,14.1,181.72,462.48,104.24,29.3,none,0
103,65,14.1,169.02,472.94,95.1,44.96,none,0
103,66,14.1,164.59,428.61,95.24,37.29,none,0
103,67,14.1,172.14,443.49,102.94,45.99,none,0
103,68,14.1,172.47,430.65,99.03,43.95,none,0
103,69,14.1,168.06,437.83,101.43,45.21,none,0
103,70,14.1,171.44,448.37,100.26,36.49,none,0
103,71,14.1,164.14,473.63,94.79,41.28,none,0
103,72,14.1,176.94,487.17,101.3,50.21,none,0
103,73,14.1,164.21,451.5,98.93,38.33,none,0
103,74,14.1,172.49,441.74,100.39,35.77,none,0
103,75,14.1,172.7,476.14,102.62,33.3,none,0
103,76,14.1,173.94,439.31,97.66,40.14,none,0
103,77,14.1,164.42,435.07,103.52,44.29,none,0
103,78,14.1,175.5,449.69,101.22,48.75,none,0
103,79,14.1,163.67,440.78,102.29,34.42,none,0
103,80,14.1,168.75,441.81,101.75,38.58,none,0
103,81,14.1,167.76,449.97,103.25,45.19,none,0
103,82,14.1,171.8,433.5,102.15,40.82,none,0
103,83,14.1,172.05,419.32,99.08,51.78,none,0
103,84,14.1,160.28,460.68,98.66,40.88,none,0
103,85,14.1,167.91,448.91,101.53,21.59,none,0
103,86,14.1,173.43,426.53,96.12,41.9,none,0
103,87,14.1,170.87,456.76,101.9,40.86,none,0
103,88,14.1,165.78,425.5,104.56,38.3,none,0
103,89,14.1,176.94,423.93,103.76,31.0,none,0
103,90,14.1,173.61,459.6,100.91,43.14,none,0
103,91,14.1,162.57,430.75,99.28,41.09,none,0
103,92,14.1,167.9,458.4,101.79,44.34,none,0
103,93,14.1,164.54,464.8,100.03,41.41,none,0
103,94,14.1,174.25,447.95,102.71,34.37,none,0
103,95,14.1,172.16,465.51,99.52,37.86,none,0
103,96,14.1,170.98,439.48,104.82,41.39,none,0
103,97,14.1,161.89,442.1,102.11,59.94,none,0
103,98,14.1,169.45,459.16,104.93,33.2,none,0
103,99,14.1,157.88,438.69,102.32,48.29,none,0
103,100,14.1,172.4,476.2,105.63,42.0,none,0
103,101,14.1,169.74,444.39,104.98,41.11,none,0
103,102,14.1,171.11,448.71,95.86,51.46,none,0
103,103,14.1,162.39,438.95,96.8,38.33,none,0
103,104,14.1,165.78,440.74,101.83,41.72,none,0
103,105,14.1,166.74,464.49,98.87,37.37,none,0
103,106,14.1,174.64,442.66,100.87,40.78,none,0
103,107,14.1,171.18,452.4,99.62,26.93,none,0
103,108,14.1,172.58,422.61,96.5,43.1,none,0
103,109,14.1,175.16,467.39,103.74,44.64,none,0
103,110,14.1,167.63,418.56,103.88,48.17,none,0
103,111,14.1,168.81,449.01,102.29,37.26,none,0
103,112,14.1,175.76,456.74,98.44,43.06,none,0
103,113,14.1,182.55,464.0,100.25,35.51,none,0
103,114,14.1,171.71,460.15,95.4,38.74,none,0
103,115,14.1,164.24,446.31,101.21,45.79,none,0
103,116,14.1,170.15,442.44,103.27,24.13,none,0
103,117,14.1,175.05,460.74,101.8,43.98,none,0
103,118,14.1,181.66,429.41,100.14,38.53,none,0
103,119,14.1,169.84,448.52,98.8,21.05,none,0
104,0,6.0,166.52,428.86,97.14,37.7,none,0
104,1,6.0,173.27,415.67,98.66,32.52,none,0
104,2,6.0,169.97,420.61,100.88,37.61,none,0
104,3,6.0,178.44,461.35,101.2,41.0,none,0
104,4,6.0,180.42,412.87,105.99,42.26,none,0
104,5,6.0,174.13,457.31,104.22,35.75,none,0
104,6,6.0,168.95,458.27,95.49,26.95,none,0
104,7,6.0,162.28,438.96,106.02,39.4,none,0
104,8,6.0,170.42,444.59,99.03,39.76,none,0
104,9,6.0,179.05,452.14,95.51,35.94,none,0
104,10,6.0,170.39,429.08,98.77,47.62,none,0
104,11,6.0,171.84,479.84,97.12,38.29,none,0
104,12,6.0,163.14,470.76,102.8,38.77,none,0
104,13,6.0,174.03,499.98,105.79,45.16,none,0
104,14,6.0,173.52,437.92,104.4,45.66,none,0
104,15,6.0,170.09,431.92,98.4,33.1,none,0
104,16,6.0,173.33,427.77,97.11,38.03,none,0
104,17,6.0,175.52,459.06,101.99,46.71,none,0
104,18,6.0,168.29,454.52,92.81,30.5,none,0
104,19,6.0,169.43,433.51,103.28,42.69,none,0
104,20,6.0,168.82,445.97,99.02,36.81,none,0
104,21,6.0,171.18,442.04,102.34,25.98,none,0
104,22,6.0,170.77,470.72,102.74,45.78,none,0
104,23,6.0,170.71,446.42,95.52,24.67,none,0
104,24,6.0,171.61,472.44,100.58,39.85,none,0
104,25,6.0,168.22,413.28,99.93,15.39,none,0
104,26,6.0,170.38,417.87,98.37,33.62,none,0
104,27,6.0,173.57,488.22,107.28,36.66,none,0
104,28,6.0,174.24,477.55,99.2,44.16,none,0
104,29,6.0,165.5,429.38,99.35,42.27,none,0
104,30,6.0,170.07,439.29,98.35,44.57,none,0
104,31,6.0,173.12,469.15,104.62,68.91,none,0
104,32,6.0,141.81,388.18,117.85,63.1,comp3,1
104,33,6.0,164.59,451.36,101.18,58.46,none,0
104,34,6.0,170.7,463.91,96.34,35.16,none,0
104,35,6.0,179.39,453.93,100.42,32.81,none,0
104,36,6.0,165.45,478.2,103.44,40.31,none,0
104,37,6.0,168.57,451.31,99.32,39.76,none,0
104,38,6.0,170.67,463.95,98.42,35.57,none,0
104,39,6.0,175.84,445.18,102.28,33.74,none,0
104,40,6.0,171.56,439.34,101.48,30.19,none,0
104,41,6.0,179.21,465.77,90.98,43.9,none,0
104,42,6.0,172.27,403.81,102.08,46.31,none,0
104,43,6.0,179.53,451.51,102.74,30.52,none,0
104,44,6.0,168.83,472.36,104.54,39.57,none,0
104,45,6.0,167.92,490.48,103.06,43.67,none,0
104,46,6.0,179.41,456.19,95.18,37.36,none,0
104,47,6.0,175.8,461.62,105.0,28.23,none,0
104,48,6.0,168.63,435.74,102.25,45.9,none,0
104,49,6.0,172.38,463.04,100.54,48.7,none,0
104,50,6.0,170.1,452.67,98.01,46.23,none,0
104,51,6.0,174.04,418.99,104.74,39.79,none,0
104,52,6.0,173.47,431.02,101.24,31.65,none,0
104,53,6.0,178.56,455.4,99.21,44.51,none,0
104,54,6.0,175.71,445.73,100.85,36.92,none,0
104,55,6.0,172.99,445.66,100.84,35.85,none,0
104,56,6.0,166.77,451.39,97.05,34.48,none,0
104,57,6.0,165.07,428.39,104.03,34.37,none,0
104,58,6.0,166.12,485.95,101.13,39.99,none,0
104,59,6.0,181.01,429.75,98.2,26.53,none,0
104,60,6.0,172.05,464.51,101.71,37.8,none,0
104,61,6.0,178.65,456.58,103.37,29.61,none,0
104,62,6.0,165.58,433.05,99.06,43.71,none,0
104,63,6.0,164.17,433.68,101.22,41.02,none,0
104,64,6.0,170.47,433.14,102.51,57.44,none,0
104,65,6.0,180.35,470.68,96.52,40.12,none,0
104,66,6.0,174.36,464.84,97.45,42.07,none,0
104,67,6.0,170.45,468.45,100.02,32.24,none,0
104,68,6.0,180.07,438.84,101.07,32.31,none,0
104,69,6.0,173.51,459.03,102.5,37.47,none,0
104,70,6.0,170.9,425.3,102.96,39.14,none,0
104,71,6.0,172.34,448.31,99.79,31.19,none,0
104,72,6.0,171.62,447.06,92.4,39.37,none,0
104,73,6.0,170.66,439.66,99.43,24.41,none,0
104,74,6.0,164.94,442.59,99.07,27.77,none,0
104,75,6.0,178.38,439.45,95.4,65.31,none,0
104,76,6.0,169.45,434.09,100.63,43.14,none,0
104,77,6.0,163.74,451.58,99.45,24.59,none,0
104,78,6.0,174.68,451.18,102.02,43.05,none,0
104,79,6.0,174.28,449.27,97.98,32.37,none,0
104,80,6.0,171.18,437.39,104.94,45.45,none,0
104,81,6.0,169.95,443.65,98.51,47.39,none,0
104,82,6.0,170.45,454.47,96.53,55.05,none,0
104,83,6.0,159.32,434.93,100.48,40.84,none,0
104,84,6.0,171.11,487.97,101.23,43.46,none,0
104,85,6.0,172.81,471.66,97.47,42.76,none,0
104,86,6.0,170.57,422.97,104.47,33.43,none,0
104,87,6.0,161.59,438.81,96.98,33.52,none,0
104,88,6.0,170.67,429.05,99.59,44.52,none,0
104,89,6.0,168.84,430.6,100.75,38.1,none,0
104,90,6.0,164.39,453.71,100.53,46.69,none,0
104,91,6.0,167.46,481.19,100.69,36.81,none,0
104,92,6.0,172.68,449.76,96.89,36.97,none,0
104,93,6.0,179.99,430.8,97.69,49.63,none,0
104,94,6.0,181.65,467.33,99.97,36.76,none,0
104,95,6.0,165.49,455.7,94.42,39.56,none,0
104,96,6.0,164.13,437.25,93.35,50.4,none,0
104,97,6.0,163.7,452.38,98.85,31.99,none,0
104,98,6.0,171.84,472.27,99.08,44.52,none,0
104,99,6.0,174.74,451.95,98.39,44.36,none,0
104,100,6.0,171.16,436.72,98.92,48.92,none,0
104,101,6.0,167.19,440.0,103.71,39.26,none,0
104,102,6.0,172.11,463.44,104.22,53.92,none,0
104,103,6.0,172.45,458.63,94.4,44.19,none,0
104,104,6.0,175.06,454.77,100.8,50.32,none,0
104,105,6.0,170.83,451.25,100.47,28.06,none,0
104,106,6.0,168.9,411.86,94.17,37.91,none,0
104,107,6.0,171.69,461.37,99.76,51.82,none,0
104,108,6.0,164.69,435.62,101.79,37.76,none,0
104,109,6.0,173.11,467.1,94.46,39.69,none,0
104,110,6.0,169.07,455.85,96.13,38.38,none,0
104,111,6.0,169.93,450.46,95.71,38.01,none,0
104,112,6.0,170.83,454.76,99.74,34.4,none,0
104,113,6.0,163.57,419.16,96.86,41.98,none,0
104,114,6.0,178.59,442.89,100.93,46.55,none,0
104,115,6.0,169.12,422.34,99.77,40.43,none,0
104,116,6.0,168.59,447.36,104.72,48.24,none,0
104,117,6.0,170.38,473.37,99.91,28.27,none,0
104,118,6.0,168.31,463.54,107.09,31.32,none,0
104,119,6.0,169.42,437.98,98.34,41.43,none,0
105,0,3.5,169.58,417.1,100.95,32.56,none,0
105,1,3.5,179.34,458.06,102.62,34.89,none,0
105,2,3.5,175.32,434.36,96.78,40.63,none,0
105,3,3.5,168.93,437.77,106.89,49.45,none,0
105,4,3.5,166.47,474.6,102.05,60.88,none,0
105,5,3.5,167.32,434.75,103.48,40.75,none,0
105,6,3.5,169.43,428.86,98.65,32.25,none,0
105,7,3.5,172.24,487.81,96.57,50.07,none,0
105,8,3.5,171.94,434.88,98.99,45.21,none,0
105,9,3.5,166.66,477.15,96.17,43.71,none,0
105,10,3.5,174.28,465.31,100.97,44.14,none,0
105,11,3.5,158.49,463.74,101.1,43.25,none,0
105,12,3.5,156.68,448.68,103.78,37.77,none,0
105,13,3.5,156.46,432.39,102.39,45.21,none,0
105,14,3.5,180.39,430.07,96.13,50.67,none,0
105,15,3.5,172.96,440.94,107.25,49.23,none,0
105,16,3.5,176.21,450.21,102.65,55.82,none,0
105,17,3.5,179.63,436.94,104.32,37.76,none,0
105,18,3.5,167.29,455.95,107.92,43.82,none,0
105,19,3.5,161.73,455.58,99.12,28.5,none,0
105,20,3.5,177.8,450.07,98.28,60.84,none,0
105,21,3.5,173.07,435.25,98.25,35.81,none,0
105,22,3.5,163.23,416.5,102.05,42.5,none,0
105,23,3.5,165.91,424.39,96.25,34.54,none,0
105,24,3.5,165.71,458.52,101.38,31.07,none,0
105,25,3.5,166.11,456.79,99.42,34.04,none,0
105,26,3.5,168.07,419.66,100.61,40.47,none,0
105,27,3.5,169.55,451.8,99.37,40.66,none,0
105,28,3.5,165.04,466.46,97.21,30.47,none,0
105,29,3.5,171.92,480.07,96.11,49.86,none,0
105,30,3.5,167.93,481.9,99.31,33.53,none,0
105,31,3.5,172.02,462.68,92.74,37.66,none,0
105,32,3.5,169.01,446.05,102.31,33.67,none,0
105,33,3.5,165.61,437.34,99.46,59.75,none,0
105,34,3.5,170.22,426.28,98.94,44.52,none,0
105,35,3.5,173.05,439.63,98.96,55.41,none,0
105,36,3.5,174.58,439.59,99.97,35.65,none,0
105,37,3.5,167.96,456.28,99.05,41.08,none,0
105,38,3.5,167.25,448.56,95.97,42.62,none,0
105,39,3.5,166.78,451.15,103.94,48.75,none,0
105,40,3.5,169.84,454.82,100.61,25.37,none,0
105,41,3.5,163.41,457.26,96.45,45.47,none,0
105,42,3.5,175.18,439.91,99.99,31.73,none,0
105,43,3.5,177.29,464.97,100.89,39.66,none,0
105,44,3.5,177.99,437.93,103.58,38.49,none,0
105,45,3.5,172.53,436.65,98.64,42.43,none,0
105,46,3.5,160.61,450.8,98.79,13.01,none,0
105,47,3.5,162.0,433.65,102.43,42.53,none,0
105,48,3.5,173.26,450.1,96.38,46.89,none,0
105,49,3.5,168.59,437.05,97.44,48.39,none,0
105,50,3.5,166.23,477.21,99.1,39.07,none,0
105,51,3.5,165.28,452.92,100.34,48.7,none,0
105,52,3.5,159.26,458.82,100.37,43.21,none,0
105,53,3.5,168.09,447.82,99.11,43.63,none,0
105,54,3.5,169.25,442.77,96.31,19.33,none,0
105,55,3.5,165.92,437.82,100.88,38.62,none,0
105,56,3.5,169.1,458.18,99.54,32.24,none,0
105,57,3.5,173.02,433.78,100.02,52.41,none,0
105,58,3.5,167.86,425.86,100.18,51.39,none,0
105,59,3.5,170.27,449.75,104.8,28.59,none,0
105,60,3.5,174.85,455.49,96.53,58.03,none,0
105,61,3.5,164.62,436.51,101.27,42.81,none,0
105,62,3.5,164.52,424.77,105.19,47.39,none,0
105,63,3.5,168.62,434.13,98.38,32.98,none,0
105,64,3.5,170.33,438.95,99.57,40.26,none,0
105,65,3.5,173.65,436.02,103.09,42.3,none,0
105,66,3.5,182.39,448.9,99.94,42.21,none,0
105,67,3.5,174.21,466.22,104.61,44.55,none,0
105,68,3.5,167.58,443.53,99.81,32.16,none,0
105,69,3.5,178.4,461.32,97.26,28.88,none,0
105,70,3.5,176.18,458.93,100.24,44.46,none,0
105,71,3.5,170.73,457.44,96.09,48.18,none,0
105,72,3.5,175.15,440.89,100.62,44.5,none,0
105,73,3.5,167.29,444.05,104.38,43.81,none,0
105,74,3.5,179.4,408.33,96.46,30.11,none,0
105,75,3.5,173.97,476.87,103.7,39.27,none,0
105,76,3.5,154.94,401.92,116.85,81.22,comp2,1
105,77,3.5,172.46,465.67,98.21,39.56,none,0
105,78,3.5,173.0,436.83,98.47,45.15,none,0
105,79,3.5,169.76,427.32,103.7,33.94,none,0
105,80,3.5,178.47,435.88,100.38,32.52,none,0
105,81,3.5,168.57,458.63,102.0,39.94,none,0
105,82,3.5,166.32,431.93,99.76,46.4,none,0
105,83,3.5,171.7,441.74,97.53,40.14,none,0
105,84,3.5,169.97,447.9,97.03,52.37,none,0
105,85,3.5,167.47,435.61,104.8,32.51,none,0
105,86,3.5,168.55,453.35,102.2,42.26,none,0
105,87,3.5,172.56,435.88,97.67,41.57,none,0
105,88,3.5,169.47,492.67,103.31,31.06,none,0
105,89,3.5,173.06,441.19,101.18,31.13,none,0
105,90,3.5,170.62,446.27,97.48,51.41,none,0
105,91,3.5,174.32,474.43,105.69,51.69,none,0
105,92,3.5,170.9,437.31,107.47,32.89,none,0
105,93,3.5,167.06,456.07,104.4,36.43,none,0
105,94,3.5,165.05,439.45,101.5,49.57,none,0
105,95,3.5,163.16,473.14,98.85,45.18,none,0
105,96,3.5,167.69,435.17,98.75,30.6,none,0
105,97,3.5,175.95,426.57,104.83,43.13,none,0
105,98,3.5,173.73,451.08,98.26,50.61,none,0
105,99,3.5,172.76,465.02,99.11,34.17,none,0
105,100,3.5,171.13,454.16,102.74,31.99,none,0
105,101,3.5,163.25,482.93,100.25,48.97,none,0
105,102,3.5,171.14,461.83,100.11,50.76,none,0
105,103,3.5,170.55,441.9,101.34,33.57,none,0
105,104,3.5,176.88,430.6,103.91,36.44,none,0
105,105,3.5,156.54,364.87,105.43,60.43,comp1,1
105,106,3.5,171.05,423.49,104.68,32.02,none,0
105,107,3.5,171.54,467.05,100.54,47.65,none,0
105,108,3.5,169.12,470.06,103.69,43.6,none,0
105,109,3.5,164.62,473.1,96.81,53.61,none,0
105,110,3.5,163.88,457.79,97.53,33.69,none,0
105,111,3.5,168.66,459.53,106.37,31.74,none,0
105,112,3.5,167.09,471.78,100.29,52.74,none,0
105,113,3.5,174.91,482.98,95.97,37.32,none,0
105,114,3.5,170.72,454.28,102.68,37.93,none,0
105,115,3.5,167.89,402.44,96.72,49.65,none,0
105,116,3.5,168.45,442.89,99.92,44.89,none,0
105,117,3.5,162.65,456.1,100.16,42.57,none,0
105,118,3.5,168.65,433.75,100.39,37.91,none,0
105,119,3.5,165.73,423.85,97.47,30.0,none,0
106,0,6.6,169.29,447.35,100.94,35.37,none,0
106,1,6.6,166.3,436.2,103.9,39.06,none,0
106,2,6.6,174.07,443.54,99.66,35.92,none,0
106,3,6.6,175.19,462.74,97.05,39.71,none,0
106,4,6.6,170.5,465.53,100.08,43.52,none,0
106,5,6.6,161.17,490.79,104.26,41.21,none,0
106,6,6.6,174.9,390.49,99.97,36.96,none,0
106,7,6.6,164.37,444.74,102.09,50.15,none,0
106,8,6.6,169.15,482.91,102.94,38.56,none,0
106,9,6.6,167.56,446.56,101.04,41.53,none,0
106,10,6.6,177.86,445.68,101.41,45.06,none,0
106,11,6.6,159.59,472.04,103.16,43.39,none,0
106,12,6.6,169.31,448.86,99.45,40.55,none,0
106,13,6.6,168.35,486.56,99.46,38.07,none,0
106,14,6.6,174.28,426.68,98.45,45.92,none,0
106,15,6.6,172.68,440.43,92.07,34.16,none,0
106,16,6.6,183.6,445.86,97.61,42.36,none,0
106,17,6.6,163.88,466.46,98.82,57.16,none,0
106,18,6.6,172.54,492.76,95.63,40.47,none,0
106,19,6.6,176.85,439.3,98.73,35.12,none,0
106,20,6.6,178.58,435.63,101.04,31.87,none,0
106,21,6.6,175.35,448.15,100.9,35.21,none,0
106,22,6.6,166.01,455.6,99.95,31.66,none,0
106,23,6.6,165.47,415.81,98.37,42.38,none,0
106,24,6.6,168.97,440.28,101.31,46.48,none,0
106,25,6.6,178.26,436.05,101.89,29.91,none,0
106,26,6.6,166.72,447.71,99.02,43.01,none,0
106,27,6.6,171.53,473.42,98.28,48.43,none,0
106,28,6.6,167.0,437.58,95.83,40.72,none,0
106,29,6.6,169.22,452.26,101.0,55.88,none,0
106,30,6.6,175.2,457.19,98.78,51.74,none,0
106,31,6.6,170.92,450.05,100.51,47.26,none,0
106,32,6.6,169.44,426.52,103.66,40.46,none,0
106,33,6.6,159.25,449.12,98.61,33.28,none,0
106,34,6.6,174.99,460.87,100.5,54.14,none,0
106,35,6.6,167.72,439.17,98.52,40.74,none,0
106,36,6.6,173.39,439.67,100.25,50.43,none,0
106,37,6.6,173.04,471.38,103.0,48.96,none,0
106,38,6.6,172.05,488.26,102.89,57.87,none,0
106,39,6.6,179.67,464.81,104.44,39.35,none,0
106,40,6.6,177.23,448.03,105.01,43.77,none,0
106,41,6.6,165.16,428.53,99.1,38.35,none,0
106,42,6.6,175.63,460.29,96.35,42.4,none,0
106,43,6.6,169.1,488.21,100.32,27.09,none,0
106,44,6.6,162.14,487.12,103.92,33.07,none,0
106,45,6.6,172.97,446.94,98.7,30.02,none,0
106,46,6.6,169.05,448.59,99.22,47.9,none,0
106,47,6.6,161.56,434.75,98.5,30.48,none,0
106,48,6.6,172.08,479.88,104.51,45.58,none,0
106,49,6.6,166.3,437.49,102.57,28.49,none,0
106,50,6.6,167.26,438.41,100.27,37.9,none,0
106,51,6.6,172.3,430.96,100.01,41.04,none,0
106,52,6.6,161.82,471.0,100.07,41.67,none,0
106,53,6.6,171.61,476.5,102.7,35.2,none,0
106,54,6.6,172.93,465.09,100.61,40.01,none,0
106,55,6.6,171.95,422.68,98.0,36.81,none,0
106,56,6.6,170.95,434.29,99.59,45.53,none,0
106,57,6.6,169.17,440.8,101.66,36.42,none,0
106,58,6.6,168.75,463.7,96.04,37.51,none,0
106,59,6.6,177.54,416.54,101.31,29.96,none,0
106,60,6.6,176.49,388.18,95.87,40.83,none,0
106,61,6.6,168.53,502.8,98.7,53.81,none,0
106,62,6.6,168.05,471.51,100.13,37.95,none,0
106,63,6.6,165.69,462.88,103.14,24.07,none,0
106,64,6.6,169.15,435.67,96.53,45.9,none,0
106,65,6.6,173.07,478.82,97.34,42.16,none,0
106,66,6.6,179.34,449.54,97.74,40.84,none,0
106,67,6.6,168.34,432.15,101.59,34.68,none,0
106,68,6.6,166.54,439.4,98.6,30.84,none,0
106,69,6.6,166.09,446.25,98.9,36.01,none,0
106,70,6.6,174.49,430.76,95.87,44.53,none,0
106,71,6.6,170.45,431.47,103.75,55.34,none,0
106,72,6.6,167.36,465.42,97.64,33.61,none,0
106,73,6.6,173.59,446.75,97.0,34.1,none,0
106,74,6.6,163.42,502.35,102.63,39.1,none,0
106,75,6.6,161.73,416.62,99.01,36.4,none,0
106,76,6.6,159.97,441.21,104.35,20.11,none,0
106,77,6.6,163.78,453.46,98.19,39.88,none,0
106,78,6.6,179.58,431.9,98.32,31.76,none,0
106,79,6.6,175.53,447.42,94.96,32.44,none,0
106,80,6.6,167.22,396.84,102.17,43.84,none,0
106,81,6.6,159.8,440.21,93.5,42.69,none,0
106,82,6.6,166.91,454.74,95.84,40.92,none,0
106,83,6.6,173.61,458.01,105.35,44.52,none,0
106,84,6.6,173.61,448.16,93.26,39.73,none,0
106,85,6.6,169.38,460.13,97.07,35.03,none,0
106,86,6.6,174.77,460.75,99.98,49.09,none,0
106,87,6.6,170.65,472.25,92.95,54.29,none,0
106,88,6.6,168.37,458.78,102.62,44.23,none,0
106,89,6.6,168.16,456.11,104.11,32.68,none,0
106,90,6.6,172.31,471.44,95.15,43.84,none,0
106,91,6.6,176.54,392.3,96.84,39.08,none,0
106,92,6.6,172.56,438.66,105.89,45.99,none,0
106,93,6.6,171.61,464.4,98.95,57.44,none,0
106,94,6.6,174.82,460.37,100.02,56.21,none,0
106,95,6.6,170.44,480.24,105.77,46.36,none,0
106,96,6.6,165.7,454.49,100.93,46.01,none,0
106,97,6.6,164.51,475.31,97.47,51.32,none,0
106,98,6.6,165.11,484.16,99.82,44.74,none,0
106,99,6.6,170.38,415.15,98.38,40.81,none,0
106,100,6.6,168.83,443.62,99.61,45.01,none,0
106,101,6.6,170.09,505.48,92.36,48.81,none,0
106,102,6.6,174.45,451.44,104.09,32.78,none,0
106,103,6.6,178.2,454.64,95.31,45.27,none,0
106,104,6.6,171.73,429.84,99.75,35.35,none,0
106,105,6.6,164.54,431.65,95.64,27.29,none,0
106,106,6.6,176.33,418.39,94.9,35.2,none,0
106,107,6.6,174.58,460.36,104.77,43.64,none,0
106,108,6.6,160.31,445.3,99.6,36.4,none,0
106,109,6.6,178.36,482.89,92.56,28.21,none,0
106,110,6.6,178.8,463.61,105.07,43.57,none,0
106,111,6.6,182.25,440.63,103.18,42.44,none,0
106,112,6.6,166.1,449.43,102.03,37.75,none,0
106,113,6.6,173.14,451.96,103.92,31.68,none,0
106,114,6.6,172.17,423.9,100.14,50.93,none,0
106,115,6.6,172.27,472.21,96.97,43.5,none,0
106,116,6.6,170.44,445.99,97.11,36.75,none,0
106,117,6.6,164.83,482.71,102.29,49.57,none,0
106,118,6.6,155.13,475.81,100.19,37.16,none,0
106,119,6.6,172.81,435.85,101.17,39.59,none,0
107,0,10.3,175.25,427.68,97.9,26.84,none,0
107,1,10.3,169.74,455.11,103.49,29.5,none,0
107,2,10.3,166.9,466.63,106.75,43.87,none,0
107,3,10.3,173.53,446.15,106.23,47.96,none,0
107,4,10.3,170.78,444.81,105.85,43.69,none,0
107,5,10.3,162.9,455.63,103.0,36.82,none,0
107,6,10.3,168.95,444.51,102.34,38.03,none,0
107,7,10.3,171.29,435.59,103.31,43.32,none,0
107,8,10.3,170.49,451.82,100.89,54.81,none,0
107,9,10.3,165.07,426.17,96.8,52.75,none,0
107,10,10.3,164.91,472.65,103.82,49.76,none,0
107,11,10.3,166.61,448.57,102.36,41.56,none,0
107,12,10.3,174.22,444.52,104.99,33.85,none,0
107,13,10.3,165.83,439.73,102.88,56.22,none,0
107,14,10.3,169.74,443.36,98.4,29.63,none,0
107,15,10.3,173.01,463.14,97.96,39.51,none,0
107,16,10.3,167.5,451.2,102.45,46.17,none,0
107,17,10.3,178.9,466.93,101.35,34.59,none,0
107,18,10.3,171.55,470.18,99.61,34.19,none,0
107,19,10.3,172.9,429.92,98.83,30.76,none,0
107,20,10.3,167.89,468.46,100.22,33.61,none,0
107,21,10.3,183.53,480.55,105.49,39.55,none,0
107,22,10.3,168.8,428.0,98.91,23.03,none,0
107,23,10.3,165.09,469.89,103.37,41.15,none,0
107,24,10.3,170.64,441.88,103.25,32.84,none,0
107,25,10.3,162.88,430.44,103.07,44.47,none,0
107,26,10.3,170.1,465.84,96.9,47.41,none,0
107,27,10.3,167.65,412.19,96.84,39.9,none,0
107,28,10.3,164.54,462.11,100.58,25.34,none,0
107,29,10.3,170.08,424.5,99.08,46.26,none,0
107,30,10.3,172.03,460.01,96.62,39.79,none,0
107,31,10.3,169.82,448.09,102.56,33.28,none,0
107,32,10.3,172.41,458.46,99.37,40.53,none,0
107,33,10.3,171.79,493.62,102.54,46.57,none,0
107,34,10.3,176.4,431.74,103.34,49.1,none,0
107,35,10.3,169.34,443.31,99.65,36.62,none,0
107,36,10.3,163.0,434.55,101.88,37.53,none,0
107,37,10.3,174.69,488.47,98.63,29.39,none,0
107,38,10.3,177.86,436.11,95.48,28.84,none,0
107,39,10.3,177.14,423.97,98.76,46.33,none,0
107,40,10.3,169.06,451.03,95.92,46.54,none,0
107,41,10.3,169.67,399.98,102.65,29.07,none,0
107,42,10.3,166.78,456.12,102.1,40.3,none,0
107,43,10.3,169.89,474.56,96.37,36.66,none,0
107,44,10.3,167.13,466.86,96.48,33.77,none,0
107,45,10.3,170.64,459.08,102.37,48.58,none,0
107,46,10.3,166.71,445.5,97.63,24.45,none,0
107,47,10.3,173.2,462.23,100.36,38.71,none,0
107,48,10.3,167.99,464.67,98.35,47.93,none,0
107,49,10.3,175.25,449.3,101.65,52.49,none,0
107,50,10.3,170.56,453.28,102.81,33.89,none,0
107,51,10.3,164.41,455.31,97.75,46.41,none,0
107,52,10.3,171.0,441.36,99.96,53.98,none,0
107,53,10.3,166.82,454.54,98.27,37.62,none,0
107,54,10.3,170.44,468.51,98.9,37.48,none,0
107,55,10.3,179.37,449.67,99.86,35.75,none,0
107,56,10.3,175.12,459.84,103.3,50.53,none,0
107,57,10.3,169.29,437.55,96.41,44.03,none,0
107,58,10.3,164.93,419.76,93.91,27.46,none,0
107,59,10.3,178.08,453.36,98.73,27.45,none,0
107,60,10.3,167.82,425.33,100.26,39.99,none,0
107,61,10.3,173.11,434.66,101.18,34.01,none,0
107,62,10.3,160.68,421.58,98.62,38.25,none,0
107,63,10.3,166.2,491.09,97.06,47.78,none,0
107,64,10.3,175.97,441.27,105.51,41.45,none,0
107,65,10.3,170.03,484.14,95.49,39.55,none,0
107,66,10.3,170.39,466.62,95.09,51.31,none,0
107,67,10.3,165.47,455.92,101.77,42.86,none,0
107,68,10.3,173.26,464.36,102.41,42.11,none,0
107,69,10.3,170.82,432.3,97.61,46.29,none,0
107,70,10.3,175.93,472.97,100.38,28.09,none,0
107,71,10.3,162.09,448.18,94.6,51.27,none,0
107,72,10.3,172.75,435.98,101.04,42.89,none,0
107,73,10.3,171.09,457.89,98.02,48.23,none,0
107,74,10.3,164.83,444.96,98.87,44.16,none,0
107,75,10.3,172.25,443.34,105.38,46.16,none,0
107,76,10.3,174.14,433.06,92.38,29.62,none,0
107,77,10.3,173.34,452.09,97.61,32.62,none,0
107,78,10.3,166.92,461.62,98.05,35.52,none,0
107,79,10.3,174.4,475.91,99.92,39.78,none,0
107,80,10.3,166.86,474.89,98.23,46.35,none,0
107,81,10.3,175.12,424.72,99.47,40.94,none,0
107,82,10.3,168.18,433.7,98.22,51.52,none,0
107,83,10.3,162.57,450.0,98.82,29.23,none,0
107,84,10.3,162.08,437.45,101.14,30.75,none,0
107,85,10.3,170.39,464.46,99.23,59.97,none,0
107,86,10.3,168.65,472.74,100.72,31.03,none,0
107,87,10.3,163.36,458.51,98.74,36.3,none,0
107,88,10.3,169.85,427.44,99.5,41.46,none,0
107,89,10.3,172.27,466.94,91.9,40.03,none,0
107,90,10.3,179.44,455.12,102.3,44.37,none,0
107,91,10.3,168.01,477.7,103.23,42.61,none,0
107,92,10.3,170.77,471.69,97.11,38.68,none,0
107,93,10.3,174.88,459.89,97.14,46.7,none,0
107,94,10.3,161.41,443.41,102.39,40.54,none,0
107,95,10.3,171.11,475.48,98.91,27.43,none,0
107,96,10.3,170.05,445.69,99.68,31.06,none,0
107,97,10.3,168.04,446.41,104.61,37.47,none,0
107,98,10.3,171.89,478.07,100.26,55.24,none,0
107,99,10.3,172.17,443.85,96.6,53.67,none,0
107,100,10.3,177.05,444.63,100.11,61.93,none,0
107,101,10.3,165.38,444.35,100.04,30.63,none,0
107,102,10.3,163.71,436.99,103.65,48.73,none,0
107,103,10.3,181.46,460.23,100.27,23.11,none,0
107,104,10.3,164.22,447.88,100.93,37.51,none,0
107,105,10.3,167.05,481.94,99.29,32.73,none,0
107,106,10.3,169.19,444.96,99.74,37.47,none,0
107,107,10.3,163.16,460.74,98.38,40.97,none,0
107,108,10.3,172.06,463.02,99.44,45.32,none,0
107,109,10.3,168.18,438.97,99.03,42.3,none,0
107,110,10.3,165.56,459.78,100.57,39.67,none,0
107,111,10.3,170.5,418.02,101.8,45.88,none,0
107,112,10.3,182.29,468.65,101.13,42.95,none,0
107,113,10.3,171.72,483.52,99.67,50.43,none,0
107,114,10.3,174.56,419.61,92.96,40.45,none,0
107,115,10.3,171.93,470.74,98.68,52.77,none,0
107,116,10.3,161.68,503.5,95.81,54.48,none,0
107,117,10.3,173.99,416.58,100.76,37.08,none,0
107,118,10.3,166.72,437.55,102.84,27.41,none,0
107,119,10.3,172.15,431.94,98.76,50.0,none,0
108,0,6.0,172.64,450.15,100.04,32.74,none,0
108,1,6.0,164.64,458.38,100.4,37.05,none,0
108,2,6.0,169.9,471.64,104.54,42.99,none,0
108,3,6.0,171.04,462.43,104.96,45.99,none,0
108,4,6.0,169.31,434.17,100.09,41.27,none,0
108,5,6.0,178.14,464.95,101.26,28.98,none,0
108,6,6.0,163.16,431.05,100.7,36.73,none,0
108,7,6.0,178.65,451.01,103.09,44.65,none,0
108,8,6.0,171.49,438.3,99.41,32.13,none,0
108,9,6.0,169.25,437.37,100.44,44.59,none,0
108,10,6.0,177.81,409.54,104.25,40.79,none,0
108,11,6.0,165.1,484.36,98.71,36.66,none,0
108,12,6.0,172.25,449.37,100.83,50.83,none,0
108,13,6.0,167.93,432.63,103.69,41.49,none,0
108,14,6.0,165.74,467.36,101.76,32.7,none,0
108,15,6.0,169.26,443.45,98.73,43.25,none,0
108,16,6.0,172.42,470.75,100.0,38.61,none,0
108,17,6.0,176.41,435.48,96.09,38.75,none,0
108,18,6.0,168.75,434.12,104.26,47.17,none,0
108,19,6.0,166.11,444.09,95.32,43.91,none,0
108,20,6.0,162.55,464.55,97.26,40.15,none,0
108,21,6.0,169.19,442.15,96.2,26.65,none,0
108,22,6.0,171.93,458.0,101.66,35.3,none,0
108,23,6.0,163.54,433.35,101.48,44.44,none,0
108,24,6.0,170.88,472.54,99.08,43.64,none,0
108,25,6.0,175.56,461.88,100.63,51.97,none,0
108,26,6.0,175.0,430.19,99.79,39.19,none,0
108,27,6.0,172.58,436.73,94.45,35.84,none,0
108,28,6.0,176.52,484.36,103.6,44.28,none,0
108,29,6.0,171.81,468.68,102.9,45.71,none,0
108,30,6.0,172.71,434.12,95.89,22.89,none,0
108,31,6.0,166.0,417.64,102.89,38.87,none,0
108,32,6.0,171.72,436.33,103.51,47.29,none,0
108,33,6.0,178.87,415.2,103.37,50.84,none,0
108,34,6.0,166.19,439.32,101.25,33.03,none,0
108,35,6.0,177.92,484.06,98.2,47.59,none,0
108,36,6.0,168.52,453.01,100.62,34.97,none,0
108,37,6.0,175.97,427.2,97.28,32.85,none,0
108,38,6.0,171.6,464.71,99.36,53.48,none,0
108,39,6.0,167.01,442.1,101.2,32.65,none,0
108,40,6.0,167.94,439.14,97.48,46.07,none,0
108,41,6.0,175.17,465.59,102.62,44.82,none,0
108,42,6.0,175.21,450.44,98.31,30.84,none,0
108,43,6.0,173.69,434.05,100.97,31.06,none,0
108,44,6.0,175.94,449.92,106.97,39.77,none,0
108,45,6.0,167.84,463.4,103.37,33.87,none,0
108,46,6.0,171.96,467.23,96.39,35.29,none,0
108,47,6.0,168.12,455.37,107.78,42.17,none,0
108,48,6.0,170.83,443.7,104.48,27.09,none,0
108,49,6.0,170.82,437.25,97.24,48.48,none,0
108,50,6.0,174.7,444.02,90.55,55.32,none,0
108,51,6.0,176.87,457.41,97.68,31.44,none,0
108,52,6.0,170.87,442.64,100.28,45.69,none,0
108,53,6.0,169.4,447.22,103.02,31.49,none,0
108,54,6.0,168.02,438.53,97.75,40.94,none,0
108,55,6.0,157.83,440.76,100.49,27.75,none,0
108,56,6.0,172.17,447.14,101.21,46.14,none,0
108,57,6.0,167.38,458.34,95.06,34.21,none,0
108,58,6.0,167.57,430.18,93.49,40.09,none,0
108,59,6.0,170.75,490.22,99.47,57.93,none,0
108,60,6.0,169.95,429.0,104.3,35.23,none,0
108,61,6.0,172.58,457.33,100.52,32.08,none,0
108,62,6.0,169.04,480.28,97.72,41.54,none,0
108,63,6.0,179.27,439.02,99.74,39.1,none,0
108,64,6.0,170.97,465.84,93.93,28.96,none,0
108,65,6.0,168.43,434.19,99.83,42.9,none,0
108,66,6.0,161.36,454.28,93.36,45.98,none,0
108,67,6.0,170.96,425.57,101.27,46.32,none,0
108,68,6.0,166.4,480.01,94.46,34.98,none,0
108,69,6.0,174.84,414.67,98.48,57.44,none,0
108,70,6.0,172.62,457.11,101.43,35.12,none,0
108,71,6.0,169.33,422.18,96.3,33.42,none,0
108,72,6.0,169.19,451.74,104.26,23.96,none,0
108,73,6.0,175.03,400.36,102.36,30.42,none,0
108,74,6.0,168.04,455.56,99.21,47.64,none,0
108,75,6.0,163.25,437.24,99.34,47.97,none,0
108,76,6.0,171.66,460.95,97.85,49.79,none,0
108,77,6.0,163.83,434.4,99.79,51.69,none,0
108,78,6.0,171.58,453.42,98.53,43.38,none,0
108,79,6.0,167.33,448.97,104.82,43.1,none,0
108,80,6.0,177.37,444.15,99.11,37.52,none,0
108,81,6.0,162.47,453.93,99.56,44.11,none,0
108,82,6.0,177.24,453.41,98.41,44.25,none,0
108,83,6.0,167.1,481.14,100.47,47.85,none,0
108,84,6.0,173.76,458.74,97.65,31.78,none,0
108,85,6.0,170.57,459.87,96.12,48.12,none,0
108,86,6.0,162.83,464.35,95.6,49.62,none,0
108,87,6.0,163.82,438.92,100.45,47.32,none,0
108,88,6.0,173.49,448.4,96.87,29.1,none,0
108,89,6.0,171.03,437.29,105.28,35.31,none,0
108,90,6.0,167.65,447.8,100.41,44.14,none,0
108,91,6.0,176.9,462.82,102.03,42.72,none,0
108,92,6.0,167.07,456.63,97.64,37.44,none,0
108,93,6.0,166.21,445.18,98.02,42.27,none,0
108,94,6.0,162.6,410.75,99.96,44.66,none,0
108,95,6.0,171.59,447.38,100.05,37.57,none,0
108,96,6.0,161.29,444.52,97.72,47.45,none,0
108,97,6.0,173.76,458.62,101.51,43.86,none,0
108,98,6.0,165.75,445.1,102.57,41.41,none,0
108,99,6.0,162.03,435.49,106.39,50.89,none,0
108,100,6.0,168.66,439.45,99.86,38.05,none,0
108,101,6.0,180.24,449.65,97.95,54.71,none,0
108,102,6.0,166.35,465.37,100.19,33.75,none,0
108,103,6.0,143.35,392.03,113.63,74.95,comp2,1
108,104,6.0,166.29,431.09,103.25,57.74,none,0
108,105,6.0,169.21,410.4,93.26,54.39,none,0
108,106,6.0,167.03,426.49,100.84,40.79,none,0
108,107,6.0,172.82,451.38,98.25,50.63,none,0
108,108,6.0,170.62,497.93,100.52,37.28,none,0
108,109,6.0,161.86,434.75,103.44,31.9,none,0
108,110,6.0,162.9,434.24,101.01,31.58,none,0
108,111,6.0,159.42,456.07,102.38,37.01,none,0
108,112,6.0,176.71,443.73,100.37,41.06,none,0
108,113,6.0,174.22,453.95,95.69,44.2,none,0
108,114,6.0,162.77,448.14,106.08,45.2,none,0
108,115,6.0,165.47,474.67,97.33,32.15,none,0
108,116,6.0,170.95,440.19,97.16,18.42,none,0
108,117,6.0,180.13,428.03,98.36,48.61,none,0
108,118,6.0,171.06,452.92,102.07,36.38,none,0
108,119,6.0,172.59,435.6,93.79,28.98,none,0
109,0,18.9,162.47,457.29,100.75,27.68,none,0
109,1,18.9,173.94,478.97,98.92,32.54,none,0
109,2,18.9,173.43,443.51,99.87,46.35,none,0
109,3,18.9,166.69,446.77,99.96,38.48,none,0
109,4,18.9,164.64,468.48,108.48,38.5,none,0
109,5,18.9,168.31,463.95,98.24,37.09,none,0
109,6,18.9,167.75,441.77,101.85,38.24,none,0
109,7,18.9,180.38,460.55,99.02,25.92,none,0
109,8,18.9,178.44,451.14,95.59,46.43,none,0
109,9,18.9,160.6,446.48,100.69,41.66,none,0
109,10,18.9,166.07,432.93,98.34,47.98,none,0
109,11,18.9,168.02,458.66,104.92,38.73,none,0
109,12,18.9,172.35,447.91,99.95,32.17,none,0
109,13,18.9,166.43,413.04,102.54,28.26,none,0
109,14,18.9,176.63,436.49,102.13,28.21,none,0
109,15,18.9,164.0,426.61,99.77,47.51,none,0
109,16,18.9,165.15,475.82,98.51,39.97,none,0
109,17,18.9,182.09,449.35,99.86,35.83,none,0
109,18,18.9,167.93,444.38,95.69,35.51,none,0
109,19,18.9,172.76,438.85,104.77,38.01,none,0
109,20,18.9,171.18,443.1,102.02,36.93,none,0
109,21,18.9,174.71,471.93,98.39,36.85,none,0
109,22,18.9,172.58,440.29,102.44,34.55,none,0
109,23,18.9,164.43,456.28,101.82,49.35,none,0
109,24,18.9,171.87,434.36,102.28,37.08,none,0
109,25,18.9,171.44,407.97,94.29,43.72,none,0
109,26,18.9,176.48,411.95,101.9,26.11,none,0
109,27,18.9,166.85,426.92,99.62,48.94,none,0
109,28,18.9,168.7,463.85,103.27,37.5,none,0
109,29,18.9,172.98,440.81,100.41,36.81,none,0
109,30,18.9,167.53,431.23,101.55,38.25,none,0
109,31,18.9,173.3,476.64,99.92,38.36,none,0
109,32,18.9,167.6,477.01,103.93,33.4,none,0
109,33,18.9,170.72,460.08,101.61,53.08,none,0
109,34,18.9,163.14,424.93,97.21,35.61,none,0
109,35,18.9,170.23,433.3,98.66,36.44,none,0
109,36,18.9,165.45,444.69,99.57,41.64,none,0
109,37,18.9,176.99,444.78,97.5,35.58,none,0
109,38,18.9,174.24,430.37,96.98,43.12,none,0
109,39,18.9,165.47,421.99,100.59,31.9,none,0
109,40,18.9,177.23,463.2,99.78,44.42,none,0
109,41,18.9,166.74,451.79,100.47,35.11,none,0
109,42,18.9,175.74,425.86,100.85,25.89,none,0
109,43,18.9,168.81,443.78,103.81,51.97,none,0
109,44,18.9,172.35,392.55,102.04,45.53,none,0
109,45,18.9,168.1,472.86,94.28,39.24,none,0
109,46,18.9,169.45,434.05,97.95,32.1,none,0
109,47,18.9,168.61,467.25,100.04,35.95,none,0
109,48,18.9,163.75,412.01,107.17,28.67,none,0
109,49,18.9,171.9,431.33,99.35,43.24,none,0
109,50,18.9,169.96,479.44,106.98,41.6,none,0
109,51,18.9,169.13,475.2,100.59,26.26,none,0
109,52,18.9,168.67,450.53,100.72,28.09,none,0
109,53,18.9,169.89,463.48,99.79,55.14,none,0
109,54,18.9,163.01,477.06,100.71,31.17,none,0
109,55,18.9,164.55,460.17,102.87,40.98,none,0
109,56,18.9,165.81,451.84,104.98,52.32,none,0
109,57,18.9,166.56,448.37,99.07,40.87,none,0
109,58,18.9,169.97,416.39,97.32,43.95,none,0
109,59,18.9,170.1,468.31,101.18,40.77,none,0
109,60,18.9,177.6,455.33,95.89,49.42,none,0
109,61,18.9,169.83,433.57,102.3,46.3,none,0
109,62,18.9,163.12,426.52,99.18,35.2,none,0
109,63,18.9,168.81,481.29,101.35,40.82,none,0
109,64,18.9,167.7,440.09,100.79,44.9,none,0
109,65,18.9,164.9,437.89,96.97,45.22,none,0
109,66,18.9,167.42,424.17,98.12,39.27,none,0
109,67,18.9,164.34,449.93,97.95,44.72,none,0
109,68,18.9,169.69,470.94,104.78,41.44,none,0
109,69,18.9,174.39,488.79,100.96,47.76,none,0
109,70,18.9,175.23,402.79,102.26,38.42,none,0
109,71,18.9,178.01,461.91,102.67,47.32,none,0
109,72,18.9,170.04,430.9,95.55,31.62,none,0
109,73,18.9,179.31,437.04,105.43,29.28,none,0
109,74,18.9,170.26,437.47,101.18,35.28,none,0
109,75,18.9,168.43,456.21,103.67,42.81,none,0
109,76,18.9,168.26,449.51,98.35,30.63,none,0
109,77,18.9,162.13,437.99,101.55,25.91,none,0
109,78,18.9,169.12,464.49,99.96,39.41,none,0
109,79,18.9,178.28,472.4,104.23,43.54,none,0
109,80,18.9,182.65,425.57,100.62,49.09,none,0
109,81,18.9,176.37,433.29,100.79,45.26,none,0
109,82,18.9,174.91,478.7,96.85,41.93,none,0
109,83,18.9,175.56,432.54,98.24,12.96,none,0
109,84,18.9,174.54,427.8,97.17,52.42,none,0
109,85,18.9,170.77,444.68,99.53,45.18,none,0
109,86,18.9,174.59,459.23,99.12,51.28,none,0
109,87,18.9,171.73,481.48,96.11,38.59,none,0
109,88,18.9,172.32,496.13,99.86,30.66,none,0
109,89,18.9,171.58,424.83,101.16,49.47,none,0
109,90,18.9,173.88,455.7,100.44,56.08,none,0
109,91,18.9,166.58,446.97,98.85,36.14,none,0
109,92,18.9,175.82,429.68,99.66,37.53,none,0
109,93,18.9,170.19,427.96,100.25,29.2,none,0
109,94,18.9,177.26,451.81,97.75,42.32,none,0
109,95,18.9,165.34,462.37,95.12,41.78,none,0
109,96,18.9,173.97,420.58,107.28,48.3,none,0
109,97,18.9,166.62,457.87,96.89,38.79,none,0
109,98,18.9,169.89,453.94,103.12,33.11,none,0
109,99,18.9,171.49,465.22,99.92,30.31,none,0
109,100,18.9,163.95,445.42,100.87,41.0,none,0
109,101,18.9,169.12,461.23,101.85,40.82,none,0
109,102,18.9,168.49,463.14,97.45,40.57,none,0
109,103,18.9,159.51,447.68,103.11,42.91,none,0
109,104,18.9,178.81,433.06,99.43,42.98,none,0
109,105,18.9,170.69,465.62,103.35,42.86,none,0
109,106,18.9,170.38,407.87,96.51,34.23,none,0
109,107,18.9,167.95,492.73,102.13,41.95,none,0
109,108,18.9,167.5,434.77,98.66,51.34,none,0
109,109,18.9,166.29,481.74,98.41,34.81,none,0
109,110,18.9,169.17,464.74,99.98,41.66,none,0
109,111,18.9,176.28,439.54,96.96,27.84,none,0
109,112,18.9,164.45,470.44,97.83,35.47,none,0
109,113,18.9,171.01,461.92,102.56,41.95,none,0
109,114,18.9,178.21,466.25,103.53,35.4,none,0
109,115,18.9,165.16,464.2,101.97,41.12,none,0
109,116,18.9,173.09,417.13,96.08,37.37,none,0
109,117,18.9,164.83,448.71,100.44,44.51,none,0
109,118,18.9,172.07,443.85,96.55,44.37,none,0
109,119,18.9,172.87,445.88,94.93,46.42,none,0
110,0,2.0,171.38,460.86,97.46,41.87,none,0
110,1,2.0,167.39,451.4,96.82,42.94,none,0
110,2,2.0,167.27,445.53,100.52,39.39,none,0
110,3,2.0,167.67,469.78,106.93,30.7,none,0
110,4,2.0,163.53,403.16,103.78,37.97,none,0
110,5,2.0,168.29,440.74,98.5,40.1,none,0
110,6,2.0,166.44,475.27,103.18,51.27,none,0
110,7,2.0,172.71,454.6,94.83,49.54,none,0
110,8,2.0,171.85,453.7,99.65,44.97,none,0
110,9,2.0,169.27,470.88,100.35,43.94,none,0
110,10,2.0,169.24,438.54,95.63,42.39,none,0
110,11,2.0,162.66,470.44,101.91,26.86,none,0
110,12,2.0,167.01,399.68,104.52,40.66,none,0
110,13,2.0,165.21,475.33,101.43,39.48,none,0
110,14,2.0,164.38,450.46,96.96,29.55,none,0
110,15,2.0,183.97,448.46,98.01,44.07,none,0
110,16,2.0,172.8,439.0,101.9,28.28,none,0
110,17,2.0,171.68,443.87,95.09,53.71,none,0
110,18,2.0,169.32,413.04,100.32,40.02,none,0
110,19,2.0,175.06,417.13,99.9,26.74,none,0
110,20,2.0,167.18,399.65,94.95,45.57,none,0
110,21,2.0,170.57,446.65,100.2,44.51,none,0
110,22,2.0,169.1,472.84,98.45,48.69,none,0
110,23,2.0,174.77,487.0,94.75,34.95,none,0
110,24,2.0,166.44,441.05,98.22,40.96,none,0
110,25,2.0,176.05,455.51,98.08,39.67,none,0
110,26,2.0,166.22,435.77,97.75,41.53,none,0
110,27,2.0,168.66,471.32,106.58,43.17,none,0
110,28,2.0,167.04,478.24,98.54,48.38,none,0
110,29,2.0,165.88,455.01,93.0,40.52,none,0
110,30,2.0,174.65,412.74,99.85,48.68,none,0
110,31,2.0,172.27,459.98,100.05,41.59,none,0
110,32,2.0,169.07,464.6,97.78,41.23,none,0
110,33,2.0,169.33,417.2,102.26,36.71,none,0
110,34,2.0,173.55,452.92,100.32,46.36,none,0
110,35,2.0,170.99,455.17,97.51,36.03,none,0
110,36,2.0,165.58,464.63,94.51,39.76,none,0
110,37,2.0,177.9,430.62,99.18,40.03,none,0
110,38,2.0,168.71,436.85,101.1,42.85,none,0
110,39,2.0,175.38,461.21,98.28,40.71,none,0
110,40,2.0,168.49,483.03,104.8,35.43,none,0
110,41,2.0,161.08,439.97,101.65,37.5,none,0
110,42,2.0,171.73,445.56,99.44,31.22,none,0
110,43,2.0,172.49,458.35,97.85,29.02,none,0
110,44,2.0,176.25,471.69,99.99,27.11,none,0
110,45,2.0,170.55,456.26,102.09,29.04,none,0
110,46,2.0,168.84,461.58,98.54,50.42,none,0
110,47,2.0,168.39,458.02,100.39,49.25,none,0
110,48,2.0,172.66,466.73,97.65,28.69,none,0
110,49,2.0,169.27,478.88,95.73,40.73,none,0
110,50,2.0,177.97,422.24,104.14,31.01,none,0
110,51,2.0,171.27,483.82,93.74,33.64,none,0
110,52,2.0,171.86,439.36,100.66,43.86,none,0
110,53,2.0,170.12,460.28,101.19,30.95,none,0
110,54,2.0,165.95,407.39,98.92,46.71,none,0
110,55,2.0,176.08,434.57,103.71,40.94,none,0
110,56,2.0,175.21,458.95,101.22,48.45,none,0
110,57,2.0,178.0,449.11,104.9,41.88,none,0
110,58,2.0,156.36,420.37,101.79,51.55,none,0
110,59,2.0,171.93,431.26,105.47,31.86,none,0
110,60,2.0,172.84,447.34,102.52,40.85,none,0
110,61,2.0,171.02,443.65,105.63,37.37,none,0
110,62,2.0,163.5,395.96,100.81,44.17,none,0
110,63,2.0,168.11,470.5,104.55,40.44,none,0
110,64,2.0,170.12,443.86,98.07,46.93,none,0
110,65,2.0,162.69,485.14,104.16,34.88,none,0
110,66,2.0,163.99,427.56,96.64,47.64,none,0
110,67,2.0,163.32,459.23,96.17,54.52,none,0
110,68,2.0,172.82,463.33,104.52,35.27,none,0
110,69,2.0,172.84,481.96,99.61,54.34,none,0
110,70,2.0,162.22,447.81,99.62,39.64,none,0
110,71,2.0,167.98,447.59,98.77,47.18,none,0
110,72,2.0,176.67,429.74,104.51,42.87,none,0
110,73,2.0,168.24,453.06,99.43,34.09,none,0
110,74,2.0,167.51,440.66,98.57,32.98,none,0
110,75,2.0,169.44,455.52,88.81,45.37,none,0
110,76,2.0,163.02,422.79,95.15,33.7,none,0
110,77,2.0,165.82,462.19,99.19,39.72,none,0
110,78,2.0,174.21,451.65,96.31,38.26,none,0
110,79,2.0,169.86,439.17,99.15,37.92,none,0
110,80,2.0,167.77,447.85,95.86,50.0,none,0
110,81,2.0,176.29,443.32,94.82,34.22,none,0
110,82,2.0,178.25,462.13,102.63,44.69,none,0
110,83,2.0,164.56,474.9,104.81,35.1,none,0
110,84,2.0,181.16,458.87,103.98,52.92,none,0
110,85,2.0,168.95,420.24,98.19,23.68,none,0
110,86,2.0,179.89,459.86,95.88,43.67,none,0
110,87,2.0,171.58,467.99,104.06,32.8,none,0
110,88,2.0,168.29,428.55,95.35,34.08,none,0
110,89,2.0,164.53,457.98,105.22,40.17,none,0
110,90,2.0,175.28,435.18,105.17,38.65,none,0
110,91,2.0,177.82,436.42,102.82,42.12,none,0
110,92,2.0,173.7,451.04,99.65,35.89,none,0
110,93,2.0,168.68,445.88,106.06,53.51,none,0
110,94,2.0,162.46,480.34,95.86,39.63,none,0
110,95,2.0,173.1,446.49,99.22,41.89,none,0
110,96,2.0,161.87,436.4,103.67,41.6,none,0
110,97,2.0,175.14,407.42,105.28,51.12,none,0
110,98,2.0,168.51,446.12,98.05,27.85,none,0
110,99,2.0,173.65,456.63,98.2,40.98,none,0
110,100,2.0,170.21,438.18,100.79,39.82,none,0
110,101,2.0,173.47,456.3,95.38,41.2,none,0
110,102,2.0,165.58,425.84,98.25,30.9,none,0
110,103,2.0,167.95,453.51,96.11,28.9,none,0
110,104,2.0,175.59,451.41,97.72,42.12,none,0
110,105,2.0,181.27,441.49,101.38,43.45,none,0
110,106,2.0,169.34,419.17,97.8,46.42,none,0
110,107,2.0,171.14,505.32,102.79,49.15,none,0
110,108,2.0,177.98,455.15,100.03,38.61,none,0
110,109,2.0,171.09,456.16,97.34,29.5,none,0
110,110,2.0,167.41,456.41,100.08,41.19,none,0
110,111,2.0,175.15,457.93,103.65,42.61,none,0
110,112,2.0,173.13,413.91,96.54,51.99,none,0
110,113,2.0,167.95,439.16,102.86,43.93,none,0
110,114,2.0,165.95,459.79,100.01,41.09,none,0
110,115,2.0,170.51,472.74,102.08,46.79,none,0
110,116,2.0,175.91,443.42,94.7,37.32,none,0
110,117,2.0,170.66,455.61,97.07,42.58,none,0
110,118,2.0,171.51,465.41,101.98,32.43,none,0
110,119,2.0,164.23,452.2,97.9,53.97,none,0
111,0,9.4,171.57,455.99,96.45,39.31,none,0
111,1,9.4,173.21,434.62,101.07,39.17,none,0
111,2,9.4,172.2,450.38,102.1,45.99,none,0
111,3,9.4,167.52,432.82,102.24,29.22,none,0
111,4,9.4,173.34,469.73,98.7,52.43,none,0
111,5,9.4,176.06,463.48,99.31,36.85,none,0
111,6,9.4,174.78,459.1,98.29,36.62,none,0
111,7,9.4,170.93,469.06,102.1,36.35,none,0
111,8,9.4,169.96,463.63,95.9,52.05,none,0
111,9,9.4,158.04,439.08,104.48,58.24,none,0
111,10,9.4,168.39,455.44,97.5,33.31,none,0
111,11,9.4,171.56,403.77,97.93,33.68,none,0
111,12,9.4,170.97,445.75,97.92,39.82,none,0
111,13,9.4,175.04,457.97,102.03,49.78,none,0
111,14,9.4,178.26,469.41,99.56,58.73,none,0
111,15,9.4,180.8,464.89,105.0,50.6,none,0
111,16,9.4,174.07,439.72,94.37,47.98,none,0
111,17,9.4,174.93,441.55,100.03,24.45,none,0
111,18,9.4,164.91,436.17,97.03,48.96,none,0
111,19,9.4,169.21,446.61,99.42,46.7,none,0
111,20,9.4,171.26,487.27,103.75,34.72,none,0
111,21,9.4,164.97,452.24,97.0,38.47,none,0
111,22,9.4,176.9,408.57,102.39,37.0,none,0
111,23,9.4,169.11,458.37,101.91,48.92,none,0
111,24,9.4,167.84,456.45,96.17,37.18,none,0
111,25,9.4,171.93,485.52,103.89,42.26,none,0
111,26,9.4,180.84,478.2,101.18,24.15,none,0
111,27,9.4,162.19,483.21,96.58,36.42,none,0
111,28,9.4,171.09,472.29,98.11,33.48,none,0
111,29,9.4,161.53,474.46,99.47,52.93,none,0
111,30,9.4,168.69,483.93,101.87,46.84,none,0
111,31,9.4,167.29,405.68,96.43,32.8,none,0
111,32,9.4,170.22,475.34,99.69,45.53,none,0
111,33,9.4,176.66,443.72,99.72,32.88,none,0
111,34,9.4,169.89,462.73,101.85,29.62,none,0
111,35,9.4,173.42,455.84,98.97,36.68,none,0
111,36,9.4,163.85,422.23,103.53,14.6,none,0
111,37,9.4,166.5,448.37,97.71,42.67,none,0
111,38,9.4,167.79,476.26,97.99,38.78,none,0
111,39,9.4,169.93,443.33,103.4,37.26,none,0
111,40,9.4,167.26,423.17,101.53,44.67,none,0
111,41,9.4,171.32,471.75,96.53,40.44,none,0
111,42,9.4,165.1,487.39,106.61,40.16,none,0
111,43,9.4,175.7,480.77,101.66,34.68,none,0
111,44,9.4,172.92,469.89,106.5,42.14,none,0
111,45,9.4,176.25,448.16,100.67,51.64,none,0
111,46,9.4,171.48,418.69,100.16,38.69,none,0
111,47,9.4,163.69,443.37,105.59,41.33,none,0
111,48,9.4,173.33,462.32,98.11,44.44,none,0
111,49,9.4,174.37,462.19,98.0,34.26,none,0
111,50,9.4,161.2,456.28,98.17,48.96,none,0
111,51,9.4,169.69,482.12,104.2,40.91,none,0
111,52,9.4,171.79,441.92,100.97,43.43,none,0
111,53,9.4,170.98,410.78,96.03,34.04,none,0
111,54,9.4,171.9,453.23,100.08,48.22,none,0
111,55,9.4,173.54,483.11,101.83,48.69,none,0
111,56,9.4,173.78,475.23,99.28,31.95,none,0
111,57,9.4,171.32,463.04,97.93,42.12,none,0
111,58,9.4,165.1,446.73,101.29,37.58,none,0
111,59,9.4,175.13,481.01,99.03,41.41,none,0
111,60,9.4,177.69,446.12,96.39,50.81,none,0
111,61,9.4,177.45,460.71,98.55,41.52,none,0
111,62,9.4,164.94,454.33,104.97,25.07,none,0
111,63,9.4,169.85,481.96,102.13,40.44,none,0
111,64,9.4,167.9,440.57,96.83,43.65,none,0
111,65,9.4,162.17,443.08,96.41,48.1,none,0
111,66,9.4,171.7,400.06,106.98,25.3,none,0
111,67,9.4,165.24,469.13,107.21,59.73,none,0
111,68,9.4,173.23,417.89,97.89,44.81,none,0
111,69,9.4,168.46,452.06,100.77,55.06,none,0
111,70,9.4,167.98,432.28,106.54,42.32,none,0
111,71,9.4,155.76,466.85,95.09,39.7,none,0
111,72,9.4,170.6,411.8,100.27,59.85,none,0
111,73,9.4,171.99,452.5,98.57,40.95,none,0
111,74,9.4,168.98,460.07,100.54,32.45,none,0
111,75,9.4,167.27,464.87,102.54,29.76,none,0
111,76,9.4,170.47,407.11,99.53,36.63,none,0
111,77,9.4,172.41,468.7,100.46,41.2,none,0
111,78,9.4,162.76,440.3,99.39,42.32,none,0
111,79,9.4,155.42,453.73,105.22,41.77,none,0
111,80,9.4,178.73,430.78,99.74,56.52,none,0
111,81,9.4,167.15,441.62,100.4,47.66,none,0
111,82,9.4,163.61,449.96,99.29,46.2,none,0
111,83,9.4,177.79,453.88,95.24,46.03,none,0
111,84,9.4,168.65,453.63,102.07,41.26,none,0
111,85,9.4,161.74,457.94,99.82,45.21,none,0
111,86,9.4,168.81,440.17,103.62,28.72,none,0
111,87,9.4,167.36,411.83,98.51,43.99,none,0
111,88,9.4,175.64,442.73,98.83,33.78,none,0
111,89,9.4,175.03,447.41,103.53,42.92,none,0
111,90,9.4,158.67,441.72,101.98,35.34,none,0
111,91,9.4,173.69,453.49,101.48,51.35,none,0
111,92,9.4,162.57,444.49,94.46,51.57,none,0
111,93,9.4,180.08,433.71,100.34,37.94,none,0
111,94,9.4,171.3,430.91,97.61,37.77,none,0
111,95,9.4,171.63,425.83,106.28,39.44,none,0
111,96,9.4,160.93,450.95,101.37,45.53,none,0
111,97,9.4,161.97,439.91,97.36,27.69,none,0
111,98,9.4,172.42,423.03,103.06,44.35,none,0
111,99,9.4,173.54,445.7,98.61,41.71,none,0
111,100,9.4,172.39,460.27,95.21,25.23,none,0
111,101,9.4,166.35,452.76,101.98,39.97,none,0
111,102,9.4,160.03,434.58,99.45,31.87,none,0
111,103,9.4,188.03,460.12,100.49,30.76,none,0
111,104,9.4,166.2,459.55,100.69,36.95,none,0
111,105,9.4,175.11,453.43,103.95,32.9,none,0
111,106,9.4,169.71,450.52,97.01,40.92,none,0
111,107,9.4,162.61,484.49,95.6,39.99,none,0
111,108,9.4,174.06,454.52,96.72,46.83,none,0
111,109,9.4,177.56,458.64,101.7,48.16,none,0
111,110,9.4,172.23,445.89,102.67,30.44,none,0
111,111,9.4,176.78,478.64,99.44,49.57,none,0
111,112,9.4,175.03,447.15,100.03,48.69,none,0
111,113,9.4,173.18,449.64,100.89,33.0,none,0
111,114,9.4,157.03,454.07,100.69,30.91,none,0
111,115,9.4,165.64,507.08,98.34,29.61,none,0
111,116,9.4,164.07,465.82,101.43,45.58,none,0
111,117,9.4,173.83,430.29,98.27,43.86,none,0
111,118,9.4,168.86,470.12,98.6,32.01,none,0
111,119,9.4,172.17,487.1,100.84,38.81,none,0
112,0,16.2,161.06,500.72,96.52,31.31,none,0
112,1,16.2,167.03,444.63,98.49,41.52,none,0
112,2,16.2,165.37,432.19,99.87,27.69,none,0
112,3,16.2,167.75,450.35,97.52,26.32,none,0
112,4,16.2,168.27,433.91,99.25,46.6,none,0
112,5,16.2,181.84,425.24,92.85,40.38,none,0
112,6,16.2,158.25,484.15,95.45,28.95,none,0
112,7,16.2,180.52,458.18,107.17,34.51,none,0
112,8,16.2,171.47,471.82,95.96,43.29,none,0
112,9,16.2,174.56,480.75,97.03,48.2,none,0
112,10,16.2,166.84,462.06,101.48,33.57,none,0
112,11,16.2,170.85,453.18,97.44,33.96,none,0
112,12,16.2,176.11,487.02,106.41,33.37,none,0
112,13,16.2,170.24,452.58,100.24,48.89,none,0
112,14,16.2,167.11,465.73,95.04,43.71,none,0
112,15,16.2,161.39,450.64,102.06,41.1,none,0
112,16,16.2,178.66,454.69,101.29,40.82,none,0
112,17,16.2,141.13,360.52,113.15,71.21,comp4,1
112,18,16.2,179.13,426.33,99.82,51.35,none,0
112,19,16.2,167.72,459.17,98.68,46.25,none,0
112,20,16.2,169.5,475.24,103.06,29.62,none,0
112,21,16.2,172.03,431.45,100.78,53.54,none,0
112,22,16.2,177.68,468.82,105.15,35.01,none,0
112,23,16.2,175.54,457.34,96.36,39.56,none,0
112,24,16.2,168.23,448.67,103.69,54.09,none,0
112,25,16.2,166.02,451.86,99.87,36.17,none,0
112,26,16.2,170.62,457.5,98.14,33.88,none,0
112,27,16.2,164.15,424.24,96.06,47.6,none,0
112,28,16.2,164.67,438.08,98.51,46.47,none,0
112,29,16.2,177.4,465.86,104.74,38.19,none,0
112,30,16.2,177.2,431.34,100.1,40.57,none,0
112,31,16.2,171.69,439.48,96.03,40.42,none,0
112,32,16.2,179.52,458.73,96.37,42.21,none,0
112,33,16.2,162.88,458.33,103.55,38.86,none,0
112,34,16.2,163.65,448.2,98.15,40.72,none,0
112,35,16.2,171.34,454.43,96.72,39.74,none,0
112,36,16.2,166.1,435.83,97.03,33.4,none,0
112,37,16.2,168.38,450.94,101.57,41.27,none,0
112,38,16.2,166.03,465.45,100.67,37.88,none,0
112,39,16.2,165.74,433.33,96.03,34.86,none,0
112,40,16.2,174.96,440.93,97.72,47.9,none,0
112,41,16.2,169.18,419.94,99.75,31.72,none,0
112,42,16.2,163.97,433.77,101.03,31.01,none,0
112,43,16.2,163.02,472.34,104.58,42.71,none,0
112,44,16.2,165.62,446.6,103.53,45.38,none,0
112,45,16.2,175.24,440.18,96.33,33.0,none,0
112,46,16.2,171.09,455.2,98.54,46.89,none,0
112,47,16.2,167.01,450.3,93.58,41.38,none,0
112,48,16.2,183.99,458.17,102.36,39.57,none,0
112,49,16.2,170.24,440.56,96.92,30.77,none,0
112,50,16.2,164.51,449.74,106.58,35.94,none,0
112,51,16.2,163.49,453.4,99.18,36.68,none,0
112,52,16.2,177.49,471.52,100.06,41.16,none,0
112,53,16.2,170.93,435.28,100.83,44.19,none,0
112,54,16.2,170.71,436.57,101.15,27.09,none,0
112,55,16.2,157.34,447.86,98.0,24.83,none,0
112,56,16.2,159.96,459.84,104.1,31.99,none,0
112,57,16.2,173.97,437.22,97.25,53.06,none,0
112,58,16.2,178.11,452.19,97.29,44.42,none,0
112,59,16.2,175.77,454.67,103.72,36.33,none,0
112,60,16.2,167.74,474.54,105.91,48.15,none,0
112,61,16.2,173.35,449.34,103.64,40.82,none,0
112,62,16.2,174.6,442.85,106.26,46.85,none,0
112,63,16.2,175.8,463.09,101.0,47.16,none,0
112,64,16.2,175.14,434.57,95.91,46.7,none,0
112,65,16.2,166.81,465.08,100.7,38.26,none,0
112,66,16.2,176.64,445.6,101.32,42.42,none,0
112,67,16.2,165.64,485.18,100.37,31.21,none,0
112,68,16.2,167.16,431.08,95.2,41.94,none,0
112,69,16.2,165.98,438.95,97.14,41.23,none,0
112,70,16.2,173.17,440.09,99.75,44.81,none,0
112,71,16.2,167.4,456.86,98.48,34.7,none,0
112,72,16.2,166.54,433.97,105.3,46.72,none,0
112,73,16.2,166.03,407.87,103.39,42.0,none,0
112,74,16.2,172.06,451.24,100.58,40.33,none,0
112,75,16.2,174.68,444.39,102.25,41.57,none,0
112,76,16.2,175.92,468.74,97.03,50.75,none,0
112,77,16.2,173.81,424.13,99.38,38.88,none,0
112,78,16.2,162.66,426.34,98.87,45.48,none,0
112,79,16.2,171.35,426.99,102.07,44.87,none,0
112,80,16.2,167.97,441.09,98.92,42.42,none,0
112,81,16.2,166.1,465.81,102.14,42.49,none,0
112,82,16.2,166.46,466.83,101.84,48.15,none,0
112,83,16.2,162.56,418.4,95.05,41.12,none,0
112,84,16.2,171.81,418.65,102.52,43.09,none,0
112,85,16.2,167.33,478.92,102.54,36.43,none,0
112,86,16.2,164.51,473.18,98.11,30.6,none,0
112,87,16.2,167.94,419.73,104.55,49.4,none,0
112,88,16.2,172.17,456.73,102.7,37.29,none,0
112,89,16.2,173.36,457.04,106.57,34.53,none,0
112,90,16.2,173.88,468.67,96.91,33.39,none,0
112,91,16.2,172.42,419.5,99.75,48.77,none,0
112,92,16.2,176.38,435.12,101.43,31.25,none,0
112,93,16.2,167.76,443.96,96.65,42.02,none,0
112,94,16.2,166.3,442.2,102.59,29.12,none,0
112,95,16.2,166.93,500.13,99.3,37.89,none,0
112,96,16.2,172.01,486.85,96.93,34.87,none,0
112,97,16.2,163.24,460.5,98.18,49.21,none,0
112,98,16.2,169.06,429.49,101.86,41.05,none,0
112,99,16.2,163.0,442.67,95.67,46.54,none,0
112,100,16.2,177.41,433.08,101.76,50.07,none,0
112,101,16.2,169.18,448.0,97.21,48.62,none,0
112,102,16.2,162.14,434.4,97.94,43.08,none,0
112,103,16.2,172.33,456.98,105.33,33.06,none,0
112,104,16.2,169.0,431.19,100.74,34.5,none,0
112,105,16.2,172.11,444.38,97.24,36.73,none,0
112,106,16.2,172.03,448.18,97.98,31.84,none,0
112,107,16.2,171.13,441.92,104.99,50.68,none,0
112,108,16.2,169.86,452.32,94.29,23.97,none,0
112,109,16.2,144.52,367.52,109.59,59.62,comp4,1
112,110,16.2,170.12,452.33,105.3,43.67,none,0
112,111,16.2,163.38,445.69,102.72,37.58,none,0
112,112,16.2,160.31,455.26,98.01,42.78,none,0
112,113,16.2,170.9,450.71,96.32,43.88,none,0
112,114,16.2,166.06,438.13,99.58,36.36,none,0
112,115,16.2,180.75,459.03,97.47,47.21,none,0
112,116,16.2,163.41,460.51,102.41,45.96,none,0
112,117,16.2,167.41,434.54,95.63,36.31,none,0
112,118,16.2,169.76,431.1,95.84,48.39,none,0
112,119,16.2,164.23,430.69,104.26,30.92,none,0
113,0,3.9,168.85,445.53,98.69,33.07,none,0
113,1,3.9,165.05,477.51,99.88,39.98,none,0
113,2,3.9,170.68,434.27,97.27,51.1,none,0
113,3,3.9,165.81,464.96,104.28,43.14,none,0
113,4,3.9,167.58,436.39,104.99,47.8,none,0
113,5,3.9,167.52,451.64,98.98,30.6,none,0
113,6,3.9,171.1,476.93,99.03,37.82,none,0
113,7,3.9,178.69,409.3,96.98,26.72,none,0
113,8,3.9,170.66,435.17,96.1,52.03,none,0
113,9,3.9,172.1,447.27,101.45,37.12,none,0
113,10,3.9,162.32,423.99,105.36,44.57,none,0
113,11,3.9,170.48,452.19,104.16,39.18,none,0
113,12,3.9,170.21,426.39,99.79,47.36,none,0
113,13,3.9,164.65,453.57,100.57,32.94,none,0
113,14,3.9,171.63,432.1,101.84,39.74,none,0
113,15,3.9,170.86,452.91,97.99,23.7,none,0
113,16,3.9,171.13,447.98,99.64,49.92,none,0
113,17,3.9,176.05,460.87,103.87,44.41,none,0
113,18,3.9,171.75,432.45,97.32,44.65,none,0
113,19,3.9,138.1,386.51,117.46,75.29,comp1,1
113,20,3.9,165.21,445.31,101.41,24.03,none,0
113,21,3.9,158.65,435.28,102.32,41.74,none,0
113,22,3.9,172.95,463.51,101.11,53.95,none,0
113,23,3.9,171.02,470.17,101.39,54.78,none,0
113,24,3.9,173.09,459.91,98.4,53.06,none,0
113,25,3.9,174.02,442.7,100.44,36.39,none,0
113,26,3.9,176.12,443.27,99.02,33.48,none,0
113,27,3.9,173.29,444.88,102.2,35.28,none,0
113,28,3.9,162.85,460.35,101.62,46.74,none,0
113,29,3.9,168.71,474.28,103.98,40.37,none,0
113,30,3.9,175.34,458.16,107.06,39.78,none,0
113,31,3.9,165.98,463.06,98.28,36.73,none,0
113,32,3.9,174.62,478.77,102.24,38.71,none,0
113,33,3.9,171.16,456.28,98.1,34.84,none,0
113,34,3.9,166.35,449.99,98.48,44.9,none,0
113,35,3.9,164.04,431.89,97.91,34.73,none,0
113,36,3.9,166.12,437.32,101.08,39.81,none,0
113,37,3.9,170.32,435.64,102.51,43.82,none,0
113,38,3.9,173.31,468.64,100.06,31.78,none,0
113,39,3.9,176.02,472.22,97.11,30.43,none,0
113,40,3.9,175.31,461.08,97.32,23.79,none,0
113,41,3.9,170.15,432.94,102.58,37.46,none,0
113,42,3.9,173.12,453.17,96.83,40.74,none,0
113,43,3.9,166.46,420.79,99.26,41.46,none,0
113,44,3.9,170.37,420.1,101.27,46.81,none,0
113,45,3.9,161.72,495.74,99.57,51.7,none,0
113,46,3.9,180.91,441.61,93.15,46.57,none,0
113,47,3.9,168.56,449.86,103.89,33.99,none,0
113,48,3.9,173.78,420.27,100.35,46.7,none,0
113,49,3.9,157.32,443.85,100.07,34.73,none,0
113,50,3.9,172.33,442.56,97.41,32.16,none,0
113,51,3.9,169.76,449.28,101.97,34.46,none,0
113,52,3.9,167.19,417.79,97.18,46.91,none,0
113,53,3.9,175.49,421.04,99.14,49.25,none,0
113,54,3.9,169.37,441.88,97.08,40.83,none,0
113,55,3.9,165.44,476.04,96.2,39.98,none,0
113,56,3.9,166.21,413.34,97.97,36.45,none,0
113,57,3.9,168.74,460.04,96.39,18.64,none,0
113,58,3.9,171.71,456.92,105.5,41.3,none,0
113,59,3.9,175.64,455.2,100.59,44.27,none,0
113,60,3.9,173.73,480.67,95.13,41.87,none,0
113,61,3.9,170.46,489.27,97.56,35.54,none,0
113,62,3.9,170.78,452.82,99.44,36.68,none,0
113,63,3.9,173.84,450.57,99.34,51.7,none,0
113,64,3.9,163.24,444.89,104.06,37.38,none,0
113,65,3.9,173.56,439.15,104.1,47.72,none,0
113,66,3.9,177.53,466.53,97.6,29.19,none,0
113,67,3.9,177.1,465.69,100.36,44.5,none,0
113,68,3.9,167.01,458.95,99.7,40.97,none,0
113,69,3.9,172.03,460.6,103.88,35.8,none,0
113,70,3.9,172.66,459.0,101.03,41.59,none,0
113,71,3.9,173.8,475.59,101.47,38.47,none,0
113,72,3.9,167.53,443.91,97.22,54.34,none,0
113,73,3.9,168.1,466.27,102.03,25.27,none,0
113,74,3.9,171.24,453.51,98.48,42.41,none,0
113,75,3.9,171.99,379.8,100.43,26.9,none,0
113,76,3.9,163.33,424.04,102.79,37.34,none,0
113,77,3.9,175.25,467.39,103.63,22.66,none,0
113,78,3.9,174.92,455.54,98.62,35.02,none,0
113,79,3.9,170.9,444.89,101.31,41.1,none,0
113,80,3.9,172.07,409.72,96.39,28.53,none,0
113,81,3.9,170.41,441.07,98.56,32.82,none,0
113,82,3.9,162.68,466.24,100.79,41.09,none,0
113,83,3.9,178.67,431.6,98.59,45.98,none,0
113,84,3.9,165.79,428.56,99.09,36.7,none,0
113,85,3.9,170.97,426.35,97.4,45.66,none,0
113,86,3.9,168.35,460.89,101.11,34.22,none,0
113,87,3.9,169.73,439.6,98.17,54.22,none,0
113,88,3.9,170.46,444.47,100.17,47.44,none,0
113,89,3.9,166.09,449.81,95.9,57.65,none,0
113,90,3.9,175.21,472.78,100.16,21.96,none,0
113,91,3.9,173.66,428.84,103.01,52.39,none,0
113,92,3.9,172.44,486.96,99.89,26.18,none,0
113,93,3.9,170.72,449.88,97.15,28.0,none,0
113,94,3.9,165.8,425.61,96.81,41.45,none,0
113,95,3.9,176.94,438.68,103.64,27.67,none,0
113,96,3.9,174.71,416.61,99.12,26.82,none,0
113,97,3.9,181.29,460.24,98.67,52.21,none,0
113,98,3.9,173.78,449.06,100.83,54.43,none,0
113,99,3.9,168.41,467.61,99.16,41.03,none,0
113,100,3.9,167.48,456.16,99.76,31.24,none,0
113,101,3.9,172.17,480.21,103.42,41.46,none,0
113,102,3.9,177.65,446.25,101.55,26.82,none,0
113,103,3.9,167.01,454.47,103.24,31.08,none,0
113,104,3.9,170.66,452.86,101.35,35.2,none,0
113,105,3.9,171.04,441.29,100.11,44.16,none,0
113,106,3.9,169.08,449.63,104.01,56.04,none,0
113,107,3.9,181.27,433.3,100.66,42.15,none,0
113,108,3.9,178.91,447.63,99.9,43.04,none,0
113,109,3.9,169.46,484.62,104.77,46.31,none,0
113,110,3.9,171.68,448.3,96.44,40.49,none,0
113,111,3.9,179.07,475.34,93.7,54.39,none,0
113,112,3.9,169.9,433.04,100.93,40.52,none,0
113,113,3.9,163.98,448.16,97.02,39.03,none,0
113,114,3.9,170.19,468.29,100.07,39.67,none,0
113,115,3.9,172.6,442.26,96.68,41.28,none,0
113,116,3.9,169.68,451.21,97.43,35.85,none,0
113,117,3.9,167.09,438.51,99.37,26.61,none,0
113,118,3.9,164.33,486.96,99.79,43.06,none,0
113,119,3.9,166.96,480.1,91.97,38.95,none,0
114,0,2.2,170.61,398.32,99.57,35.29,none,0
114,1,2.2,166.58,461.84,100.85,37.06,none,0
114,2,2.2,161.71,455.88,101.68,51.01,none,0
114,3,2.2,170.83,423.29,102.85,28.14,none,0
114,4,2.2,175.54,477.81,107.07,42.83,none,0
114,5,2.2,174.05,466.03,96.61,41.38,none,0
114,6,2.2,165.63,421.59,103.04,24.54,none,0
114,7,2.2,172.15,435.51,99.78,43.54,none,0
114,8,2.2,169.93,426.92,100.47,42.47,none,0
114,9,2.2,167.96,426.18,96.29,42.8,none,0
114,10,2.2,175.54,444.24,97.53,40.17,none,0
114,11,2.2,166.24,434.25,101.84,46.42,none,0
114,12,2.2,168.86,440.63,94.41,40.28,none,0
114,13,2.2,170.56,484.34,105.06,48.42,none,0
114,14,2.2,173.23,438.2,101.18,40.42,none,0
114,15,2.2,163.71,470.83,97.57,25.04,none,0
114,16,2.2,168.34,458.03,100.98,44.57,none,0
114,17,2.2,173.43,434.66,95.3,55.41,none,0
114,18,2.2,166.14,476.03,102.03,51.19,none,0
114,19,2.2,171.64,436.07,100.82,38.73,none,0
114,20,2.2,170.62,458.11,99.64,49.75,none,0
114,21,2.2,163.47,463.33,100.62,50.65,none,0
114,22,2.2,170.06,428.85,98.02,30.29,none,0
114,23,2.2,175.49,453.42,106.19,35.58,none,0
114,24,2.2,168.29,450.51,107.3,40.75,none,0
114,25,2.2,172.55,449.41,102.44,35.36,none,0
114,26,2.2,170.16,446.57,102.71,38.53,none,0
114,27,2.2,164.41,422.77,100.86,32.28,none,0
114,28,2.2,173.09,423.0,96.15,43.61,none,0
114,29,2.2,177.38,467.98,100.01,33.74,none,0
114,30,2.2,171.77,443.26,100.01,39.31,none,0
114,31,2.2,175.06,460.78,98.05,33.44,none,0
114,32,2.2,167.79,437.63,98.65,53.34,none,0
114,33,2.2,167.77,429.57,105.05,37.44,none,0
114,34,2.2,170.69,466.22,96.48,43.14,none,0
114,35,2.2,176.12,436.87,97.81,47.53,none,0
114,36,2.2,163.19,471.84,98.58,51.0,none,0
114,37,2.2,166.9,445.09,99.5,43.14,none,0
114,38,2.2,171.41,475.58,100.27,29.77,none,0
114,39,2.2,175.57,451.38,102.22,36.46,none,0
114,40,2.2,170.26,485.61,105.39,45.67,none,0
114,41,2.2,170.93,454.86,101.2,30.59,none,0
114,42,2.2,171.04,457.17,101.03,47.77,none,0
114,43,2.2,180.94,420.77,102.64,35.42,none,0
114,44,2.2,168.48,439.1,103.27,36.91,none,0
114,45,2.2,157.78,464.61,101.69,44.52,none,0
114,46,2.2,170.44,442.34,99.22,48.69,none,0
114,47,2.2,169.5,437.63,99.32,27.58,none,0
114,48,2.2,168.14,461.45,98.57,38.22,none,0
114,49,2.2,171.73,456.22,102.38,46.59,none,0
114,50,2.2,173.29,390.58,98.51,25.4,none,0
114,51,2.2,169.91,428.63,96.61,41.16,none,0
114,52,2.2,178.9,473.42,98.03,37.42,none,0
114,53,2.2,167.86,454.41,96.73,40.55,none,0
114,54,2.2,165.27,446.68,96.16,37.93,none,0
114,55,2.2,169.18,486.79,98.26,29.77,none,0
114,56,2.2,175.93,460.83,100.22,49.22,none,0
114,57,2.2,175.18,446.83,94.73,40.8,none,0
114,58,2.2,171.81,433.85,98.71,34.83,none,0
114,59,2.2,169.26,474.11,91.52,29.06,none,0
114,60,2.2,177.24,431.79,101.59,34.16,none,0
114,61,2.2,167.27,417.9,100.89,24.48,none,0
114,62,2.2,174.6,475.93,98.89,39.97,none,0
114,63,2.2,169.66,457.74,98.01,41.37,none,0
114,64,2.2,170.36,448.51,100.84,41.81,none,0
114,65,2.2,165.34,448.38,100.61,33.23,none,0
114,66,2.2,176.88,436.69,96.75,30.59,none,0
114,67,2.2,168.3,417.41,101.52,42.89,none,0
114,68,2.2,171.33,465.26,98.49,33.39,none,0
114,69,2.2,165.27,417.84,103.01,35.36,none,0
114,70,2.2,168.7,468.14,101.21,41.31,none,0
114,71,2.2,168.73,410.41,97.64,47.01,none,0
114,72,2.2,167.68,459.34,100.68,45.83,none,0
114,73,2.2,165.85,460.86,98.61,33.05,none,0
114,74,2.2,169.75,470.74,100.3,35.36,none,0
114,75,2.2,163.44,454.06,99.1,43.05,none,0
114,76,2.2,171.43,489.64,95.86,12.27,none,0
114,77,2.2,167.03,456.16,98.19,26.77,none,0
114,78,2.2,169.29,459.8,95.7,41.13,none,0
114,79,2.2,172.21,457.94,102.16,26.16,none,0
114,80,2.2,166.86,459.96,100.58,45.73,none,0
114,81,2.2,168.92,461.67,98.73,24.53,none,0
114,82,2.2,165.96,446.81,100.89,51.43,none,0
114,83,2.2,164.27,475.26,102.02,51.37,none,0
114,84,2.2,173.72,405.72,105.64,42.24,none,0
114,85,2.2,168.85,468.22,99.95,28.87,none,0
114,86,2.2,170.76,445.88,101.75,49.58,none,0
114,87,2.2,166.5,422.24,95.59,45.88,none,0
114,88,2.2,174.33,451.15,96.99,39.81,none,0
114,89,2.2,165.48,455.79,99.88,43.63,none,0
114,90,2.2,172.32,462.48,100.11,48.26,none,0
114,91,2.2,161.98,477.3,98.74,33.01,none,0
114,92,2.2,174.81,416.73,106.1,41.74,none,0
114,93,2.2,159.38,418.34,97.9,45.13,none,0
114,94,2.2,168.67,438.25,97.92,51.24,none,0
114,95,2.2,170.84,464.44,103.39,35.08,none,0
114,96,2.2,169.82,435.8,97.57,38.19,none,0
114,97,2.2,181.96,430.86,98.27,33.44,none,0
114,98,2.2,175.58,453.29,94.99,55.37,none,0
114,99,2.2,178.57,462.36,102.21,32.97,none,0
114,100,2.2,172.07,420.32,96.5,32.22,none,0
114,101,2.2,172.08,470.1,100.64,38.92,none,0
114,102,2.2,168.99,473.16,100.19,26.73,none,0
114,103,2.2,167.04,419.56,103.08,55.77,none,0
114,104,2.2,169.49,435.24,101.99,53.47,none,0
114,105,2.2,171.61,466.92,100.7,56.38,none,0
114,106,2.2,169.33,456.56,96.13,47.47,none,0
114,107,2.2,165.81,490.92,96.99,33.43,none,0
114,108,2.2,179.26,451.64,96.67,35.69,none,0
114,109,2.2,169.74,431.0,98.57,44.85,none,0
114,110,2.2,169.1,440.33,102.19,27.03,none,0
114,111,2.2,161.13,446.69,98.3,47.34,none,0
114,112,2.2,162.32,458.25,101.71,58.12,none,0
114,113,2.2,174.97,451.29,104.85,40.38,none,0
114,114,2.2,175.19,462.1,97.52,32.64,none,0
114,115,2.2,162.06,438.91,102.19,40.05,none,0
114,116,2.2,168.2,407.49,97.47,46.9,none,0
114,117,2.2,174.96,450.38,98.67,41.82,none,0
114,118,2.2,166.42,416.36,98.47,38.12,none,0
114,119,2.2,163.22,462.11,106.88,41.04,none,0
115,0,16.6,172.83,471.24,101.49,40.17,none,0
115,1,16.6,171.21,426.42,99.04,41.54,none,0
115,2,16.6,174.18,426.03,94.31,36.78,none,0
115,3,16.6,168.47,436.17,99.88,35.79,none,0
115,4,16.6,166.33,444.1,102.46,54.46,none,0
115,5,16.6,169.3,447.22,100.47,45.4,none,0
115,6,16.6,163.46,455.02,102.16,30.09,none,0
115,7,16.6,161.31,469.47,96.52,34.51,none,0
115,8,16.6,169.18,450.31,97.08,44.18,none,0
115,9,16.6,154.5,432.62,102.48,39.64,none,0
115,10,16.6,164.69,435.84,91.14,35.34,none,0
115,11,16.6,177.85,464.1,95.8,35.19,none,0
115,12,16.6,164.62,442.98,99.64,42.19,none,0
115,13,16.6,171.09,476.8,103.56,38.08,none,0
115,14,16.6,182.31,471.06,97.76,37.39,none,0
115,15,16.6,154.66,494.71,99.32,48.88,none,0
115,16,16.6,174.58,483.69,103.29,43.45,none,0
115,17,16.6,170.8,453.94,105.6,44.31,none,0
115,18,16.6,169.62,449.01,100.68,26.82,none,0
115,19,16.6,160.91,457.98,101.97,51.28,none,0
115,20,16.6,169.06,488.66,103.0,27.66,none,0
115,21,16.6,167.8,473.12,103.14,47.33,none,0
115,22,16.6,163.67,517.8,100.69,42.29,none,0
115,23,16.6,164.2,463.15,100.28,45.64,none,0
115,24,16.6,173.17,447.8,102.75,28.01,none,0
115,25,16.6,165.0,449.29,100.73,47.66,none,0
115,26,16.6,167.43,458.57,100.78,29.7,none,0
115,27,16.6,166.74,439.34,98.81,39.63,none,0
115,28,16.6,173.82,414.68,98.3,46.66,none,0
115,29,16.6,176.84,436.92,100.63,43.46,none,0
115,30,16.6,172.44,474.45,99.75,48.14,none,0
115,31,16.6,163.92,406.62,99.66,44.2,none,0
115,32,16.6,169.71,446.32,99.01,46.39,none,0
115,33,16.6,177.59,460.06,97.49,39.0,none,0
115,34,16.6,171.86,431.25,99.72,34.53,none,0
115,35,16.6,169.07,454.28,99.09,41.03,none,0
115,36,16.6,172.84,456.2,97.58,37.3,none,0
115,37,16.6,173.18,450.85,98.63,42.72,none,0
115,38,16.6,164.78,456.97,96.68,35.07,none,0
115,39,16.6,166.53,440.74,97.94,42.36,none,0
115,40,16.6,167.32,446.57,104.66,48.18,none,0
115,41,16.6,175.28,458.24,99.8,44.45,none,0
115,42,16.6,166.97,466.64,101.44,30.59,none,0
115,43,16.6,162.29,433.17,102.2,48.56,none,0
115,44,16.6,176.16,445.53,93.01,23.81,none,0
115,45,16.6,169.42,447.57,108.42,32.85,none,0
115,46,16.6,167.53,399.63,107.0,41.63,none,0
115,47,16.6,168.22,450.12,102.45,37.56,none,0
115,48,16.6,178.36,445.2,104.05,48.07,none,0
115,49,16.6,175.75,420.56,99.07,46.69,none,0
115,50,16.6,171.61,463.06,99.8,48.54,none,0
115,51,16.6,171.61,435.04,98.42,31.94,none,0
115,52,16.6,175.26,461.87,90.64,36.62,none,0
115,53,16.6,169.24,429.51,101.23,40.15,none,0
115,54,16.6,161.34,472.44,97.11,35.19,none,0
115,55,16.6,166.14,462.75,96.82,37.8,none,0
115,56,16.6,174.2,434.0,105.79,33.68,none,0
115,57,16.6,174.57,437.08,102.78,33.09,none,0
115,58,16.6,167.89,411.51,99.9,48.64,none,0
115,59,16.6,167.69,431.1,102.5,39.53,none,0
115,60,16.6,169.51,439.84,100.37,44.85,none,0
115,61,16.6,170.68,436.94,101.37,42.96,none,0
115,62,16.6,169.28,425.87,100.78,24.69,none,0
115,63,16.6,166.22,472.87,106.13,37.35,none,0
115,64,16.6,174.45,448.25,100.31,50.97,none,0
115,65,16.6,170.59,433.99,99.57,32.17,none,0
115,66,16.6,169.18,458.44,99.37,47.31,none,0
115,67,16.6,178.48,481.54,109.09,33.46,none,0
115,68,16.6,161.55,481.98,99.17,30.92,none,0
115,69,16.6,168.62,498.02,93.94,46.6,none,0
115,70,16.6,173.47,471.2,103.55,40.1,none,0
115,71,16.6,177.72,433.45,104.57,30.4,none,0
115,72,16.6,171.06,404.91,101.62,33.01,none,0
115,73,16.6,174.96,460.69,99.73,24.41,none,0
115,74,16.6,170.17,453.41,101.81,43.12,none,0
115,75,16.6,164.51,424.72,100.74,32.76,none,0
115,76,16.6,166.41,434.86,101.8,36.92,none,0
115,77,16.6,168.49,459.44,98.98,43.08,none,0
115,78,16.6,170.77,447.38,101.25,45.05,none,0
115,79,16.6,169.92,430.59,97.88,45.83,none,0
115,80,16.6,163.97,452.18,98.93,27.33,none,0
115,81,16.6,160.8,445.89,96.16,37.94,none,0
115,82,16.6,169.69,485.12,103.86,34.13,none,0
115,83,16.6,172.3,470.94,98.42,30.07,none,0
115,84,16.6,173.05,444.92,99.01,39.05,none,0
115,85,16.6,174.68,428.23,99.6,38.76,none,0
115,86,16.6,150.91,362.02,116.1,60.99,comp1,1
115,87,16.6,171.02,443.54,95.24,37.88,none,0
115,88,16.6,170.4,452.81,99.0,41.72,none,0
115,89,16.6,169.31,456.45,95.2,36.65,none,0
115,90,16.6,166.84,432.39,100.75,40.76,none,0
115,91,16.6,166.41,430.83,102.26,42.64,none,0
115,92,16.6,170.84,477.89,96.59,26.72,none,0
115,93,16.6,162.98,447.19,101.81,36.43,none,0
115,94,16.6,178.91,444.19,96.57,40.73,none,0
115,95,16.6,165.52,441.16,99.93,46.93,none,0
115,96,16.6,171.47,440.31,98.14,44.44,none,0
115,97,16.6,169.8,435.12,98.62,37.9,none,0
115,98,16.6,184.6,453.55,103.99,27.01,none,0
115,99,16.6,171.76,464.61,94.52,44.27,none,0
115,100,16.6,172.84,450.31,98.99,30.74,none,0
115,101,16.6,175.01,432.77,96.03,37.25,none,0
115,102,16.6,170.46,459.39,99.29,46.17,none,0
115,103,16.6,167.52,460.93,104.66,51.69,none,0
115,104,16.6,173.92,489.82,100.89,38.29,none,0
115,105,16.6,174.84,481.03,97.72,44.11,none,0
115,106,16.6,173.51,473.12,101.98,27.71,none,0
115,107,16.6,171.64,483.61,99.7,38.81,none,0
115,108,16.6,169.53,464.24,96.45,48.96,none,0
115,109,16.6,171.25,443.96,100.52,47.4,none,0
115,110,16.6,165.47,413.53,96.76,43.52,none,0
115,111,16.6,166.69,460.76,98.51,27.58,none,0
115,112,16.6,166.55,430.62,96.96,43.03,none,0
115,113,16.6,168.93,448.83,102.69,41.35,none,0
115,114,16.6,164.16,430.61,97.44,37.16,none,0
115,115,16.6,157.43,444.67,106.32,43.73,none,0
115,116,16.6,170.16,402.9,95.9,43.68,none,0
115,117,16.6,170.88,433.43,98.55,44.86,none,0
115,118,16.6,175.52,478.76,105.76,28.44,none,0
115,119,16.6,175.7,444.38,103.35,49.27,none,0
116,0,11.5,182.33,456.68,97.75,34.96,none,0
116,1,11.5,164.98,444.31,101.3,41.23,none,0
116,2,11.5,176.69,465.14,101.53,38.3,none,0
116,3,11.5,166.51,463.54,103.28,23.02,none,0
116,4,11.5,175.2,475.17,104.04,40.86,none,0
116,5,11.5,161.0,476.92,103.46,14.45,none,0
116,6,11.5,170.08,439.79,100.23,29.72,none,0
116,7,11.5,174.7,456.3,104.93,44.46,none,0
116,8,11.5,167.41,454.21,99.1,40.53,none,0
116,9,11.5,158.57,426.4,97.75,32.52,none,0
116,10,11.5,168.6,477.9,99.52,41.57,none,0
116,11,11.5,174.98,390.5,93.23,41.7,none,0
116,12,11.5,168.69,474.65,96.57,44.49,none,0
116,13,11.5,172.94,466.54,106.76,32.59,none,0
116,14,11.5,173.89,428.05,97.21,44.77,none,0
116,15,11.5,167.91,427.7,99.53,40.43,none,0
116,16,11.5,172.46,431.3,90.38,37.44,none,0
116,17,11.5,169.79,463.05,103.76,53.26,none,0
116,18,11.5,168.06,453.7,98.86,42.41,none,0
116,19,11.5,164.97,471.35,97.6,29.87,none,0
116,20,11.5,177.11,451.81,103.04,42.36,none,0
116,21,11.5,179.86,489.35,102.3,43.37,none,0
116,22,11.5,169.29,420.12,101.93,43.7,none,0
116,23,11.5,160.92,458.39,96.29,42.53,none,0
116,24,11.5,167.19,448.31,92.0,33.17,none,0
116,25,11.5,174.74,468.4,99.62,40.64,none,0
116,26,11.5,164.06,466.78,101.32,42.29,none,0
116,27,11.5,162.72,471.51,100.53,45.8,none,0
116,28,11.5,175.01,437.6,105.38,32.06,none,0
116,29,11.5,162.7,395.37,99.46,48.7,none,0
116,30,11.5,166.16,438.39,100.92,45.18,none,0
116,31,11.5,167.66,433.49,99.25,38.74,none,0
116,32,11.5,179.03,435.74,99.61,48.11,none,0
116,33,11.5,177.19,479.43,100.87,47.82,none,0
116,34,11.5,175.94,438.21,99.54,30.27,none,0
116,35,11.5,159.73,450.14,101.0,53.38,none,0
116,36,11.5,177.37,442.53,98.24,38.86,none,0
116,37,11.5,178.79,461.93,96.33,34.77,none,0
116,38,11.5,176.8,448.68,100.12,38.45,none,0
116,39,11.5,162.44,437.02,103.37,34.23,none,0
116,40,11.5,167.21,438.83,100.92,35.53,none,0
116,41,11.5,176.39,453.3,95.06,34.78,none,0
116,42,11.5,172.23,434.41,93.86,32.51,none,0
116,43,11.5,159.53,452.43,99.31,32.19,none,0
116,44,11.5,177.15,483.36,97.14,31.01,none,0
116,45,11.5,164.42,422.02,101.31,35.64,none,0
116,46,11.5,172.8,446.12,102.52,44.86,none,0
116,47,11.5,168.89,447.31,96.74,37.51,none,0
116,48,11.5,165.81,452.53,96.55,34.33,none,0
116,49,11.5,174.69,445.32,100.74,25.86,none,0
116,50,11.5,170.35,457.52,102.6,41.28,none,0
116,51,11.5,164.77,475.47,103.41,28.7,none,0
116,52,11.5,173.42,422.81,98.86,34.19,none,0
116,53,11.5,163.43,433.64,99.49,42.14,none,0
116,54,11.5,173.54,437.24,104.16,45.56,none,0
116,55,11.5,162.94,476.25,99.16,49.52,none,0
116,56,11.5,161.73,437.84,93.43,32.85,none,0
116,57,11.5,166.92,431.46,102.75,30.88,none,0
116,58,11.5,164.27,452.21,102.27,54.53,none,0
116,59,11.5,167.93,459.24,103.3,28.72,none,0
116,60,11.5,171.52,446.78,97.78,44.38,none,0
116,61,11.5,168.68,453.87,98.72,37.47,none,0
116,62,11.5,164.05,431.48,101.1,38.05,none,0
116,63,11.5,173.13,446.42,98.97,44.88,none,0
116,64,11.5,161.08,407.12,98.64,24.79,none,0
116,65,11.5,170.22,491.64,99.38,36.04,none,0
116,66,11.5,168.07,449.27,104.32,41.02,none,0
116,67,11.5,169.76,458.1,98.58,37.14,none,0
116,68,11.5,173.62,441.61,103.79,29.64,none,0
116,69,11.5,170.01,453.97,102.44,28.1,none,0
116,70,11.5,163.77,466.53,101.29,51.27,none,0
116,71,11.5,180.66,449.83,100.12,48.1,none,0
116,72,11.5,167.84,464.17,97.44,37.25,none,0
116,73,11.5,174.53,425.38,99.0,34.36,none,0
116,74,11.5,167.62,435.96,103.23,33.63,none,0
116,75,11.5,171.0,430.68,100.83,34.13,none,0
116,76,11.5,168.3,479.06,97.27,25.51,none,0
116,77,11.5,173.09,451.25,96.04,30.48,none,0
116,78,11.5,171.85,427.95,97.67,49.27,none,0
116,79,11.5,173.15,441.74,98.84,36.76,none,0
116,80,11.5,174.15,436.76,103.34,35.97,none,0
116,81,11.5,167.24,420.71,100.96,36.22,none,0
116,82,11.5,170.69,445.61,101.35,42.4,none,0
116,83,11.5,162.97,428.09,102.22,43.2,none,0
116,84,11.5,168.85,467.49,98.34,42.55,none,0
116,85,11.5,169.59,455.65,96.13,47.39,none,0
116,86,11.5,160.4,480.86,99.86,29.22,none,0
116,87,11.5,161.29,461.67,97.17,26.47,none,0
116,88,11.5,168.23,434.01,93.21,34.43,none,0
116,89,11.5,168.34,441.57,100.67,29.88,none,0
116,90,11.5,180.98,481.75,101.25,47.79,none,0
116,91,11.5,174.36,484.59,98.24,47.6,none,0
116,92,11.5,178.72,490.63,100.97,29.8,none,0
116,93,11.5,160.8,429.82,102.45,33.18,none,0
116,94,11.5,169.33,482.58,101.05,38.11,none,0
116,95,11.5,167.98,464.32,102.15,53.94,none,0
116,96,11.5,161.68,452.13,97.62,49.18,none,0
116,97,11.5,175.02,458.12,99.36,34.47,none,0
116,98,11.5,174.06,456.89,98.58,27.7,none,0
116,99,11.5,175.06,466.26,99.09,38.82,none,0
116,100,11.5,170.55,456.2,101.47,37.37,none,0
116,101,11.5,167.44,436.84,97.6,48.44,none,0
116,102,11.5,163.6,447.25,102.17,26.1,none,0
116,103,11.5,166.19,444.42,101.03,35.78,none,0
116,104,11.5,162.32,501.76,100.96,37.2,none,0
116,105,11.5,171.88,453.03,100.5,42.05,none,0
116,106,11.5,176.51,476.61,104.21,45.33,none,0
116,107,11.5,168.47,445.99,100.69,45.5,none,0
116,108,11.5,167.94,433.62,96.34,45.63,none,0
116,109,11.5,170.03,461.3,99.6,56.15,none,0
116,110,11.5,173.58,483.5,101.03,61.7,none,0
116,111,11.5,166.04,473.42,102.64,39.08,none,0
116,112,11.5,171.47,453.03,98.4,39.86,none,0
116,113,11.5,172.6,453.34,94.54,45.98,none,0
116,114,11.5,164.93,464.39,96.87,35.48,none,0
116,115,11.5,173.83,493.47,93.66,43.62,none,0
116,116,11.5,170.29,461.77,100.85,44.33,none,0
116,117,11.5,170.83,455.72,101.08,49.4,none,0
116,118,11.5,176.02,428.95,102.02,38.68,none,0
116,119,11.5,165.9,462.32,101.08,37.14,none,0
117,0,1.1,177.14,451.04,96.45,53.46,none,0
117,1,1.1,171.33,476.96,99.15,45.08,none,0
117,2,1.1,177.1,432.94,101.95,29.68,none,0
117,3,1.1,171.52,465.7,97.66,47.81,none,0
117,4,1.1,170.61,451.58,103.68,52.03,none,0
117,5,1.1,177.48,414.02,97.93,40.11,none,0
117,6,1.1,173.02,462.27,96.32,38.74,none,0
117,7,1.1,173.69,425.16,98.68,49.29,none,0
117,8,1.1,173.86,453.11,101.39,40.58,none,0
117,9,1.1,171.92,394.07,96.32,41.13,none,0
117,10,1.1,171.02,460.33,101.76,48.78,none,0
117,11,1.1,169.76,480.5,94.43,61.03,none,0
117,12,1.1,170.19,444.77,100.66,37.75,none,0
117,13,1.1,170.36,464.3,97.18,32.44,none,0
117,14,1.1,172.26,477.2,100.72,42.18,none,0
117,15,1.1,167.52,475.51,95.29,37.89,none,0
117,16,1.1,170.74,467.31,94.1,45.98,none,0
117,17,1.1,172.87,443.34,99.61,19.4,none,0
117,18,1.1,159.72,463.85,98.15,41.69,none,0
117,19,1.1,170.61,446.99,100.18,49.14,none,0
117,20,1.1,165.14,466.71,101.94,48.94,none,0
117,21,1.1,163.27,460.58,95.32,42.38,none,0
117,22,1.1,171.69,446.4,101.23,33.73,none,0
117,23,1.1,175.11,456.36,103.49,36.64,none,0
117,24,1.1,175.1,454.06,100.1,42.35,none,0
117,25,1.1,171.63,466.47,101.62,44.4,none,0
117,26,1.1,172.16,441.39,97.14,27.21,none,0
117,27,1.1,174.16,451.63,99.8,39.36,none,0
117,28,1.1,172.89,435.03,102.73,40.34,none,0
117,29,1.1,180.38,407.14,93.59,50.8,none,0
117,30,1.1,174.85,447.41,97.29,48.05,none,0
117,31,1.1,166.4,458.63,105.93,41.77,none,0
117,32,1.1,167.09,431.9,95.61,45.72,none,0
117,33,1.1,169.8,412.39,96.75,34.27,none,0
117,34,1.1,165.62,452.03,98.17,41.48,none,0
117,35,1.1,167.0,448.81,97.93,38.17,none,0
117,36,1.1,172.13,423.05,98.38,38.59,none,0
117,37,1.1,165.4,443.79,96.94,53.37,none,0
117,38,1.1,171.02,430.82,97.4,30.28,none,0
117,39,1.1,164.66,428.43,104.8,54.6,none,0
117,40,1.1,164.32,475.6,102.54,29.71,none,0
117,41,1.1,168.17,445.54,100.41,48.26,none,0
117,42,1.1,172.1,464.6,97.23,45.72,none,0
117,43,1.1,171.09,439.22,101.83,47.2,none,0
117,44,1.1,173.07,427.11,101.16,39.09,none,0
117,45,1.1,169.81,455.33,98.6,46.14,none,0
117,46,1.1,164.82,456.09,96.37,37.06,none,0
117,47,1.1,172.47,430.49,102.79,32.02,none,0
117,48,1.1,174.05,445.17,104.86,46.95,none,0
117,49,1.1,171.05,429.77,100.15,30.24,none,0
117,50,1.1,172.65,441.91,100.76,32.7,none,0
117,51,1.1,169.69,468.14,99.37,35.94,none,0
117,52,1.1,169.75,479.34,99.38,48.22,none,0
117,53,1.1,170.25,430.66,102.08,34.66,none,0
117,54,1.1,170.89,412.45,92.15,41.4,none,0
117,55,1.1,167.73,445.18,104.26,45.55,none,0
117,56,1.1,162.13,445.92,97.48,40.46,none,0
117,57,1.1,169.08,465.42,99.82,34.84,none,0
117,58,1.1,156.71,443.64,98.18,49.75,none,0
117,59,1.1,177.22,472.77,101.13,40.44,none,0
117,60,1.1,172.63,463.82,96.02,45.89,none,0
117,61,1.1,167.52,429.22,102.76,28.41,none,0
117,62,1.1,164.84,460.12,102.73,33.6,none,0
117,63,1.1,169.71,508.77,93.14,47.59,none,0
117,64,1.1,163.75,409.41,100.13,18.83,none,0
117,65,1.1,172.05,477.89,104.48,47.63,none,0
117,66,1.1,165.5,421.52,100.54,40.52,none,0
117,67,1.1,175.03,474.29,95.0,31.65,none,0
117,68,1.1,162.7,418.9,105.14,40.26,none,0
117,69,1.1,171.93,425.56,99.15,30.65,none,0
117,70,1.1,160.4,454.13,101.29,48.78,none,0
117,71,1.1,172.27,444.23,98.2,40.99,none,0
117,72,1.1,167.1,447.94,103.27,40.77,none,0
117,73,1.1,170.09,413.4,103.32,35.17,none,0
117,74,1.1,172.69,479.02,99.15,58.83,none,0
117,75,1.1,167.33,445.06,97.05,43.99,none,0
117,76,1.1,175.59,449.95,104.53,34.04,none,0
117,77,1.1,172.33,451.51,96.58,51.29,none,0
117,78,1.1,175.24,458.99,100.93,44.03,none,0
117,79,1.1,165.25,473.89,103.84,41.2,none,0
117,80,1.1,175.61,457.86,98.35,33.01,none,0
117,81,1.1,169.9,489.16,104.07,39.29,none,0
117,82,1.1,174.27,442.99,96.37,40.78,none,0
117,83,1.1,166.6,432.58,95.58,28.33,none,0
117,84,1.1,166.28,453.48,101.98,46.38,none,0
117,85,1.1,169.84,407.03,97.28,36.63,none,0
117,86,1.1,173.39,441.78,100.52,34.41,none,0
117,87,1.1,174.33,427.67,103.38,46.17,none,0
117,88,1.1,164.34,421.53,102.16,41.64,none,0
117,89,1.1,171.3,461.39,98.79,41.81,none,0
117,90,1.1,172.48,492.35,97.62,41.11,none,0
117,91,1.1,179.53,445.71,98.06,42.44,none,0
117,92,1.1,173.05,449.75,95.74,43.99,none,0
117,93,1.1,147.05,389.99,127.42,78.97,comp1,1
117,94,1.1,172.63,491.92,98.09,35.51,none,0
117,95,1.1,163.72,459.81,99.54,47.4,none,0
117,96,1.1,167.96,438.77,100.7,49.96,none,0
117,97,1.1,163.33,441.65,105.62,51.43,none,0
117,98,1.1,157.4,450.31,95.28,27.1,none,0
117,99,1.1,171.63,483.32,96.47,41.17,none,0
117,100,1.1,165.87,431.31,98.31,55.74,none,0
117,101,1.1,178.74,450.01,96.61,29.91,none,0
117,102,1.1,166.51,447.1,98.1,47.19,none,0
117,103,1.1,169.23,452.37,105.53,40.99,none,0
117,104,1.1,175.5,455.7,98.61,39.79,none,0
117,105,1.1,173.24,470.57,99.14,50.92,none,0
117,106,1.1,166.14,463.9,97.67,40.55,none,0
117,107,1.1,172.72,470.41,100.85,38.89,none,0
117,108,1.1,182.82,453.07,102.34,39.68,none,0
117,109,1.1,171.41,445.44,100.82,34.02,none,0
117,110,1.1,171.19,464.61,97.05,44.3,none,0
117,111,1.1,167.7,452.45,93.96,42.67,none,0
117,112,1.1,172.46,490.0,104.47,36.18,none,0
117,113,1.1,168.53,422.45,108.0,35.18,none,0
117,114,1.1,168.76,426.94,100.23,29.8,none,0
117,115,1.1,163.16,451.18,99.59,47.51,none,0
117,116,1.1,169.95,476.79,97.1,42.54,none,0
117,117,1.1,171.15,465.49,101.39,32.76,none,0
117,118,1.1,172.26,453.6,97.06,26.92,none,0
117,119,1.1,172.59,426.54,102.63,39.81,none,0
118,0,17.7,164.55,466.62,93.12,37.09,none,0
118,1,17.7,179.5,463.52,98.77,36.08,none,0
118,2,17.7,161.92,449.06,102.42,30.5,none,0
118,3,17.7,174.59,455.23,103.71,40.65,none,0
118,4,17.7,166.88,439.74,99.63,54.01,none,0
118,5,17.7,166.25,472.56,99.56,31.01,none,0
118,6,17.7,173.13,432.75,98.9,29.76,none,0
118,7,17.7,169.82,438.71,102.37,46.11,none,0
118,8,17.7,185.43,423.59,101.9,43.65,none,0
118,9,17.7,167.13,475.3,101.86,52.04,none,0
118,10,17.7,171.45,475.85,96.14,45.51,none,0
118,11,17.7,176.72,405.96,102.07,37.46,none,0
118,12,17.7,169.73,453.89,101.1,46.53,none,0
118,13,17.7,170.4,474.8,95.42,35.09,none,0
118,14,17.7,164.12,443.48,100.72,39.58,none,0
118,15,17.7,177.05,443.71,99.71,37.36,none,0
118,16,17.7,158.14,469.01,102.88,40.05,none,0
118,17,17.7,172.24,464.57,98.95,39.06,none,0
118,18,17.7,165.09,435.22,100.8,61.39,none,0
118,19,17.7,165.1,458.22,98.65,53.31,none,0
118,20,17.7,166.47,461.98,101.67,53.8,none,0
118,21,17.7,166.73,462.05,97.21,47.85,none,0
118,22,17.7,172.74,450.66,104.41,50.95,none,0
118,23,17.7,169.16,449.39,101.42,37.52,none,0
118,24,17.7,174.22,426.78,104.53,28.89,none,0
118,25,17.7,168.08,428.14,108.46,38.31,none,0
118,26,17.7,181.01,458.67,100.36,42.21,none,0
118,27,17.7,166.72,434.44,98.38,33.25,none,0
118,28,17.7,171.79,459.16,102.96,36.56,none,0
118,29,17.7,165.56,461.03,101.51,37.02,none,0
118,30,17.7,165.51,421.93,94.79,46.54,none,0
118,31,17.7,162.86,439.78,105.29,27.6,none,0
118,32,17.7,165.06,454.58,101.8,40.96,none,0
118,33,17.7,170.93,451.81,98.38,38.36,none,0
118,34,17.7,170.57,454.7,100.01,35.25,none,0
118,35,17.7,164.38,461.39,93.97,41.03,none,0
118,36,17.7,168.78,459.47,103.64,16.4,none,0
118,37,17.7,179.27,488.65,100.13,29.75,none,0
118,38,17.7,166.32,472.69,101.76,47.15,none,0
118,39,17.7,166.18,435.31,99.85,55.2,none,0
118,40,17.7,175.65,438.07,95.94,46.8,none,0
118,41,17.7,163.8,437.04,101.18,55.29,none,0
118,42,17.7,169.17,442.01,99.72,36.11,none,0
118,43,17.7,169.31,453.11,103.66,44.82,none,0
118,44,17.7,172.13,454.01,100.42,57.39,none,0
118,45,17.7,175.97,474.69,102.42,43.88,none,0
118,46,17.7,172.28,441.14,99.33,41.76,none,0
118,47,17.7,169.89,433.39,100.83,52.1,none,0
118,48,17.7,173.67,456.3,101.8,41.71,none,0
118,49,17.7,172.37,456.55,101.31,33.6,none,0
118,50,17.7,170.11,462.68,102.71,29.77,none,0
118,51,17.7,176.79,459.45,98.55,49.77,none,0
118,52,17.7,166.7,438.12,95.71,18.4,none,0
118,53,17.7,171.85,486.64,101.77,52.75,none,0
118,54,17.7,162.0,451.13,97.01,30.95,none,0
118,55,17.7,162.26,421.46,96.96,32.7,none,0
118,56,17.7,179.26,435.04,102.61,29.38,none,0
118,57,17.7,172.07,447.59,104.44,29.57,none,0
118,58,17.7,162.98,478.84,98.54,29.76,none,0
118,59,17.7,169.16,506.47,101.92,30.78,none,0
118,60,17.7,178.08,457.34,96.21,32.9,none,0
118,61,17.7,178.13,421.79,101.3,30.1,none,0
118,62,17.7,166.37,467.24,97.18,55.15,none,0
118,63,17.7,168.47,453.84,104.59,26.87,none,0
118,64,17.7,170.84,435.2,100.55,29.24,none,0
118,65,17.7,176.41,447.01,99.81,34.07,none,0
118,66,17.7,169.15,439.3,101.09,49.98,none,0
118,67,17.7,173.15,455.46,102.78,37.56,none,0
118,68,17.7,171.55,462.32,99.36,20.03,none,0
118,69,17.7,167.98,444.92,94.81,42.75,none,0
118,70,17.7,172.36,459.24,100.25,32.44,none,0
118,71,17.7,168.2,451.83,102.18,48.71,none,0
118,72,17.7,176.61,451.92,97.07,41.03,none,0
118,73,17.7,169.52,447.53,99.69,42.29,none,0
118,74,17.7,172.99,454.03,102.34,36.43,none,0
118,75,17.7,174.78,441.34,102.01,38.27,none,0
118,76,17.7,175.01,490.52,99.99,38.73,none,0
118,77,17.7,173.12,447.71,103.57,45.8,none,0
118,78,17.7,165.71,454.92,94.1,41.73,none,0
118,79,17.7,178.55,467.85,102.72,35.28,none,0
118,80,17.7,177.34,405.71,98.75,44.65,none,0
118,81,17.7,164.39,431.45,102.6,38.67,none,0
118,82,17.7,168.53,448.04,98.28,44.71,none,0
118,83,17.7,166.89,418.65,97.67,34.5,none,0
118,84,17.7,171.16,457.41,101.23,59.07,none,0
118,85,17.7,167.32,470.51,100.61,52.21,none,0
118,86,17.7,168.21,450.2,98.16,55.44,none,0
118,87,17.7,161.61,476.01,99.59,41.81,none,0
118,88,17.7,170.55,414.96,101.08,45.79,none,0
118,89,17.7,177.98,439.28,97.25,26.86,none,0
118,90,17.7,169.41,464.89,93.93,34.64,none,0
118,91,17.7,173.75,463.85,99.72,53.25,none,0
118,92,17.7,173.11,430.28,96.79,47.47,none,0
118,93,17.7,168.3,431.12,94.88,48.21,none,0
118,94,17.7,169.62,454.59,100.74,48.08,none,0
118,95,17.7,165.79,454.8,99.01,54.85,none,0
118,96,17.7,166.09,432.35,105.11,50.79,none,0
118,97,17.7,171.67,452.87,100.78,40.51,none,0
118,98,17.7,168.73,430.41,103.14,37.45,none,0
118,99,17.7,171.93,460.78,100.77,51.1,none,0
118,100,17.7,172.65,433.23,102.31,36.01,none,0
118,101,17.7,166.46,426.61,99.01,37.41,none,0
118,102,17.7,166.16,443.17,99.56,35.7,none,0
118,103,17.7,174.57,377.45,99.64,35.92,none,0
118,104,17.7,164.42,464.78,98.36,35.6,none,0
118,105,17.7,166.56,468.84,101.21,43.28,none,0
118,106,17.7,161.21,421.97,104.5,39.32,none,0
118,107,17.7,164.43,454.93,96.55,34.57,none,0
118,108,17.7,165.54,487.94,95.64,38.83,none,0
118,109,17.7,165.89,454.77,101.41,40.62,none,0
118,110,17.7,175.43,454.07,102.57,39.02,none,0
118,111,17.7,170.12,451.74,101.62,39.61,none,0
118,112,17.7,162.76,450.0,101.45,31.84,none,0
118,113,17.7,161.64,457.47,95.23,40.9,none,0
118,114,17.7,168.01,475.22,99.75,32.36,none,0
118,115,17.7,173.62,472.54,102.55,51.67,none,0
118,116,17.7,168.0,422.38,102.31,53.8,none,0
118,117,17.7,172.04,446.32,102.45,43.26,none,0
118,118,17.7,160.03,439.79,104.94,39.67,none,0
118,119,17.7,167.02,483.7,96.17,38.58,none,0
119,0,3.2,176.19,427.79,97.1,38.8,none,0
119,1,3.2,168.26,450.65,95.96,31.34,none,0
119,2,3.2,165.59,437.26,98.39,32.87,none,0
119,3,3.2,178.8,451.15,94.9,33.42,none,0
119,4,3.2,172.79,447.89,103.49,50.88,none,0
119,5,3.2,179.19,445.36,96.53,31.24,none,0
119,6,3.2,161.48,445.32,103.85,35.78,none,0
119,7,3.2,163.71,455.03,97.05,35.05,none,0
119,8,3.2,165.47,498.77,102.12,34.56,none,0
119,9,3.2,168.48,420.18,96.9,50.42,none,0
119,10,3.2,161.58,438.04,98.74,61.1,none,0
119,11,3.2,167.54,439.03,101.16,48.17,none,0
119,12,3.2,176.57,452.22,104.85,39.08,none,0
119,13,3.2,158.42,446.86,105.22,45.84,none,0
119,14,3.2,168.46,461.87,100.02,41.05,none,0
119,15,3.2,169.51,470.82,98.68,41.13,none,0
119,16,3.2,171.18,443.23,102.96,53.71,none,0
119,17,3.2,168.79,400.3,101.3,48.72,none,0
119,18,3.2,162.72,469.94,100.61,31.49,none,0
119,19,3.2,174.79,444.84,100.18,48.74,none,0
119,20,3.2,173.41,409.61,98.8,39.33,none,0
119,21,3.2,162.1,448.14,100.83,38.78,none,0
119,22,3.2,170.84,485.69,102.39,53.0,none,0
119,23,3.2,165.0,477.81,95.99,41.09,none,0
119,24,3.2,169.38,467.64,97.91,45.76,none,0
119,25,3.2,171.4,460.1,97.53,39.72,none,0
119,26,3.2,166.45,460.8,102.11,27.88,none,0
119,27,3.2,170.72,439.64,100.62,40.58,none,0
119,28,3.2,171.08,458.19,95.22,53.33,none,0
119,29,3.2,175.53,427.32,98.85,43.87,none,0
119,30,3.2,179.05,481.21,94.32,45.27,none,0
119,31,3.2,174.46,458.86,100.41,41.15,none,0
119,32,3.2,165.39,451.89,99.24,38.98,none,0
119,33,3.2,170.18,479.04,89.58,48.85,none,0
119,34,3.2,176.33,445.53,99.65,36.24,none,0
119,35,3.2,171.48,481.11,100.76,35.8,none,0
119,36,3.2,172.67,469.23,106.78,27.99,none,0
119,37,3.2,168.98,459.19,100.7,43.65,none,0
119,38,3.2,168.08,457.25,103.25,46.55,none,0
119,39,3.2,177.36,431.23,102.76,38.55,none,0
119,40,3.2,157.86,467.57,96.43,46.62,none,0
119,41,3.2,161.77,437.58,96.71,40.61,none,0
119,42,3.2,172.25,450.12,97.31,43.27,none,0
119,43,3.2,164.1,416.58,96.16,46.33,none,0
119,44,3.2,164.67,478.05,99.94,30.4,none,0
119,45,3.2,160.81,457.72,97.38,34.94,none,0
119,46,3.2,166.55,444.9,105.5,39.24,none,0
119,47,3.2,167.8,439.13,98.97,59.05,none,0
119,48,3.2,164.15,486.17,96.87,32.81,none,0
119,49,3.2,169.79,431.58,98.08,28.03,none,0
119,50,3.2,174.03,486.42,100.95,29.95,none,0
119,51,3.2,165.44,452.99,102.64,46.47,none,0
119,52,3.2,164.43,443.3,98.23,25.94,none,0
119,53,3.2,166.99,462.06,95.64,45.14,none,0
119,54,3.2,171.86,444.31,97.26,35.97,none,0
119,55,3.2,174.93,449.9,101.17,34.5,none,0
119,56,3.2,173.04,436.24,97.83,43.93,none,0
119,57,3.2,168.28,465.08,100.8,47.53,none,0
119,58,3.2,169.53,440.37,100.46,54.42,none,0
119,59,3.2,173.74,447.09,100.98,28.1,none,0
119,60,3.2,171.34,480.59,100.12,45.87,none,0
119,61,3.2,171.06,478.78,102.23,42.26,none,0
119,62,3.2,165.64,449.2,99.38,35.86,none,0
119,63,3.2,173.4,449.01,96.33,42.26,none,0
119,64,3.2,175.7,443.27,98.98,60.02,none,0
119,65,3.2,162.95,439.64,99.9,41.62,none,0
119,66,3.2,174.74,455.76,98.83,27.85,none,0
119,67,3.2,168.53,446.14,103.63,27.6,none,0
119,68,3.2,173.0,476.47,98.97,31.36,none,0
119,69,3.2,170.64,435.79,96.69,38.84,none,0
119,70,3.2,167.14,459.32,101.85,33.01,none,0
119,71,3.2,172.16,495.85,105.74,37.44,none,0
119,72,3.2,172.76,451.63,103.6,35.74,none,0
119,73,3.2,173.83,432.19,99.88,36.81,none,0
119,74,3.2,174.0,470.17,102.95,21.36,none,0
119,75,3.2,166.96,448.76,100.1,26.8,none,0
119,76,3.2,167.02,471.01,103.58,42.9,none,0
119,77,3.2,170.23,489.11,102.96,40.98,none,0
119,78,3.2,163.18,438.76,97.64,41.39,none,0
119,79,3.2,166.24,457.38,98.33,41.75,none,0
119,80,3.2,172.55,441.28,99.37,45.33,none,0
119,81,3.2,172.98,462.65,101.36,40.89,none,0
119,82,3.2,174.02,444.85,98.47,36.66,none,0
119,83,3.2,170.54,440.76,101.33,40.68,none,0
119,84,3.2,169.93,456.18,98.15,39.11,none,0
119,85,3.2,171.95,459.58,97.61,38.32,none,0
119,86,3.2,167.74,443.17,93.54,33.45,none,0
119,87,3.2,169.51,417.22,98.93,56.47,none,0
119,88,3.2,172.45,431.94,101.28,31.13,none,0
119,89,3.2,169.05,443.46,100.61,40.8,none,0
119,90,3.2,174.92,468.97,100.02,40.39,none,0
119,91,3.2,163.09,453.92,100.32,26.67,none,0
119,92,3.2,172.18,423.12,101.67,50.03,none,0
119,93,3.2,171.2,406.21,100.12,40.87,none,0
119,94,3.2,163.6,471.61,96.38,38.38,none,0
119,95,3.2,166.58,425.63,98.62,46.05,none,0
119,96,3.2,167.59,451.18,100.74,38.92,none,0
119,97,3.2,181.13,460.74,106.56,36.03,none,0
119,98,3.2,162.52,451.82,97.44,50.12,none,0
119,99,3.2,174.15,435.44,101.23,45.87,none,0
119,100,3.2,175.73,456.8,101.24,40.91,none,0
119,101,3.2,174.05,450.05,100.68,49.95,none,0
119,102,3.2,164.31,448.15,99.33,49.1,none,0
119,103,3.2,175.27,458.93,100.06,50.18,none,0
119,104,3.2,178.52,425.27,102.07,38.9,none,0
119,105,3.2,164.12,460.71,101.27,42.16,none,0
119,106,3.2,173.05,422.26,96.59,50.82,none,0
119,107,3.2,167.05,453.35,100.71,51.94,none,0
119,108,3.2,181.16,467.1,98.28,32.13,none,0
119,109,3.2,167.88,418.53,99.98,53.16,none,0
119,110,3.2,171.58,428.24,101.25,50.77,none,0
119,111,3.2,171.36,436.57,99.93,49.04,none,0
119,112,3.2,167.94,446.03,100.7,36.58,none,0
119,113,3.2,165.84,473.6,100.02,40.18,none,0
119,114,3.2,177.54,445.85,104.77,35.89,none,0
119,115,3.2,172.27,459.87,97.38,41.22,none,0
119,116,3.2,170.12,474.76,98.09,33.76,none,0
119,117,3.2,172.95,502.3,101.76,32.77,none,0
119,118,3.2,169.44,445.31,98.48,55.67,none,0
119,119,3.2,171.24,478.52,105.48,47.68,none,0
120,0,6.2,167.72,460.9,99.38,31.44,none,0
120,1,6.2,169.1,489.17,101.53,23.39,none,0
120,2,6.2,164.13,453.99,98.16,54.2,none,0
120,3,6.2,166.9,427.95,91.35,55.26,none,0
120,4,6.2,169.98,440.32,100.4,37.57,none,0
120,5,6.2,170.34,477.79,107.8,31.84,none,0
120,6,6.2,167.73,498.93,106.54,46.99,none,0
120,7,6.2,166.67,433.72,98.53,36.11,none,0
120,8,6.2,169.81,487.42,103.04,22.38,none,0
120,9,6.2,167.88,444.76,101.41,31.37,none,0
120,10,6.2,168.99,421.81,97.61,29.18,none,0
120,11,6.2,167.16,458.27,97.03,33.93,none,0
120,12,6.2,172.62,436.75,101.59,47.79,none,0
120,13,6.2,169.42,447.03,100.2,35.89,none,0
120,14,6.2,165.32,451.55,100.35,50.9,none,0
120,15,6.2,173.83,462.02,99.89,50.97,none,0
120,16,6.2,179.15,461.51,99.9,53.16,none,0
120,17,6.2,176.35,448.78,101.15,31.46,none,0
120,18,6.2,172.12,432.3,101.95,55.75,none,0
120,19,6.2,166.41,454.23,96.37,50.14,none,0
120,20,6.2,178.14,446.4,100.94,44.45,none,0
120,21,6.2,166.19,470.38,100.46,40.45,none,0
120,22,6.2,172.37,444.45,98.04,37.62,none,0
120,23,6.2,170.65,424.9,99.76,31.08,none,0
120,24,6.2,171.83,454.28,100.34,27.47,none,0
120,25,6.2,168.36,435.09,104.17,56.52,none,0
120,26,6.2,170.35,456.0,99.94,48.21,none,0
120,27,6.2,167.72,438.25,101.33,52.67,none,0
120,28,6.2,162.33,446.18,97.95,59.96,none,0
120,29,6.2,170.31,448.79,103.31,33.19,none,0
120,30,6.2,177.16,461.2,100.96,35.72,none,0
120,31,6.2,173.84,417.21,100.24,48.56,none,0
120,32,6.2,177.11,390.16,106.39,35.75,none,0
120,33,6.2,175.24,432.25,99.72,37.98,none,0
120,34,6.2,168.63,451.85,102.43,42.19,none,0
120,35,6.2,167.92,444.12,96.74,38.99,none,0
120,36,6.2,168.65,413.12,97.06,34.39,none,0
120,37,6.2,162.67,437.52,97.25,25.37,none,0
120,38,6.2,169.23,436.2,100.44,48.56,none,0
120,39,6.2,173.0,441.39,99.14,46.41,none,0
120,40,6.2,170.16,429.93,95.82,34.03,none,0
120,41,6.2,168.12,426.74,100.14,34.36,none,0
120,42,6.2,173.57,458.93,102.0,45.73,none,0
120,43,6.2,171.84,432.25,99.07,44.28,none,0
120,44,6.2,173.89,427.68,102.43,33.92,none,0
120,45,6.2,169.3,451.81,96.38,34.01,none,0
120,46,6.2,169.48,479.67,95.74,24.74,none,0
120,47,6.2,168.43,429.8,99.84,24.99,none,0
120,48,6.2,179.91,436.13,104.15,52.23,none,0
120,49,6.2,165.67,457.28,97.21,51.77,none,0
120,50,6.2,171.4,440.83,97.79,26.16,none,0
120,51,6.2,170.81,432.99,101.28,48.06,none,0
120,52,6.2,166.06,441.79,97.65,42.29,none,0
120,53,6.2,166.52,440.76,103.27,27.71,none,0
120,54,6.2,162.11,418.3,98.69,50.53,none,0
120,55,6.2,171.08,440.02,105.01,29.48,none,0
120,56,6.2,160.79,436.01,97.19,32.04,none,0
120,57,6.2,166.24,450.63,98.21,48.58,none,0
120,58,6.2,175.97,410.06,104.71,38.49,none,0
120,59,6.2,167.49,441.31,98.38,45.84,none,0
120,60,6.2,178.01,450.63,98.55,52.5,none,0
120,61,6.2,170.62,457.44,98.06,45.45,none,0
120,62,6.2,176.85,414.47,98.05,35.46,none,0
120,63,6.2,166.65,423.17,99.13,34.76,none,0
120,64,6.2,166.77,432.58,104.94,57.03,none,0
120,65,6.2,163.38,458.07,97.99,25.96,none,0
120,66,6.2,167.99,449.16,99.55,45.44,none,0
120,67,6.2,165.39,456.23,100.68,40.54,none,0
120,68,6.2,167.33,453.17,102.93,52.24,none,0
120,69,6.2,169.64,472.0,101.85,55.89,none,0
120,70,6.2,165.69,494.12,102.59,34.83,none,0
120,71,6.2,169.0,444.54,102.5,51.66,none,0
120,72,6.2,164.97,452.97,100.85,46.09,none,0
120,73,6.2,173.11,423.86,97.53,37.13,none,0
120,74,6.2,162.46,418.58,97.19,47.38,none,0
120,75,6.2,172.14,439.59,105.95,42.33,none,0
120,76,6.2,170.73,430.31,96.18,50.04,none,0
120,77,6.2,164.06,476.38,108.66,40.36,none,0
120,78,6.2,161.55,425.56,98.32,37.6,none,0
120,79,6.2,167.16,436.21,95.16,42.0,none,0
120,80,6.2,169.26,469.76,95.42,48.42,none,0
120,81,6.2,170.5,429.93,98.31,28.03,none,0
120,82,6.2,174.3,444.68,99.06,49.93,none,0
120,83,6.2,163.09,452.56,100.07,38.84,none,0
120,84,6.2,168.87,433.33,104.63,39.09,none,0
120,85,6.2,161.54,448.69,101.21,37.25,none,0
120,86,6.2,170.25,483.26,94.47,42.77,none,0
120,87,6.2,168.33,440.71,102.34,33.06,none,0
120,88,6.2,174.31,417.55,98.91,45.11,none,0
120,89,6.2,170.43,420.53,100.28,36.53,none,0
120,90,6.2,161.14,456.86,97.77,49.12,none,0
120,91,6.2,164.0,431.6,97.33,52.33,none,0
120,92,6.2,173.69,478.83,100.87,44.54,none,0
120,93,6.2,156.45,463.65,101.15,17.18,none,0
120,94,6.2,171.12,467.12,102.46,34.62,none,0
120,95,6.2,170.11,423.57,98.73,41.07,none,0
120,96,6.2,171.23,475.14,96.63,47.17,none,0
120,97,6.2,178.08,453.32,93.55,49.03,none,0
120,98,6.2,167.64,442.93,98.03,42.38,none,0
120,99,6.2,174.7,460.47,101.1,51.54,none,0
120,100,6.2,179.3,454.67,100.44,38.84,none,0
120,101,6.2,162.03,497.38,95.36,49.33,none,0
120,102,6.2,169.86,445.89,98.41,33.88,none,0
120,103,6.2,163.4,427.59,100.22,50.64,none,0
120,104,6.2,178.24,430.97,102.12,43.52,none,0
120,105,6.2,172.43,450.4,109.84,35.69,none,0
120,106,6.2,174.76,465.39,99.98,37.82,none,0
120,107,6.2,171.98,449.37,100.99,55.91,none,0
120,108,6.2,164.52,437.29,99.46,26.79,none,0
120,109,6.2,166.53,470.06,100.68,29.99,none,0
120,110,6.2,164.82,430.27,100.4,51.77,none,0
120,111,6.2,166.24,405.6,99.39,49.05,none,0
120,112,6.2,173.28,410.86,97.26,35.37,none,0
120,113,6.2,175.49,437.81,101.74,35.59,none,0
120,114,6.2,168.26,466.21,98.16,32.33,none,0
120,115,6.2,142.23,389.85,120.3,54.94,comp3,1
120,116,6.2,156.41,459.79,98.16,31.17,none,0
120,117,6.2,164.97,470.33,96.5,56.23,none,0
120,118,6.2,165.87,455.33,95.66,37.52,none,0
120,119,6.2,179.52,439.5,101.47,26.01,none,0
121,0,10.1,162.93,435.86,96.63,34.2,none,0
121,1,10.1,163.01,422.33,100.74,40.55,none,0
121,2,10.1,177.67,465.63,104.45,28.7,none,0
121,3,10.1,175.2,449.14,97.25,44.42,none,0
121,4,10.1,181.6,497.19,103.11,47.09,none,0
121,5,10.1,173.64,458.76,103.52,32.85,none,0
121,6,10.1,170.66,468.32,99.52,25.31,none,0
121,7,10.1,172.36,447.24,99.49,47.9,none,0
121,8,10.1,163.23,463.47,98.75,39.85,none,0
121,9,10.1,170.06,436.49,101.71,41.17,none,0
121,10,10.1,159.96,408.43,104.97,34.46,none,0
121,11,10.1,167.84,463.36,103.61,24.94,none,0
121,12,10.1,176.68,425.01,98.55,13.48,none,0
121,13,10.1,167.62,412.73,96.38,42.96,none,0
121,14,10.1,168.95,460.45,97.32,36.11,none,0
121,15,10.1,147.52,341.17,113.45,62.24,comp3,1
121,16,10.1,173.39,487.98,98.09,44.93,none,0
121,17,10.1,182.88,457.07,100.43,40.37,none,0
121,18,10.1,165.43,465.71,103.34,49.17,none,0
121,19,10.1,160.47,466.0,101.67,30.68,none,0
121,20,10.1,175.55,441.32,102.19,30.44,none,0
121,21,10.1,163.63,427.04,99.1,18.5,none,0
121,22,10.1,162.55,454.05,102.51,42.28,none,0
121,23,10.1,172.88,433.97,103.08,36.13,none,0
121,24,10.1,174.31,456.92,108.13,34.91,none,0
121,25,10.1,169.21,440.38,100.19,43.2,none,0
121,26,10.1,179.47,461.49,100.14,48.14,none,0
121,27,10.1,170.36,435.57,103.15,29.92,none,0
121,28,10.1,170.71,450.67,99.67,28.15,none,0
121,29,10.1,165.16,444.68,104.0,47.47,none,0
121,30,10.1,176.54,487.91,102.28,45.3,none,0
121,31,10.1,169.02,426.24,100.88,34.65,none,0
121,32,10.1,173.6,444.48,101.28,36.47,none,0
121,33,10.1,169.56,451.98,99.36,43.58,none,0
121,34,10.1,168.66,489.94,97.73,47.71,none,0
121,35,10.1,174.43,454.45,104.09,43.06,none,0
121,36,10.1,166.81,450.24,96.36,57.4,none,0
121,37,10.1,168.28,488.7,101.48,28.91,none,0
121,38,10.1,162.33,473.23,99.95,29.82,none,0
121,39,10.1,170.51,484.09,98.74,41.65,none,0
121,40,10.1,171.37,497.29,97.71,26.97,none,0
121,41,10.1,177.6,448.46,100.24,49.38,none,0
121,42,10.1,170.93,472.95,98.8,36.21,none,0
121,43,10.1,173.5,449.54,103.35,43.75,none,0
121,44,10.1,172.57,434.42,96.05,30.58,none,0
121,45,10.1,175.33,457.3,95.22,39.34,none,0
121,46,10.1,171.17,435.76,94.2,31.06,none,0
121,47,10.1,172.11,431.46,105.53,39.63,none,0
121,48,10.1,164.81,418.39,98.91,38.73,none,0
121,49,10.1,168.4,453.5,100.95,42.48,none,0
121,50,10.1,167.96,440.47,94.35,46.1,none,0
121,51,10.1,160.85,469.02,106.01,35.94,none,0
121,52,10.1,170.18,432.1,99.11,47.57,none,0
121,53,10.1,163.99,462.98,101.89,43.49,none,0
121,54,10.1,171.62,458.41,95.26,54.02,none,0
121,55,10.1,172.41,463.54,98.31,49.68,none,0
121,56,10.1,169.91,435.96,99.73,47.84,none,0
121,57,10.1,168.52,413.99,102.97,36.13,none,0
121,58,10.1,178.24,444.95,99.08,34.66,none,0
121,59,10.1,176.59,448.87,100.5,42.17,none,0
121,60,10.1,165.47,453.96,100.57,32.73,none,0
121,61,10.1,169.88,448.47,98.35,45.14,none,0
121,62,10.1,166.86,410.77,103.75,44.34,none,0
121,63,10.1,171.98,438.62,98.1,38.32,none,0
121,64,10.1,165.06,462.19,100.97,54.36,none,0
121,65,10.1,165.82,480.73,101.33,57.94,none,0
121,66,10.1,165.04,439.78,102.45,58.02,none,0
121,67,10.1,172.7,443.47,99.17,48.42,none,0
121,68,10.1,174.32,423.3,102.78,37.84,none,0
121,69,10.1,164.06,442.38,96.29,32.0,none,0
121,70,10.1,169.11,485.86,98.45,30.89,none,0
121,71,10.1,176.31,458.89,100.18,44.65,none,0
121,72,10.1,178.62,477.64,102.26,50.62,none,0
121,73,10.1,170.66,450.15,99.89,38.57,none,0
121,74,10.1,165.65,430.25,97.14,37.15,none,0
121,75,10.1,169.35,428.74,98.6,32.99,none,0
121,76,10.1,171.88,443.63,96.1,39.85,none,0
121,77,10.1,153.34,426.11,96.59,38.26,none,0
121,78,10.1,166.41,494.36,97.79,46.96,none,0
121,79,10.1,167.95,434.0,97.64,32.35,none,0
121,80,10.1,165.4,433.19,98.66,59.06,none,0
121,81,10.1,174.81,428.06,100.99,26.03,none,0
121,82,10.1,172.95,453.13,107.0,48.12,none,0
121,83,10.1,162.67,441.58,95.48,40.61,none,0
121,84,10.1,174.14,450.27,98.16,45.03,none,0
121,85,10.1,164.6,453.97,98.93,47.84,none,0
121,86,10.1,172.47,451.4,95.7,34.07,none,0
121,87,10.1,168.08,459.86,95.7,32.26,none,0
121,88,10.1,167.48,465.88,102.13,31.47,none,0
121,89,10.1,168.24,446.06,101.08,37.05,none,0
121,90,10.1,171.85,472.1,99.43,41.99,none,0
121,91,10.1,163.11,486.92,101.53,32.18,none,0
121,92,10.1,168.61,416.64,97.07,36.09,none,0
121,93,10.1,165.1,463.44,96.09,44.59,none,0
121,94,10.1,177.43,447.71,104.03,19.94,none,0
121,95,10.1,176.85,443.29,97.9,42.15,none,0
121,96,10.1,171.73,431.82,99.08,47.31,none,0
121,97,10.1,167.0,428.39,102.42,48.75,none,0
121,98,10.1,177.35,452.79,102.69,38.55,none,0
121,99,10.1,169.79,475.52,99.92,35.76,none,0
121,100,10.1,168.76,498.3,100.24,38.24,none,0
121,101,10.1,163.31,436.85,103.48,40.76,none,0
121,102,10.1,163.95,475.04,97.46,37.7,none,0
121,103,10.1,166.82,464.81,98.74,48.58,none,0
121,104,10.1,173.76,476.64,99.6,49.39,none,0
121,105,10.1,173.92,442.3,101.15,34.97,none,0
121,106,10.1,176.79,445.41,100.75,35.9,none,0
121,107,10.1,168.24,461.52,101.48,39.24,none,0
121,108,10.1,172.56,463.49,98.9,41.0,none,0
121,109,10.1,167.81,475.83,97.02,38.29,none,0
121,110,10.1,163.45,424.2,100.44,46.19,none,0
121,111,10.1,172.62,438.44,101.65,44.35,none,0
121,112,10.1,173.44,419.56,103.11,48.63,none,0
121,113,10.1,174.75,447.95,99.37,53.18,none,0
121,114,10.1,164.06,446.46,96.88,46.85,none,0
121,115,10.1,169.11,461.86,98.53,45.85,none,0
121,116,10.1,170.24,460.96,102.14,29.81,none,0
121,117,10.1,177.35,458.21,94.97,26.67,none,0
121,118,10.1,165.07,430.56,96.85,44.6,none,0
121,119,10.1,173.96,464.59,101.6,52.11,none,0
122,0,15.6,170.09,422.81,96.29,23.2,none,0
122,1,15.6,167.11,428.38,100.68,62.24,none,0
122,2,15.6,172.09,474.65,101.5,32.84,none,0
122,3,15.6,170.92,440.72,100.7,28.46,none,0
122,4,15.6,170.88,460.4,94.91,46.15,none,0
122,5,15.6,159.37,411.1,93.29,35.88,none,0
122,6,15.6,172.18,454.83,102.64,44.51,none,0
122,7,15.6,171.48,465.17,105.64,35.47,none,0
122,8,15.6,167.18,456.16,103.28,34.97,none,0
122,9,15.6,174.71,500.23,104.0,38.38,none,0
122,10,15.6,173.93,412.73,102.01,48.41,none,0
122,11,15.6,169.08,434.24,97.35,31.74,none,0
122,12,15.6,164.42,419.69,100.56,36.07,none,0
122,13,15.6,172.6,457.73,101.38,54.43,none,0
122,14,15.6,171.93,432.96,98.35,47.46,none,0
122,15,15.6,173.74,441.48,96.72,35.32,none,0
122,16,15.6,174.49,455.05,105.8,39.49,none,0
122,17,15.6,169.99,467.48,100.29,34.82,none,0
122,18,15.6,177.09,466.24,102.16,34.47,none,0
122,19,15.6,144.46,414.23,115.22,63.7,comp1,1
122,20,15.6,168.6,470.41,97.23,53.05,none,0
122,21,15.6,166.66,480.61,101.91,55.85,none,0
122,22,15.6,162.36,432.3,102.23,35.67,none,0
122,23,15.6,163.02,444.86,98.35,39.99,none,0
122,24,15.6,184.53,435.17,100.46,35.6,none,0
122,25,15.6,161.93,503.56,101.62,37.06,none,0
122,26,15.6,169.99,427.63,101.81,39.79,none,0
122,27,15.6,171.0,466.6,101.86,41.85,none,0
122,28,15.6,171.71,418.53,96.17,46.39,none,0
122,29,15.6,162.69,420.5,96.4,44.95,none,0
122,30,15.6,172.62,464.35,97.36,41.12,none,0
122,31,15.6,170.92,457.32,99.52,24.89,none,0
122,32,15.6,168.19,427.8,101.22,40.69,none,0
122,33,15.6,160.09,426.37,99.78,41.6,none,0
122,34,15.6,165.0,476.13,99.99,37.41,none,0
122,35,15.6,169.39,448.53,104.17,34.91,none,0
122,36,15.6,165.14,469.78,99.38,46.37,none,0
122,37,15.6,166.62,468.42,99.93,35.51,none,0
122,38,15.6,172.95,475.15,104.55,52.91,none,0
122,39,15.6,177.75,407.95,97.94,46.24,none,0
122,40,15.6,174.05,436.01,97.88,41.87,none,0
122,41,15.6,170.53,479.69,100.28,39.72,none,0
122,42,15.6,163.67,430.17,98.11,35.55,none,0
122,43,15.6,167.13,471.25,101.03,31.44,none,0
122,44,15.6,177.08,481.35,97.1,38.69,none,0
122,45,15.6,175.94,438.11,101.73,49.22,none,0
122,46,15.6,179.41,454.69,101.53,42.66,none,0
122,47,15.6,174.64,452.09,99.14,47.68,none,0
122,48,15.6,170.68,468.84,92.42,43.41,none,0
122,49,15.6,166.4,463.79,105.73,36.69,none,0
122,50,15.6,176.33,478.71,98.63,36.38,none,0
122,51,15.6,173.55,465.69,100.27,44.71,none,0
122,52,15.6,167.85,444.09,99.3,50.66,none,0
122,53,15.6,174.69,474.47,96.99,37.55,none,0
122,54,15.6,173.52,424.5,95.05,42.03,none,0
122,55,15.6,164.74,455.96,103.75,38.44,none,0
122,56,15.6,161.85,491.03,98.05,37.8,none,0
122,57,15.6,168.41,458.81,94.9,39.56,none,0
122,58,15.6,168.07,452.84,105.52,36.7,none,0
122,59,15.6,171.58,425.86,97.3,35.51,none,0
122,60,15.6,174.14,442.68,97.02,30.82,none,0
122,61,15.6,157.25,452.2,99.24,48.16,none,0
122,62,15.6,173.77,441.69,101.39,42.1,none,0
122,63,15.6,169.76,395.4,101.17,44.89,none,0
122,64,15.6,169.38,480.38,97.13,42.52,none,0
122,65,15.6,169.23,445.74,100.25,25.41,none,0
122,66,15.6,174.03,448.73,104.43,45.76,none,0
122,67,15.6,175.74,440.11,98.99,42.59,none,0
122,68,15.6,178.17,467.18,99.96,44.69,none,0
122,69,15.6,174.95,456.64,97.87,35.68,none,0
122,70,15.6,164.56,422.97,94.18,42.11,none,0
122,71,15.6,171.59,474.55,101.87,59.65,none,0
122,72,15.6,183.25,431.45,102.86,39.19,none,0
122,73,15.6,161.19,415.58,104.62,48.35,none,0
122,74,15.6,176.95,447.81,96.6,26.58,none,0
122,75,15.6,175.5,444.52,103.41,42.52,none,0
122,76,15.6,170.41,429.41,96.81,37.78,none,0
122,77,15.6,174.15,453.85,100.73,30.88,none,0
122,78,15.6,160.85,439.65,104.18,25.77,none,0
122,79,15.6,170.13,422.1,106.96,31.04,none,0
122,80,15.6,171.67,475.67,102.42,41.1,none,0
122,81,15.6,175.73,456.16,100.39,37.3,none,0
122,82,15.6,167.64,430.34,95.51,48.06,none,0
122,83,15.6,153.63,451.55,103.62,27.7,none,0
122,84,15.6,173.61,442.32,101.29,41.66,none,0
122,85,15.6,178.19,397.42,100.45,40.64,none,0
122,86,15.6,172.77,463.88,94.0,34.25,none,0
122,87,15.6,173.63,454.05,98.96,43.82,none,0
122,88,15.6,177.22,446.6,103.61,40.91,none,0
122,89,15.6,164.93,461.81,107.54,42.59,none,0
122,90,15.6,159.38,444.37,100.05,34.57,none,0
122,91,15.6,160.81,464.08,102.67,49.71,none,0
122,92,15.6,164.29,489.93,98.89,50.4,none,0
122,93,15.6,169.86,461.1,100.15,50.01,none,0
122,94,15.6,175.8,457.33,94.82,43.58,none,0
122,95,15.6,170.2,440.26,101.59,49.98,none,0
122,96,15.6,169.59,458.06,99.45,48.75,none,0
122,97,15.6,161.17,475.92,100.14,35.49,none,0
122,98,15.6,164.24,463.63,99.44,31.73,none,0
122,99,15.6,175.3,430.72,93.17,40.84,none,0
122,100,15.6,168.24,443.53,98.6,44.89,none,0
122,101,15.6,169.99,451.04,100.32,35.55,none,0
122,102,15.6,170.32,429.88,94.45,46.0,none,0
122,103,15.6,169.05,463.76,98.62,45.01,none,0
122,104,15.6,170.61,419.85,100.19,43.24,none,0
122,105,15.6,176.4,453.33,100.66,27.32,none,0
122,106,15.6,172.3,457.97,99.37,50.98,none,0
122,107,15.6,172.63,470.19,105.7,42.37,none,0
122,108,15.6,162.89,493.31,99.86,38.73,none,0
122,109,15.6,174.0,430.15,95.28,28.79,none,0
122,110,15.6,164.87,475.88,97.66,33.26,none,0
122,111,15.6,166.23,422.44,99.68,42.69,none,0
122,112,15.6,178.0,429.93,101.82,40.28,none,0
122,113,15.6,181.72,459.16,97.75,41.53,none,0
122,114,15.6,165.71,476.3,100.0,44.77,none,0
122,115,15.6,169.35,448.71,102.19,31.41,none,0
122,116,15.6,168.43,474.29,100.99,45.32,none,0
122,117,15.6,165.97,433.0,102.48,32.28,none,0
122,118,15.6,168.4,449.01,97.54,32.23,none,0
122,119,15.6,173.21,453.76,101.98,65.77,none,0
123,0,7.6,149.04,347.92,119.41,70.79,comp4,1
123,1,7.6,170.18,436.34,102.85,43.2,none,0
123,2,7.6,168.32,446.82,96.1,42.63,none,0
123,3,7.6,163.05,456.58,101.7,39.23,none,0
123,4,7.6,175.22,417.58,97.96,33.8,none,0
123,5,7.6,172.87,449.22,101.25,38.75,none,0
123,6,7.6,178.58,430.27,102.13,47.61,none,0
123,7,7.6,168.85,469.35,95.88,38.04,none,0
123,8,7.6,177.58,476.46,100.85,30.17,none,0
123,9,7.6,179.88,448.03,102.01,15.74,none,0
123,10,7.6,160.89,465.55,101.73,26.53,none,0
123,11,7.6,175.85,436.23,98.9,22.38,none,0
123,12,7.6,179.73,431.44,99.39,55.53,none,0
123,13,7.6,169.26,437.55,105.89,32.72,none,0
123,14,7.6,173.85,459.27,97.38,39.71,none,0
123,15,7.6,168.14,449.78,101.79,39.27,none,0
123,16,7.6,168.67,500.0,99.31,38.67,none,0
123,17,7.6,167.95,459.9,94.55,40.27,none,0
123,18,7.6,165.71,441.73,101.45,45.69,none,0
123,19,7.6,176.83,447.94,100.24,37.04,none,0
123,20,7.6,167.94,428.02,106.03,45.59,none,0
123,21,7.6,176.34,446.07,103.87,22.82,none,0
123,22,7.6,174.05,459.66,102.62,26.18,none,0
123,23,7.6,164.49,418.25,101.9,29.53,none,0
123,24,7.6,159.49,441.49,98.48,46.3,none,0
123,25,7.6,173.17,471.94,97.35,43.14,none,0
123,26,7.6,173.26,448.96,100.24,51.65,none,0
123,27,7.6,174.17,446.34,96.19,39.19,none,0
123,28,7.6,179.64,457.9,100.43,30.23,none,0
123,29,7.6,179.11,448.37,100.46,41.28,none,0
123,30,7.6,176.12,438.58,101.12,48.83,none,0
123,31,7.6,168.02,483.8,99.06,52.24,none,0
123,32,7.6,166.32,432.4,96.58,30.53,none,0
123,33,7.6,168.67,456.09,99.3,43.9,none,0
123,34,7.6,173.79,408.33,98.62,50.77,none,0
123,35,7.6,166.83,439.42,101.61,45.97,none,0
123,36,7.6,171.02,450.47,100.4,33.0,none,0
123,37,7.6,172.91,438.54,102.74,30.7,none,0
123,38,7.6,164.0,437.42,101.79,44.35,none,0
123,39,7.6,175.0,442.39,98.21,40.22,none,0
123,40,7.6,155.34,473.09,95.13,46.82,none,0
123,41,7.6,170.0,507.16,102.92,45.83,none,0
123,42,7.6,168.03,458.54,96.24,41.47,none,0
123,43,7.6,166.82,433.27,97.75,41.61,none,0
123,44,7.6,179.34,480.95,102.88,49.49,none,0
123,45,7.6,164.73,464.75,97.24,43.29,none,0
123,46,7.6,170.77,465.43,103.54,29.38,none,0
123,47,7.6,175.69,465.55,97.84,36.48,none,0
123,48,7.6,167.83,425.62,97.02,29.16,none,0
123,49,7.6,170.93,429.02,97.43,38.17,none,0
123,50,7.6,165.69,486.34,98.46,37.49,none,0
123,51,7.6,169.81,463.95,94.03,35.04,none,0
123,52,7.6,170.21,469.04,95.69,46.91,none,0
123,53,7.6,173.25,462.7,99.53,41.63,none,0
123,54,7.6,166.74,460.0,101.72,34.8,none,0
123,55,7.6,169.22,436.95,100.58,34.2,none,0
123,56,7.6,176.5,438.49,100.4,49.62,none,0
123,57,7.6,176.19,429.29,102.54,35.05,none,0
123,58,7.6,175.2,441.76,101.08,24.62,none,0
123,59,7.6,177.4,412.09,99.37,30.41,none,0
123,60,7.6,168.04,458.08,101.4,27.93,none,0
123,61,7.6,166.33,424.08,95.99,33.7,none,0
123,62,7.6,178.03,425.32,101.23,28.93,none,0
123,63,7.6,173.85,456.88,106.49,32.69,none,0
123,64,7.6,167.5,493.31,96.71,32.24,none,0
123,65,7.6,165.18,428.62,98.6,40.16,none,0
123,66,7.6,170.8,439.79,97.77,43.13,none,0
123,67,7.6,165.23,436.23,100.72,35.35,none,0
123,68,7.6,166.58,427.73,98.05,34.51,none,0
123,69,7.6,169.62,452.58,100.96,35.13,none,0
123,70,7.6,182.85,462.85,101.64,40.07,none,0
123,71,7.6,177.53,453.68,92.24,38.26,none,0
123,72,7.6,174.67,440.4,95.38,37.52,none,0
123,73,7.6,179.28,459.41,97.87,39.38,none,0
123,74,7.6,175.28,481.67,95.97,48.61,none,0
123,75,7.6,170.25,458.26,102.63,43.67,none,0
123,76,7.6,168.13,450.24,98.95,36.02,none,0
123,77,7.6,170.76,434.56,99.01,49.67,none,0
123,78,7.6,168.13,447.08,90.79,33.89,none,0
123,79,7.6,181.66,448.12,98.09,58.08,none,0
123,80,7.6,171.93,439.58,101.07,47.77,none,0
123,81,7.6,162.91,458.09,99.75,32.47,none,0
123,82,7.6,171.15,460.31,97.81,41.49,none,0
123,83,7.6,154.79,465.35,96.87,49.44,none,0
123,84,7.6,164.47,416.72,99.55,42.24,none,0
123,85,7.6,168.7,438.98,102.63,47.84,none,0
123,86,7.6,161.08,491.68,96.6,44.24,none,0
123,87,7.6,173.55,454.94,101.08,39.46,none,0
123,88,7.6,180.6,455.48,100.58,40.39,none,0
123,89,7.6,167.31,437.67,101.66,28.08,none,0
123,90,7.6,170.4,464.9,103.03,43.55,none,0
123,91,7.6,164.41,458.62,101.19,44.36,none,0
123,92,7.6,175.19,454.11,100.83,37.72,none,0
123,93,7.6,165.51,438.93,94.67,34.87,none,0
123,94,7.6,168.74,448.92,98.62,31.64,none,0
123,95,7.6,170.35,451.11,100.5,39.5,none,0
123,96,7.6,177.13,420.09,92.87,44.4,none,0
123,97,7.6,170.84,441.06,103.21,34.77,none,0
123,98,7.6,163.88,440.57,95.37,43.99,none,0
123,99,7.6,169.06,468.7,95.98,40.0,none,0
123,100,7.6,169.58,435.42,101.66,43.56,none,0
123,101,7.6,163.57,448.54,98.27,42.33,none,0
123,102,7.6,162.17,451.15,98.38,47.57,none,0
123,103,7.6,162.32,427.65,93.22,35.72,none,0
123,104,7.6,172.34,470.49,99.16,37.87,none,0
123,105,7.6,167.83,475.56,92.88,43.42,none,0
123,106,7.6,165.06,480.34,102.54,47.78,none,0
123,107,7.6,174.07,449.93,102.14,40.81,none,0
123,108,7.6,173.7,428.46,103.74,42.01,none,0
123,109,7.6,164.1,413.52,95.73,41.0,none,0
123,110,7.6,168.11,451.7,102.65,42.65,none,0
123,111,7.6,171.13,449.62,99.51,31.92,none,0
123,112,7.6,136.3,345.0,121.42,64.36,comp2,1
123,113,7.6,162.43,469.72,100.46,38.91,none,0
123,114,7.6,181.4,445.16,103.89,34.37,none,0
123,115,7.6,176.27,466.88,99.55,45.91,none,0
123,116,7.6,164.6,440.84,97.15,45.97,none,0
123,117,7.6,169.39,489.74,102.58,31.69,none,0
123,118,7.6,172.51,457.8,94.04,50.36,none,0
123,119,7.6,171.06,451.11,98.51,46.2,none,0
124,0,17.7,168.1,447.03,92.72,45.08,none,0
124,1,17.7,166.73,460.22,92.84,42.43,none,0
124,2,17.7,177.22,488.49,98.04,42.62,none,0
124,3,17.7,167.1,453.65,101.45,44.51,none,0
124,4,17.7,169.34,451.01,95.29,52.28,none,0
124,5,17.7,176.12,440.32,106.68,38.46,none,0
124,6,17.7,167.74,426.58,98.27,42.17,none,0
124,7,17.7,169.23,426.61,93.92,35.91,none,0
124,8,17.7,166.23,432.74,95.08,35.28,none,0
124,9,17.7,176.92,480.26,96.64,43.8,none,0
124,10,17.7,169.1,446.77,98.75,43.12,none,0
124,11,17.7,167.59,491.76,104.17,41.51,none,0
124,12,17.7,173.09,430.83,100.8,51.66,none,0
124,13,17.7,167.65,446.76,98.28,30.8,none,0
124,14,17.7,166.04,452.35,99.21,50.37,none,0
124,15,17.7,184.44,471.23,94.62,52.94,none,0
124,16,17.7,171.23,434.15,102.37,30.19,none,0
124,17,17.7,159.22,452.95,99.74,60.73,none,0
124,18,17.7,170.95,440.26,97.17,33.12,none,0
124,19,17.7,175.89,426.25,102.6,30.96,none,0
124,20,17.7,171.6,454.18,97.29,44.47,none,0
124,21,17.7,159.52,452.71,98.49,46.24,none,0
124,22,17.7,165.56,441.98,98.49,34.7,none,0
124,23,17.7,172.06,454.21,96.8,41.06,none,0
124,24,17.7,162.59,452.63,103.23,37.16,none,0
124,25,17.7,172.78,434.13,100.72,38.17,none,0
124,26,17.7,172.39,452.29,103.53,37.5,none,0
124,27,17.7,171.17,454.38,95.32,32.05,none,0
124,28,17.7,166.1,447.49,99.29,45.49,none,0
124,29,17.7,168.04,434.92,100.08,42.69,none,0
124,30,17.7,175.35,437.83,99.72,34.58,none,0
124,31,17.7,166.73,449.59,96.12,44.83,none,0
124,32,17.7,167.26,465.78,99.92,25.55,none,0
124,33,17.7,169.69,451.43,100.46,39.86,none,0
124,34,17.7,173.96,461.03,105.54,53.5,none,0
124,35,17.7,177.29,476.18,100.39,56.51,none,0
124,36,17.7,179.24,413.95,104.27,43.02,none,0
124,37,17.7,164.85,441.45,101.84,39.75,none,0
124,38,17.7,163.85,459.75,102.51,44.99,none,0
124,39,17.7,175.68,484.37,99.25,55.2,none,0
124,40,17.7,165.95,463.39,97.64,43.33,none,0
124,41,17.7,178.32,449.52,100.85,40.93,none,0
124,42,17.7,169.45,449.86,97.6,33.15,none,0
124,43,17.7,172.15,458.41,97.39,40.71,none,0
124,44,17.7,167.73,479.09,108.05,35.65,none,0
124,45,17.7,172.6,466.21,103.03,50.37,none,0
124,46,17.7,169.01,459.22,102.14,28.56,none,0
124,47,17.7,158.08,441.9,103.63,31.97,none,0
124,48,17.7,169.06,457.94,102.26,43.74,none,0
124,49,17.7,163.49,489.02,104.25,35.72,none,0
124,50,17.7,170.38,474.49,100.0,31.84,none,0
124,51,17.7,158.8,356.17,112.9,78.34,comp2,1
124,52,17.7,177.36,494.12,104.83,44.7,none,0
124,53,17.7,177.94,481.86,103.23,42.42,none,0
124,54,17.7,168.34,436.86,106.51,40.54,none,0
124,55,17.7,162.28,476.15,96.35,40.14,none,0
124,56,17.7,165.02,433.08,100.3,47.96,none,0
124,57,17.7,165.58,439.86,100.92,30.04,none,0
124,58,17.7,174.64,429.25,104.17,41.79,none,0
124,59,17.7,171.64,431.57,101.15,32.99,none,0
124,60,17.7,169.42,482.66,104.57,31.63,none,0
124,61,17.7,162.58,449.52,93.15,45.19,none,0
124,62,17.7,165.29,481.24,103.62,48.4,none,0
124,63,17.7,178.64,492.88,101.68,43.69,none,0
124,64,17.7,180.23,441.59,96.69,46.21,none,0
124,65,17.7,168.26,446.45,97.92,30.06,none,0
124,66,17.7,174.71,397.28,101.51,38.13,none,0
124,67,17.7,170.02,423.87,101.75,45.68,none,0
124,68,17.7,167.84,456.14,94.81,34.75,none,0
124,69,17.7,171.81,428.21,103.06,34.61,none,0
124,70,17.7,173.47,417.38,101.63,47.58,none,0
124,71,17.7,170.98,493.42,102.62,26.45,none,0
124,72,17.7,166.23,452.42,97.95,32.58,none,0
124,73,17.7,175.63,437.85,101.57,38.02,none,0
124,74,17.7,174.07,438.28,98.35,38.55,none,0
124,75,17.7,177.04,434.09,101.24,37.51,none,0
124,76,17.7,164.54,433.57,103.34,44.05,none,0
124,77,17.7,173.52,491.89,101.67,28.89,none,0
124,78,17.7,167.92,427.24,99.23,30.93,none,0
124,79,17.7,169.33,438.33,101.23,29.23,none,0
124,80,17.7,175.61,469.53,97.14,30.99,none,0
124,81,17.7,171.37,454.29,105.27,41.2,none,0
124,82,17.7,165.91,459.98,100.66,54.22,none,0
124,83,17.7,177.92,428.97,101.15,33.56,none,0
124,84,17.7,166.25,428.69,96.01,27.77,none,0
124,85,17.7,175.54,465.9,100.16,33.76,none,0
124,86,17.7,164.36,451.71,100.57,34.52,none,0
124,87,17.7,178.08,446.77,96.92,24.61,none,0
124,88,17.7,165.05,467.92,102.71,57.14,none,0
124,89,17.7,169.95,431.66,105.27,37.18,none,0
124,90,17.7,176.8,444.28,96.9,43.87,none,0
124,91,17.7,173.58,489.69,95.05,34.96,none,0
124,92,17.7,172.27,471.52,106.59,36.13,none,0
124,93,17.7,174.74,438.2,97.58,35.68,none,0
124,94,17.7,172.5,476.65,97.57,36.1,none,0
124,95,17.7,175.34,439.95,97.58,44.39,none,0
124,96,17.7,163.96,425.61,96.25,53.18,none,0
124,97,17.7,172.12,466.75,94.43,43.52,none,0
124,98,17.7,179.06,456.51,100.74,31.68,none,0
124,99,17.7,166.55,451.07,94.47,36.18,none,0
124,100,17.7,166.44,439.5,99.08,42.29,none,0
124,101,17.7,170.71,448.44,96.69,41.76,none,0
124,102,17.7,165.57,479.53,94.39,43.2,none,0
124,103,17.7,173.3,439.2,103.69,38.22,none,0
124,104,17.7,175.0,475.97,102.4,48.45,none,0
124,105,17.7,163.9,489.12,97.63,35.87,none,0
124,106,17.7,162.96,472.04,98.09,44.95,none,0
124,107,17.7,166.48,468.12,96.88,32.52,none,0
124,108,17.7,170.17,455.13,97.83,46.86,none,0
124,109,17.7,168.81,477.6,95.42,33.57,none,0
124,110,17.7,171.35,426.09,100.58,37.9,none,0
124,111,17.7,173.57,459.57,97.61,35.22,none,0
124,112,17.7,174.32,429.02,98.56,36.4,none,0
124,113,17.7,164.25,462.18,101.22,47.34,none,0
124,114,17.7,173.39,447.2,104.84,38.42,none,0
124,115,17.7,170.35,414.44,98.01,34.63,none,0
124,116,17.7,170.49,470.5,95.93,37.49,none,0
124,117,17.7,163.59,439.49,99.9,43.45,none,0
124,118,17.7,183.18,458.77,104.39,53.63,none,0
124,119,17.7,176.29,457.3,101.0,40.56,none,0
125,0,9.4,169.14,449.65,103.8,40.04,none,0
125,1,9.4,164.64,428.74,95.73,46.12,none,0
125,2,9.4,170.76,486.67,99.27,22.14,none,0
125,3,9.4,176.38,451.11,98.17,45.08,none,0
125,4,9.4,171.85,473.61,98.15,19.51,none,0
125,5,9.4,164.31,442.23,102.8,38.67,none,0
125,6,9.4,171.02,451.14,102.17,47.15,none,0
125,7,9.4,169.93,471.63,100.47,39.07,none,0
125,8,9.4,173.75,459.26,102.24,42.57,none,0
125,9,9.4,167.07,461.27,97.02,40.13,none,0
125,10,9.4,170.28,470.81,94.18,32.45,none,0
125,11,9.4,164.71,460.15,97.75,45.06,none,0
125,12,9.4,173.78,435.52,99.28,34.72,none,0
125,13,9.4,181.16,445.24,105.19,40.91,none,0
125,14,9.4,167.54,448.61,102.53,36.33,none,0
125,15,9.4,168.11,429.4,99.63,52.74,none,0
125,16,9.4,178.53,430.09,94.37,31.37,none,0
125,17,9.4,171.64,455.84,99.13,48.65,none,0
125,18,9.4,178.07,445.45,105.62,52.75,none,0
125,19,9.4,166.38,437.93,105.99,43.25,none,0
125,20,9.4,170.72,439.56,98.19,46.15,none,0
125,21,9.4,164.52,488.34,108.66,28.48,none,0
125,22,9.4,169.26,486.89,101.5,53.41,none,0
125,23,9.4,167.18,419.32,95.14,31.44,none,0
125,24,9.4,165.1,445.28,101.49,37.62,none,0
125,25,9.4,172.47,459.45,98.68,45.31,none,0
125,26,9.4,164.09,476.12,103.24,48.5,none,0
125,27,9.4,166.83,444.88,96.7,38.65,none,0
125,28,9.4,176.58,483.79,96.45,46.66,none,0
125,29,9.4,168.43,431.78,99.34,48.13,none,0
125,30,9.4,171.7,480.2,98.48,42.37,none,0
125,31,9.4,168.91,448.13,103.86,39.73,none,0
125,32,9.4,171.2,480.35,104.37,38.43,none,0
125,33,9.4,170.27,482.95,95.41,44.88,none,0
125,34,9.4,165.12,453.6,99.25,37.99,none,0
125,35,9.4,182.11,464.45,100.09,39.46,none,0
125,36,9.4,171.43,447.3,101.08,42.38,none,0
125,37,9.4,175.43,472.34,96.94,52.52,none,0
125,38,9.4,171.46,490.61,98.23,52.59,none,0
125,39,9.4,170.28,402.11,97.25,49.87,none,0
125,40,9.4,171.66,440.0,101.7,44.94,none,0
125,41,9.4,170.65,457.12,97.36,49.74,none,0
125,42,9.4,178.1,463.44,99.59,32.01,none,0
125,43,9.4,168.5,464.06,102.36,28.61,none,0
125,44,9.4,168.19,440.88,107.91,36.68,none,0
125,45,9.4,169.21,414.74,97.65,48.76,none,0
125,46,9.4,173.39,437.23,107.32,40.92,none,0
125,47,9.4,179.92,448.37,94.05,30.96,none,0
125,48,9.4,173.29,479.58,94.68,36.9,none,0
125,49,9.4,163.59,418.89,103.01,36.81,none,0
125,50,9.4,167.1,450.31,101.35,39.89,none,0
125,51,9.4,169.0,472.72,100.96,38.55,none,0
125,52,9.4,172.62,474.16,100.45,50.5,none,0
125,53,9.4,171.57,436.19,101.21,15.56,none,0
125,54,9.4,166.58,463.33,98.23,24.77,none,0
125,55,9.4,166.17,459.85,98.94,41.33,none,0
125,56,9.4,168.82,457.18,97.51,42.58,none,0
125,57,9.4,176.8,469.89,100.89,47.3,none,0
125,58,9.4,172.91,441.93,97.01,57.41,none,0
125,59,9.4,169.26,422.59,104.96,33.03,none,0
125,60,9.4,174.23,440.79,92.85,42.35,none,0
125,61,9.4,165.91,484.36,99.27,44.24,none,0
125,62,9.4,170.82,460.46,103.47,33.93,none,0
125,63,9.4,177.61,464.76,93.57,39.66,none,0
125,64,9.4,173.57,451.38,101.63,36.14,none,0
125,65,9.4,173.22,468.82,105.03,51.95,none,0
125,66,9.4,165.48,426.2,102.25,40.74,none,0
125,67,9.4,170.73,439.16,98.51,38.45,none,0
125,68,9.4,171.03,445.86,100.28,34.83,none,0
125,69,9.4,164.26,453.04,99.24,41.93,none,0
125,70,9.4,167.27,456.64,103.23,41.89,none,0
125,71,9.4,164.76,437.55,97.59,43.47,none,0
125,72,9.4,180.63,458.96,103.93,42.4,none,0
125,73,9.4,169.42,404.26,101.52,44.06,none,0
125,74,9.4,167.44,448.57,95.16,38.29,none,0
125,75,9.4,159.84,388.41,103.76,31.01,none,0
125,76,9.4,173.89,432.71,100.17,27.33,none,0
125,77,9.4,169.36,427.13,99.44,36.82,none,0
125,78,9.4,173.73,452.58,99.41,36.52,none,0
125,79,9.4,176.43,453.9,97.23,36.66,none,0
125,80,9.4,176.62,455.8,100.83,53.28,none,0
125,81,9.4,158.97,453.26,97.34,42.52,none,0
125,82,9.4,179.57,432.02,101.07,36.7,none,0
125,83,9.4,166.12,440.08,99.07,48.86,none,0
125,84,9.4,165.38,409.19,103.15,39.03,none,0
125,85,9.4,162.64,440.2,101.73,36.92,none,0
125,86,9.4,174.58,451.03,92.37,45.81,none,0
125,87,9.4,167.52,471.95,95.09,27.18,none,0
125,88,9.4,173.38,434.95,100.05,33.23,none,0
125,89,9.4,171.3,490.27,101.32,48.46,none,0
125,90,9.4,156.09,457.95,96.75,49.99,none,0
125,91,9.4,174.09,391.48,99.15,49.92,none,0
125,92,9.4,175.23,510.24,96.93,47.85,none,0
125,93,9.4,168.04,456.66,98.68,37.94,none,0
125,94,9.4,164.6,439.88,99.26,42.5,none,0
125,95,9.4,167.62,462.87,102.58,30.56,none,0
125,96,9.4,173.07,424.31,98.07,26.04,none,0
125,97,9.4,159.65,436.68,99.4,39.9,none,0
125,98,9.4,174.35,448.5,102.59,31.77,none,0
125,99,9.4,173.09,445.78,102.83,47.63,none,0
125,100,9.4,167.39,488.39,98.07,56.99,none,0
125,101,9.4,174.37,451.58,97.98,44.42,none,0
125,102,9.4,173.95,473.43,100.58,53.52,none,0
125,103,9.4,179.22,445.2,101.44,32.83,none,0
125,104,9.4,172.56,470.09,100.61,26.97,none,0
125,105,9.4,174.52,464.38,101.16,33.83,none,0
125,106,9.4,162.19,423.41,105.5,52.33,none,0
125,107,9.4,170.08,451.96,102.55,43.7,none,0
125,108,9.4,176.17,464.18,95.68,24.05,none,0
125,109,9.4,164.96,448.94,100.53,42.41,none,0
125,110,9.4,166.7,448.05,98.63,32.31,none,0
125,111,9.4,160.14,467.9,99.69,51.86,none,0
125,112,9.4,174.3,416.45,99.94,56.56,none,0
125,113,9.4,176.41,431.24,100.0,33.72,none,0
125,114,9.4,165.11,419.94,101.19,46.98,none,0
125,115,9.4,165.71,494.02,101.89,24.43,none,0
125,116,9.4,172.33,374.89,91.69,17.5,none,0
125,117,9.4,164.23,468.69,103.29,31.71,none,0
125,118,9.4,167.29,489.43,103.71,35.95,none,0
125,119,9.4,178.47,454.38,95.12,38.18,none,0
126,0,3.2,177.12,510.48,101.38,37.38,none,0
126,1,3.2,174.46,443.63,101.25,23.74,none,0
126,2,3.2,172.59,435.92,103.76,47.25,none,0
126,3,3.2,166.06,446.19,96.29,29.33,none,0
126,4,3.2,163.93,442.96,99.64,43.67,none,0
126,5,3.2,169.22,432.86,101.96,32.18,none,0
126,6,3.2,170.56,411.12,100.99,47.82,none,0
126,7,3.2,175.4,437.58,98.58,59.36,none,0
126,8,3.2,165.16,415.46,97.55,40.61,none,0
126,9,3.2,168.54,480.75,102.95,44.65,none,0
126,10,3.2,168.68,440.47,102.86,38.78,none,0
126,11,3.2,169.0,466.12,101.79,39.08,none,0
126,12,3.2,169.16,471.54,103.26,31.05,none,0
126,13,3.2,175.79,435.94,101.18,37.79,none,0
126,14,3.2,176.54,464.56,97.75,50.79,none,0
126,15,3.2,168.75,457.59,103.54,42.45,none,0
126,16,3.2,174.3,429.78,100.05,31.7,none,0
126,17,3.2,172.98,461.44,96.64,42.59,none,0
126,18,3.2,174.15,467.56,101.75,53.79,none,0
126,19,3.2,175.86,468.71,99.18,35.88,none,0
126,20,3.2,176.98,437.85,101.35,44.73,none,0
126,21,3.2,167.59,434.1,100.63,35.71,none,0
126,22,3.2,167.25,436.61,98.97,24.85,none,0
126,23,3.2,168.46,415.36,100.03,44.1,none,0
126,24,3.2,166.01,468.12,100.77,41.23,none,0
126,25,3.2,167.81,430.77,101.6,47.09,none,0
126,26,3.2,180.08,439.91,106.8,29.18,none,0
126,27,3.2,173.01,429.34,102.53,47.78,none,0
126,28,3.2,173.07,451.11,99.5,30.79,none,0
126,29,3.2,174.72,445.4,101.63,32.02,none,0
126,30,3.2,164.54,451.15,102.96,39.84,none,0
126,31,3.2,163.55,471.17,98.28,41.01,none,0
126,32,3.2,171.05,453.88,98.75,56.07,none,0
126,33,3.2,172.23,451.49,96.91,38.26,none,0
126,34,3.2,173.64,449.31,102.45,47.53,none,0
126,35,3.2,173.81,440.49,101.95,48.67,none,0
126,36,3.2,168.81,465.84,100.17,32.19,none,0
126,37,3.2,173.59,424.4,99.84,38.08,none,0
126,38,3.2,163.63,450.0,104.34,33.9,none,0
126,39,3.2,177.62,449.71,101.88,36.51,none,0
126,40,3.2,172.67,460.94,102.46,43.23,none,0
126,41,3.2,163.75,433.55,100.52,40.34,none,0
126,42,3.2,173.05,466.79,104.56,40.63,none,0
126,43,3.2,169.79,445.17,97.51,51.08,none,0
126,44,3.2,166.78,437.82,105.17,30.93,none,0
126,45,3.2,157.58,435.56,102.37,31.01,none,0
126,46,3.2,165.95,422.15,102.27,56.94,none,0
126,47,3.2,176.78,442.83,105.34,53.62,none,0
126,48,3.2,169.89,496.16,100.76,35.1,none,0
126,49,3.2,174.76,455.69,96.08,29.57,none,0
126,50,3.2,168.77,454.48,96.48,43.9,none,0
126,51,3.2,165.46,451.02,97.63,37.64,none,0
126,52,3.2,168.02,437.8,98.39,38.37,none,0
126,53,3.2,174.09,409.15,98.75,36.81,none,0
126,54,3.2,168.91,469.76,100.11,44.3,none,0
126,55,3.2,168.41,468.94,99.51,47.08,none,0
126,56,3.2,169.22,458.52,93.64,24.76,none,0
126,57,3.2,157.63,432.88,97.24,47.45,none,0
126,58,3.2,166.29,411.31,97.87,44.37,none,0
126,59,3.2,169.48,454.66,97.79,35.44,none,0
126,60,3.2,176.27,469.09,97.36,28.57,none,0
126,61,3.2,176.98,444.01,97.52,63.65,none,0
126,62,3.2,167.99,421.22,101.53,35.04,none,0
126,63,3.2,171.63,452.72,102.06,35.36,none,0
126,64,3.2,168.55,465.25,97.31,42.7,none,0
126,65,3.2,172.05,466.33,96.17,53.55,none,0
126,66,3.2,165.94,482.83,102.52,48.82,none,0
126,67,3.2,165.53,483.34,97.35,51.2,none,0
126,68,3.2,173.55,462.73,95.62,50.29,none,0
126,69,3.2,167.84,444.05,101.77,37.22,none,0
126,70,3.2,177.68,437.28,99.81,46.18,none,0
126,71,3.2,172.9,467.22,104.6,51.38,none,0
126,72,3.2,171.87,416.03,97.95,34.15,none,0
126,73,3.2,174.36,432.43,98.05,47.42,none,0
126,74,3.2,170.2,462.1,96.31,49.05,none,0
126,75,3.2,178.89,440.32,95.25,30.12,none,0
126,76,3.2,162.23,462.79,102.98,47.25,none,0
126,77,3.2,168.73,454.71,100.76,48.74,none,0
126,78,3.2,168.65,455.45,97.81,42.41,none,0
126,79,3.2,172.67,441.41,102.6,31.72,none,0
126,80,3.2,176.41,455.87,101.54,42.86,none,0
126,81,3.2,172.11,454.63,95.09,47.72,none,0
126,82,3.2,158.05,438.63,100.42,54.29,none,0
126,83,3.2,173.88,445.3,103.8,22.81,none,0
126,84,3.2,176.5,456.35,102.51,25.89,none,0
126,85,3.2,163.22,444.85,99.75,43.66,none,0
126,86,3.2,165.09,425.44,101.18,55.43,none,0
126,87,3.2,170.06,433.06,100.16,55.86,none,0
126,88,3.2,168.3,493.37,94.16,49.19,none,0
126,89,3.2,165.59,449.73,105.44,33.95,none,0
126,90,3.2,173.0,446.16,101.96,23.61,none,0
126,91,3.2,169.18,451.54,98.91,58.27,none,0
126,92,3.2,170.26,484.2,105.52,53.9,none,0
126,93,3.2,175.0,508.18,100.27,63.38,none,0
126,94,3.2,171.14,434.47,102.14,46.32,none,0
126,95,3.2,176.61,455.29,96.62,29.85,none,0
126,96,3.2,177.15,426.07,97.95,33.24,none,0
126,97,3.2,177.9,417.55,100.45,28.18,none,0
126,98,3.2,165.07,455.0,97.66,34.34,none,0
126,99,3.2,166.15,451.89,101.17,31.26,none,0
126,100,3.2,179.38,440.63,98.35,37.28,none,0
126,101,3.2,178.05,446.5,104.05,43.54,none,0
126,102,3.2,162.96,466.58,102.52,43.5,none,0
126,103,3.2,168.55,466.79,97.99,34.26,none,0
126,104,3.2,164.83,429.84,99.44,36.05,none,0
126,105,3.2,168.89,457.84,97.11,29.78,none,0
126,106,3.2,169.38,438.3,99.23,30.48,none,0
126,107,3.2,155.82,429.92,103.71,42.48,none,0
126,108,3.2,169.44,473.3,97.57,36.23,none,0
126,109,3.2,174.5,452.0,92.34,44.05,none,0
126,110,3.2,156.89,468.0,101.41,45.99,none,0
126,111,3.2,168.88,434.15,99.86,28.84,none,0
126,112,3.2,168.25,432.37,97.97,47.42,none,0
126,113,3.2,178.46,420.12,105.43,46.34,none,0
126,114,3.2,173.95,480.13,95.21,23.77,none,0
126,115,3.2,167.95,451.42,98.77,31.74,none,0
126,116,3.2,172.47,454.26,92.12,45.07,none,0
126,117,3.2,175.28,442.61,102.63,31.17,none,0
126,118,3.2,170.95,449.5,101.75,28.92,none,0
126,119,3.2,174.7,424.49,99.0,41.85,none,0
127,0,6.5,179.54,442.79,99.18,40.52,none,0
127,1,6.5,172.26,432.33,102.94,44.36,none,0
127,2,6.5,169.09,445.66,101.29,36.57,none,0
127,3,6.5,172.46,443.36,100.83,35.85,none,0
127,4,6.5,172.79,437.87,97.59,47.96,none,0
127,5,6.5,164.96,434.36,98.28,33.93,none,0
127,6,6.5,163.82,442.57,95.38,27.08,none,0
127,7,6.5,162.43,448.38,103.29,37.02,none,0
127,8,6.5,168.34,450.29,95.28,51.19,none,0
127,9,6.5,168.56,431.82,99.32,20.8,none,0
127,10,6.5,175.09,419.9,97.41,46.77,none,0
127,11,6.5,166.46,439.16,102.25,44.72,none,0
127,12,6.5,186.47,455.21,96.72,38.93,none,0
127,13,6.5,169.83,422.21,102.9,35.14,none,0
127,14,6.5,169.24,471.78,96.73,40.91,none,0
127,15,6.5,160.35,468.54,101.34,36.47,none,0
127,16,6.5,171.4,442.22,101.46,46.5,none,0
127,17,6.5,170.23,420.24,102.0,24.5,none,0
127,18,6.5,168.84,404.55,102.43,40.36,none,0
127,19,6.5,167.74,475.12,100.18,43.95,none,0
127,20,6.5,170.51,440.64,101.94,39.95,none,0
127,21,6.5,169.84,437.07,106.86,32.59,none,0
127,22,6.5,178.01,458.28,94.65,39.95,none,0
127,23,6.5,174.14,452.14,103.72,41.41,none,0
127,24,6.5,157.9,445.3,103.76,35.17,none,0
127,25,6.5,176.29,462.33,94.56,28.28,none,0
127,26,6.5,168.0,450.56,99.16,36.85,none,0
127,27,6.5,167.07,448.41,102.14,46.77,none,0
127,28,6.5,176.79,442.79,100.02,57.63,none,0
127,29,6.5,158.99,453.5,99.2,46.46,none,0
127,30,6.5,166.34,435.48,97.08,42.93,none,0
127,31,6.5,167.84,396.6,102.39,52.14,none,0
127,32,6.5,169.73,419.42,102.69,34.4,none,0
127,33,6.5,169.57,493.64,101.29,33.22,none,0
127,34,6.5,176.48,457.15,100.01,31.59,none,0
127,35,6.5,164.52,434.93,97.94,26.52,none,0
127,36,6.5,181.8,487.86,102.44,36.07,none,0
127,37,6.5,169.46,423.81,102.82,47.56,none,0
127,38,6.5,163.4,480.53,102.3,43.68,none,0
127,39,6.5,177.17,416.07,104.29,40.23,none,0
127,40,6.5,160.7,446.84,102.98,26.2,none,0
127,41,6.5,166.94,471.22,102.11,33.73,none,0
127,42,6.5,164.59,437.03,102.28,44.71,none,0
127,43,6.5,170.74,470.08,97.57,36.34,none,0
127,44,6.5,167.53,446.87,96.11,27.05,none,0
127,45,6.5,170.14,448.46,97.64,49.55,none,0
127,46,6.5,175.16,434.05,95.13,46.45,none,0
127,47,6.5,164.82,452.73,99.45,53.5,none,0
127,48,6.5,171.3,459.28,99.74,47.08,none,0
127,49,6.5,164.63,429.38,99.06,40.66,none,0
127,50,6.5,171.89,445.18,101.13,34.51,none,0
127,51,6.5,168.45,428.63,94.85,35.94,none,0
127,52,6.5,164.69,424.44,100.18,38.97,none,0
127,53,6.5,180.11,448.72,100.36,51.14,none,0
127,54,6.5,162.76,437.85,97.91,22.37,none,0
127,55,6.5,171.29,462.16,103.81,41.76,none,0
127,56,6.5,176.7,456.5,101.69,37.4,none,0
127,57,6.5,172.66,437.53,103.22,46.86,none,0
127,58,6.5,168.9,440.33,97.0,44.11,none,0
127,59,6.5,169.17,443.68,97.29,41.14,none,0
127,60,6.5,166.67,486.37,97.13,27.49,none,0
127,61,6.5,167.41,446.56,105.21,52.45,none,0
127,62,6.5,161.67,437.32,100.6,47.3,none,0
127,63,6.5,173.83,458.5,105.28,43.0,none,0
127,64,6.5,182.37,458.23,97.6,41.89,none,0
127,65,6.5,173.52,448.66,99.63,47.89,none,0
127,66,6.5,174.36,452.27,95.93,35.77,none,0
127,67,6.5,166.77,443.24,105.31,40.43,none,0
127,68,6.5,172.84,467.71,97.68,33.44,none,0
127,69,6.5,170.79,419.49,101.42,40.44,none,0
127,70,6.5,171.67,431.95,98.02,43.22,none,0
127,71,6.5,173.36,456.93,96.96,54.91,none,0
127,72,6.5,158.27,431.62,103.05,45.01,none,0
127,73,6.5,176.09,452.79,93.65,30.43,none,0
127,74,6.5,171.13,382.71,101.21,23.18,none,0
127,75,6.5,164.03,431.59,103.35,46.66,none,0
127,76,6.5,171.23,452.13,97.22,45.88,none,0
127,77,6.5,167.93,396.5,99.75,40.49,none,0
127,78,6.5,173.69,449.9,101.23,26.54,none,0
127,79,6.5,162.77,411.4,99.65,37.5,none,0
127,80,6.5,176.63,428.12,95.85,47.74,none,0
127,81,6.5,173.74,461.96,101.13,46.04,none,0
127,82,6.5,160.18,446.52,98.47,34.44,none,0
127,83,6.5,175.81,451.28,100.32,30.35,none,0
127,84,6.5,169.24,442.59,99.9,39.24,none,0
127,85,6.5,175.54,507.49,101.65,28.36,none,0
127,86,6.5,165.58,473.67,101.37,46.52,none,0
127,87,6.5,172.88,459.86,98.94,34.74,none,0
127,88,6.5,167.03,461.98,102.61,47.46,none,0
127,89,6.5,173.36,448.7,96.73,36.77,none,0
127,90,6.5,167.04,409.3,100.1,51.5,none,0
127,91,6.5,167.32,459.59,97.12,31.0,none,0
127,92,6.5,166.62,475.61,98.58,47.73,none,0
127,93,6.5,163.83,422.79,96.0,39.79,none,0
127,94,6.5,163.85,468.28,96.84,47.78,none,0
127,95,6.5,179.41,435.91,102.13,38.44,none,0
127,96,6.5,176.64,436.92,103.38,44.82,none,0
127,97,6.5,172.07,469.11,101.45,29.44,none,0
127,98,6.5,165.37,488.49,101.06,40.49,none,0
127,99,6.5,181.02,457.62,104.14,52.76,none,0
127,100,6.5,179.69,484.45,103.64,35.94,none,0
127,101,6.5,168.72,432.7,102.49,43.76,none,0
127,102,6.5,166.69,444.0,103.92,26.96,none,0
127,103,6.5,173.2,453.69,99.19,47.47,none,0
127,104,6.5,167.07,434.18,100.95,42.23,none,0
127,105,6.5,169.69,454.92,102.54,42.24,none,0
127,106,6.5,176.24,461.23,100.52,47.64,none,0
127,107,6.5,173.96,490.66,101.87,32.21,none,0
127,108,6.5,173.0,411.66,106.38,43.48,none,0
127,109,6.5,174.22,437.02,102.05,39.36,none,0
127,110,6.5,174.51,449.47,101.41,38.76,none,0
127,111,6.5,167.6,427.17,102.03,43.31,none,0
127,112,6.5,173.53,465.71,95.6,23.76,none,0
127,113,6.5,168.2,424.66,104.75,39.95,none,0
127,114,6.5,175.88,476.01,102.83,58.67,none,0
127,115,6.5,166.27,450.43,97.59,31.75,none,0
127,116,6.5,160.24,424.02,101.71,38.32,none,0
127,117,6.5,175.47,473.02,102.72,46.65,none,0
127,118,6.5,169.14,474.94,98.63,38.69,none,0
127,119,6.5,174.07,458.82,93.76,25.44,none,0
128,0,10.5,173.34,428.87,96.97,35.92,none,0
128,1,10.5,173.56,463.62,104.08,44.38,none,0
128,2,10.5,167.06,453.84,96.21,33.86,none,0
128,3,10.5,163.57,459.82,99.77,43.27,none,0
128,4,10.5,171.44,413.71,102.03,38.81,none,0
128,5,10.5,164.88,447.75,101.91,34.28,none,0
128,6,10.5,175.47,447.88,105.56,45.26,none,0
128,7,10.5,167.95,454.37,99.53,30.34,none,0
128,8,10.5,167.08,433.96,95.98,34.49,none,0
128,9,10.5,174.22,440.28,100.54,40.27,none,0
128,10,10.5,173.57,453.5,96.47,28.48,none,0
128,11,10.5,174.03,432.8,95.6,40.57,none,0
128,12,10.5,172.28,439.36,100.18,46.57,none,0
128,13,10.5,175.98,472.9,101.38,44.43,none,0
128,14,10.5,164.88,443.52,103.82,49.51,none,0
128,15,10.5,174.52,440.59,96.99,44.65,none,0
128,16,10.5,170.26,459.19,99.42,25.48,none,0
128,17,10.5,165.57,467.65,101.14,53.21,none,0
128,18,10.5,175.44,463.8,98.13,40.32,none,0
128,19,10.5,176.19,426.09,95.13,34.1,none,0
128,20,10.5,168.98,436.88,99.66,48.6,none,0
128,21,10.5,164.52,485.08,95.6,43.0,none,0
128,22,10.5,169.69,427.81,100.77,37.28,none,0
128,23,10.5,167.68,466.5,95.06,26.58,none,0
128,24,10.5,178.31,421.07,98.62,42.95,none,0
128,25,10.5,172.39,516.35,94.38,35.03,none,0
128,26,10.5,164.78,499.69,97.56,54.37,none,0
128,27,10.5,173.86,437.57,94.33,22.25,none,0
128,28,10.5,174.02,447.37,101.74,33.46,none,0
128,29,10.5,163.87,470.82,101.39,41.08,none,0
128,30,10.5,167.52,451.96,100.45,38.48,none,0
128,31,10.5,169.47,438.0,98.12,46.57,none,0
128,32,10.5,166.61,478.0,95.02,35.92,none,0
128,33,10.5,159.5,465.76,103.36,38.71,none,0
128,34,10.5,157.77,473.91,96.66,45.97,none,0
128,35,10.5,169.93,445.02,99.23,31.31,none,0
128,36,10.5,175.62,477.1,100.88,41.66,none,0
128,37,10.5,173.45,447.53,102.08,30.02,none,0
128,38,10.5,166.74,435.98,100.19,33.42,none,0
128,39,10.5,173.07,466.65,97.79,37.06,none,0
128,40,10.5,163.78,432.2,101.55,39.92,none,0
128,41,10.5,164.4,456.87,97.82,45.96,none,0
128,42,10.5,163.31,466.05,100.88,25.52,none,0
128,43,10.5,169.86,450.57,102.8,48.81,none,0
128,44,10.5,164.42,430.27,103.17,35.57,none,0
128,45,10.5,169.61,395.59,96.57,39.1,none,0
128,46,10.5,166.19,412.89,96.86,42.89,none,0
128,47,10.5,165.81,443.89,97.05,32.78,none,0
128,48,10.5,172.38,452.18,95.4,38.61,none,0
128,49,10.5,164.13,460.76,104.21,55.92,none,0
128,50,10.5,173.79,443.66,97.9,24.46,none,0
128,51,10.5,170.94,436.96,101.7,34.93,none,0
128,52,10.5,173.1,428.65,98.71,32.56,none,0
128,53,10.5,164.68,451.6,97.97,53.79,none,0
128,54,10.5,170.42,443.61,103.52,52.08,none,0
128,55,10.5,164.06,461.49,104.93,26.77,none,0
128,56,10.5,174.8,451.96,98.99,47.85,none,0
128,57,10.5,162.58,451.8,96.6,39.08,none,0
128,58,10.5,169.35,429.79,100.34,40.28,none,0
128,59,10.5,165.32,500.97,99.83,44.69,none,0
128,60,10.5,162.58,455.37,96.82,40.59,none,0
128,61,10.5,179.57,430.96,98.18,57.9,none,0
128,62,10.5,167.71,448.65,95.19,45.68,none,0
128,63,10.5,175.8,433.16,93.16,37.2,none,0
128,64,10.5,166.83,453.02,99.03,25.79,none,0
128,65,10.5,167.73,472.14,99.65,24.99,none,0
128,66,10.5,162.68,430.58,101.18,31.17,none,0
128,67,10.5,163.97,417.45,100.44,46.02,none,0
128,68,10.5,173.75,447.1,101.79,43.6,none,0
128,69,10.5,167.59,430.73,99.79,30.84,none,0
128,70,10.5,162.25,466.41,97.84,28.52,none,0
128,71,10.5,161.27,452.16,99.58,40.75,none,0
128,72,10.5,172.35,431.67,100.04,32.45,none,0
128,73,10.5,176.06,475.34,104.53,34.22,none,0
128,74,10.5,170.13,437.82,105.8,50.16,none,0
128,75,10.5,168.5,457.31,97.42,37.18,none,0
128,76,10.5,168.75,438.11,103.43,23.73,none,0
128,77,10.5,175.87,453.27,102.62,41.22,none,0
128,78,10.5,167.05,474.06,98.71,25.1,none,0
128,79,10.5,176.74,460.05,96.03,35.57,none,0
128,80,10.5,170.87,448.59,99.47,23.14,none,0
128,81,10.5,164.6,446.49,96.47,38.63,none,0
128,82,10.5,167.83,452.33,97.98,35.38,none,0
128,83,10.5,166.09,431.38,102.22,44.58,none,0
128,84,10.5,181.6,439.12,99.39,37.06,none,0
128,85,10.5,174.98,421.85,98.34,33.97,none,0
128,86,10.5,180.32,432.77,99.79,51.86,none,0
128,87,10.5,162.83,446.09,97.57,32.98,none,0
128,88,10.5,166.74,453.55,96.83,48.34,none,0
128,89,10.5,173.06,461.8,107.34,32.23,none,0
128,90,10.5,166.03,445.04,102.11,39.57,none,0
128,91,10.5,168.13,465.21,97.66,29.48,none,0
128,92,10.5,151.95,441.3,97.44,37.52,none,0
128,93,10.5,173.82,444.73,101.66,47.4,none,0
128,94,10.5,163.66,421.73,98.44,53.79,none,0
128,95,10.5,172.73,433.15,102.69,46.58,none,0
128,96,10.5,168.66,475.53,99.51,37.29,none,0
128,97,10.5,172.54,443.91,99.24,40.01,none,0
128,98,10.5,164.66,452.02,101.86,38.58,none,0
128,99,10.5,168.15,469.76,99.82,42.25,none,0
128,100,10.5,162.89,473.57,100.99,61.08,none,0
128,101,10.5,162.68,442.09,104.29,36.22,none,0
128,102,10.5,170.93,441.26,96.81,40.48,none,0
128,103,10.5,169.33,438.22,101.42,48.64,none,0
128,104,10.5,160.93,419.59,99.04,42.46,none,0
128,105,10.5,169.48,446.85,100.25,37.4,none,0
128,106,10.5,168.13,473.25,96.12,31.22,none,0
128,107,10.5,168.35,444.82,96.51,45.26,none,0
128,108,10.5,167.81,455.08,99.27,33.11,none,0
128,109,10.5,166.37,434.09,103.46,54.49,none,0
128,110,10.5,172.52,463.39,99.1,42.47,none,0
128,111,10.5,177.57,455.82,98.06,37.34,none,0
128,112,10.5,181.24,450.0,94.87,54.58,none,0
128,113,10.5,174.23,451.86,98.7,49.64,none,0
128,114,10.5,170.02,411.11,99.63,31.23,none,0
128,115,10.5,170.97,429.26,103.04,61.34,none,0
128,116,10.5,168.55,414.22,98.95,44.16,none,0
128,117,10.5,163.96,424.79,97.63,32.84,none,0
128,118,10.5,169.41,470.71,100.9,31.58,none,0
128,119,10.5,169.79,453.81,100.02,39.79,none,0
129,0,13.0,174.18,449.05,94.89,33.32,none,0
129,1,13.0,173.61,469.48,99.05,49.39,none,0
129,2,13.0,168.17,431.94,95.92,39.44,none,0
129,3,13.0,166.58,442.3,101.58,40.66,none,0
129,4,13.0,178.59,439.44,102.22,31.73,none,0
129,5,13.0,169.92,450.45,100.07,48.43,none,0
129,6,13.0,168.75,432.34,100.82,36.21,none,0
129,7,13.0,169.2,454.77,97.66,45.16,none,0
129,8,13.0,145.54,349.46,113.74,83.96,comp2,1
129,9,13.0,178.25,421.47,100.77,38.0,none,0
129,10,13.0,173.19,440.58,97.92,40.42,none,0
129,11,13.0,173.48,447.86,104.74,37.23,none,0
129,12,13.0,165.16,476.86,97.97,16.89,none,0
129,13,13.0,164.85,452.47,99.54,56.36,none,0
129,14,13.0,179.0,464.17,102.53,42.68,none,0
129,15,13.0,164.19,429.85,99.95,44.2,none,0
129,16,13.0,169.26,422.61,102.85,43.1,none,0
129,17,13.0,168.51,459.02,100.34,61.38,none,0
129,18,13.0,170.75,444.78,101.1,30.26,none,0
129,19,13.0,179.92,426.81,102.62,45.04,none,0
129,20,13.0,175.67,422.35,100.18,36.89,none,0
129,21,13.0,166.31,455.48,100.04,20.12,none,0
129,22,13.0,171.72,444.19,98.68,47.19,none,0
129,23,13.0,164.93,447.73,97.64,31.64,none,0
129,24,13.0,170.05,451.65,102.9,33.58,none,0
129,25,13.0,175.78,432.17,91.77,51.41,none,0
129,26,13.0,169.39,412.45,102.06,49.84,none,0
129,27,13.0,170.56,461.73,100.86,29.36,none,0
129,28,13.0,169.36,458.61,100.6,52.0,none,0
129,29,13.0,167.35,461.03,96.51,43.48,none,0
129,30,13.0,169.17,417.99,105.73,42.15,none,0
129,31,13.0,161.73,428.38,103.79,53.55,none,0
129,32,13.0,165.62,454.47,99.28,53.41,none,0
129,33,13.0,167.6,467.21,97.71,37.62,none,0
129,34,13.0,160.16,472.63,103.76,44.44,none,0
129,35,13.0,179.49,448.85,102.59,48.23,none,0
129,36,13.0,172.11,479.97,98.44,48.58,none,0
129,37,13.0,166.1,444.8,100.92,40.98,none,0
129,38,13.0,165.81,430.71,97.11,36.18,none,0
129,39,13.0,174.55,437.01,100.24,43.81,none,0
129,40,13.0,169.55,407.86,93.68,37.79,none,0
129,41,13.0,164.13,456.21,99.8,39.06,none,0
129,42,13.0,162.72,422.71,100.24,23.24,none,0
129,43,13.0,168.2,430.42,104.76,34.94,none,0
129,44,13.0,176.9,477.62,99.92,41.1,none,0
129,45,13.0,167.55,433.51,96.3,34.35,none,0
129,46,13.0,169.47,440.07,96.61,46.67,none,0
129,47,13.0,172.32,437.93,96.81,37.76,none,0
129,48,13.0,176.26,461.89,98.04,41.09,none,0
129,49,13.0,166.91,457.31,102.62,49.6,none,0
129,50,13.0,172.33,438.7,101.39,21.51,none,0
129,51,13.0,169.07,455.03,101.47,37.61,none,0
129,52,13.0,161.6,485.61,100.04,46.25,none,0
129,53,13.0,163.12,473.78,101.4,36.55,none,0
129,54,13.0,170.66,461.3,103.54,46.44,none,0
129,55,13.0,166.85,449.94,100.64,32.0,none,0
129,56,13.0,175.47,417.69,101.95,29.26,none,0
129,57,13.0,166.55,437.57,101.19,52.5,none,0
129,58,13.0,163.22,450.06,95.48,37.25,none,0
129,59,13.0,159.56,456.95,106.19,33.57,none,0
129,60,13.0,170.32,457.44,102.11,55.78,none,0
129,61,13.0,163.98,442.48,102.12,44.19,none,0
129,62,13.0,172.07,467.62,108.36,27.43,none,0
129,63,13.0,168.76,445.8,105.04,38.62,none,0
129,64,13.0,162.18,431.18,99.56,35.66,none,0
129,65,13.0,169.43,469.54,97.63,49.43,none,0
129,66,13.0,173.37,459.03,101.81,44.68,none,0
129,67,13.0,173.21,485.73,99.58,43.08,none,0
129,68,13.0,164.54,477.91,96.16,37.9,none,0
129,69,13.0,184.38,457.93,96.72,37.27,none,0
129,70,13.0,172.19,390.37,100.26,29.6,none,0
129,71,13.0,168.75,434.54,99.51,30.69,none,0
129,72,13.0,175.99,430.7,98.44,34.86,none,0
129,73,13.0,169.24,479.89,99.67,47.01,none,0
129,74,13.0,168.99,436.06,103.23,33.5,none,0
129,75,13.0,164.98,431.58,99.86,40.35,none,0
129,76,13.0,170.91,461.6,97.04,41.04,none,0
129,77,13.0,176.09,475.04,105.01,35.33,none,0
129,78,13.0,168.62,444.64,104.04,57.4,none,0
129,79,13.0,164.05,454.87,99.95,39.13,none,0
129,80,13.0,172.33,471.8,100.38,38.88,none,0
129,81,13.0,171.07,439.46,98.26,57.39,none,0
129,82,13.0,170.83,457.26,106.81,41.85,none,0
129,83,13.0,171.66,479.2,104.8,38.42,none,0
129,84,13.0,172.38,455.75,100.92,40.18,none,0
129,85,13.0,171.93,448.83,101.08,36.84,none,0
129,86,13.0,164.09,470.23,102.85,43.13,none,0
129,87,13.0,174.55,459.15,100.91,38.95,none,0
129,88,13.0,172.55,429.84,98.3,34.86,none,0
129,89,13.0,163.59,433.15,102.02,49.57,none,0
129,90,13.0,166.24,481.24,100.23,40.57,none,0
129,91,13.0,172.33,457.11,102.63,45.27,none,0
129,92,13.0,163.89,457.66,104.48,47.51,none,0
129,93,13.0,163.4,467.77,97.18,42.68,none,0
129,94,13.0,160.95,449.96,100.21,45.25,none,0
129,95,13.0,175.98,465.27,95.7,42.1,none,0
129,96,13.0,169.58,452.0,103.04,41.43,none,0
129,97,13.0,175.65,459.58,98.3,44.47,none,0
129,98,13.0,169.91,430.32,96.47,46.16,none,0
129,99,13.0,166.84,443.73,105.93,35.59,none,0
129,100,13.0,168.72,404.42,101.5,25.21,none,0
129,101,13.0,165.09,463.84,101.69,33.89,none,0
129,102,13.0,167.71,456.12,104.08,51.79,none,0
129,103,13.0,168.89,452.47,91.63,39.0,none,0
129,104,13.0,168.7,438.19,96.53,38.04,none,0
129,105,13.0,169.22,447.26,102.49,45.09,none,0
129,106,13.0,173.73,435.49,101.59,47.91,none,0
129,107,13.0,166.4,451.44,92.22,41.24,none,0
129,108,13.0,170.25,454.76,99.75,46.96,none,0
129,109,13.0,171.09,479.47,96.39,42.37,none,0
129,110,13.0,180.64,448.05,99.79,44.1,none,0
129,111,13.0,168.04,459.04,101.84,27.52,none,0
129,112,13.0,172.87,432.02,97.28,34.1,none,0
129,113,13.0,176.15,454.35,104.39,26.45,none,0
129,114,13.0,171.62,468.71,98.01,21.62,none,0
129,115,13.0,175.17,462.91,100.28,38.07,none,0
129,116,13.0,182.53,464.24,93.78,40.93,none,0
129,117,13.0,185.7,451.01,99.76,40.59,none,0
129,118,13.0,166.66,439.88,92.36,39.86,none,0
129,119,13.0,177.08,443.39,100.05,39.98,none,0
130,0,1.5,164.4,422.0,97.79,49.17,none,0
130,1,1.5,167.11,441.11,98.48,27.86,none,0
130,2,1.5,139.95,383.96,110.52,59.27,comp3,1
130,3,1.5,172.59,468.87,101.6,25.2,none,0
130,4,1.5,173.29,467.72,102.84,28.19,none,0
130,5,1.5,167.2,456.79,102.0,31.36,none,0
130,6,1.5,165.8,447.93,99.97,45.12,none,0
130,7,1.5,170.13,452.1,101.65,35.32,none,0
130,8,1.5,162.48,456.04,99.86,31.47,none,0
130,9,1.5,169.74,413.88,98.51,31.31,none,0
130,10,1.5,155.34,412.19,98.5,38.34,none,0
130,11,1.5,173.05,419.17,96.65,33.27,none,0
130,12,1.5,169.07,418.52,98.52,44.13,none,0
130,13,1.5,175.11,429.61,96.95,46.58,none,0
130,14,1.5,169.23,395.39,97.27,46.91,none,0
130,15,1.5,171.65,460.91,104.49,11.78,none,0
130,16,1.5,168.74,439.53,101.42,35.6,none,0
130,17,1.5,170.61,446.95,98.84,36.72,none,0
130,18,1.5,165.42,423.5,103.12,52.81,none,0
130,19,1.5,163.63,441.03,102.06,34.61,none,0
130,20,1.5,174.68,441.24,104.22,37.97,none,0
130,21,1.5,168.87,477.15,101.99,33.5,none,0
130,22,1.5,163.58,438.53,101.17,31.73,none,0
130,23,1.5,162.22,436.88,98.31,44.45,none,0
130,24,1.5,164.97,439.91,98.84,48.79,none,0
130,25,1.5,173.03,438.21,101.52,36.98,none,0
130,26,1.5,168.88,446.24,100.71,42.43,none,0
130,27,1.5,165.64,448.61,99.98,43.05,none,0
130,28,1.5,176.4,469.47,104.71,53.3,none,0
130,29,1.5,168.19,438.58,102.43,46.44,none,0
130,30,1.5,165.83,446.84,98.13,25.16,none,0
130,31,1.5,169.54,428.46,104.45,36.57,none,0
130,32,1.5,180.57,453.63,98.29,49.39,none,0
130,33,1.5,170.58,425.71,101.42,34.77,none,0
130,34,1.5,168.3,438.24,103.7,44.85,none,0
130,35,1.5,168.82,424.76,102.51,37.15,none,0
130,36,1.5,167.27,456.47,103.11,46.52,none,0
130,37,1.5,169.64,426.16,101.0,41.15,none,0
130,38,1.5,159.45,463.04,95.58,41.14,none,0
130,39,1.5,158.93,412.17,103.79,45.77,none,0
130,40,1.5,175.04,489.39,102.38,40.65,none,0
130,41,1.5,164.94,449.0,97.21,54.84,none,0
130,42,1.5,169.16,459.11,98.58,43.79,none,0
130,43,1.5,172.43,447.21,95.99,36.67,none,0
130,44,1.5,168.03,456.88,100.4,27.11,none,0
130,45,1.5,166.67,456.6,100.99,47.93,none,0
130,46,1.5,175.54,434.42,98.23,36.39,none,0
130,47,1.5,158.8,431.31,98.2,39.87,none,0
130,48,1.5,177.65,419.75,98.3,41.64,none,0
130,49,1.5,171.04,417.62,100.75,29.64,none,0
130,50,1.5,172.26,482.05,100.52,37.92,none,0
130,51,1.5,172.63,437.87,98.74,42.85,none,0
130,52,1.5,174.13,432.58,99.53,32.08,none,0
130,53,1.5,168.7,403.86,97.85,33.24,none,0
130,54,1.5,176.21,461.96,104.41,46.59,none,0
130,55,1.5,164.29,455.25,97.91,36.12,none,0
130,56,1.5,167.99,489.34,102.57,41.38,none,0
130,57,1.5,156.57,438.95,99.22,29.8,none,0
130,58,1.5,173.04,470.3,100.76,36.81,none,0
130,59,1.5,168.19,433.94,102.45,51.88,none,0
130,60,1.5,169.35,455.69,100.69,39.19,none,0
130,61,1.5,169.98,430.96,101.67,45.17,none,0
130,62,1.5,170.6,464.19,104.23,51.24,none,0
130,63,1.5,170.7,467.16,101.72,39.0,none,0
130,64,1.5,169.17,442.22,98.5,32.65,none,0
130,65,1.5,161.09,425.59,103.7,31.44,none,0
130,66,1.5,160.35,464.74,97.87,35.92,none,0
130,67,1.5,165.24,490.37,97.71,38.94,none,0
130,68,1.5,173.46,489.47,102.83,34.86,none,0
130,69,1.5,171.29,479.0,95.98,43.2,none,0
130,70,1.5,168.8,443.97,99.02,33.91,none,0
130,71,1.5,171.12,477.04,99.12,42.54,none,0
130,72,1.5,173.52,429.93,104.61,34.03,none,0
130,73,1.5,164.96,432.95,98.75,39.88,none,0
130,74,1.5,160.45,452.27,100.24,40.88,none,0
130,75,1.5,174.38,410.89,100.55,41.26,none,0
130,76,1.5,176.37,448.91,104.33,40.08,none,0
130,77,1.5,168.43,431.41,100.41,48.72,none,0
130,78,1.5,170.36,488.1,102.37,37.36,none,0
130,79,1.5,169.31,441.74,104.56,25.29,none,0
130,80,1.5,173.69,446.17,96.33,47.47,none,0
130,81,1.5,163.77,446.88,104.88,41.36,none,0
130,82,1.5,173.45,453.09,101.6,32.05,none,0
130,83,1.5,175.83,441.06,102.8,36.03,none,0
130,84,1.5,173.28,447.34,97.52,34.34,none,0
130,85,1.5,171.18,455.63,99.67,40.9,none,0
130,86,1.5,161.62,429.38,96.95,42.97,none,0
130,87,1.5,170.31,440.33,102.18,30.15,none,0
130,88,1.5,166.0,495.45,97.32,32.48,none,0
130,89,1.5,164.0,454.43,97.94,34.99,none,0
130,90,1.5,164.81,442.47,99.44,35.36,none,0
130,91,1.5,170.9,448.89,98.75,42.9,none,0
130,92,1.5,168.16,410.48,101.91,26.87,none,0
130,93,1.5,172.53,440.45,100.6,39.11,none,0
130,94,1.5,179.34,424.76,100.69,40.43,none,0
130,95,1.5,167.13,478.97,103.52,40.24,none,0
130,96,1.5,175.04,451.2,98.57,39.5,none,0
130,97,1.5,170.21,457.83,103.85,53.12,none,0
130,98,1.5,165.1,420.2,102.89,51.32,none,0
130,99,1.5,182.75,464.85,100.12,40.09,none,0
130,100,1.5,162.77,461.73,99.0,30.47,none,0
130,101,1.5,165.74,422.87,99.81,42.87,none,0
130,102,1.5,175.28,451.47,100.31,42.25,none,0
130,103,1.5,177.1,463.61,99.16,32.51,none,0
130,104,1.5,167.11,441.07,95.2,29.27,none,0
130,105,1.5,179.01,443.82,102.8,39.78,none,0
130,106,1.5,172.53,448.2,96.44,48.54,none,0
130,107,1.5,173.29,464.04,96.12,58.96,none,0
130,108,1.5,172.44,447.86,104.27,26.74,none,0
130,109,1.5,171.69,459.67,99.09,22.85,none,0
130,110,1.5,168.55,445.89,99.78,54.37,none,0
130,111,1.5,165.3,474.99,99.37,44.53,none,0
130,112,1.5,166.89,479.12,100.0,36.31,none,0
130,113,1.5,175.27,457.78,102.96,36.37,none,0
130,114,1.5,168.88,449.33,101.54,42.58,none,0
130,115,1.5,169.18,420.24,99.45,37.83,none,0
130,116,1.5,175.24,435.54,100.21,39.71,none,0
130,117,1.5,168.11,458.88,100.8,44.38,none,0
130,118,1.5,166.35,422.1,101.9,45.01,none,0
130,119,1.5,179.8,446.05,100.82,40.59,none,0
131,0,11.7,167.4,463.43,103.33,39.79,none,0
131,1,11.7,163.1,481.21,98.18,43.35,none,0
131,2,11.7,165.03,452.25,101.75,36.68,none,0
131,3,11.7,163.23,425.72,98.75,46.61,none,0
131,4,11.7,168.72,469.4,96.53,37.94,none,0
131,5,11.7,172.45,451.95,99.59,41.48,none,0
131,6,11.7,167.63,489.21,96.47,53.12,none,0
131,7,11.7,178.56,468.26,98.04,40.65,none,0
131,8,11.7,169.5,427.93,99.5,41.64,none,0
131,9,11.7,177.62,441.59,102.01,37.6,none,0
131,10,11.7,172.88,432.22,101.35,26.6,none,0
131,11,11.7,171.51,417.45,101.45,27.62,none,0
131,12,11.7,167.33,459.25,100.28,43.46,none,0
131,13,11.7,178.0,428.68,99.67,43.03,none,0
131,14,11.7,164.44,484.46,98.81,37.02,none,0
131,15,11.7,175.97,481.91,98.24,47.38,none,0
131,16,11.7,172.2,469.74,98.66,33.94,none,0
131,17,11.7,167.9,434.22,96.79,54.45,none,0
131,18,11.7,168.41,466.29,99.38,37.42,none,0
131,19,11.7,163.8,430.74,94.88,33.08,none,0
131,20,11.7,164.25,433.72,102.05,26.83,none,0
131,21,11.7,166.67,479.58,100.44,29.75,none,0
131,22,11.7,165.34,471.18,97.23,37.29,none,0
131,23,11.7,170.91,421.41,99.95,40.17,none,0
131,24,11.7,164.41,488.03,100.42,34.38,none,0
131,25,11.7,170.31,481.58,104.97,31.99,none,0
131,26,11.7,167.65,438.68,101.88,43.8,none,0
131,27,11.7,169.12,426.29,96.32,29.46,none,0
131,28,11.7,172.07,448.64,99.65,33.57,none,0
131,29,11.7,175.3,409.28,98.78,44.62,none,0
131,30,11.7,176.17,455.97,102.59,46.47,none,0
131,31,11.7,173.76,430.01,96.32,47.38,none,0
131,32,11.7,179.37,429.3,101.79,36.68,none,0
131,33,11.7,172.02,452.49,94.71,48.84,none,0
131,34,11.7,165.12,441.7,98.21,47.78,none,0
131,35,11.7,166.54,455.3,100.33,43.12,none,0
131,36,11.7,171.6,444.96,98.18,50.64,none,0
131,37,11.7,170.2,435.09,103.85,32.25,none,0
131,38,11.7,166.01,459.55,98.55,29.61,none,0
131,39,11.7,177.61,461.95,102.49,50.38,none,0
131,40,11.7,168.67,414.41,101.34,42.2,none,0
131,41,11.7,175.66,487.09,95.42,42.32,none,0
131,42,11.7,181.41,410.25,97.29,29.35,none,0
131,43,11.7,168.15,400.75,95.85,40.54,none,0
131,44,11.7,165.65,433.23,99.72,35.49,none,0
131,45,11.7,175.5,453.4,96.97,35.33,none,0
131,46,11.7,169.53,480.31,98.79,44.27,none,0
131,47,11.7,178.5,457.75,99.19,46.2,none,0
131,48,11.7,174.61,432.1,94.46,37.74,none,0
131,49,11.7,168.04,439.5,101.28,44.51,none,0
131,50,11.7,172.67,466.01,99.94,60.98,none,0
131,51,11.7,167.17,463.75,99.6,43.19,none,0
131,52,11.7,165.59,431.97,104.27,47.42,none,0
131,53,11.7,169.86,446.21,98.6,39.11,none,0
131,54,11.7,174.11,439.26,102.53,33.96,none,0
131,55,11.7,165.27,472.14,102.59,38.64,none,0
131,56,11.7,171.43,455.86,99.46,50.56,none,0
131,57,11.7,174.4,426.99,101.11,42.18,none,0
131,58,11.7,174.13,437.18,98.14,49.79,none,0
131,59,11.7,161.62,462.32,99.08,47.56,none,0
131,60,11.7,169.91,415.59,96.5,32.96,none,0
131,61,11.7,167.3,482.62,105.5,48.95,none,0
131,62,11.7,169.46,479.97,93.61,38.75,none,0
131,63,11.7,171.11,441.54,97.78,20.21,none,0
131,64,11.7,164.99,472.83,98.53,27.66,none,0
131,65,11.7,164.36,429.86,92.89,38.17,none,0
131,66,11.7,177.42,447.51,98.05,34.29,none,0
131,67,11.7,175.62,470.16,100.22,30.55,none,0
131,68,11.7,168.8,425.54,98.69,41.8,none,0
131,69,11.7,170.34,449.53,100.29,23.2,none,0
131,70,11.7,170.94,435.0,101.55,59.44,none,0
131,71,11.7,166.56,464.13,106.12,34.33,none,0
131,72,11.7,169.06,434.33,95.68,37.52,none,0
131,73,11.7,168.85,441.48,96.41,37.79,none,0
131,74,11.7,164.03,429.01,100.85,30.79,none,0
131,75,11.7,177.59,444.58,104.6,45.56,none,0
131,76,11.7,158.48,443.21,100.16,43.07,none,0
131,77,11.7,170.5,465.91,98.53,44.02,none,0
131,78,11.7,163.24,419.44,100.46,27.17,none,0
131,79,11.7,169.48,433.99,99.56,54.74,none,0
131,80,11.7,164.64,431.99,96.78,43.86,none,0
131,81,11.7,173.64,413.45,97.31,47.7,none,0
131,82,11.7,173.33,464.08,100.04,39.64,none,0
131,83,11.7,167.05,472.47,101.81,43.22,none,0
131,84,11.7,168.62,465.88,99.73,33.38,none,0
131,85,11.7,175.73,419.99,99.7,29.15,none,0
131,86,11.7,174.72,470.94,103.0,48.77,none,0
131,87,11.7,172.39,444.95,103.55,41.25,none,0
131,88,11.7,169.47,463.03,102.79,45.25,none,0
131,89,11.7,175.35,431.86,100.64,37.28,none,0
131,90,11.7,170.6,443.81,102.84,28.05,none,0
131,91,11.7,176.37,472.13,96.4,21.03,none,0
131,92,11.7,178.17,428.26,103.45,32.92,none,0
131,93,11.7,160.87,439.91,97.29,49.86,none,0
131,94,11.7,173.73,416.83,96.16,40.46,none,0
131,95,11.7,174.02,416.58,98.12,47.71,none,0
131,96,11.7,177.06,442.55,98.72,42.62,none,0
131,97,11.7,167.78,455.73,99.32,43.27,none,0
131,98,11.7,171.31,419.5,100.41,51.03,none,0
131,99,11.7,160.44,425.61,102.51,48.8,none,0
131,100,11.7,171.32,470.4,105.62,48.68,none,0
131,101,11.7,164.64,464.26,100.89,25.57,none,0
131,102,11.7,169.78,443.02,101.34,35.71,none,0
131,103,11.7,177.78,451.43,98.75,45.53,none,0
131,104,11.7,181.3,461.83,99.31,25.28,none,0
131,105,11.7,168.29,450.06,95.91,30.79,none,0
131,106,11.7,177.26,436.96,102.56,35.11,none,0
131,107,11.7,177.82,464.45,97.47,34.53,none,0
131,108,11.7,168.63,444.03,98.15,28.16,none,0
131,109,11.7,172.11,470.34,99.11,44.67,none,0
131,110,11.7,169.33,450.73,99.34,44.71,none,0
131,111,11.7,179.26,441.09,101.95,32.13,none,0
131,112,11.7,171.06,441.8,101.03,46.64,none,0
131,113,11.7,169.66,436.84,104.16,46.33,none,0
131,114,11.7,167.17,412.73,101.78,38.71,none,0
131,115,11.7,171.45,467.02,97.12,36.7,none,0
131,116,11.7,174.98,431.73,103.57,42.25,none,0
131,117,11.7,174.54,418.42,105.83,40.01,none,0
131,118,11.7,175.97,434.85,98.03,34.13,none,0
131,119,11.7,165.58,422.51,97.67,25.21,none,0
132,0,13.2,172.54,459.67,100.73,50.08,none,0
132,1,13.2,174.0,443.29,102.65,42.82,none,0
132,2,13.2,171.25,448.83,101.82,45.1,none,0
132,3,13.2,183.18,450.21,92.35,44.42,none,0
132,4,13.2,180.55,450.62,96.48,48.26,none,0
132,5,13.2,170.98,409.12,99.29,35.61,none,0
132,6,13.2,164.7,467.38,100.89,30.1,none,0
132,7,13.2,167.94,441.78,97.55,49.95,none,0
132,8,13.2,178.63,478.02,102.74,33.47,none,0
132,9,13.2,176.44,472.2,102.96,42.03,none,0
132,10,13.2,168.73,458.25,100.49,36.75,none,0
132,11,13.2,161.04,487.33,100.58,33.65,none,0
132,12,13.2,177.65,445.25,103.96,49.19,none,0
132,13,13.2,171.42,430.41,96.72,48.55,none,0
132,14,13.2,171.9,448.22,99.17,52.18,none,0
132,15,13.2,171.79,464.39,99.47,45.76,none,0
132,16,13.2,171.12,420.47,101.61,33.12,none,0
132,17,13.2,168.92,405.72,103.52,40.0,none,0
132,18,13.2,181.13,442.6,103.94,51.51,none,0
132,19,13.2,170.99,472.95,103.45,39.02,none,0
132,20,13.2,169.9,429.22,94.23,21.04,none,0
132,21,13.2,175.25,463.09,101.61,45.31,none,0
132,22,13.2,175.04,465.5,96.94,32.91,none,0
132,23,13.2,173.32,466.14,100.27,51.59,none,0
132,24,13.2,167.04,411.45,100.65,44.83,none,0
132,25,13.2,165.98,466.66,101.54,44.98,none,0
132,26,13.2,167.24,469.29,95.98,40.03,none,0
132,27,13.2,177.22,460.27,107.52,27.97,none,0
132,28,13.2,171.34,468.64,97.69,59.95,none,0
132,29,13.2,173.43,444.79,100.24,40.03,none,0
132,30,13.2,170.46,446.11,98.4,30.85,none,0
132,31,13.2,165.41,431.13,100.69,40.84,none,0
132,32,13.2,173.44,437.55,100.86,40.54,none,0
132,33,13.2,172.96,445.86,101.16,35.1,none,0
132,34,13.2,178.1,460.28,97.0,34.63,none,0
132,35,13.2,169.21,501.05,101.02,50.03,none,0
132,36,13.2,172.69,465.83,102.36,38.83,none,0
132,37,13.2,171.48,479.69,101.21,37.35,none,0
132,38,13.2,173.86,406.71,100.51,29.45,none,0
132,39,13.2,169.61,446.49,103.47,47.67,none,0
132,40,13.2,175.06,453.27,97.99,41.36,none,0
132,41,13.2,178.51,466.33,98.94,32.99,none,0
132,42,13.2,173.38,463.07,98.79,38.41,none,0
132,43,13.2,165.01,442.2,97.1,44.02,none,0
132,44,13.2,171.83,456.51,100.79,43.65,none,0
132,45,13.2,170.59,416.42,95.5,47.4,none,0
132,46,13.2,166.68,451.83,103.93,40.96,none,0
132,47,13.2,175.62,430.64,101.42,37.19,none,0
132,48,13.2,161.76,463.85,98.9,33.05,none,0
132,49,13.2,180.51,463.18,97.24,31.55,none,0
132,50,13.2,166.56,491.27,96.87,51.45,none,0
132,51,13.2,174.96,468.98,101.19,38.95,none,0
132,52,13.2,174.59,457.26,98.99,42.64,none,0
132,53,13.2,167.79,435.29,104.05,47.59,none,0
132,54,13.2,175.34,476.48,101.5,21.69,none,0
132,55,13.2,167.09,448.35,97.12,44.61,none,0
132,56,13.2,164.88,427.25,100.96,37.59,none,0
132,57,13.2,171.04,417.81,99.42,41.86,none,0
132,58,13.2,176.37,471.79,99.44,25.29,none,0
132,59,13.2,181.16,467.01,93.77,41.78,none,0
132,60,13.2,172.05,426.05,95.27,36.38,none,0
132,61,13.2,170.17,449.91,104.0,46.35,none,0
132,62,13.2,165.64,482.61,99.1,47.18,none,0
132,63,13.2,167.66,457.41,100.85,40.16,none,0
132,64,13.2,176.6,447.19,97.9,37.3,none,0
132,65,13.2,177.0,431.73,95.95,25.02,none,0
132,66,13.2,178.1,448.64,104.67,40.68,none,0
132,67,13.2,169.6,451.99,102.26,36.49,none,0
132,68,13.2,162.35,444.88,100.54,32.12,none,0
132,69,13.2,165.85,435.87,103.49,37.94,none,0
132,70,13.2,169.55,475.03,98.98,30.9,none,0
132,71,13.2,169.65,417.38,105.51,29.94,none,0
132,72,13.2,173.69,442.11,99.96,38.87,none,0
132,73,13.2,175.62,414.17,100.13,44.01,none,0
132,74,13.2,166.97,461.42,98.35,34.74,none,0
132,75,13.2,166.06,433.02,97.63,38.23,none,0
132,76,13.2,167.93,439.09,97.35,42.05,none,0
132,77,13.2,171.49,468.54,100.12,58.41,none,0
132,78,13.2,170.92,464.54,101.35,45.08,none,0
132,79,13.2,172.87,442.7,101.84,31.37,none,0
132,80,13.2,166.12,468.5,98.16,40.8,none,0
132,81,13.2,170.49,476.61,102.99,33.96,none,0
132,82,13.2,164.64,442.78,97.49,33.94,none,0
132,83,13.2,162.02,449.14,99.54,38.16,none,0
132,84,13.2,156.76,448.7,97.01,43.38,none,0
132,85,13.2,170.13,445.01,97.43,45.14,none,0
132,86,13.2,168.84,458.06,104.02,42.33,none,0
132,87,13.2,167.93,443.61,98.77,29.1,none,0
132,88,13.2,169.69,431.08,95.2,41.22,none,0
132,89,13.2,160.97,472.1,101.78,38.03,none,0
132,90,13.2,169.71,476.44,101.5,32.41,none,0
132,91,13.2,173.18,453.89,99.91,34.41,none,0
132,92,13.2,172.91,454.21,93.25,41.38,none,0
132,93,13.2,177.57,464.8,100.3,39.97,none,0
132,94,13.2,167.54,426.4,99.93,36.7,none,0
132,95,13.2,173.55,441.69,97.35,29.47,none,0
132,96,13.2,174.05,471.96,98.66,39.44,none,0
132,97,13.2,174.75,458.66,99.64,28.5,none,0
132,98,13.2,174.17,465.05,99.12,59.13,none,0
132,99,13.2,174.02,482.56,104.64,44.85,none,0
132,100,13.2,163.38,463.56,97.38,38.85,none,0
132,101,13.2,172.22,421.25,98.49,51.82,none,0
132,102,13.2,172.44,410.24,101.78,30.08,none,0
132,103,13.2,164.48,442.14,96.09,28.41,none,0
132,104,13.2,175.56,465.82,105.4,34.45,none,0
132,105,13.2,176.11,459.59,99.04,38.13,none,0
132,106,13.2,173.35,445.78,99.12,36.71,none,0
132,107,13.2,170.85,483.13,97.88,32.83,none,0
132,108,13.2,166.22,405.57,100.37,17.93,none,0
132,109,13.2,161.82,435.16,98.71,57.53,none,0
132,110,13.2,177.33,463.95,103.77,36.45,none,0
132,111,13.2,167.15,433.03,94.5,34.52,none,0
132,112,13.2,165.42,460.53,100.64,41.17,none,0
132,113,13.2,168.74,473.88,103.02,51.85,none,0
132,114,13.2,168.44,429.71,96.47,54.02,none,0
132,115,13.2,176.53,447.81,99.59,38.98,none,0
132,116,13.2,172.51,426.66,94.78,49.11,none,0
132,117,13.2,165.63,459.59,101.99,33.23,none,0
132,118,13.2,162.29,478.73,95.77,36.09,none,0
132,119,13.2,173.74,419.13,98.1,46.85,none,0
133,0,11.2,175.81,440.13,98.87,55.86,none,0
133,1,11.2,174.23,443.27,95.4,50.02,none,0
133,2,11.2,162.46,478.9,96.46,43.61,none,0
133,3,11.2,164.07,468.67,98.31,34.69,none,0
133,4,11.2,166.7,437.72,99.05,44.58,none,0
133,5,11.2,166.66,457.0,103.71,55.58,none,0
133,6,11.2,171.95,452.23,104.07,36.82,none,0
133,7,11.2,167.97,447.37,99.36,43.28,none,0
133,8,11.2,172.59,475.43,102.83,35.31,none,0
133,9,11.2,166.47,468.49,99.5,34.45,none,0
133,10,11.2,167.0,489.43,97.95,43.97,none,0
133,11,11.2,170.84,414.79,97.6,45.94,none,0
133,12,11.2,169.74,429.28,99.77,35.9,none,0
133,13,11.2,174.56,493.38,95.99,30.41,none,0
133,14,11.2,165.58,466.15,98.44,42.18,none,0
133,15,11.2,171.02,441.05,103.77,40.64,none,0
133,16,11.2,178.77,447.39,96.35,42.13,none,0
133,17,11.2,173.82,432.68,101.36,27.46,none,0
133,18,11.2,170.84,426.51,102.66,43.83,none,0
133,19,11.2,168.66,453.55,102.73,48.67,none,0
133,20,11.2,174.45,460.23,101.83,44.8,none,0
133,21,11.2,174.37,450.72,97.41,38.41,none,0
133,22,11.2,167.08,466.94,100.08,38.56,none,0
133,23,11.2,163.35,449.54,103.06,35.88,none,0
133,24,11.2,177.64,426.38,103.42,44.69,none,0
133,25,11.2,170.66,458.93,101.29,27.64,none,0
133,26,11.2,165.08,442.2,97.54,38.07,none,0
133,27,11.2,169.68,445.45,102.21,38.43,none,0
133,28,11.2,174.23,433.23,106.46,40.87,none,0
133,29,11.2,173.24,457.47,95.53,41.71,none,0
133,30,11.2,165.88,456.6,94.63,51.33,none,0
133,31,11.2,172.33,458.41,96.93,28.99,none,0
133,32,11.2,177.92,453.81,99.4,36.17,none,0
133,33,11.2,165.8,477.64,103.31,53.35,none,0
133,34,11.2,165.08,460.5,103.13,46.14,none,0
133,35,11.2,166.44,429.17,91.99,26.03,none,0
133,36,11.2,160.64,434.26,95.87,40.83,none,0
133,37,11.2,162.74,470.33,98.42,29.85,none,0
133,38,11.2,177.82,432.57,98.53,38.07,none,0
133,39,11.2,175.65,451.59,96.47,46.89,none,0
133,40,11.2,161.88,456.82,100.48,46.53,none,0
133,41,11.2,179.83,452.17,98.92,49.35,none,0
133,42,11.2,167.78,463.19,97.35,40.1,none,0
133,43,11.2,178.6,470.44,97.41,36.47,none,0
133,44,11.2,166.62,447.69,92.28,31.24,none,0
133,45,11.2,147.24,362.97,120.98,66.52,comp3,1
133,46,11.2,176.4,425.04,97.02,47.59,none,0
133,47,11.2,178.64,437.59,101.98,31.25,none,0
133,48,11.2,170.08,406.07,98.53,40.26,none,0
133,49,11.2,174.29,429.19,100.73,50.38,none,0
133,50,11.2,169.39,443.68,99.99,50.41,none,0
133,51,11.2,164.17,430.92,103.26,44.77,none,0
133,52,11.2,164.94,412.94,101.81,34.66,none,0
133,53,11.2,174.63,414.76,98.59,41.92,none,0
133,54,11.2,163.13,422.41,102.65,38.42,none,0
133,55,11.2,170.18,451.2,99.23,44.82,none,0
133,56,11.2,170.47,429.48,100.21,43.48,none,0
133,57,11.2,177.71,397.41,97.16,29.33,none,0
133,58,11.2,169.16,416.76,106.41,43.67,none,0
133,59,11.2,170.95,430.19,107.38,37.79,none,0
133,60,11.2,168.45,417.1,97.99,34.5,none,0
133,61,11.2,171.13,435.81,94.12,52.25,none,0
133,62,11.2,168.19,472.5,97.7,42.37,none,0
133,63,11.2,168.84,461.37,98.21,37.51,none,0
133,64,11.2,173.32,427.71,97.41,39.51,none,0
133,65,11.2,170.18,451.86,98.44,40.15,none,0
133,66,11.2,172.97,460.99,99.17,26.76,none,0
133,67,11.2,171.43,412.52,99.68,34.02,none,0
133,68,11.2,167.9,415.87,99.43,40.49,none,0
133,69,11.2,174.39,455.33,94.27,51.92,none,0
133,70,11.2,179.74,462.8,98.42,38.77,none,0
133,71,11.2,173.31,439.17,102.34,37.59,none,0
133,72,11.2,164.23,471.81,97.48,36.41,none,0
133,73,11.2,164.18,450.58,100.48,36.63,none,0
133,74,11.2,168.76,453.04,99.41,32.56,none,0
133,75,11.2,167.54,447.82,99.82,49.61,none,0
133,76,11.2,165.57,469.07,100.16,25.77,none,0
133,77,11.2,163.13,408.52,97.34,29.11,none,0
133,78,11.2,165.01,442.0,96.55,41.35,none,0
133,79,11.2,173.56,448.19,98.47,37.49,none,0
133,80,11.2,177.05,492.75,98.69,47.21,none,0
133,81,11.2,175.48,436.49,98.74,47.6,none,0
133,82,11.2,179.23,433.74,95.93,36.84,none,0
133,83,11.2,168.66,446.62,100.96,38.72,none,0
133,84,11.2,164.41,416.08,102.61,41.69,none,0
133,85,11.2,169.65,464.32,100.77,41.2,none,0
133,86,11.2,162.28,443.41,103.76,32.62,none,0
133,87,11.2,185.73,463.36,100.68,41.56,none,0
133,88,11.2,179.15,442.4,102.63,39.58,none,0
133,89,11.2,169.97,437.37,96.77,47.35,none,0
133,90,11.2,168.19,462.9,100.98,41.55,none,0
133,91,11.2,164.86,476.12,100.55,36.45,none,0
133,92,11.2,170.1,408.34,97.58,51.7,none,0
133,93,11.2,165.79,468.5,100.03,45.93,none,0
133,94,11.2,169.82,418.58,99.69,24.74,none,0
133,95,11.2,160.9,445.78,98.07,37.8,none,0
133,96,11.2,172.5,472.76,96.72,45.48,none,0
133,97,11.2,165.88,422.54,99.96,29.08,none,0
133,98,11.2,164.11,450.56,96.1,30.05,none,0
133,99,11.2,171.58,418.55,102.84,37.54,none,0
133,100,11.2,176.58,430.95,99.45,37.58,none,0
133,101,11.2,179.18,465.08,109.16,48.35,none,0
133,102,11.2,176.66,496.96,99.68,49.72,none,0
133,103,11.2,173.35,486.38,110.05,42.7,none,0
133,104,11.2,168.51,467.24,99.73,32.79,none,0
133,105,11.2,177.12,456.15,96.9,35.62,none,0
133,106,11.2,168.18,441.71,102.53,33.69,none,0
133,107,11.2,158.08,461.16,100.65,45.78,none,0
133,108,11.2,164.37,456.6,101.31,39.94,none,0
133,109,11.2,169.53,437.07,95.7,39.96,none,0
133,110,11.2,175.55,419.21,101.9,39.14,none,0
133,111,11.2,160.48,416.4,103.84,38.66,none,0
133,112,11.2,171.73,443.84,98.33,39.47,none,0
133,113,11.2,173.95,456.84,98.48,49.76,none,0
133,114,11.2,174.99,441.54,102.81,42.7,none,0
133,115,11.2,166.18,462.71,100.6,36.27,none,0
133,116,11.2,168.52,472.43,101.64,40.85,none,0
133,117,11.2,164.42,438.43,96.36,33.89,none,0
133,118,11.2,165.51,444.54,97.98,52.32,none,0
133,119,11.2,162.28,483.74,97.56,40.14,none,0
134,0,16.3,171.83,445.27,97.39,53.19,none,0
134,1,16.3,171.72,432.6,99.65,34.51,none,0
134,2,16.3,171.6,469.23,95.53,33.27,none,0
134,3,16.3,160.54,449.8,99.32,34.15,none,0
134,4,16.3,170.09,449.03,97.7,35.29,none,0
134,5,16.3,178.13,455.98,101.39,49.27,none,0
134,6,16.3,168.42,447.26,100.57,44.46,none,0
134,7,16.3,167.62,462.61,105.03,44.33,none,0
134,8,16.3,171.41,428.28,93.16,39.04,none,0
134,9,16.3,166.02,494.98,104.3,42.66,none,0
134,10,16.3,166.65,441.23,97.76,29.46,none,0
134,11,16.3,173.53,466.41,99.76,43.09,none,0
134,12,16.3,168.31,438.64,99.37,57.33,none,0
134,13,16.3,167.67,460.69,101.33,24.58,none,0
134,14,16.3,161.22,463.74,102.35,65.56,none,0
134,15,16.3,176.04,479.82,99.57,30.62,none,0
134,16,16.3,166.22,423.21,100.57,39.63,none,0
134,17,16.3,165.67,429.01,95.04,24.93,none,0
134,18,16.3,166.53,429.69,101.27,42.13,none,0
134,19,16.3,172.67,440.29,101.57,41.73,none,0
134,20,16.3,172.03,447.33,102.68,40.11,none,0
134,21,16.3,169.91,429.97,101.89,34.74,none,0
134,22,16.3,173.49,449.58,96.61,35.91,none,0
134,23,16.3,171.67,445.9,100.29,47.29,none,0
134,24,16.3,168.34,458.77,102.5,38.73,none,0
134,25,16.3,171.07,448.6,100.09,40.23,none,0
134,26,16.3,162.55,467.2,97.83,36.83,none,0
134,27,16.3,164.67,446.2,99.91,39.76,none,0
134,28,16.3,169.92,451.73,96.78,45.97,none,0
134,29,16.3,170.67,422.83,105.13,42.67,none,0
134,30,16.3,171.15,461.23,101.0,34.52,none,0
134,31,16.3,169.81,481.75,101.91,31.54,none,0
134,32,16.3,172.56,422.41,94.97,31.18,none,0
134,33,16.3,164.04,465.99,99.74,43.6,none,0
134,34,16.3,156.5,375.89,112.41,70.92,comp2,1
134,35,16.3,164.27,455.49,103.01,23.45,none,0
134,36,16.3,173.02,459.79,108.61,38.2,none,0
134,37,16.3,177.25,456.67,96.83,29.9,none,0
134,38,16.3,172.3,478.14,98.23,42.58,none,0
134,39,16.3,170.82,483.23,101.88,36.22,none,0
134,40,16.3,172.35,444.49,102.61,32.22,none,0
134,41,16.3,176.33,431.98,103.23,20.43,none,0
134,42,16.3,168.93,472.51,96.11,38.58,none,0
134,43,16.3,172.95,453.76,96.99,38.78,none,0
134,44,16.3,174.14,424.16,101.36,44.36,none,0
134,45,16.3,171.19,490.44,94.68,32.87,none,0
134,46,16.3,172.34,440.19,100.55,49.05,none,0
134,47,16.3,162.25,444.2,99.43,33.07,none,0
134,48,16.3,171.54,442.88,101.9,27.84,none,0
134,49,16.3,168.03,457.44,96.43,33.56,none,0
134,50,16.3,166.63,438.79,104.53,42.84,none,0
134,51,16.3,178.14,450.06,100.89,23.71,none,0
134,52,16.3,174.58,446.37,102.21,33.47,none,0
134,53,16.3,170.43,461.16,100.63,41.48,none,0
134,54,16.3,165.05,466.74,98.43,32.07,none,0
134,55,16.3,170.35,427.94,104.13,29.88,none,0
134,56,16.3,175.14,465.82,99.29,31.25,none,0
134,57,16.3,157.54,399.13,103.24,49.18,none,0
134,58,16.3,174.21,462.23,106.65,46.27,none,0
134,59,16.3,173.34,458.17,97.9,45.29,none,0
134,60,16.3,166.23,461.2,99.2,52.98,none,0
134,61,16.3,170.71,421.36,96.68,45.55,none,0
134,62,16.3,167.43,462.17,108.88,30.61,none,0
134,63,16.3,172.03,440.56,100.17,41.19,none,0
134,64,16.3,184.02,452.73,100.3,40.73,none,0
134,65,16.3,166.62,433.17,99.83,43.2,none,0
134,66,16.3,175.58,425.09,99.86,31.96,none,0
134,67,16.3,166.41,417.51,101.89,34.51,none,0
134,68,16.3,168.7,472.4,100.48,24.94,none,0
134,69,16.3,164.11,425.16,102.22,31.81,none,0
134,70,16.3,170.03,462.32,100.94,33.13,none,0
134,71,16.3,172.46,415.92,91.8,39.17,none,0
134,72,16.3,174.07,432.67,100.82,41.7,none,0
134,73,16.3,164.94,506.53,99.4,24.09,none,0
134,74,16.3,166.79,426.17,95.12,37.34,none,0
134,75,16.3,173.34,475.47,100.32,40.44,none,0
134,76,16.3,159.96,439.44,94.93,45.96,none,0
134,77,16.3,163.64,440.95,95.52,51.03,none,0
134,78,16.3,174.87,417.95,95.94,25.24,none,0
134,79,16.3,171.6,441.61,100.42,38.61,none,0
134,80,16.3,166.52,445.26,99.14,32.96,none,0
134,81,16.3,174.04,442.53,97.21,29.7,none,0
134,82,16.3,171.1,455.18,96.77,36.3,none,0
134,83,16.3,165.64,469.82,100.32,46.91,none,0
134,84,16.3,167.1,435.69,100.79,33.76,none,0
134,85,16.3,170.57,488.25,99.27,38.47,none,0
134,86,16.3,165.93,443.27,103.46,29.4,none,0
134,87,16.3,160.81,441.2,101.98,38.9,none,0
134,88,16.3,179.3,474.35,97.95,46.84,none,0
134,89,16.3,167.52,458.41,96.47,50.74,none,0
134,90,16.3,180.75,451.8,102.46,32.4,none,0
134,91,16.3,168.38,446.82,101.25,35.3,none,0
134,92,16.3,175.37,464.97,100.02,45.93,none,0
134,93,16.3,168.19,426.29,104.93,59.08,none,0
134,94,16.3,161.86,467.82,103.91,40.44,none,0
134,95,16.3,171.08,456.47,99.71,40.85,none,0
134,96,16.3,166.87,449.51,96.12,42.02,none,0
134,97,16.3,170.57,414.05,104.08,45.79,none,0
134,98,16.3,164.62,449.34,99.06,55.26,none,0
134,99,16.3,168.98,463.92,103.82,40.88,none,0
134,100,16.3,161.1,454.65,108.79,20.69,none,0
134,101,16.3,179.34,446.0,99.42,43.07,none,0
134,102,16.3,162.7,429.01,93.46,44.12,none,0
134,103,16.3,167.01,456.05,99.31,36.54,none,0
134,104,16.3,169.63,424.97,98.7,24.65,none,0
134,105,16.3,176.22,417.47,99.78,32.99,none,0
134,106,16.3,168.25,445.41,101.22,33.74,none,0
134,107,16.3,173.92,461.29,96.58,33.92,none,0
134,108,16.3,168.76,455.52,100.57,47.32,none,0
134,109,16.3,171.99,472.77,96.9,57.21,none,0
134,110,16.3,178.04,467.61,98.25,38.71,none,0
134,111,16.3,169.48,447.77,100.14,35.51,none,0
134,112,16.3,174.67,437.48,101.47,53.49,none,0
134,113,16.3,176.51,476.35,97.51,27.29,none,0
134,114,16.3,177.14,452.24,97.13,39.2,none,0
134,115,16.3,172.45,486.27,102.48,36.77,none,0
134,116,16.3,164.6,465.89,99.04,44.1,none,0
134,117,16.3,173.35,485.47,102.56,38.83,none,0
134,118,16.3,172.16,459.57,103.76,41.08,none,0
134,119,16.3,174.66,474.11,98.79,41.94,none,0
135,0,5.7,174.83,472.34,92.61,34.95,none,0
135,1,5.7,176.35,459.74,103.12,42.31,none,0
135,2,5.7,175.04,459.93,99.92,31.82,none,0
135,3,5.7,172.72,443.56,101.8,35.28,none,0
135,4,5.7,167.57,436.23,100.89,42.26,none,0
135,5,5.7,176.83,442.32,104.87,45.2,none,0
135,6,5.7,163.44,449.5,97.15,29.05,none,0
135,7,5.7,176.05,459.79,96.68,42.41,none,0
135,8,5.7,169.42,498.77,96.98,42.36,none,0
135,9,5.7,172.33,449.86,101.79,40.08,none,0
135,10,5.7,169.58,463.24,96.15,36.25,none,0
135,11,5.7,162.49,420.45,96.89,39.92,none,0
135,12,5.7,168.53,451.18,101.29,29.3,none,0
135,13,5.7,172.95,460.13,103.84,30.06,none,0
135,14,5.7,167.88,436.79,98.19,48.95,none,0
135,15,5.7,171.95,470.06,96.29,44.87,none,0
135,16,5.7,169.92,431.22,99.19,43.04,none,0
135,17,5.7,170.07,436.83,101.79,41.01,none,0
135,18,5.7,169.93,455.98,98.81,45.96,none,0
135,19,5.7,169.97,461.24,100.33,51.92,none,0
135,20,5.7,164.32,440.39,98.43,30.69,none,0
135,21,5.7,166.67,402.35,99.75,38.09,none,0
135,22,5.7,161.47,478.96,98.21,50.23,none,0
135,23,5.7,171.66,454.35,99.91,44.77,none,0
135,24,5.7,169.44,469.88,103.39,34.0,none,0
135,25,5.7,169.53,441.07,102.19,43.76,none,0
135,26,5.7,159.89,432.44,99.47,46.1,none,0
135,27,5.7,165.29,477.3,99.86,41.49,none,0
135,28,5.7,177.68,466.03,100.96,46.96,none,0
135,29,5.7,164.63,429.02,100.87,35.83,none,0
135,30,5.7,166.07,421.73,98.01,36.76,none,0
135,31,5.7,175.47,478.08,96.27,27.06,none,0
135,32,5.7,166.08,390.85,98.22,56.55,none,0
135,33,5.7,167.72,425.58,97.03,42.63,none,0
135,34,5.7,177.59,445.51,96.44,42.53,none,0
135,35,5.7,178.25,429.9,98.99,65.64,none,0
135,36,5.7,175.51,457.44,100.64,40.8,none,0
135,37,5.7,170.2,468.09,105.34,39.75,none,0
135,38,5.7,162.5,451.35,101.16,41.38,none,0
135,39,5.7,168.73,463.61,101.72,27.21,none,0
135,40,5.7,172.77,425.87,101.56,24.38,none,0
135,41,5.7,162.34,492.17,99.04,38.87,none,0
135,42,5.7,170.37,430.08,101.1,27.11,none,0
135,43,5.7,173.45,439.26,99.67,28.14,none,0
135,44,5.7,163.98,455.5,103.13,33.23,none,0
135,45,5.7,163.58,417.89,100.64,39.0,none,0
135,46,5.7,175.13,433.47,95.43,43.36,none,0
135,47,5.7,160.78,466.83,103.62,35.96,none,0
135,48,5.7,164.41,459.81,98.18,42.02,none,0
135,49,5.7,183.57,451.68,104.9,40.48,none,0
135,50,5.7,166.27,457.02,100.3,36.72,none,0
135,51,5.7,168.75,405.91,105.65,40.54,none,0
135,52,5.7,176.46,443.88,99.83,42.72,none,0
135,53,5.7,166.95,458.76,99.24,34.93,none,0
135,54,5.7,176.17,412.0,101.35,32.82,none,0
135,55,5.7,177.96,415.32,97.55,43.61,none,0
135,56,5.7,168.99,427.86,100.4,43.91,none,0
135,57,5.7,174.09,486.04,102.03,26.65,none,0
135,58,5.7,178.29,461.01,97.41,43.13,none,0
135,59,5.7,178.15,454.53,101.47,32.6,none,0
135,60,5.7,164.88,458.09,101.86,47.61,none,0
135,61,5.7,159.97,473.55,99.5,49.78,none,0
135,62,5.7,173.7,433.74,97.81,37.48,none,0
135,63,5.7,175.14,488.15,104.33,53.73,none,0
135,64,5.7,174.35,424.97,100.35,42.0,none,0
135,65,5.7,174.52,424.15,100.66,29.13,none,0
135,66,5.7,170.0,432.44,98.35,52.69,none,0
135,67,5.7,167.75,446.43,105.2,37.16,none,0
135,68,5.7,175.83,434.93,101.89,44.43,none,0
135,69,5.7,166.47,460.03,95.91,49.03,none,0
135,70,5.7,172.5,446.8,98.92,51.9,none,0
135,71,5.7,170.3,419.72,99.66,46.92,none,0
135,72,5.7,167.96,487.69,95.89,42.42,none,0
135,73,5.7,165.87,397.28,95.17,36.32,none,0
135,74,5.7,169.18,487.97,95.74,31.25,none,0
135,75,5.7,172.33,479.08,101.78,40.03,none,0
135,76,5.7,174.93,503.84,98.81,37.52,none,0
135,77,5.7,164.6,436.94,102.6,50.68,none,0
135,78,5.7,165.44,455.57,93.95,26.54,none,0
135,79,5.7,169.46,502.5,101.79,41.93,none,0
135,80,5.7,165.34,453.41,103.08,44.57,none,0
135,81,5.7,167.3,484.77,102.43,23.53,none,0
135,82,5.7,164.81,442.2,97.8,22.03,none,0
135,83,5.7,163.28,446.99,105.67,39.68,none,0
135,84,5.7,167.18,409.97,93.44,35.83,none,0
135,85,5.7,172.54,470.36,95.78,32.73,none,0
135,86,5.7,168.86,442.85,95.36,32.95,none,0
135,87,5.7,163.78,473.65,100.33,52.38,none,0
135,88,5.7,169.63,442.79,96.89,49.71,none,0
135,89,5.7,161.52,445.26,98.0,39.18,none,0
135,90,5.7,163.06,447.64,100.12,41.56,none,0
135,91,5.7,170.86,454.38,100.09,36.72,none,0
135,92,5.7,161.94,445.89,98.54,40.88,none,0
135,93,5.7,169.66,444.69,96.87,43.67,none,0
135,94,5.7,165.96,450.42,99.14,37.47,none,0
135,95,5.7,172.28,410.73,99.16,34.03,none,0
135,96,5.7,168.32,415.4,101.52,49.62,none,0
135,97,5.7,166.1,434.33,102.02,33.36,none,0
135,98,5.7,173.43,422.69,99.04,52.92,none,0
135,99,5.7,168.81,487.43,101.17,29.07,none,0
135,100,5.7,165.75,425.12,101.31,45.98,none,0
135,101,5.7,176.98,471.84,103.82,30.69,none,0
135,102,5.7,174.1,417.95,103.59,40.98,none,0
135,103,5.7,173.17,476.24,103.58,29.58,none,0
135,104,5.7,172.51,419.66,101.08,42.56,none,0
135,105,5.7,171.04,447.05,100.79,38.04,none,0
135,106,5.7,166.84,433.3,102.76,25.25,none,0
135,107,5.7,171.06,468.02,97.97,41.9,none,0
135,108,5.7,161.83,479.18,97.66,39.36,none,0
135,109,5.7,168.14,468.76,100.27,45.4,none,0
135,110,5.7,169.52,442.46,103.45,9.05,none,0
135,111,5.7,168.09,419.89,98.86,40.79,none,0
135,112,5.7,171.34,460.3,104.88,32.53,none,0
135,113,5.7,169.56,437.61,102.25,47.53,none,0
135,114,5.7,165.54,461.38,97.98,37.55,none,0
135,115,5.7,165.92,488.61,100.59,48.39,none,0
135,116,5.7,170.58,444.21,101.96,42.84,none,0
135,117,5.7,166.55,458.44,100.82,37.12,none,0
135,118,5.7,168.17,459.29,100.2,37.01,none,0
135,119,5.7,171.77,414.97,98.78,44.26,none,0
136,0,5.8,173.08,447.08,99.24,35.87,none,0
136,1,5.8,171.14,427.54,104.93,43.03,none,0
136,2,5.8,166.42,480.97,106.24,31.33,none,0
136,3,5.8,173.82,438.32,96.03,43.4,none,0
136,4,5.8,169.08,462.66,100.85,45.53,none,0
136,5,5.8,166.18,430.23,99.3,44.27,none,0
136,6,5.8,173.68,429.44,97.67,34.24,none,0
136,7,5.8,170.02,406.56,97.64,44.88,none,0
136,8,5.8,176.17,454.66,104.18,38.88,none,0
136,9,5.8,175.68,446.81,101.81,46.26,none,0
136,10,5.8,169.52,422.7,103.67,42.71,none,0
136,11,5.8,162.74,433.83,102.65,40.33,none,0
136,12,5.8,170.37,447.81,96.76,43.2,none,0
136,13,5.8,168.94,411.43,97.06,42.34,none,0
136,14,5.8,168.66,473.24,103.88,40.12,none,0
136,15,5.8,174.78,451.57,96.2,46.65,none,0
136,16,5.8,170.09,456.01,103.1,35.57,none,0
136,17,5.8,168.4,448.11,105.6,33.39,none,0
136,18,5.8,169.53,456.86,100.27,37.71,none,0
136,19,5.8,167.55,433.18,99.14,52.6,none,0
136,20,5.8,170.17,422.72,103.06,28.77,none,0
136,21,5.8,166.29,430.11,94.97,47.84,none,0
136,22,5.8,160.77,448.73,106.46,35.08,none,0
136,23,5.8,165.12,487.02,100.79,36.82,none,0
136,24,5.8,174.93,431.58,102.13,38.3,none,0
136,25,5.8,173.71,479.66,99.57,45.42,none,0
136,26,5.8,175.12,457.88,101.15,49.48,none,0
136,27,5.8,175.16,473.94,92.89,51.2,none,0
136,28,5.8,171.44,436.09,98.53,41.15,none,0
136,29,5.8,161.25,442.11,96.27,40.39,none,0
136,30,5.8,178.08,454.83,100.18,49.17,none,0
136,31,5.8,170.67,445.35,99.88,46.86,none,0
136,32,5.8,161.37,508.24,100.03,42.15,none,0
136,33,5.8,165.1,446.86,101.01,40.49,none,0
136,34,5.8,169.56,430.38,101.97,43.75,none,0
136,35,5.8,170.66,413.08,97.68,33.29,none,0
136,36,5.8,172.51,452.36,102.48,40.88,none,0
136,37,5.8,165.3,433.63,92.01,35.74,none,0
136,38,5.8,169.74,431.63,101.39,35.14,none,0
136,39,5.8,172.16,471.24,100.98,44.76,none,0
136,40,5.8,167.46,437.78,103.24,27.58,none,0
136,41,5.8,166.17,455.09,102.75,50.54,none,0
136,42,5.8,168.13,449.16,104.41,45.74,none,0
136,43,5.8,172.03,441.3,100.19,39.39,none,0
136,44,5.8,177.38,452.84,100.68,52.86,none,0
136,45,5.8,167.14,435.39,101.83,29.62,none,0
136,46,5.8,176.07,454.61,98.79,38.4,none,0
136,47,5.8,174.1,456.78,103.53,48.55,none,0
136,48,5.8,169.09,448.4,103.44,39.76,none,0
136,49,5.8,178.64,466.51,102.48,26.4,none,0
136,50,5.8,163.46,430.07,101.31,45.86,none,0
136,51,5.8,162.9,453.33,99.5,39.7,none,0
136,52,5.8,176.9,474.01,101.86,43.51,none,0
136,53,5.8,164.41,450.78,101.15,39.34,none,0
136,54,5.8,174.27,456.59,97.79,43.01,none,0
136,55,5.8,169.81,481.8,99.72,45.95,none,0
136,56,5.8,171.11,441.08,103.07,42.81,none,0
136,57,5.8,170.53,474.15,97.72,43.04,none,0
136,58,5.8,169.39,444.79,98.27,42.9,none,0
136,59,5.8,174.55,454.43,97.45,30.88,none,0
136,60,5.8,169.22,434.69,102.77,46.33,none,0
136,61,5.8,174.01,434.58,100.12,33.0,none,0
136,62,5.8,169.23,464.57,98.24,45.16,none,0
136,63,5.8,170.45,440.56,92.53,38.78,none,0
136,64,5.8,171.07,459.9,96.69,52.23,none,0
136,65,5.8,173.28,435.3,101.19,45.46,none,0
136,66,5.8,163.05,484.85,100.83,30.14,none,0
136,67,5.8,171.35,436.73,102.38,47.7,none,0
136,68,5.8,170.17,460.16,100.5,38.58,none,0
136,69,5.8,174.1,468.78,101.0,44.6,none,0
136,70,5.8,171.57,430.26,95.63,38.81,none,0
136,71,5.8,175.65,450.33,98.41,42.17,none,0
136,72,5.8,168.56,463.24,102.26,47.85,none,0
136,73,5.8,167.33,424.03,96.99,49.53,none,0
136,74,5.8,169.58,443.68,106.65,43.46,none,0
136,75,5.8,170.8,440.61,99.11,41.55,none,0
136,76,5.8,169.48,470.57,98.02,41.17,none,0
136,77,5.8,170.7,466.84,105.28,38.75,none,0
136,78,5.8,169.06,455.66,98.0,47.04,none,0
136,79,5.8,176.73,441.22,98.98,41.68,none,0
136,80,5.8,169.57,444.34,99.85,37.89,none,0
136,81,5.8,175.68,423.35,103.76,55.32,none,0
136,82,5.8,162.25,469.88,104.85,34.8,none,0
136,83,5.8,161.59,435.73,100.42,34.31,none,0
136,84,5.8,181.75,438.7,100.66,42.98,none,0
136,85,5.8,162.84,417.64,104.92,29.59,none,0
136,86,5.8,166.13,448.16,99.3,30.1,none,0
136,87,5.8,167.83,440.53,100.66,46.75,none,0
136,88,5.8,166.93,442.43,96.03,39.3,none,0
136,89,5.8,170.23,430.06,96.07,51.76,none,0
136,90,5.8,177.59,458.09,101.21,23.65,none,0
136,91,5.8,176.59,499.8,96.25,37.7,none,0
136,92,5.8,166.24,445.15,99.03,22.72,none,0
136,93,5.8,169.45,460.84,108.08,50.44,none,0
136,94,5.8,162.91,425.7,102.78,49.74,none,0
136,95,5.8,170.32,433.3,101.23,38.24,none,0
136,96,5.8,174.05,477.81,102.61,42.93,none,0
136,97,5.8,167.89,430.06,98.85,51.91,none,0
136,98,5.8,165.03,477.37,99.83,44.52,none,0
136,99,5.8,176.57,478.66,98.44,36.35,none,0
136,100,5.8,168.15,441.8,100.93,40.13,none,0
136,101,5.8,166.77,438.93,98.49,54.0,none,0
136,102,5.8,170.54,427.54,102.55,38.31,none,0
136,103,5.8,162.49,441.78,100.96,16.67,none,0
136,104,5.8,174.95,441.5,99.42,46.66,none,0
136,105,5.8,177.23,429.59,99.25,40.38,none,0
136,106,5.8,172.24,432.22,103.2,40.05,none,0
136,107,5.8,161.96,471.43,97.0,43.2,none,0
136,108,5.8,166.69,431.64,98.83,34.06,none,0
136,109,5.8,172.55,459.26,98.88,33.11,none,0
136,110,5.8,170.97,454.49,99.37,40.05,none,0
136,111,5.8,160.65,417.73,102.77,31.96,none,0
136,112,5.8,165.7,463.84,103.3,36.18,none,0
136,113,5.8,167.43,462.11,98.5,39.93,none,0
136,114,5.8,171.77,443.08,104.96,30.65,none,0
136,115,5.8,166.88,453.34,99.45,50.61,none,0
136,116,5.8,165.77,448.43,101.61,30.98,none,0
136,117,5.8,163.88,467.52,100.24,33.62,none,0
136,118,5.8,165.55,459.8,102.87,25.8,none,0
136,119,5.8,170.57,428.89,103.18,50.03,none,0
137,0,19.6,173.33,411.43,106.95,50.45,none,0
137,1,19.6,173.47,410.03,95.88,34.74,none,0
137,2,19.6,170.02,430.85,103.01,50.88,none,0
137,3,19.6,170.91,460.66,103.36,45.91,none,0
137,4,19.6,180.15,416.17,101.97,34.18,none,0
137,5,19.6,171.19,438.93,105.74,49.92,none,0
137,6,19.6,166.72,426.9,103.99,49.33,none,0
137,7,19.6,169.49,419.1,98.52,47.46,none,0
137,8,19.6,173.39,412.19,101.79,25.62,none,0
137,9,19.6,175.76,449.56,99.97,32.7,none,0
137,10,19.6,172.41,431.18,97.97,41.17,none,0
137,11,19.6,173.77,448.96,94.8,44.05,none,0
137,12,19.6,173.28,427.82,96.39,37.06,none,0
137,13,19.6,172.18,431.03,102.79,36.11,none,0
137,14,19.6,170.29,443.13,102.07,43.71,none,0
137,15,19.6,178.88,468.85,95.64,37.08,none,0
137,16,19.6,168.29,502.45,98.66,30.94,none,0
137,17,19.6,167.79,419.07,98.55,49.07,none,0
137,18,19.6,174.53,453.14,98.2,42.89,none,0
137,19,19.6,175.64,463.07,100.71,43.33,none,0
137,20,19.6,169.64,463.4,99.48,52.18,none,0
137,21,19.6,168.8,429.97,100.44,43.16,none,0
137,22,19.6,177.87,460.55,99.43,45.42,none,0
137,23,19.6,170.0,470.71,101.23,47.33,none,0
137,24,19.6,168.85,430.0,98.1,40.05,none,0
137,25,19.6,175.25,491.46,98.25,40.96,none,0
137,26,19.6,164.79,429.0,99.83,35.3,none,0
137,27,19.6,167.24,457.55,102.84,36.43,none,0
137,28,19.6,169.63,445.16,99.79,36.6,none,0
137,29,19.6,178.31,454.71,103.17,38.86,none,0
137,30,19.6,180.15,482.03,99.98,41.54,none,0
137,31,19.6,183.13,480.87,94.81,44.43,none,0
137,32,19.6,172.27,431.47,101.08,42.3,none,0
137,33,19.6,173.25,447.37,102.29,53.68,none,0
137,34,19.6,166.55,420.62,98.94,35.43,none,0
137,35,19.6,172.59,447.43,98.33,48.66,none,0
137,36,19.6,174.4,436.42,103.87,46.39,none,0
137,37,19.6,170.36,443.02,97.88,47.63,none,0
137,38,19.6,161.18,457.49,100.48,37.21,none,0
137,39,19.6,168.25,420.53,108.52,47.65,none,0
137,40,19.6,172.08,427.29,99.22,31.69,none,0
137,41,19.6,171.85,453.66,95.47,35.7,none,0
137,42,19.6,171.54,443.67,101.03,35.52,none,0
137,43,19.6,175.49,416.96,100.66,33.3,none,0
137,44,19.6,173.71,441.05,96.35,34.87,none,0
137,45,19.6,168.17,467.03,100.55,45.69,none,0
137,46,19.6,178.51,450.59,97.24,41.27,none,0
137,47,19.6,165.29,464.13,100.47,32.03,none,0
137,48,19.6,171.72,472.15,95.9,37.15,none,0
137,49,19.6,171.52,441.59,98.49,37.77,none,0
137,50,19.6,166.15,458.21,96.99,40.49,none,0
137,51,19.6,172.08,420.72,98.67,42.65,none,0
137,52,19.6,170.33,475.9,102.16,29.39,none,0
137,53,19.6,165.68,460.68,105.7,50.92,none,0
137,54,19.6,170.49,445.29,95.97,42.85,none,0
137,55,19.6,167.24,451.17,98.46,40.99,none,0
137,56,19.6,169.3,442.37,99.35,42.73,none,0
137,57,19.6,166.83,474.92,101.71,54.91,none,0
137,58,19.6,172.07,468.73,101.29,40.55,none,0
137,59,19.6,169.32,449.88,102.91,34.09,none,0
137,60,19.6,162.76,445.29,99.13,33.23,none,0
137,61,19.6,167.93,418.97,95.9,30.47,none,0
137,62,19.6,167.4,451.18,98.35,38.24,none,0
137,63,19.6,171.7,516.38,104.9,45.88,none,0
137,64,19.6,171.04,463.67,102.67,37.49,none,0
137,65,19.6,173.58,444.54,104.68,24.14,none,0
137,66,19.6,168.64,450.4,102.42,58.06,none,0
137,67,19.6,173.8,465.07,102.65,36.62,none,0
137,68,19.6,168.27,470.27,98.95,66.19,none,0
137,69,19.6,183.66,449.72,98.55,43.12,none,0
137,70,19.6,167.43,460.12,104.66,42.25,none,0
137,71,19.6,146.98,382.35,106.56,74.64,comp1,1
137,72,19.6,173.3,473.47,99.54,26.59,none,0
137,73,19.6,172.87,452.02,97.45,38.59,none,0
137,74,19.6,169.14,454.51,98.03,37.41,none,0
137,75,19.6,159.81,462.96,94.37,46.29,none,0
137,76,19.6,175.75,449.48,100.83,29.82,none,0
137,77,19.6,172.82,451.74,95.76,39.78,none,0
137,78,19.6,169.03,469.43,97.87,43.11,none,0
137,79,19.6,162.06,423.91,100.51,47.42,none,0
137,80,19.6,167.08,462.04,96.9,50.29,none,0
137,81,19.6,168.18,432.15,104.77,44.98,none,0
137,82,19.6,165.9,437.8,96.43,33.49,none,0
137,83,19.6,176.2,443.3,105.05,38.85,none,0
137,84,19.6,163.42,470.93,97.5,33.41,none,0
137,85,19.6,165.82,453.68,101.01,40.31,none,0
137,86,19.6,171.86,460.57,98.18,45.93,none,0
137,87,19.6,178.06,439.89,97.44,37.76,none,0
137,88,19.6,166.56,440.63,100.52,49.36,none,0
137,89,19.6,173.74,422.56,99.93,43.55,none,0
137,90,19.6,172.48,477.81,98.98,35.15,none,0
137,91,19.6,170.37,466.77,103.86,44.12,none,0
137,92,19.6,171.08,458.24,91.03,39.95,none,0
137,93,19.6,170.31,429.11,101.23,37.26,none,0
137,94,19.6,176.68,458.77,104.77,41.82,none,0
137,95,19.6,169.06,411.32,99.46,24.47,none,0
137,96,19.6,175.11,440.08,104.52,37.82,none,0
137,97,19.6,170.4,441.0,99.83,35.1,none,0
137,98,19.6,166.6,440.05,102.42,44.82,none,0
137,99,19.6,176.12,448.47,101.19,45.09,none,0
137,100,19.6,170.3,406.26,97.97,35.25,none,0
137,101,19.6,177.12,419.34,98.27,45.62,none,0
137,102,19.6,165.42,406.56,98.31,30.98,none,0
137,103,19.6,174.43,458.75,98.55,39.37,none,0
137,104,19.6,174.18,434.22,103.87,41.28,none,0
137,105,19.6,174.25,461.34,98.39,36.13,none,0
137,106,19.6,177.61,465.62,99.52,51.74,none,0
137,107,19.6,172.13,439.2,102.44,53.26,none,0
137,108,19.6,168.8,451.9,99.77,46.72,none,0
137,109,19.6,171.48,438.05,98.3,59.11,none,0
137,110,19.6,179.61,459.35,102.56,29.63,none,0
137,111,19.6,163.01,460.09,99.11,42.9,none,0
137,112,19.6,178.08,474.09,101.19,38.18,none,0
137,113,19.6,173.13,446.36,102.26,42.64,none,0
137,114,19.6,176.0,484.46,101.4,53.8,none,0
137,115,19.6,166.79,482.75,97.78,34.5,none,0
137,116,19.6,170.08,456.77,99.81,39.19,none,0
137,117,19.6,175.46,461.03,102.32,21.85,none,0
137,118,19.6,167.14,461.5,96.5,44.17,none,0
137,119,19.6,167.1,490.83,101.22,43.77,none,0
138,0,12.5,167.58,417.0,95.45,48.78,none,0
138,1,12.5,171.05,457.73,95.68,42.49,none,0
138,2,12.5,171.02,434.01,93.08,51.23,none,0
138,3,12.5,166.68,426.65,101.49,38.96,none,0
138,4,12.5,172.82,445.45,102.3,36.82,none,0
138,5,12.5,166.45,441.15,101.38,38.13,none,0
138,6,12.5,175.01,475.42,101.32,45.72,none,0
138,7,12.5,176.49,456.13,100.52,39.33,none,0
138,8,12.5,166.28,441.07,100.68,40.65,none,0
138,9,12.5,172.21,453.36,101.48,37.41,none,0
138,10,12.5,162.11,415.08,102.08,39.79,none,0
138,11,12.5,167.2,412.96,98.29,45.26,none,0
138,12,12.5,166.92,439.77,100.97,33.05,none,0
138,13,12.5,173.23,464.54,104.1,37.86,none,0
138,14,12.5,173.66,483.39,101.13,31.81,none,0
138,15,12.5,176.76,434.81,97.68,42.27,none,0
138,16,12.5,164.93,467.49,101.88,48.7,none,0
138,17,12.5,156.62,446.19,98.9,39.36,none,0
138,18,12.5,178.44,422.71,99.08,48.66,none,0
138,19,12.5,174.42,430.9,95.38,40.36,none,0
138,20,12.5,157.96,461.64,101.49,30.85,none,0
138,21,12.5,165.85,426.57,99.12,34.32,none,0
138,22,12.5,171.97,446.6,91.16,43.58,none,0
138,23,12.5,173.85,427.0,101.95,46.15,none,0
138,24,12.5,165.37,462.27,104.47,45.66,none,0
138,25,12.5,174.08,469.73,104.67,30.82,none,0
138,26,12.5,170.32,429.02,95.83,38.95,none,0
138,27,12.5,169.05,450.22,104.91,53.04,none,0
138,28,12.5,176.4,448.55,100.12,47.36,none,0
138,29,12.5,166.83,405.6,99.29,46.22,none,0
138,30,12.5,170.92,407.89,104.3,46.11,none,0
138,31,12.5,164.45,456.05,100.72,36.42,none,0
138,32,12.5,177.12,434.93,98.36,26.63,none,0
138,33,12.5,163.94,399.07,103.24,33.97,none,0
138,34,12.5,167.47,447.01,98.82,33.77,none,0
138,35,12.5,169.15,476.51,92.25,38.04,none,0
138,36,12.5,166.73,425.43,96.29,41.64,none,0
138,37,12.5,163.81,437.73,105.28,41.63,none,0
138,38,12.5,172.34,448.11,102.73,37.08,none,0
138,39,12.5,172.63,450.75,99.57,49.08,none,0
138,40,12.5,171.28,442.55,100.4,53.04,none,0
138,41,12.5,170.19,426.99,101.1,31.04,none,0
138,42,12.5,177.78,455.63,96.22,33.06,none,0
138,43,12.5,173.03,449.22,99.65,49.25,none,0
138,44,12.5,168.94,445.11,99.26,39.44,none,0
138,45,12.5,173.12,470.33,99.02,46.22,none,0
138,46,12.5,173.05,454.76,105.74,40.3,none,0
138,47,12.5,167.39,425.7,101.73,52.57,none,0
138,48,12.5,169.04,445.62,99.71,44.03,none,0
138,49,12.5,140.05,351.11,111.92,78.64,comp4,1
138,50,12.5,176.48,422.66,105.06,36.4,none,0
138,51,12.5,173.28,406.0,105.69,42.2,none,0
138,52,12.5,170.05,428.61,99.47,41.03,none,0
138,53,12.5,157.61,473.52,99.45,23.33,none,0
138,54,12.5,168.54,451.64,105.73,36.4,none,0
138,55,12.5,173.64,469.63,104.57,40.06,none,0
138,56,12.5,169.02,432.08,97.76,49.38,none,0
138,57,12.5,164.79,450.08,97.26,33.47,none,0
138,58,12.5,174.56,437.53,103.13,25.49,none,0
138,59,12.5,172.93,448.74,101.09,36.76,none,0
138,60,12.5,164.64,430.94,99.35,40.8,none,0
138,61,12.5,164.16,441.2,99.13,33.84,none,0
138,62,12.5,169.57,466.42,105.2,40.77,none,0
138,63,12.5,165.0,433.33,102.13,24.7,none,0
138,64,12.5,170.6,435.13,105.73,32.22,none,0
138,65,12.5,166.72,430.42,102.28,40.67,none,0
138,66,12.5,166.85,480.07,104.2,34.21,none,0
138,67,12.5,165.49,458.92,97.02,49.98,none,0
138,68,12.5,165.24,468.19,100.77,38.66,none,0
138,69,12.5,169.03,430.95,93.68,33.15,none,0
138,70,12.5,170.54,446.6,98.83,34.12,none,0
138,71,12.5,150.46,358.95,110.5,72.49,comp2,1
138,72,12.5,171.9,497.6,101.11,45.83,none,0
138,73,12.5,169.37,425.23,100.73,45.83,none,0
138,74,12.5,169.51,444.78,103.53,52.55,none,0
138,75,12.5,171.63,421.01,99.24,54.67,none,0
138,76,12.5,165.81,455.65,107.49,18.69,none,0
138,77,12.5,179.27,465.87,97.85,48.28,none,0
138,78,12.5,176.93,488.4,99.39,39.66,none,0
138,79,12.5,173.37,433.52,97.02,38.8,none,0
138,80,12.5,171.72,448.8,100.26,52.95,none,0
138,81,12.5,167.9,482.33,99.41,48.83,none,0
138,82,12.5,167.18,457.39,102.31,39.33,none,0
138,83,12.5,174.65,457.35,100.5,24.18,none,0
138,84,12.5,164.37,466.46,99.17,32.01,none,0
138,85,12.5,173.41,500.04,100.3,30.94,none,0
138,86,12.5,167.76,435.76,97.38,26.47,none,0
138,87,12.5,163.56,413.31,95.93,37.13,none,0
138,88,12.5,173.16,424.9,98.56,25.72,none,0
138,89,12.5,174.06,433.99,101.2,57.26,none,0
138,90,12.5,176.86,436.9,101.08,45.19,none,0
138,91,12.5,168.38,465.17,99.8,40.54,none,0
138,92,12.5,175.77,436.21,103.54,53.19,none,0
138,93,12.5,166.09,461.09,97.41,26.23,none,0
138,94,12.5,170.34,453.56,99.27,34.7,none,0
138,95,12.5,169.94,427.05,98.93,27.67,none,0
138,96,12.5,164.43,456.48,101.04,26.79,none,0
138,97,12.5,170.26,455.5,100.51,40.91,none,0
138,98,12.5,165.51,454.39,100.83,40.11,none,0
138,99,12.5,168.98,393.73,100.99,34.25,none,0
138,100,12.5,169.45,469.98,92.17,44.41,none,0
138,101,12.5,169.53,466.12,105.74,32.83,none,0
138,102,12.5,162.91,489.04,104.84,51.77,none,0
138,103,12.5,169.75,455.81,102.73,37.52,none,0
138,104,12.5,159.83,484.59,96.15,41.02,none,0
138,105,12.5,165.45,458.03,99.22,40.52,none,0
138,106,12.5,176.56,457.99,103.57,45.13,none,0
138,107,12.5,171.99,467.9,93.46,41.95,none,0
138,108,12.5,170.18,479.14,98.67,26.84,none,0
138,109,12.5,171.99,439.22,94.84,51.55,none,0
138,110,12.5,177.64,484.84,105.69,28.22,none,0
138,111,12.5,167.2,457.9,99.31,45.11,none,0
138,112,12.5,168.05,471.47,98.26,46.39,none,0
138,113,12.5,173.85,425.21,92.75,30.93,none,0
138,114,12.5,167.95,419.13,96.99,31.58,none,0
138,115,12.5,170.72,457.72,100.41,44.08,none,0
138,116,12.5,173.95,462.16,101.56,44.71,none,0
138,117,12.5,165.99,473.42,100.69,50.27,none,0
138,118,12.5,173.58,436.19,99.08,55.97,none,0
138,119,12.5,174.56,455.03,98.4,41.95,none,0
139,0,5.7,142.02,408.51,109.76,72.15,comp4,1
139,1,5.7,163.73,432.44,98.73,48.87,none,0
139,2,5.7,163.8,439.14,97.43,39.84,none,0
139,3,5.7,169.46,448.9,97.29,44.16,none,0
139,4,5.7,167.17,401.47,95.01,41.4,none,0
139,5,5.7,168.37,484.55,102.21,29.19,none,0
139,6,5.7,170.42,423.2,97.33,50.52,none,0
139,7,5.7,161.03,411.17,97.74,31.47,none,0
139,8,5.7,170.99,454.59,102.07,33.39,none,0
139,9,5.7,169.76,454.16,102.58,40.69,none,0
139,10,5.7,180.62,421.27,100.14,35.33,none,0
139,11,5.7,172.2,439.57,101.9,41.24,none,0
139,12,5.7,163.84,425.39,96.4,37.59,none,0
139,13,5.7,168.07,475.26,100.15,35.27,none,0
139,14,5.7,164.12,457.52,99.26,39.19,none,0
139,15,5.7,167.38,454.27,96.88,43.14,none,0
139,16,5.7,164.9,458.89,99.87,34.7,none,0
139,17,5.7,169.75,447.1,101.63,45.31,none,0
139,18,5.7,169.1,437.01,92.62,36.21,none,0
139,19,5.7,164.44,472.73,103.78,39.55,none,0
139,20,5.7,169.39,471.2,101.56,51.47,none,0
139,21,5.7,168.36,445.37,103.68,47.01,none,0
139,22,5.7,173.01,426.95,101.22,43.39,none,0
139,23,5.7,170.77,444.88,94.51,20.1,none,0
139,24,5.7,173.97,427.53,100.43,41.24,none,0
139,25,5.7,167.23,454.47,103.02,51.3,none,0
139,26,5.7,160.2,442.68,97.14,45.55,none,0
139,27,5.7,178.05,468.74,100.83,35.19,none,0
139,28,5.7,162.51,418.98,101.79,42.2,none,0
139,29,5.7,160.91,455.33,103.17,41.45,none,0
139,30,5.7,172.31,486.64,101.97,31.23,none,0
139,31,5.7,172.19,435.01,92.8,42.39,none,0
139,32,5.7,168.37,461.13,100.39,44.48,none,0
139,33,5.7,168.89,488.29,97.71,44.35,none,0
139,34,5.7,172.63,479.9,97.35,27.95,none,0
139,35,5.7,164.0,454.48,93.86,39.61,none,0
139,36,5.7,179.95,426.71,107.47,33.01,none,0
139,37,5.7,165.28,453.72,98.63,42.8,none,0
139,38,5.7,169.87,471.06,104.35,44.28,none,0
139,39,5.7,162.0,436.52,102.36,47.43,none,0
139,40,5.7,170.11,469.08,95.48,39.95,none,0
139,41,5.7,167.9,451.02,102.85,19.55,none,0
139,42,5.7,166.64,453.17,97.12,35.83,none,0
139,43,5.7,169.4,438.74,102.12,51.99,none,0
139,44,5.7,169.27,434.04,102.82,49.4,none,0
139,45,5.7,174.95,470.37,95.69,22.6,none,0
139,46,5.7,175.21,462.97,102.98,48.02,none,0
139,47,5.7,165.66,451.19,99.2,37.17,none,0
139,48,5.7,172.67,461.29,99.27,44.97,none,0
139,49,5.7,172.45,446.29,106.74,43.45,none,0
139,50,5.7,172.53,456.51,102.43,52.21,none,0
139,51,5.7,170.71,480.89,96.83,49.57,none,0
139,52,5.7,168.87,454.9,94.08,54.42,none,0
139,53,5.7,168.07,454.08,100.45,36.09,none,0
139,54,5.7,169.05,420.88,96.98,32.12,none,0
139,55,5.7,173.38,426.62,103.16,40.14,none,0
139,56,5.7,168.43,453.43,99.6,42.13,none,0
139,57,5.7,165.24,467.43,97.83,37.99,none,0
139,58,5.7,165.27,406.73,98.69,45.21,none,0
139,59,5.7,163.83,415.23,96.49,40.4,none,0
139,60,5.7,180.81,436.05,96.91,41.69,none,0
139,61,5.7,174.07,453.72,104.09,43.75,none,0
139,62,5.7,174.64,446.0,101.4,39.59,none,0
139,63,5.7,176.13,470.47,98.06,49.82,none,0
139,64,5.7,169.66,440.53,92.19,48.08,none,0
139,65,5.7,158.67,465.9,99.76,40.33,none,0
139,66,5.7,172.05,453.43,100.83,31.5,none,0
139,67,5.7,169.41,432.34,98.62,46.19,none,0
139,68,5.7,165.43,423.3,98.19,48.01,none,0
139,69,5.7,160.53,467.56,99.42,48.51,none,0
139,70,5.7,174.63,472.02,98.3,24.73,none,0
139,71,5.7,167.67,465.56,106.68,30.58,none,0
139,72,5.7,173.16,472.49,104.19,39.95,none,0
139,73,5.7,167.0,423.95,98.28,49.32,none,0
139,74,5.7,171.37,481.42,98.25,53.23,none,0
139,75,5.7,168.79,426.98,106.5,42.1,none,0
139,76,5.7,165.91,457.2,102.31,42.23,none,0
139,77,5.7,167.12,457.19,101.2,47.71,none,0
139,78,5.7,169.56,460.89,98.18,43.05,none,0
139,79,5.7,168.55,498.75,98.41,50.41,none,0
139,80,5.7,161.16,423.74,102.92,38.22,none,0
139,81,5.7,159.63,483.25,102.78,36.89,none,0
139,82,5.7,169.96,437.62,91.54,36.32,none,0
139,83,5.7,171.32,435.94,103.41,39.21,none,0
139,84,5.7,164.25,445.18,98.69,42.69,none,0
139,85,5.7,165.92,438.13,103.64,36.82,none,0
139,86,5.7,167.21,458.22,101.65,48.12,none,0
139,87,5.7,165.52,425.28,102.33,48.12,none,0
139,88,5.7,170.88,480.15,96.63,31.54,none,0
139,89,5.7,170.13,424.82,100.96,50.84,none,0
139,90,5.7,166.42,462.15,101.24,31.06,none,0
139,91,5.7,175.59,469.95,100.11,49.58,none,0
139,92,5.7,168.06,480.24,100.33,37.78,none,0
139,93,5.7,172.71,461.85,99.66,45.71,none,0
139,94,5.7,163.16,409.01,98.81,36.98,none,0
139,95,5.7,166.12,451.74,104.04,47.77,none,0
139,96,5.7,169.2,466.21,95.09,45.75,none,0
139,97,5.7,170.23,467.12,98.68,41.53,none,0
139,98,5.7,172.03,506.16,102.31,40.38,none,0
139,99,5.7,166.36,459.1,101.04,57.33,none,0
139,100,5.7,163.25,435.14,97.8,29.91,none,0
139,101,5.7,161.03,455.16,100.67,49.33,none,0
139,102,5.7,167.22,474.42,101.63,35.66,none,0
139,103,5.7,159.22,425.19,101.86,40.15,none,0
139,104,5.7,174.73,423.98,96.41,42.68,none,0
139,105,5.7,180.74,451.35,97.98,46.94,none,0
139,106,5.7,161.4,449.13,99.36,15.82,none,0
139,107,5.7,172.72,425.02,103.55,41.8,none,0
139,108,5.7,174.63,455.51,101.11,47.61,none,0
139,109,5.7,167.72,463.6,95.31,49.42,none,0
139,110,5.7,172.0,460.75,102.35,26.27,none,0
139,111,5.7,166.26,480.92,103.8,33.82,none,0
139,112,5.7,176.31,476.62,100.28,36.45,none,0
139,113,5.7,165.41,421.5,95.21,38.7,none,0
139,114,5.7,173.59,461.64,100.31,42.68,none,0
139,115,5.7,170.04,449.71,101.88,42.67,none,0
139,116,5.7,162.52,469.92,103.7,38.3,none,0
139,117,5.7,167.29,455.98,94.04,61.96,none,0
139,118,5.7,164.96,460.04,98.9,46.67,none,0
139,119,5.7,164.25,452.51,100.47,67.5,none,0
140,0,8.2,167.64,427.66,102.17,30.08,none,0
140,1,8.2,170.53,469.27,102.55,53.64,none,0
140,2,8.2,166.21,424.77,95.7,37.35,none,0
140,3,8.2,176.54,462.68,99.59,34.13,none,0
140,4,8.2,175.16,455.94,102.0,51.71,none,0
140,5,8.2,165.27,434.7,102.23,41.86,none,0
140,6,8.2,176.05,433.97,98.42,59.76,none,0
140,7,8.2,166.13,458.82,97.52,35.7,none,0
140,8,8.2,164.15,445.06,97.83,30.1,none,0
140,9,8.2,171.87,486.39,100.05,44.23,none,0
140,10,8.2,167.11,460.68,96.51,33.27,none,0
140,11,8.2,173.22,455.23,102.19,50.83,none,0
140,12,8.2,166.81,445.55,98.31,43.47,none,0
140,13,8.2,164.51,451.27,96.96,45.94,none,0
140,14,8.2,169.63,462.28,99.91,39.79,none,0
140,15,8.2,180.31,453.83,99.53,41.81,none,0
140,16,8.2,165.64,450.64,95.97,47.11,none,0
140,17,8.2,162.48,460.34,97.18,42.83,none,0
140,18,8.2,171.98,419.01,95.2,36.24,none,0
140,19,8.2,173.97,453.44,100.13,33.06,none,0
140,20,8.2,162.36,461.52,100.64,45.35,none,0
140,21,8.2,159.29,460.93,93.42,48.81,none,0
140,22,8.2,170.77,444.82,95.63,31.93,none,0
140,23,8.2,163.71,442.12,95.52,48.15,none,0
140,24,8.2,171.47,427.01,101.63,36.62,none,0
140,25,8.2,179.98,450.88,98.58,38.81,none,0
140,26,8.2,173.76,458.44,102.03,31.74,none,0
140,27,8.2,163.69,445.8,100.16,30.46,none,0
140,28,8.2,174.26,435.77,94.97,49.32,none,0
140,29,8.2,181.7,443.44,103.18,45.08,none,0
140,30,8.2,168.53,459.2,96.65,44.99,none,0
140,31,8.2,180.14,463.58,102.99,35.91,none,0
140,32,8.2,166.18,461.02,99.66,48.33,none,0
140,33,8.2,169.49,441.63,98.49,44.82,none,0
140,34,8.2,178.01,441.0,100.42,50.21,none,0
140,35,8.2,164.23,483.51,101.06,49.77,none,0
140,36,8.2,169.55,482.53,102.24,39.63,none,0
140,37,8.2,168.31,415.44,98.21,43.55,none,0
140,38,8.2,174.25,453.26,100.45,26.28,none,0
140,39,8.2,165.43,410.96,97.34,37.56,none,0
140,40,8.2,168.82,461.03,94.68,41.91,none,0
140,41,8.2,172.86,413.5,96.14,35.11,none,0
140,42,8.2,178.19,455.33,100.61,40.0,none,0
140,43,8.2,171.02,431.11,102.47,40.74,none,0
140,44,8.2,171.32,456.41,103.64,34.81,none,0
140,45,8.2,161.25,429.62,103.9,50.61,none,0
140,46,8.2,166.98,456.69,100.75,33.31,none,0
140,47,8.2,175.66,425.86,99.95,50.67,none,0
140,48,8.2,171.61,466.27,99.48,30.67,none,0
140,49,8.2,164.77,446.23,98.75,49.78,none,0
140,50,8.2,165.4,469.84,98.02,33.38,none,0
140,51,8.2,168.71,465.45,101.14,38.82,none,0
140,52,8.2,176.16,438.81,98.25,39.11,none,0
140,53,8.2,170.7,400.6,98.22,32.88,none,0
140,54,8.2,162.15,415.63,96.13,41.32,none,0
140,55,8.2,179.49,445.37,100.09,41.98,none,0
140,56,8.2,172.85,415.92,99.58,48.28,none,0
140,57,8.2,176.75,416.09,98.64,53.7,none,0
140,58,8.2,170.86,417.22,101.92,47.86,none,0
140,59,8.2,172.73,426.09,98.02,39.68,none,0
140,60,8.2,167.0,460.87,96.12,46.62,none,0
140,61,8.2,172.39,440.72,100.03,49.93,none,0
140,62,8.2,154.25,397.06,119.42,62.18,comp3,1
140,63,8.2,181.2,450.25,101.8,42.33,none,0
140,64,8.2,172.07,453.96,101.87,32.82,none,0
140,65,8.2,171.99,447.2,101.99,30.21,none,0
140,66,8.2,167.93,484.53,99.84,35.79,none,0
140,67,8.2,168.67,435.24,99.15,39.39,none,0
140,68,8.2,167.35,449.93,93.99,36.47,none,0
140,69,8.2,174.7,442.47,107.32,48.48,none,0
140,70,8.2,158.49,486.56,99.49,36.89,none,0
140,71,8.2,179.33,440.7,98.24,41.66,none,0
140,72,8.2,170.21,435.32,98.49,38.16,none,0
140,73,8.2,176.05,427.86,95.55,31.89,none,0
140,74,8.2,174.06,470.48,102.0,40.59,none,0
140,75,8.2,165.74,475.86,99.16,38.36,none,0
140,76,8.2,161.03,438.04,101.28,35.96,none,0
140,77,8.2,174.78,485.34,100.74,42.11,none,0
140,78,8.2,166.17,448.1,107.35,37.66,none,0
140,79,8.2,177.32,437.26,98.89,29.49,none,0
140,80,8.2,167.83,440.51,96.92,39.85,none,0
140,81,8.2,169.65,445.54,101.01,38.94,none,0
140,82,8.2,169.15,398.7,100.24,43.49,none,0
140,83,8.2,172.16,467.97,100.28,44.08,none,0
140,84,8.2,177.0,452.27,104.76,40.5,none,0
140,85,8.2,174.75,464.74,101.57,50.66,none,0
140,86,8.2,168.6,462.66,102.73,37.96,none,0
140,87,8.2,170.33,440.52,100.92,38.6,none,0
140,88,8.2,172.26,484.72,95.7,46.26,none,0
140,89,8.2,171.0,402.54,102.6,34.39,none,0
140,90,8.2,174.3,452.8,100.12,32.88,none,0
140,91,8.2,164.52,433.45,94.53,39.24,none,0
140,92,8.2,168.03,471.69,100.47,44.7,none,0
140,93,8.2,175.61,454.1,96.64,47.51,none,0
140,94,8.2,167.0,442.53,96.48,32.8,none,0
140,95,8.2,174.02,473.65,100.03,50.96,none,0
140,96,8.2,169.71,465.81,105.51,29.9,none,0
140,97,8.2,174.68,455.12,99.78,36.02,none,0
140,98,8.2,175.31,415.44,98.45,40.93,none,0
140,99,8.2,167.02,438.09,106.09,38.33,none,0
140,100,8.2,170.04,433.98,104.78,38.32,none,0
140,101,8.2,173.41,461.55,102.04,31.64,none,0
140,102,8.2,170.81,447.9,97.17,27.2,none,0
140,103,8.2,165.3,443.22,96.69,44.57,none,0
140,104,8.2,167.83,466.7,98.74,59.71,none,0
140,105,8.2,178.02,431.3,101.02,33.27,none,0
140,106,8.2,159.76,462.33,100.52,30.69,none,0
140,107,8.2,173.35,424.03,102.21,30.35,none,0
140,108,8.2,173.26,439.27,104.24,46.82,none,0
140,109,8.2,160.34,461.45,97.91,35.07,none,0
140,110,8.2,173.58,477.08,96.88,38.57,none,0
140,111,8.2,173.72,438.9,105.31,35.2,none,0
140,112,8.2,176.29,460.24,96.01,28.1,none,0
140,113,8.2,170.62,431.08,103.28,34.71,none,0
140,114,8.2,170.87,453.61,100.0,50.62,none,0
140,115,8.2,165.81,467.72,102.5,41.23,none,0
140,116,8.2,173.42,416.63,102.07,26.66,none,0
140,117,8.2,171.72,472.57,102.71,43.54,none,0
140,118,8.2,162.19,429.67,99.02,22.27,none,0
140,119,8.2,172.62,425.61,97.93,40.06,none,0
141,0,13.2,173.06,409.64,98.91,29.22,none,0
141,1,13.2,164.52,458.5,99.52,37.59,none,0
141,2,13.2,165.87,441.3,100.1,46.43,none,0
141,3,13.2,169.01,433.81,101.61,44.6,none,0
141,4,13.2,174.21,457.61,100.48,39.28,none,0
141,5,13.2,174.3,420.24,101.78,32.45,none,0
141,6,13.2,167.63,453.57,101.14,38.47,none,0
141,7,13.2,169.84,443.31,105.8,31.83,none,0
141,8,13.2,164.55,465.26,100.75,45.82,none,0
141,9,13.2,163.75,424.56,100.97,44.91,none,0
141,10,13.2,171.9,469.82,104.95,43.26,none,0
141,11,13.2,179.05,441.61,99.1,20.26,none,0
141,12,13.2,165.5,460.58,101.03,33.34,none,0
141,13,13.2,175.04,463.14,109.16,43.42,none,0
141,14,13.2,162.74,429.68,98.85,47.48,none,0
141,15,13.2,169.22,445.89,99.58,35.81,none,0
141,16,13.2,164.76,432.66,103.33,34.69,none,0
141,17,13.2,168.13,447.61,93.42,54.99,none,0
141,18,13.2,168.63,471.89,100.32,38.31,none,0
141,19,13.2,165.05,450.12,100.29,42.53,none,0
141,20,13.2,167.96,438.63,97.58,57.07,none,0
141,21,13.2,179.66,449.48,98.48,32.11,none,0
141,22,13.2,163.88,428.25,95.96,38.89,none,0
141,23,13.2,165.56,458.39,98.82,37.61,none,0
141,24,13.2,171.17,421.91,95.1,46.69,none,0
141,25,13.2,174.2,458.81,99.88,26.43,none,0
141,26,13.2,162.89,479.34,102.09,32.45,none,0
141,27,13.2,170.98,434.04,101.9,33.61,none,0
141,28,13.2,174.98,499.46,99.02,37.86,none,0
141,29,13.2,170.42,453.59,101.58,36.15,none,0
141,30,13.2,168.27,479.74,94.95,33.94,none,0
141,31,13.2,163.17,468.6,102.27,43.22,none,0
141,32,13.2,165.26,450.85,96.68,41.06,none,0
141,33,13.2,170.97,444.47,100.83,35.38,none,0
141,34,13.2,172.13,419.55,96.91,38.95,none,0
141,35,13.2,167.4,463.05,98.36,44.61,none,0
141,36,13.2,173.13,477.21,104.48,43.77,none,0
141,37,13.2,160.42,450.36,96.3,26.89,none,0
141,38,13.2,163.55,473.83,100.88,32.69,none,0
141,39,13.2,165.62,499.26,98.92,40.61,none,0
141,40,13.2,172.64,456.32,100.4,41.79,none,0
141,41,13.2,171.99,448.92,99.75,57.08,none,0
141,42,13.2,172.05,466.08,98.11,28.77,none,0
141,43,13.2,177.75,463.34,102.07,28.27,none,0
141,44,13.2,178.33,446.66,94.08,38.7,none,0
141,45,13.2,164.91,470.88,99.55,31.33,none,0
141,46,13.2,167.72,485.25,100.71,39.19,none,0
141,47,13.2,162.07,459.86,102.49,29.82,none,0
141,48,13.2,171.48,444.65,98.52,34.31,none,0
141,49,13.2,159.74,440.92,102.08,26.91,none,0
141,50,13.2,170.05,449.7,101.13,36.87,none,0
141,51,13.2,173.36,444.88,97.58,44.02,none,0
141,52,13.2,165.19,483.38,102.19,38.56,none,0
141,53,13.2,175.87,455.88,96.61,48.55,none,0
141,54,13.2,170.6,434.49,97.13,36.31,none,0
141,55,13.2,167.09,423.95,101.8,49.69,none,0
141,56,13.2,170.01,463.78,102.42,34.87,none,0
141,57,13.2,165.47,454.26,103.62,35.23,none,0
141,58,13.2,175.93,439.32,100.16,39.44,none,0
141,59,13.2,171.64,462.46,102.67,52.4,none,0
141,60,13.2,170.21,436.93,104.3,37.67,none,0
141,61,13.2,162.62,463.08,100.4,41.33,none,0
141,62,13.2,171.6,428.55,99.63,33.78,none,0
141,63,13.2,168.31,446.97,94.86,18.26,none,0
141,64,13.2,170.56,454.97,106.68,35.72,none,0
141,65,13.2,170.09,466.05,100.66,40.05,none,0
141,66,13.2,173.33,417.27,103.65,34.34,none,0
141,67,13.2,169.88,457.21,100.71,33.56,none,0
141,68,13.2,169.09,458.29,104.18,33.63,none,0
141,69,13.2,170.49,461.02,97.99,42.33,none,0
141,70,13.2,167.33,434.8,101.84,47.26,none,0
141,71,13.2,168.63,421.54,93.25,29.5,none,0
141,72,13.2,174.88,480.55,95.51,35.84,none,0
141,73,13.2,168.43,427.58,100.59,47.04,none,0
141,74,13.2,160.17,467.08,93.14,32.07,none,0
141,75,13.2,171.46,461.39,101.31,51.8,none,0
141,76,13.2,177.32,446.94,100.3,33.52,none,0
141,77,13.2,170.28,431.44,95.94,37.69,none,0
141,78,13.2,166.48,467.87,102.14,33.43,none,0
141,79,13.2,167.32,435.61,97.67,45.85,none,0
141,80,13.2,173.78,455.61,99.99,40.89,none,0
141,81,13.2,175.83,464.73,100.22,34.22,none,0
141,82,13.2,171.2,457.66,96.45,34.33,none,0
141,83,13.2,166.2,436.14,99.52,49.07,none,0
141,84,13.2,168.28,462.97,102.05,44.15,none,0
141,85,13.2,165.41,478.25,100.4,54.06,none,0
141,86,13.2,163.89,416.17,100.4,44.82,none,0
141,87,13.2,169.9,467.0,101.36,52.68,none,0
141,88,13.2,161.1,442.67,101.56,33.08,none,0
141,89,13.2,169.32,451.45,103.31,36.44,none,0
141,90,13.2,162.47,490.41,96.21,35.4,none,0
141,91,13.2,177.44,443.69,97.85,56.17,none,0
141,92,13.2,168.73,470.91,90.84,48.47,none,0
141,93,13.2,169.15,461.46,93.73,36.48,none,0
141,94,13.2,177.07,421.97,98.29,38.18,none,0
141,95,13.2,168.1,463.99,102.34,36.58,none,0
141,96,13.2,174.06,457.44,98.63,20.09,none,0
141,97,13.2,163.72,449.6,103.33,40.32,none,0
141,98,13.2,172.37,436.47,95.67,46.35,none,0
141,99,13.2,173.91,457.63,103.76,35.83,none,0
141,100,13.2,171.05,471.87,98.62,48.09,none,0
141,101,13.2,166.42,419.67,100.91,29.73,none,0
141,102,13.2,177.72,447.27,101.94,46.14,none,0
141,103,13.2,168.45,488.08,103.9,38.74,none,0
141,104,13.2,172.13,423.22,99.23,46.05,none,0
141,105,13.2,167.52,470.91,94.67,60.8,none,0
141,106,13.2,169.51,485.72,105.46,50.16,none,0
141,107,13.2,171.06,473.91,99.9,41.32,none,0
141,108,13.2,159.18,464.98,102.36,52.49,none,0
141,109,13.2,167.11,425.29,102.22,31.02,none,0
141,110,13.2,164.9,453.4,100.21,51.09,none,0
141,111,13.2,169.9,476.81,98.52,46.15,none,0
141,112,13.2,169.07,458.94,94.66,33.56,none,0
141,113,13.2,163.53,478.44,102.72,35.43,none,0
141,114,13.2,166.81,452.96,102.85,50.55,none,0
141,115,13.2,167.74,485.55,101.58,59.68,none,0
141,116,13.2,163.3,435.5,103.34,21.72,none,0
141,117,13.2,165.37,449.41,102.91,49.65,none,0
141,118,13.2,171.64,451.22,98.06,37.17,none,0
141,119,13.2,172.05,445.79,97.47,35.05,none,0
142,0,18.4,171.1,442.21,103.37,31.45,none,0
142,1,18.4,174.88,451.66,103.15,35.59,none,0
142,2,18.4,165.96,447.43,97.67,42.07,none,0
142,3,18.4,173.59,387.7,96.16,43.3,none,0
142,4,18.4,167.82,472.45,98.17,53.97,none,0
142,5,18.4,164.23,485.66,97.1,36.44,none,0
142,6,18.4,171.18,458.96,100.87,37.72,none,0
142,7,18.4,163.98,479.12,103.4,42.02,none,0
142,8,18.4,169.62,449.92,101.63,37.56,none,0
142,9,18.4,180.81,476.73,98.71,42.38,none,0
142,10,18.4,175.32,477.93,95.24,31.5,none,0
142,11,18.4,170.53,435.52,100.69,35.75,none,0
142,12,18.4,165.98,435.76,95.08,36.46,none,0
142,13,18.4,170.83,446.21,102.43,33.51,none,0
142,14,18.4,176.83,446.77,96.22,26.63,none,0
142,15,18.4,165.54,431.95,98.05,35.89,none,0
142,16,18.4,170.03,439.65,102.57,48.45,none,0
142,17,18.4,173.16,460.58,101.13,41.35,none,0
142,18,18.4,169.49,429.14,97.0,49.48,none,0
142,19,18.4,171.15,445.16,97.34,32.49,none,0
142,20,18.4,168.96,449.29,102.39,53.99,none,0
142,21,18.4,180.14,462.84,99.73,27.16,none,0
142,22,18.4,178.46,454.55,105.75,44.31,none,0
142,23,18.4,166.78,443.39,103.55,57.04,none,0
142,24,18.4,168.84,473.26,97.92,44.17,none,0
142,25,18.4,175.72,456.58,98.83,33.19,none,0
142,26,18.4,164.48,452.56,95.33,41.76,none,0
142,27,18.4,164.96,447.15,99.18,27.89,none,0
142,28,18.4,164.95,451.78,100.59,39.13,none,0
142,29,18.4,163.4,457.16,99.67,49.5,none,0
142,30,18.4,170.47,472.11,101.48,48.63,none,0
142,31,18.4,169.1,434.72,97.63,40.03,none,0
142,32,18.4,170.95,475.18,99.81,34.36,none,0
142,33,18.4,164.16,439.59,99.46,32.83,none,0
142,34,18.4,174.5,468.18,100.1,41.04,none,0
142,35,18.4,174.09,450.28,98.35,48.86,none,0
142,36,18.4,170.58,445.21,102.79,28.58,none,0
142,37,18.4,164.5,484.33,98.03,33.07,none,0
142,38,18.4,172.18,462.84,97.09,42.2,none,0
142,39,18.4,169.03,446.83,100.45,25.7,none,0
142,40,18.4,171.66,464.85,101.29,29.05,none,0
142,41,18.4,166.77,454.3,97.53,58.06,none,0
142,42,18.4,168.49,442.6,97.3,46.51,none,0
142,43,18.4,169.4,458.42,99.6,36.76,none,0
142,44,18.4,166.03,443.28,99.36,31.86,none,0
142,45,18.4,174.15,490.3,100.91,28.63,none,0
142,46,18.4,162.44,420.92,101.71,43.82,none,0
142,47,18.4,169.68,461.84,102.21,46.25,none,0
142,48,18.4,164.5,453.79,94.76,40.75,none,0
142,49,18.4,166.7,469.99,98.21,35.48,none,0
142,50,18.4,161.34,453.72,99.57,39.24,none,0
142,51,18.4,168.15,442.36,105.88,47.09,none,0
142,52,18.4,173.88,428.92,98.02,36.6,none,0
142,53,18.4,164.14,473.97,102.54,35.65,none,0
142,54,18.4,167.58,468.46,99.86,29.54,none,0
142,55,18.4,169.2,497.28,101.06,46.56,none,0
142,56,18.4,167.59,458.5,95.77,43.6,none,0
142,57,18.4,166.48,454.45,101.14,31.11,none,0
142,58,18.4,156.19,431.73,100.52,29.46,none,0
142,59,18.4,163.66,416.25,105.55,46.56,none,0
142,60,18.4,165.16,477.2,95.34,32.65,none,0
142,61,18.4,168.91,420.86,101.87,50.83,none,0
142,62,18.4,168.09,441.9,95.96,33.52,none,0
142,63,18.4,169.98,438.18,102.74,36.14,none,0
142,64,18.4,175.14,439.9,98.79,29.23,none,0
142,65,18.4,164.43,439.14,104.09,36.91,none,0
142,66,18.4,165.26,458.84,105.88,27.99,none,0
142,67,18.4,172.14,438.24,105.74,41.84,none,0
142,68,18.4,180.75,445.78,98.57,36.38,none,0
142,69,18.4,171.43,468.89,99.85,57.87,none,0
142,70,18.4,169.48,468.61,101.07,40.48,none,0
142,71,18.4,167.32,444.93,101.17,37.24,none,0
142,72,18.4,175.07,423.14,99.63,45.16,none,0
142,73,18.4,167.86,445.72,102.19,29.19,none,0
142,74,18.4,152.56,335.05,116.8,45.02,comp1,1
142,75,18.4,168.71,436.84,94.55,42.82,none,0
142,76,18.4,168.7,425.7,106.31,47.98,none,0
142,77,18.4,166.13,446.53,98.06,37.74,none,0
142,78,18.4,171.51,491.79,94.28,50.7,none,0
142,79,18.4,170.09,457.66,102.03,30.54,none,0
142,80,18.4,172.75,475.53,98.68,47.11,none,0
142,81,18.4,165.47,439.04,99.17,43.18,none,0
142,82,18.4,166.25,448.59,106.28,49.14,none,0
142,83,18.4,165.39,438.55,99.9,45.81,none,0
142,84,18.4,165.77,471.72,106.34,34.96,none,0
142,85,18.4,167.84,432.21,97.87,44.54,none,0
142,86,18.4,168.64,442.37,99.72,39.82,none,0
142,87,18.4,168.68,454.6,97.99,35.15,none,0
142,88,18.4,173.46,482.73,98.21,39.72,none,0
142,89,18.4,167.89,444.05,103.42,52.63,none,0
142,90,18.4,166.45,444.78,100.81,39.95,none,0
142,91,18.4,168.3,417.74,98.19,45.63,none,0
142,92,18.4,171.67,441.42,100.05,47.29,none,0
142,93,18.4,169.92,407.28,103.11,50.21,none,0
142,94,18.4,170.15,453.43,100.07,39.06,none,0
142,95,18.4,170.47,435.76,103.68,44.39,none,0
142,96,18.4,178.35,453.82,96.27,42.01,none,0
142,97,18.4,164.33,477.42,105.47,60.61,none,0
142,98,18.4,165.23,437.42,99.12,33.82,none,0
142,99,18.4,167.36,430.96,94.13,39.2,none,0
142,100,18.4,165.14,458.73,104.5,36.48,none,0
142,101,18.4,167.99,485.03,101.58,26.97,none,0
142,102,18.4,168.45,479.21,94.84,42.05,none,0
142,103,18.4,170.68,444.85,104.31,39.89,none,0
142,104,18.4,167.7,488.57,104.76,38.92,none,0
142,105,18.4,173.09,493.22,98.69,37.14,none,0
142,106,18.4,166.95,427.18,102.58,42.16,none,0
142,107,18.4,168.93,446.66,107.18,36.13,none,0
142,108,18.4,170.17,431.58,101.82,42.71,none,0
142,109,18.4,163.39,453.35,97.36,28.83,none,0
142,110,18.4,173.34,452.09,98.73,37.75,none,0
142,111,18.4,172.23,454.3,98.82,50.07,none,0
142,112,18.4,163.27,457.15,100.55,43.31,none,0
142,113,18.4,168.61,427.28,93.22,26.71,none,0
142,114,18.4,167.77,450.1,99.17,37.73,none,0
142,115,18.4,171.19,448.2,96.18,29.99,none,0
142,116,18.4,169.41,460.6,99.31,36.73,none,0
142,117,18.4,170.0,454.76,100.95,38.02,none,0
142,118,18.4,166.26,515.02,97.91,43.38,none,0
142,119,18.4,164.1,445.37,98.12,56.53,none,0
143,0,10.7,168.33,456.61,103.96,44.03,none,0
143,1,10.7,157.24,417.0,100.43,27.49,none,0
143,2,10.7,164.2,446.37,95.91,48.11,none,0
143,3,10.7,169.32,477.7,92.58,50.64,none,0
143,4,10.7,172.86,485.57,101.99,45.69,none,0
143,5,10.7,177.39,498.16,99.33,31.06,none,0
143,6,10.7,175.6,457.57,102.87,39.09,none,0
143,7,10.7,175.41,420.57,100.79,44.36,none,0
143,8,10.7,163.7,419.14,94.27,37.11,none,0
143,9,10.7,168.3,443.98,98.52,41.95,none,0
143,10,10.7,177.79,449.02,101.05,43.12,none,0
143,11,10.7,172.28,455.68,100.67,37.01,none,0
143,12,10.7,166.99,459.62,103.85,38.45,none,0
143,13,10.7,174.91,425.62,99.71,45.26,none,0
143,14,10.7,172.65,451.95,109.38,26.77,none,0
143,15,10.7,174.95,455.04,104.78,51.27,none,0
143,16,10.7,169.52,427.79,103.48,38.34,none,0
143,17,10.7,170.02,489.92,99.48,54.91,none,0
143,18,10.7,170.33,462.8,97.74,36.49,none,0
143,19,10.7,160.4,428.93,104.72,32.66,none,0
143,20,10.7,173.37,462.69,97.47,37.56,none,0
143,21,10.7,181.49,460.26,102.54,35.49,none,0
143,22,10.7,169.05,448.87,96.09,39.63,none,0
143,23,10.7,169.38,477.58,98.62,41.84,none,0
143,24,10.7,168.31,452.21,103.06,42.78,none,0
143,25,10.7,168.96,451.64,102.03,43.06,none,0
143,26,10.7,167.25,435.14,101.05,49.42,none,0
143,27,10.7,173.63,407.87,100.71,26.04,none,0
143,28,10.7,165.92,463.76,101.67,33.84,none,0
143,29,10.7,174.01,455.65,102.62,47.05,none,0
143,30,10.7,161.69,459.42,95.3,40.64,none,0
143,31,10.7,167.92,461.1,100.99,37.93,none,0
143,32,10.7,171.06,447.85,97.8,47.68,none,0
143,33,10.7,175.15,447.03,103.44,47.13,none,0
143,34,10.7,171.87,400.45,101.12,47.03,none,0
143,35,10.7,169.16,464.07,100.97,31.71,none,0
143,36,10.7,162.25,447.01,102.17,44.06,none,0
143,37,10.7,175.51,430.77,105.27,41.6,none,0
143,38,10.7,170.86,480.13,100.19,30.48,none,0
143,39,10.7,165.89,473.34,101.16,34.99,none,0
143,40,10.7,166.86,466.19,97.63,40.2,none,0
143,41,10.7,178.06,430.56,101.42,45.47,none,0
143,42,10.7,165.8,470.45,104.43,47.84,none,0
143,43,10.7,164.44,435.92,99.35,30.58,none,0
143,44,10.7,165.3,465.03,99.85,23.35,none,0
143,45,10.7,167.96,430.32,106.91,29.09,none,0
143,46,10.7,165.83,451.14,103.67,43.07,none,0
143,47,10.7,164.96,454.39,100.5,54.16,none,0
143,48,10.7,171.4,442.85,99.32,39.47,none,0
143,49,10.7,174.18,461.3,96.22,41.04,none,0
143,50,10.7,163.9,460.7,101.52,37.85,none,0
143,51,10.7,172.08,443.22,98.87,35.27,none,0
143,52,10.7,175.23,474.08,101.04,41.66,none,0
143,53,10.7,162.86,444.55,101.22,26.79,none,0
143,54,10.7,165.07,447.77,98.71,37.25,none,0
143,55,10.7,168.13,491.62,96.95,34.79,none,0
143,56,10.7,175.48,436.64,98.74,35.05,none,0
143,57,10.7,164.44,438.18,104.32,48.81,none,0
143,58,10.7,172.92,420.51,99.17,42.96,none,0
143,59,10.7,173.02,480.69,102.3,38.54,none,0
143,60,10.7,168.32,455.46,101.44,42.17,none,0
143,61,10.7,170.98,448.81,97.04,44.06,none,0
143,62,10.7,172.76,422.0,100.52,34.65,none,0
143,63,10.7,163.89,412.27,102.87,34.93,none,0
143,64,10.7,168.44,461.74,102.15,46.2,none,0
143,65,10.7,172.01,473.42,95.54,30.68,none,0
143,66,10.7,164.61,444.6,102.23,26.54,none,0
143,67,10.7,172.98,433.07,102.35,40.66,none,0
143,68,10.7,168.17,458.38,102.89,48.65,none,0
143,69,10.7,172.42,433.95,104.18,42.25,none,0
143,70,10.7,170.28,439.36,100.4,47.91,none,0
143,71,10.7,174.02,446.07,99.48,42.78,none,0
143,72,10.7,175.34,427.24,98.05,46.57,none,0
143,73,10.7,168.33,441.69,100.84,40.63,none,0
143,74,10.7,177.07,486.56,94.27,36.68,none,0
143,75,10.7,166.29,447.07,101.76,43.98,none,0
143,76,10.7,174.07,442.02,102.86,41.4,none,0
143,77,10.7,174.46,444.51,93.45,41.54,none,0
143,78,10.7,176.24,420.57,102.8,37.25,none,0
143,79,10.7,174.34,446.95,98.23,44.71,none,0
143,80,10.7,160.17,473.22,96.85,51.46,none,0
143,81,10.7,178.27,426.24,100.02,33.89,none,0
143,82,10.7,170.02,457.94,99.87,37.92,none,0
143,83,10.7,166.25,438.45,101.36,46.35,none,0
143,84,10.7,179.77,420.69,99.68,44.22,none,0
143,85,10.7,177.86,447.0,98.76,43.61,none,0
143,86,10.7,169.43,453.68,98.09,26.0,none,0
143,87,10.7,166.04,440.37,102.25,36.93,none,0
143,88,10.7,165.26,465.41,94.72,32.94,none,0
143,89,10.7,173.57,466.25,97.66,50.7,none,0
143,90,10.7,169.51,430.9,97.11,39.0,none,0
143,91,10.7,166.3,456.16,99.05,48.38,none,0
143,92,10.7,171.4,442.43,101.13,41.97,none,0
143,93,10.7,173.6,455.2,101.31,45.78,none,0
143,94,10.7,163.93,441.43,99.17,40.23,none,0
143,95,10.7,174.25,465.69,98.44,39.98,none,0
143,96,10.7,167.54,471.22,98.6,47.92,none,0
143,97,10.7,168.08,450.59,101.57,37.17,none,0
143,98,10.7,166.26,431.75,103.27,47.31,none,0
143,99,10.7,166.95,470.78,103.57,31.38,none,0
143,100,10.7,164.99,453.15,94.03,39.65,none,0
143,101,10.7,167.06,410.07,100.85,37.24,none,0
143,102,10.7,173.77,446.96,98.78,57.02,none,0
143,103,10.7,173.71,478.77,102.01,31.74,none,0
143,104,10.7,167.77,450.25,103.76,39.79,none,0
143,105,10.7,164.33,486.06,96.58,40.79,none,0
143,106,10.7,174.11,432.38,96.77,49.5,none,0
143,107,10.7,172.14,455.9,101.99,48.16,none,0
143,108,10.7,181.36,453.26,97.33,39.86,none,0
143,109,10.7,177.66,419.26,98.18,36.52,none,0
143,110,10.7,166.11,413.25,98.91,44.52,none,0
143,111,10.7,170.25,448.68,106.19,46.02,none,0
143,112,10.7,154.88,450.38,100.07,28.54,none,0
143,113,10.7,169.29,475.49,102.63,51.93,none,0
143,114,10.7,162.76,473.4,102.18,34.16,none,0
143,115,10.7,165.1,445.69,94.57,32.82,none,0
143,116,10.7,167.03,458.13,102.22,44.89,none,0
143,117,10.7,180.93,414.27,101.12,36.25,none,0
143,118,10.7,176.13,477.02,100.67,46.3,none,0
143,119,10.7,168.76,495.82,101.77,40.51,none,0
144,0,8.0,172.77,453.99,100.9,52.72,none,0
144,1,8.0,169.78,457.03,96.32,36.38,none,0
144,2,8.0,173.73,451.71,99.93,25.2,none,0
144,3,8.0,172.91,432.09,101.08,55.57,none,0
144,4,8.0,162.24,476.57,102.07,56.67,none,0
144,5,8.0,166.8,453.31,103.93,37.05,none,0
144,6,8.0,166.83,441.07,100.39,35.57,none,0
144,7,8.0,168.29,437.62,98.54,39.18,none,0
144,8,8.0,175.78,442.07,97.32,48.24,none,0
144,9,8.0,178.09,432.12,99.28,30.53,none,0
144,10,8.0,173.22,444.62,98.25,42.67,none,0
144,11,8.0,165.77,471.3,102.35,31.15,none,0
144,12,8.0,175.64,446.16,102.16,41.25,none,0
144,13,8.0,171.45,427.56,99.06,41.58,none,0
144,14,8.0,176.34,423.67,104.2,43.66,none,0
144,15,8.0,172.95,433.86,99.65,40.71,none,0
144,16,8.0,170.52,438.64,102.58,44.02,none,0
144,17,8.0,171.53,468.64,98.95,34.82,none,0
144,18,8.0,169.87,470.94,93.54,54.9,none,0
144,19,8.0,144.14,392.92,112.36,61.94,comp2,1
144,20,8.0,170.98,456.62,105.45,37.32,none,0
144,21,8.0,166.7,443.81,98.97,35.79,none,0
144,22,8.0,170.02,456.86,100.47,44.25,none,0
144,23,8.0,166.18,439.03,102.29,34.12,none,0
144,24,8.0,135.93,322.81,114.66,81.92,comp4,1
144,25,8.0,168.95,445.69,104.59,35.24,none,0
144,26,8.0,177.27,472.85,101.7,43.75,none,0
144,27,8.0,174.32,512.02,99.66,42.4,none,0
144,28,8.0,167.81,451.08,99.92,37.35,none,0
144,29,8.0,177.17,468.13,99.5,41.17,none,0
144,30,8.0,174.57,443.74,98.46,56.29,none,0
144,31,8.0,185.77,474.0,102.9,47.57,none,0
144,32,8.0,166.59,409.31,95.03,38.57,none,0
144,33,8.0,168.75,458.24,101.42,39.73,none,0
144,34,8.0,179.05,475.36,102.71,45.66,none,0
144,35,8.0,169.44,428.11,99.71,43.64,none,0
144,36,8.0,166.26,448.25,97.83,30.65,none,0
144,37,8.0,172.32,470.21,97.03,44.01,none,0
144,38,8.0,174.95,467.97,104.63,44.42,none,0
144,39,8.0,170.19,453.45,99.29,32.31,none,0
144,40,8.0,180.57,433.06,102.59,39.7,none,0
144,41,8.0,170.15,409.32,98.36,45.11,none,0
144,42,8.0,167.62,447.04,99.04,31.13,none,0
144,43,8.0,165.72,421.69,107.27,51.41,none,0
144,44,8.0,175.66,488.67,100.85,43.13,none,0
144,45,8.0,169.28,442.17,106.26,39.56,none,0
144,46,8.0,174.55,468.34,98.48,26.4,none,0
144,47,8.0,162.38,472.91,94.89,50.92,none,0
144,48,8.0,168.82,440.89,103.75,35.96,none,0
144,49,8.0,165.44,417.66,97.0,37.14,none,0
144,50,8.0,174.45,463.48,103.43,32.06,none,0
144,51,8.0,181.5,472.93,95.99,55.36,none,0
144,52,8.0,171.45,499.41,106.6,45.64,none,0
144,53,8.0,168.2,444.27,100.99,40.19,none,0
144,54,8.0,170.54,450.72,101.77,18.25,none,0
144,55,8.0,159.11,466.13,98.39,41.69,none,0
144,56,8.0,169.67,443.66,97.92,31.72,none,0
144,57,8.0,167.49,496.09,106.46,35.42,none,0
144,58,8.0,171.5,476.09,92.79,49.1,none,0
144,59,8.0,173.52,445.69,102.04,43.15,none,0
144,60,8.0,167.91,451.8,103.39,38.9,none,0
144,61,8.0,171.8,469.3,103.14,34.25,none,0
144,62,8.0,170.08,447.42,98.66,34.55,none,0
144,63,8.0,160.75,459.03,98.94,47.47,none,0
144,64,8.0,176.91,426.68,100.42,34.33,none,0
144,65,8.0,161.62,454.71,98.58,35.19,none,0
144,66,8.0,167.44,410.36,104.43,44.81,none,0
144,67,8.0,168.82,458.12,97.38,26.18,none,0
144,68,8.0,170.81,452.99,106.29,42.44,none,0
144,69,8.0,177.64,475.05,97.19,31.51,none,0
144,70,8.0,170.49,446.79,105.44,49.23,none,0
144,71,8.0,170.55,453.6,100.42,39.14,none,0
144,72,8.0,171.77,424.85,97.32,38.8,none,0
144,73,8.0,174.48,450.61,105.24,42.25,none,0
144,74,8.0,166.86,445.34,102.91,50.51,none,0
144,75,8.0,173.8,441.44,96.15,26.76,none,0
144,76,8.0,183.71,450.34,98.4,39.09,none,0
144,77,8.0,165.54,458.57,98.53,42.81,none,0
144,78,8.0,167.43,472.51,104.14,45.64,none,0
144,79,8.0,170.97,452.58,102.08,33.74,none,0
144,80,8.0,168.39,486.46,93.18,47.63,none,0
144,81,8.0,178.97,428.93,103.08,21.83,none,0
144,82,8.0,180.1,449.99,97.82,48.27,none,0
144,83,8.0,160.37,436.85,102.4,23.96,none,0
144,84,8.0,169.39,426.84,100.78,33.18,none,0
144,85,8.0,175.32,410.17,99.81,31.78,none,0
144,86,8.0,167.09,430.52,99.49,42.21,none,0
144,87,8.0,170.75,469.42,100.48,30.01,none,0
144,88,8.0,173.87,456.31,99.68,42.67,none,0
144,89,8.0,161.78,471.4,101.72,46.84,none,0
144,90,8.0,169.91,468.06,103.18,42.95,none,0
144,91,8.0,169.39,444.37,98.67,45.46,none,0
144,92,8.0,171.02,441.05,98.29,16.69,none,0
144,93,8.0,171.98,449.3,98.82,39.87,none,0
144,94,8.0,164.1,470.08,98.07,43.7,none,0
144,95,8.0,173.89,459.64,94.91,52.46,none,0
144,96,8.0,177.05,471.13,102.67,35.36,none,0
144,97,8.0,163.97,453.59,98.3,44.1,none,0
144,98,8.0,164.28,431.49,95.82,42.21,none,0
144,99,8.0,172.07,447.29,102.88,36.27,none,0
144,100,8.0,173.36,479.52,99.27,40.11,none,0
144,101,8.0,165.89,452.83,100.16,38.48,none,0
144,102,8.0,165.85,466.49,98.62,29.35,none,0
144,103,8.0,173.13,454.47,99.98,27.65,none,0
144,104,8.0,174.3,439.53,99.81,31.33,none,0
144,105,8.0,167.0,469.33,101.67,55.86,none,0
144,106,8.0,177.74,437.04,100.89,31.85,none,0
144,107,8.0,174.9,468.96,101.77,34.64,none,0
144,108,8.0,174.28,441.45,103.19,38.47,none,0
144,109,8.0,175.91,402.79,98.47,44.0,none,0
144,110,8.0,168.83,451.64,103.07,37.65,none,0
144,111,8.0,163.4,453.13,99.41,39.12,none,0
144,112,8.0,168.96,442.16,101.45,38.4,none,0
144,113,8.0,166.94,481.5,103.73,50.98,none,0
144,114,8.0,164.56,446.04,100.57,43.93,none,0
144,115,8.0,168.64,446.01,106.44,30.59,none,0
144,116,8.0,167.22,443.09,99.17,30.13,none,0
144,117,8.0,175.85,444.05,106.64,36.35,none,0
144,118,8.0,169.62,433.28,96.17,38.31,none,0
144,119,8.0,166.17,445.19,103.26,44.18,none,0
145,0,14.8,161.47,477.12,99.87,39.41,none,0
145,1,14.8,168.88,436.16,99.98,32.86,none,0
145,2,14.8,178.62,401.65,94.38,33.93,none,0
145,3,14.8,158.48,430.7,94.85,38.55,none,0
145,4,14.8,158.78,450.51,104.42,52.57,none,0
145,5,14.8,165.84,465.61,96.27,46.98,none,0
145,6,14.8,166.31,467.55,94.66,50.45,none,0
145,7,14.8,169.55,440.61,98.82,45.4,none,0
145,8,14.8,175.25,454.38,99.5,42.63,none,0
145,9,14.8,171.14,412.61,103.68,42.19,none,0
145,10,14.8,169.38,440.0,101.12,28.79,none,0
145,11,14.8,176.78,439.43,103.34,54.1,none,0
145,12,14.8,167.16,486.44,100.83,39.05,none,0
145,13,14.8,168.48,442.76,96.97,41.12,none,0
145,14,14.8,173.76,435.33,102.68,36.89,none,0
145,15,14.8,169.72,415.4,102.97,25.46,none,0
145,16,14.8,163.81,449.11,99.4,46.73,none,0
145,17,14.8,171.7,434.35,97.54,46.99,none,0
145,18,14.8,165.6,457.6,101.39,37.59,none,0
145,19,14.8,169.69,432.73,104.36,52.74,none,0
145,20,14.8,172.77,486.28,102.62,28.79,none,0
145,21,14.8,163.07,491.75,99.44,40.5,none,0
145,22,14.8,172.42,467.91,99.23,24.21,none,0
145,23,14.8,175.92,425.47,97.24,44.69,none,0
145,24,14.8,164.4,428.06,96.67,37.41,none,0
145,25,14.8,171.55,443.43,98.57,34.75,none,0
145,26,14.8,169.59,426.37,101.9,23.15,none,0
145,27,14.8,165.25,493.97,105.7,44.63,none,0
145,28,14.8,174.34,439.51,98.89,34.14,none,0
145,29,14.8,181.35,431.45,98.4,33.09,none,0
145,30,14.8,171.54,472.67,101.28,25.55,none,0
145,31,14.8,177.58,473.33,104.02,51.52,none,0
145,32,14.8,173.08,425.27,98.89,34.78,none,0
145,33,14.8,174.96,453.1,102.06,34.44,none,0
145,34,14.8,174.79,464.63,103.19,47.21,none,0
145,35,14.8,161.64,448.36,98.74,37.63,none,0
145,36,14.8,170.78,443.63,97.84,35.74,none,0
145,37,14.8,165.08,427.24,100.01,27.96,none,0
145,38,14.8,171.01,471.43,101.64,34.38,none,0
145,39,14.8,164.34,482.82,97.64,34.9,none,0
145,40,14.8,168.73,467.25,97.73,31.97,none,0
145,41,14.8,168.49,467.31,92.46,34.88,none,0
145,42,14.8,176.76,449.73,104.89,54.22,none,0
145,43,14.8,173.2,413.99,97.4,41.99,none,0
145,44,14.8,173.6,466.94,100.95,25.46,none,0
145,45,14.8,161.34,436.42,96.83,48.13,none,0
145,46,14.8,171.56,475.44,101.46,27.14,none,0
145,47,14.8,175.82,444.1,102.42,24.98,none,0
145,48,14.8,179.03,450.17,106.14,35.62,none,0
145,49,14.8,174.17,454.14,95.56,36.92,none,0
145,50,14.8,168.35,424.17,99.23,47.05,none,0
145,51,14.8,165.43,450.06,96.34,28.4,none,0
145,52,14.8,176.71,458.58,94.83,21.64,none,0
145,53,14.8,171.79,441.62,100.92,51.97,none,0
145,54,14.8,170.12,451.35,103.65,36.76,none,0
145,55,14.8,171.93,430.05,102.66,41.31,none,0
145,56,14.8,163.79,414.21,101.92,46.63,none,0
145,57,14.8,166.92,471.52,93.48,39.75,none,0
145,58,14.8,169.08,440.18,104.89,48.8,none,0
145,59,14.8,173.19,450.8,98.65,30.4,none,0
145,60,14.8,175.19,446.32,96.6,47.62,none,0
145,61,14.8,169.4,426.67,100.71,55.55,none,0
145,62,14.8,170.59,426.17,100.03,41.31,none,0
145,63,14.8,174.34,433.54,97.69,35.34,none,0
145,64,14.8,166.32,426.26,99.02,48.03,none,0
145,65,14.8,164.65,428.15,102.08,51.41,none,0
145,66,14.8,179.69,445.55,98.66,34.88,none,0
145,67,14.8,166.67,431.47,91.23,44.64,none,0
145,68,14.8,169.29,458.62,96.29,33.54,none,0
145,69,14.8,170.09,432.76,98.55,23.43,none,0
145,70,14.8,175.97,448.85,100.39,50.31,none,0
145,71,14.8,170.9,465.62,99.49,47.49,none,0
145,72,14.8,159.56,479.16,96.69,51.92,none,0
145,73,14.8,172.24,447.54,100.45,46.09,none,0
145,74,14.8,171.84,466.61,98.49,36.63,none,0
145,75,14.8,162.98,458.3,99.44,44.92,none,0
145,76,14.8,179.88,458.49,97.6,50.91,none,0
145,77,14.8,179.13,456.01,100.61,24.25,none,0
145,78,14.8,168.44,469.52,98.71,40.22,none,0
145,79,14.8,166.94,463.98,99.76,26.29,none,0
145,80,14.8,178.45,463.81,97.84,37.43,none,0
145,81,14.8,175.05,453.81,97.71,33.32,none,0
145,82,14.8,170.12,470.36,98.62,35.54,none,0
145,83,14.8,171.26,443.78,102.23,49.77,none,0
145,84,14.8,166.43,442.52,100.2,29.04,none,0
145,85,14.8,169.04,468.8,99.69,47.79,none,0
145,86,14.8,169.4,436.97,99.33,37.93,none,0
145,87,14.8,162.12,461.06,100.88,22.35,none,0
145,88,14.8,157.44,442.64,94.93,48.61,none,0
145,89,14.8,173.08,473.88,98.91,39.15,none,0
145,90,14.8,166.59,446.96,99.95,37.2,none,0
145,91,14.8,179.1,469.52,98.14,46.62,none,0
145,92,14.8,173.39,466.86,97.96,31.87,none,0
145,93,14.8,165.49,456.8,102.05,20.12,none,0
145,94,14.8,154.24,483.5,102.59,36.32,none,0
145,95,14.8,169.87,468.48,105.15,24.69,none,0
145,96,14.8,168.74,499.54,96.95,35.73,none,0
145,97,14.8,169.48,452.62,93.69,39.41,none,0
145,98,14.8,171.8,453.94,97.4,27.24,none,0
145,99,14.8,173.3,445.52,103.73,48.66,none,0
145,100,14.8,162.38,440.34,104.94,49.21,none,0
145,101,14.8,168.41,452.96,102.36,38.62,none,0
145,102,14.8,165.16,460.01,99.09,39.69,none,0
145,103,14.8,165.5,440.42,101.99,49.05,none,0
145,104,14.8,165.19,482.99,96.28,39.07,none,0
145,105,14.8,167.32,432.92,100.09,45.64,none,0
145,106,14.8,161.88,444.23,98.87,37.7,none,0
145,107,14.8,172.67,443.38,100.79,43.08,none,0
145,108,14.8,173.25,462.44,92.94,37.24,none,0
145,109,14.8,171.22,402.39,102.5,35.76,none,0
145,110,14.8,166.21,426.24,97.89,32.89,none,0
145,111,14.8,158.88,425.07,100.43,45.17,none,0
145,112,14.8,162.76,467.69,105.83,44.71,none,0
145,113,14.8,170.95,443.97,98.3,41.85,none,0
145,114,14.8,166.62,473.85,102.38,44.46,none,0
145,115,14.8,173.91,470.25,99.96,35.22,none,0
145,116,14.8,158.51,494.37,97.96,34.68,none,0
145,117,14.8,165.77,440.55,98.44,30.35,none,0
145,118,14.8,166.03,438.9,102.03,34.7,none,0
145,119,14.8,179.54,464.79,100.21,33.41,none,0
146,0,0.2,160.28,466.26,102.1,41.07,none,0
146,1,0.2,177.47,452.0,99.56,39.53,none,0
146,2,0.2,162.32,486.54,100.01,30.95,none,0
146,3,0.2,175.19,436.23,100.62,34.54,none,0
146,4,0.2,166.58,434.08,99.4,29.99,none,0
146,5,0.2,170.86,484.84,101.48,40.56,none,0
146,6,0.2,165.07,462.21,100.69,46.44,none,0
146,7,0.2,177.62,423.52,98.06,53.08,none,0
146,8,0.2,173.66,479.33,99.8,30.48,none,0
146,9,0.2,176.6,451.6,100.43,33.19,none,0
146,10,0.2,170.83,452.59,95.54,46.22,none,0
146,11,0.2,170.46,440.37,98.1,39.21,none,0
146,12,0.2,169.06,415.52,103.71,34.27,none,0
146,13,0.2,170.95,420.27,104.1,29.01,none,0
146,14,0.2,169.53,429.67,98.36,41.8,none,0
146,15,0.2,164.27,458.62,100.77,42.61,none,0
146,16,0.2,169.17,428.63,98.61,30.63,none,0
146,17,0.2,169.75,473.32,98.9,36.75,none,0
146,18,0.2,170.64,474.03,97.32,41.47,none,0
146,19,0.2,174.49,438.46,97.14,42.08,none,0
146,20,0.2,175.98,433.69,99.25,38.06,none,0
146,21,0.2,162.94,423.84,102.09,39.59,none,0
146,22,0.2,174.22,498.51,102.7,36.76,none,0
146,23,0.2,175.42,451.46,105.28,36.21,none,0
146,24,0.2,168.14,460.58,97.63,36.94,none,0
146,25,0.2,184.53,422.99,98.64,40.7,none,0
146,26,0.2,166.92,444.95,95.95,30.65,none,0
146,27,0.2,157.56,456.57,104.07,35.93,none,0
146,28,0.2,168.52,487.97,97.5,28.18,none,0
146,29,0.2,171.0,462.76,101.29,32.6,none,0
146,30,0.2,168.16,432.0,95.41,59.94,none,0
146,31,0.2,178.8,467.25,98.92,41.43,none,0
146,32,0.2,158.85,456.17,98.47,41.92,none,0
146,33,0.2,175.87,441.91,100.87,16.7,none,0
146,34,0.2,174.52,430.99,102.86,31.93,none,0
146,35,0.2,171.41,431.35,101.56,38.09,none,0
146,36,0.2,167.57,430.1,98.4,45.88,none,0
146,37,0.2,164.3,439.35,103.92,46.98,none,0
146,38,0.2,172.22,429.86,96.8,26.38,none,0
146,39,0.2,169.72,458.07,101.19,48.66,none,0
146,40,0.2,169.57,436.39,101.11,23.98,none,0
146,41,0.2,171.75,441.13,98.57,35.64,none,0
146,42,0.2,165.22,419.08,101.39,27.91,none,0
146,43,0.2,171.81,451.68,99.59,40.62,none,0
146,44,0.2,171.81,419.72,97.76,32.7,none,0
146,45,0.2,169.26,439.53,102.54,46.45,none,0
146,46,0.2,173.45,482.32,103.08,51.91,none,0
146,47,0.2,171.47,458.62,108.79,40.83,none,0
146,48,0.2,169.49,436.37,98.48,36.99,none,0
146,49,0.2,172.44,484.0,102.57,35.6,none,0
146,50,0.2,164.37,462.63,103.23,28.23,none,0
146,51,0.2,175.52,412.33,103.95,36.35,none,0
146,52,0.2,170.38,432.22,102.8,45.79,none,0
146,53,0.2,169.73,465.72,98.14,33.25,none,0
146,54,0.2,161.54,462.28,97.89,50.35,none,0
146,55,0.2,173.47,436.24,102.2,54.49,none,0
146,56,0.2,166.15,465.15,103.86,41.13,none,0
146,57,0.2,169.34,458.25,104.03,37.19,none,0
146,58,0.2,178.38,427.99,96.08,40.93,none,0
146,59,0.2,176.47,473.52,107.19,39.7,none,0
146,60,0.2,169.69,449.41,97.47,38.21,none,0
146,61,0.2,166.14,428.87,105.05,52.33,none,0
146,62,0.2,164.62,460.61,95.29,33.22,none,0
146,63,0.2,170.76,478.94,92.93,34.46,none,0
146,64,0.2,173.89,413.79,96.78,48.05,none,0
146,65,0.2,177.34,474.04,99.49,44.91,none,0
146,66,0.2,176.12,467.41,102.74,31.8,none,0
146,67,0.2,183.34,466.19,99.19,46.35,none,0
146,68,0.2,165.0,442.54,96.24,35.73,none,0
146,69,0.2,175.58,478.24,101.32,28.86,none,0
146,70,0.2,171.09,446.87,97.21,45.53,none,0
146,71,0.2,173.22,450.73,102.79,30.8,none,0
146,72,0.2,166.25,448.77,95.21,33.87,none,0
146,73,0.2,168.36,489.19,102.1,44.69,none,0
146,74,0.2,166.35,439.32,101.85,47.18,none,0
146,75,0.2,172.97,463.32,101.99,40.47,none,0
146,76,0.2,181.85,411.99,96.76,28.43,none,0
146,77,0.2,170.12,415.2,104.81,46.53,none,0
146,78,0.2,171.55,465.91,100.63,23.08,none,0
146,79,0.2,173.88,423.58,98.43,57.87,none,0
146,80,0.2,175.22,464.45,99.06,17.14,none,0
146,81,0.2,167.18,491.8,101.05,43.37,none,0
146,82,0.2,174.51,445.53,98.94,41.12,none,0
146,83,0.2,170.06,444.23,107.18,31.05,none,0
146,84,0.2,175.0,456.3,105.46,34.67,none,0
146,85,0.2,166.37,451.38,100.4,43.99,none,0
146,86,0.2,169.23,461.97,99.34,40.85,none,0
146,87,0.2,167.15,402.28,101.31,35.53,none,0
146,88,0.2,162.16,431.22,101.48,59.54,none,0
146,89,0.2,169.7,461.43,99.41,43.74,none,0
146,90,0.2,171.68,462.69,99.72,16.48,none,0
146,91,0.2,174.17,386.59,102.57,36.74,none,0
146,92,0.2,178.68,442.75,99.51,45.92,none,0
146,93,0.2,168.49,453.49,101.16,49.73,none,0
146,94,0.2,167.1,409.55,107.31,42.32,none,0
146,95,0.2,156.22,463.92,99.69,40.07,none,0
146,96,0.2,170.45,439.8,102.64,38.77,none,0
146,97,0.2,166.15,452.91,99.65,55.63,none,0
146,98,0.2,166.13,418.15,102.88,48.56,none,0
146,99,0.2,175.94,462.17,94.63,55.85,none,0
146,100,0.2,170.52,463.12,100.43,37.71,none,0
146,101,0.2,179.77,469.89,105.71,46.05,none,0
146,102,0.2,170.18,430.87,103.45,45.28,none,0
146,103,0.2,162.53,493.86,102.91,39.22,none,0
146,104,0.2,169.57,446.52,98.0,43.81,none,0
146,105,0.2,176.72,436.61,94.79,34.13,none,0
146,106,0.2,174.34,449.62,94.72,35.12,none,0
146,107,0.2,169.66,482.0,106.39,42.89,none,0
146,108,0.2,168.94,449.21,97.87,36.04,none,0
146,109,0.2,175.28,451.81,98.42,35.35,none,0
146,110,0.2,167.02,515.18,109.0,38.48,none,0
146,111,0.2,161.85,434.59,95.1,37.85,none,0
146,112,0.2,163.06,477.29,100.22,51.59,none,0
146,113,0.2,167.72,443.24,100.74,50.29,none,0
146,114,0.2,164.31,418.74,101.44,49.24,none,0
146,115,0.2,173.23,489.54,105.0,36.84,none,0
146,116,0.2,169.66,432.59,101.15,56.05,none,0
146,117,0.2,166.2,469.54,101.06,55.98,none,0
146,118,0.2,169.17,438.32,102.33,46.16,none,0
146,119,0.2,165.29,446.52,98.57,51.78,none,0
147,0,2.4,171.04,482.42,99.09,31.02,none,0
147,1,2.4,171.86,408.23,100.26,41.0,none,0
147,2,2.4,173.19,461.36,102.53,31.45,none,0
147,3,2.4,167.81,464.82,101.98,37.41,none,0
147,4,2.4,167.12,443.76,100.77,43.7,none,0
147,5,2.4,171.99,475.12,104.4,44.16,none,0
147,6,2.4,173.82,445.36,97.55,46.67,none,0
147,7,2.4,169.34,436.41,101.77,48.8,none,0
147,8,2.4,169.03,468.35,97.01,43.66,none,0
147,9,2.4,169.27,461.17,94.01,34.98,none,0
147,10,2.4,174.99,463.46,98.28,43.12,none,0
147,11,2.4,169.94,432.52,98.07,29.82,none,0
147,12,2.4,175.28,422.53,99.36,33.04,none,0
147,13,2.4,172.11,465.57,101.69,45.82,none,0
147,14,2.4,177.34,468.25,93.34,36.94,none,0
147,15,2.4,172.09,403.18,96.1,30.03,none,0
147,16,2.4,168.53,461.47,96.73,34.57,none,0
147,17,2.4,173.27,461.32,102.45,30.27,none,0
147,18,2.4,169.85,428.2,98.12,42.22,none,0
147,19,2.4,171.96,452.86,103.66,36.37,none,0
147,20,2.4,168.72,456.54,99.22,48.88,none,0
147,21,2.4,160.66,435.62,99.84,46.18,none,0
147,22,2.4,167.55,455.7,102.3,32.32,none,0
147,23,2.4,169.97,459.48,99.22,32.06,none,0
147,24,2.4,162.45,472.57,99.85,39.97,none,0
147,25,2.4,174.54,441.84,99.16,33.44,none,0
147,26,2.4,165.56,423.07,101.37,37.01,none,0
147,27,2.4,167.88,432.89,103.22,30.66,none,0
147,28,2.4,160.57,470.96,99.99,37.14,none,0
147,29,2.4,158.71,457.06,100.66,41.43,none,0
147,30,2.4,171.9,462.28,102.58,29.05,none,0
147,31,2.4,177.0,482.73,99.4,53.58,none,0
147,32,2.4,170.64,420.61,96.8,54.33,none,0
147,33,2.4,165.79,451.28,104.84,31.37,none,0
147,34,2.4,165.28,453.87,101.04,39.01,none,0
147,35,2.4,167.81,451.6,99.86,44.0,none,0
147,36,2.4,175.35,431.77,99.52,59.99,none,0
147,37,2.4,169.1,466.8,98.47,39.61,none,0
147,38,2.4,181.52,422.92,101.23,38.04,none,0
147,39,2.4,172.75,446.48,100.75,46.69,none,0
147,40,2.4,173.83,469.63,101.74,29.51,none,0
147,41,2.4,171.96,487.99,99.38,37.63,none,0
147,42,2.4,172.07,440.56,101.59,42.54,none,0
147,43,2.4,176.07,427.4,97.29,44.86,none,0
147,44,2.4,173.86,484.05,100.37,49.42,none,0
147,45,2.4,164.32,431.52,103.1,39.07,none,0
147,46,2.4,160.8,472.15,100.81,54.91,none,0
147,47,2.4,169.16,455.42,99.68,47.14,none,0
147,48,2.4,170.56,471.65,102.04,16.17,none,0
147,49,2.4,171.76,464.47,96.18,32.7,none,0
147,50,2.4,167.48,482.15,101.06,44.03,none,0
147,51,2.4,175.85,464.44,100.71,35.69,none,0
147,52,2.4,171.12,424.59,100.67,42.0,none,0
147,53,2.4,172.84,439.41,98.64,35.64,none,0
147,54,2.4,165.56,457.61,99.01,39.49,none,0
147,55,2.4,174.03,470.38,99.33,36.26,none,0
147,56,2.4,168.75,430.43,101.76,47.06,none,0
147,57,2.4,157.39,438.38,99.42,25.45,none,0
147,58,2.4,178.5,430.23,100.32,42.95,none,0
147,59,2.4,164.6,470.19,97.4,49.54,none,0
147,60,2.4,171.65,443.21,93.06,23.24,none,0
147,61,2.4,165.24,454.73,97.5,39.5,none,0
147,62,2.4,172.88,453.01,99.78,45.39,none,0
147,63,2.4,169.08,430.99,98.76,43.1,none,0
147,64,2.4,167.33,459.95,100.35,41.17,none,0
147,65,2.4,171.6,451.04,104.25,51.11,none,0
147,66,2.4,167.67,447.27,97.05,35.74,none,0
147,67,2.4,166.52,443.32,100.69,40.08,none,0
147,68,2.4,170.71,436.64,102.59,43.55,none,0
147,69,2.4,176.11,456.28,98.77,35.14,none,0
147,70,2.4,162.16,483.35,100.69,33.71,none,0
147,71,2.4,167.54,431.26,93.97,36.69,none,0
147,72,2.4,168.17,457.63,99.8,34.59,none,0
147,73,2.4,169.13,445.52,100.96,58.72,none,0
147,74,2.4,175.85,438.07,96.75,35.69,none,0
147,75,2.4,173.84,461.7,101.36,44.11,none,0
147,76,2.4,169.38,424.22,91.46,32.73,none,0
147,77,2.4,177.01,424.66,97.29,34.85,none,0
147,78,2.4,176.49,447.08,95.48,38.8,none,0
147,79,2.4,169.64,478.05,96.85,42.53,none,0
147,80,2.4,169.92,446.85,101.09,44.95,none,0
147,81,2.4,163.22,457.73,100.34,45.27,none,0
147,82,2.4,177.85,426.73,96.37,39.7,none,0
147,83,2.4,166.64,463.95,101.32,33.71,none,0
147,84,2.4,167.7,468.11,103.16,47.82,none,0
147,85,2.4,174.02,472.37,102.14,29.87,none,0
147,86,2.4,172.87,436.62,102.97,40.83,none,0
147,87,2.4,165.03,428.98,96.86,37.39,none,0
147,88,2.4,166.2,480.38,104.53,42.19,none,0
147,89,2.4,169.87,461.63,98.15,49.46,none,0
147,90,2.4,181.32,448.67,97.86,53.72,none,0
147,91,2.4,165.79,467.1,99.72,39.54,none,0
147,92,2.4,161.74,441.9,100.99,39.79,none,0
147,93,2.4,166.04,456.18,104.7,21.38,none,0
147,94,2.4,158.62,463.36,105.07,44.87,none,0
147,95,2.4,169.71,449.6,100.14,39.67,none,0
147,96,2.4,174.72,485.45,99.57,42.84,none,0
147,97,2.4,173.05,436.25,98.85,51.71,none,0
147,98,2.4,163.75,427.94,95.51,42.61,none,0
147,99,2.4,165.36,450.06,95.62,26.03,none,0
147,100,2.4,160.86,478.11,101.48,53.82,none,0
147,101,2.4,170.29,442.14,96.5,31.2,none,0
147,102,2.4,169.08,416.07,99.81,33.51,none,0
147,103,2.4,172.78,452.92,104.42,36.05,none,0
147,104,2.4,171.96,471.46,99.09,44.23,none,0
147,105,2.4,163.93,448.23,96.1,49.6,none,0
147,106,2.4,165.38,449.92,102.07,38.51,none,0
147,107,2.4,166.78,488.17,98.52,42.89,none,0
147,108,2.4,167.75,480.4,100.47,47.27,none,0
147,109,2.4,169.43,451.98,96.77,34.19,none,0
147,110,2.4,167.96,433.45,97.16,30.83,none,0
147,111,2.4,173.32,477.2,101.25,40.78,none,0
147,112,2.4,172.84,459.28,102.15,45.44,none,0
147,113,2.4,160.23,486.98,98.75,47.87,none,0
147,114,2.4,166.16,458.81,104.46,35.67,none,0
147,115,2.4,169.55,476.15,103.16,25.42,none,0
147,116,2.4,164.61,403.22,101.64,49.98,none,0
147,117,2.4,159.8,444.25,100.65,33.14,none,0
147,118,2.4,161.45,470.82,99.76,55.56,none,0
147,119,2.4,178.51,451.85,99.45,43.9,none,0
148,0,12.0,175.87,473.47,98.7,42.46,none,0
148,1,12.0,174.79,444.31,104.79,49.28,none,0
148,2,12.0,178.68,445.86,102.02,37.56,none,0
148,3,12.0,176.02,435.68,101.28,50.84,none,0
148,4,12.0,173.26,458.65,98.2,56.77,none,0
148,5,12.0,175.09,456.1,99.13,42.95,none,0
148,6,12.0,165.19,462.7,97.4,54.81,none,0
148,7,12.0,170.1,428.24,105.86,40.72,none,0
148,8,12.0,140.78,392.42,113.64,77.78,comp1,1
148,9,12.0,169.24,436.92,99.41,47.66,none,0
148,10,12.0,155.15,450.62,99.61,48.45,none,0
148,11,12.0,166.95,460.36,99.33,43.33,none,0
148,12,12.0,166.98,452.94,104.88,51.28,none,0
148,13,12.0,169.7,457.19,104.09,24.18,none,0
148,14,12.0,169.96,453.12,98.12,43.04,none,0
148,15,12.0,177.2,470.56,96.12,47.77,none,0
148,16,12.0,174.92,472.14,97.39,45.2,none,0
148,17,12.0,165.72,467.63,92.85,39.28,none,0
148,18,12.0,179.01,499.37,99.91,48.61,none,0
148,19,12.0,167.47,423.14,100.56,46.03,none,0
148,20,12.0,159.16,438.81,99.52,55.2,none,0
148,21,12.0,158.03,445.12,102.05,36.49,none,0
148,22,12.0,166.43,454.26,99.48,42.5,none,0
148,23,12.0,177.07,462.9,103.64,26.33,none,0
148,24,12.0,146.28,358.95,109.46,68.16,comp1,1
148,25,12.0,172.21,437.77,100.29,56.63,none,0
148,26,12.0,162.24,455.15,98.34,30.38,none,0
148,27,12.0,160.41,457.3,93.97,35.76,none,0
148,28,12.0,177.25,483.18,99.28,40.93,none,0
148,29,12.0,165.2,461.79,102.74,29.72,none,0
148,30,12.0,144.29,379.35,114.82,78.76,comp2,1
148,31,12.0,167.2,461.03,101.85,45.03,none,0
148,32,12.0,162.87,453.7,100.33,29.68,none,0
148,33,12.0,172.18,444.62,101.77,44.46,none,0
148,34,12.0,168.72,462.68,98.51,41.75,none,0
148,35,12.0,171.39,445.47,102.89,36.06,none,0
148,36,12.0,168.22,458.94,104.64,40.37,none,0
148,37,12.0,175.38,469.26,98.55,33.11,none,0
148,38,12.0,172.2,489.32,98.47,39.35,none,0
148,39,12.0,166.75,436.93,95.11,39.82,none,0
148,40,12.0,172.53,483.81,97.51,40.14,none,0
148,41,12.0,176.79,422.89,101.29,41.35,none,0
148,42,12.0,172.13,420.59,97.69,34.0,none,0
148,43,12.0,163.86,476.3,104.63,37.11,none,0
148,44,12.0,163.25,413.48,96.2,30.62,none,0
148,45,12.0,170.54,412.62,95.31,38.28,none,0
148,46,12.0,171.11,443.27,99.76,34.33,none,0
148,47,12.0,170.28,479.55,100.95,43.49,none,0
148,48,12.0,157.84,510.67,96.19,37.91,none,0
148,49,12.0,167.38,453.66,100.62,27.18,none,0
148,50,12.0,166.24,451.29,101.14,42.09,none,0
148,51,12.0,164.71,432.66,98.65,44.79,none,0
148,52,12.0,176.54,440.04,98.79,45.31,none,0
148,53,12.0,169.25,455.17,104.08,39.17,none,0
148,54,12.0,153.61,427.7,119.07,52.28,comp3,1
148,55,12.0,165.37,466.91,98.86,50.87,none,0
148,56,12.0,170.58,451.7,99.39,50.24,none,0
148,57,12.0,148.62,358.48,117.74,74.63,comp4,1
148,58,12.0,176.7,469.2,101.31,34.65,none,0
148,59,12.0,170.57,446.21,95.7,51.04,none,0
148,60,12.0,162.23,455.18,103.18,26.39,none,0
148,61,12.0,177.99,458.2,99.19,52.58,none,0
148,62,12.0,166.05,448.37,98.2,47.02,none,0
148,63,12.0,172.52,447.98,95.56,44.09,none,0
148,64,12.0,160.86,479.52,103.93,41.87,none,0
148,65,12.0,175.04,475.5,98.25,40.61,none,0
148,66,12.0,172.1,425.79,101.92,35.1,none,0
148,67,12.0,165.77,452.04,97.07,35.11,none,0
148,68,12.0,159.82,384.02,116.31,53.65,comp2,1
148,69,12.0,167.44,460.32,98.3,41.17,none,0
148,70,12.0,171.7,438.77,97.32,40.03,none,0
148,71,12.0,174.28,441.39,99.11,49.75,none,0
148,72,12.0,171.65,459.33,96.49,27.59,none,0
148,73,12.0,167.77,458.92,94.86,44.78,none,0
148,74,12.0,180.66,481.37,100.21,41.72,none,0
148,75,12.0,173.53,449.34,99.35,46.28,none,0
148,76,12.0,164.42,448.7,105.8,26.69,none,0
148,77,12.0,169.08,425.5,97.64,17.65,none,0
148,78,12.0,166.65,449.5,96.49,54.28,none,0
148,79,12.0,180.55,418.43,96.67,49.25,none,0
148,80,12.0,175.32,487.79,101.45,38.15,none,0
148,81,12.0,176.26,463.92,98.51,41.61,none,0
148,82,12.0,167.92,424.89,100.47,33.58,none,0
148,83,12.0,168.32,463.95,102.69,35.19,none,0
148,84,12.0,175.19,439.91,100.61,46.66,none,0
148,85,12.0,167.32,430.0,103.42,39.53,none,0
148,86,12.0,167.76,450.97,98.87,32.12,none,0
148,87,12.0,163.57,437.57,104.87,39.59,none,0
148,88,12.0,182.94,452.37,102.1,42.75,none,0
148,89,12.0,170.02,453.86,99.17,30.7,none,0
148,90,12.0,166.17,484.1,95.67,43.48,none,0
148,91,12.0,173.17,476.46,99.99,32.9,none,0
148,92,12.0,170.72,467.05,96.38,46.41,none,0
148,93,12.0,177.35,465.99,97.92,48.15,none,0
148,94,12.0,165.64,461.96,96.24,37.92,none,0
148,95,12.0,168.96,451.39,100.05,42.56,none,0
148,96,12.0,171.11,438.33,100.46,34.08,none,0
148,97,12.0,167.44,422.57,100.91,30.93,none,0
148,98,12.0,164.65,458.2,100.52,44.15,none,0
148,99,12.0,168.0,495.54,97.08,45.81,none,0
148,100,12.0,163.29,451.26,102.21,35.73,none,0
148,101,12.0,159.67,458.6,94.39,46.12,none,0
148,102,12.0,172.31,441.73,102.54,29.97,none,0
148,103,12.0,168.05,425.83,96.68,56.9,none,0
148,104,12.0,172.58,443.08,100.35,33.08,none,0
148,105,12.0,165.96,454.55,95.35,52.13,none,0
148,106,12.0,176.52,464.76,99.18,34.44,none,0
148,107,12.0,168.04,436.52,102.78,37.03,none,0
148,108,12.0,167.59,450.22,97.05,48.96,none,0
148,109,12.0,171.48,434.7,104.0,50.66,none,0
148,110,12.0,165.88,480.27,101.55,36.23,none,0
148,111,12.0,177.57,451.85,103.61,42.97,none,0
148,112,12.0,164.33,417.15,105.45,30.76,none,0
148,113,12.0,161.26,418.79,97.86,53.32,none,0
148,114,12.0,170.88,469.12,99.8,45.56,none,0
148,115,12.0,171.79,437.16,90.66,51.1,none,0
148,116,12.0,169.61,432.9,104.02,30.02,none,0
148,117,12.0,171.76,439.27,94.43,39.96,none,0
148,118,12.0,166.55,449.3,104.01,43.82,none,0
148,119,12.0,163.61,444.38,100.16,43.07,none,0
149,0,1.3,175.37,448.6,102.8,32.42,none,0
149,1,1.3,162.96,417.73,100.26,48.08,none,0
149,2,1.3,169.91,453.04,96.91,37.17,none,0
149,3,1.3,173.69,469.29,98.68,40.97,none,0
149,4,1.3,169.35,429.77,98.92,35.67,none,0
149,5,1.3,176.47,448.79,99.01,21.28,none,0
149,6,1.3,173.76,447.21,99.3,32.02,none,0
149,7,1.3,172.3,431.62,99.95,41.91,none,0
149,8,1.3,166.94,462.34,100.64,41.36,none,0
149,9,1.3,165.57,430.94,94.82,52.75,none,0
149,10,1.3,166.04,434.56,106.84,30.19,none,0
149,11,1.3,158.65,443.22,97.82,33.89,none,0
149,12,1.3,171.34,456.86,97.12,40.05,none,0
149,13,1.3,170.22,455.53,104.13,38.0,none,0
149,14,1.3,169.78,465.6,104.22,38.23,none,0
149,15,1.3,166.81,469.46,99.63,38.22,none,0
149,16,1.3,170.25,446.82,101.03,46.48,none,0
149,17,1.3,166.47,429.57,96.38,44.02,none,0
149,18,1.3,174.91,457.7,107.42,33.42,none,0
149,19,1.3,172.13,485.24,102.93,37.53,none,0
149,20,1.3,166.18,446.08,97.24,52.95,none,0
149,21,1.3,170.49,417.77,96.63,25.83,none,0
149,22,1.3,162.61,439.08,100.06,45.18,none,0
149,23,1.3,170.58,428.88,101.81,32.79,none,0
149,24,1.3,166.3,460.17,99.37,30.03,none,0
149,25,1.3,179.12,439.56,99.81,44.04,none,0
149,26,1.3,166.79,452.89,98.12,47.13,none,0
149,27,1.3,173.42,434.54,103.59,40.43,none,0
149,28,1.3,168.8,451.75,93.27,53.45,none,0
149,29,1.3,168.95,451.37,100.56,40.85,none,0
149,30,1.3,172.9,456.79,100.73,36.01,none,0
149,31,1.3,165.75,461.9,99.06,30.54,none,0
149,32,1.3,172.7,475.46,97.41,40.81,none,0
149,33,1.3,170.06,453.3,98.17,63.16,none,0
149,34,1.3,170.31,456.54,99.82,43.5,none,0
149,35,1.3,169.21,455.51,103.29,39.59,none,0
149,36,1.3,182.1,450.31,100.14,48.24,none,0
149,37,1.3,169.25,435.03,103.7,28.96,none,0
149,38,1.3,169.49,440.81,103.97,44.3,none,0
149,39,1.3,175.84,455.95,104.4,44.08,none,0
149,40,1.3,167.6,447.41,99.4,45.77,none,0
149,41,1.3,171.61,442.96,101.0,54.07,none,0
149,42,1.3,161.42,449.96,96.92,34.17,none,0
149,43,1.3,171.08,441.79,102.38,48.31,none,0
149,44,1.3,169.34,436.28,98.37,48.77,none,0
149,45,1.3,144.47,370.33,108.85,70.46,comp1,1
149,46,1.3,167.22,473.47,103.5,40.32,none,0
149,47,1.3,180.14,448.32,96.66,52.32,none,0
149,48,1.3,175.08,443.23,104.98,25.92,none,0
149,49,1.3,170.28,488.69,102.39,34.71,none,0
149,50,1.3,174.51,449.19,97.56,32.96,none,0
149,51,1.3,171.61,423.65,92.76,37.0,none,0
149,52,1.3,165.0,411.88,96.33,40.88,none,0
149,53,1.3,165.01,436.53,97.59,34.41,none,0
149,54,1.3,164.26,502.36,105.45,39.65,none,0
149,55,1.3,164.05,451.72,99.92,51.56,none,0
149,56,1.3,159.42,445.93,101.28,49.45,none,0
149,57,1.3,173.23,446.23,100.54,36.26,none,0
149,58,1.3,171.34,453.07,101.53,40.62,none,0
149,59,1.3,165.24,452.04,99.94,32.68,none,0
149,60,1.3,181.24,456.93,100.32,40.36,none,0
149,61,1.3,180.99,471.16,102.05,46.76,none,0
149,62,1.3,167.27,419.24,97.58,20.7,none,0
149,63,1.3,172.71,452.7,90.69,45.31,none,0
149,64,1.3,173.62,456.93,105.76,38.78,none,0
149,65,1.3,169.7,458.42,101.47,41.16,none,0
149,66,1.3,168.69,448.27,103.79,46.76,none,0
149,67,1.3,168.87,430.74,100.17,43.44,none,0
149,68,1.3,157.63,469.31,103.81,46.37,none,0
149,69,1.3,167.39,429.15,100.37,38.6,none,0
149,70,1.3,182.87,433.51,105.56,44.22,none,0
149,71,1.3,165.37,453.23,101.33,45.07,none,0
149,72,1.3,170.66,454.51,98.4,39.39,none,0
149,73,1.3,167.93,481.29,100.42,25.48,none,0
149,74,1.3,160.29,399.42,102.56,35.03,none,0
149,75,1.3,173.95,432.92,98.21,20.38,none,0
149,76,1.3,167.11,484.19,100.59,33.65,none,0
149,77,1.3,168.45,450.02,101.86,17.05,none,0
149,78,1.3,173.78,471.64,98.65,35.73,none,0
149,79,1.3,178.59,440.04,100.08,28.38,none,0
149,80,1.3,165.15,414.2,101.29,30.87,none,0
149,81,1.3,157.23,444.19,97.76,42.09,none,0
149,82,1.3,158.85,453.93,100.81,43.78,none,0
149,83,1.3,166.06,416.44,98.55,27.99,none,0
149,84,1.3,164.8,420.35,99.61,30.31,none,0
149,85,1.3,170.83,429.77,103.45,38.64,none,0
149,86,1.3,167.47,454.14,94.6,28.74,none,0
149,87,1.3,169.1,430.27,99.19,43.17,none,0
149,88,1.3,166.93,425.28,100.05,36.6,none,0
149,89,1.3,173.84,494.48,94.01,55.93,none,0
149,90,1.3,170.39,464.66,101.84,39.08,none,0
149,91,1.3,176.92,461.54,95.53,45.63,none,0
149,92,1.3,171.82,450.22,99.64,49.11,none,0
149,93,1.3,173.53,429.75,95.51,51.69,none,0
149,94,1.3,176.83,472.78,95.29,36.95,none,0
149,95,1.3,177.32,455.88,102.9,36.69,none,0
149,96,1.3,168.61,438.38,98.93,45.03,none,0
149,97,1.3,164.6,442.4,101.91,52.29,none,0
149,98,1.3,169.87,446.6,100.13,31.29,none,0
149,99,1.3,169.65,443.73,103.61,23.99,none,0
149,100,1.3,164.66,431.58,105.32,40.16,none,0
149,101,1.3,177.28,450.72,103.21,25.1,none,0
149,102,1.3,170.76,443.36,92.65,55.41,none,0
149,103,1.3,166.33,446.17,99.06,35.16,none,0
149,104,1.3,160.76,414.51,102.46,49.02,none,0
149,105,1.3,174.12,417.29,95.51,38.75,none,0
149,106,1.3,171.45,422.33,108.95,40.87,none,0
149,107,1.3,169.48,469.53,104.6,32.88,none,0
149,108,1.3,172.65,457.98,101.32,40.54,none,0
149,109,1.3,161.91,456.78,100.86,29.6,none,0
149,110,1.3,163.09,469.38,99.21,37.17,none,0
149,111,1.3,169.59,431.95,101.84,46.72,none,0
149,112,1.3,158.98,434.44,100.78,39.97,none,0
149,113,1.3,170.43,470.76,97.61,45.39,none,0
149,114,1.3,166.68,476.6,95.66,48.45,none,0
149,115,1.3,169.13,474.46,101.63,30.2,none,0
149,116,1.3,162.02,448.44,101.09,47.73,none,0
149,117,1.3,171.29,451.94,98.75,35.14,none,0
149,118,1.3,168.62,490.11,99.03,48.51,none,0
149,119,1.3,171.68,444.8,102.62,47.97,none,0
