Va,Vb,Vc,Ia,Ib,Ic,fault_type,cascade_severity,sections_affected,blackout_risk
7.6,9532.4,-9570.5,501.5,512.5,473.3,NO,0,0,0
2.4,474.3,-471.8,3849.0,3956.0,3980.7,LLL,4,4,1
5.7,953.1,-9502.5,3142.5,2538.0,493.9,LLG,3,3,0
-2.4,950.9,-9546.6,3064.6,2306.2,491.3,LLG,3,3,0
27.8,9450.8,-9523.9,524.1,476.2,506.9,NO,0,0,0
-2.5,477.9,-479.6,3835.0,4040.5,3900.5,LLL,4,4,1
-1.0,476.4,-476.5,3979.8,3770.6,4071.2,LLL,4,4,1
-7.9,9498.9,-9545.5,2293.5,495.7,509.7,LG,1,1,0
-32.3,9638.1,-9521.9,495.5,520.1,504.0,NO,0,0,0
0.7,2870.0,-9509.4,1969.1,2079.1,482.0,LL,2,2,0
-6.5,2867.8,-9523.6,2052.2,2042.3,517.9,LL,2,2,0
-6.8,958.0,-9470.9,2888.1,2512.5,518.1,LLG,3,3,0
1.0,476.6,-476.3,4089.0,3704.3,3630.6,LLL,4,4,1
-0.2,95.4,-96.2,5239.7,4940.0,4737.3,LLLG,5,5,1
1.4,476.7,-472.7,3898.7,4053.5,4216.4,LLL,4,4,1
1.5,471.8,-474.4,3986.6,4138.1,4017.7,LLL,4,4,1
-5.6,945.4,-9526.3,2965.8,2509.2,503.6,LLG,3,3,0
1.4,952.6,-9516.4,3195.8,2318.4,509.1,LLG,3,3,0
18.1,9579.7,-9505.8,502.8,495.0,489.5,NO,0,0,0
-11.0,954.8,-9495.7,3064.6,2542.3,487.5,LLG,3,3,0
37.3,9502.0,-9519.2,529.3,496.3,508.5,NO,0,0,0
0.5,96.3,-96.2,5121.2,5066.0,5245.1,LLLG,5,5,1
-35.4,2847.6,-9557.9,2090.9,1950.0,500.1,LL,2,2,0
-36.4,9583.0,-9530.4,498.3,524.4,481.8,NO,0,0,0
0.0,478.7,-475.6,3939.5,4066.5,4072.5,LLL,4,4,1
5.2,2874.1,-9585.4,1965.2,2036.1,498.6,LL,2,2,0
15.2,2875.8,-9543.6,2001.1,1835.8,531.2,LL,2,2,0
5.8,9453.7,-9501.1,2391.3,506.2,500.9,LG,1,1,0
-0.1,472.7,-475.8,3849.3,3887.6,4114.6,LLL,4,4,1
135.0,9485.1,-9547.3,495.3,464.3,507.0,NO,0,0,0
-5.6,9398.0,-9503.8,530.7,453.5,525.9,NO,0,0,0
-0.7,475.4,-477.3,4222.0,3864.5,4065.3,LLL,4,4,1
-69.8,9495.4,-9499.2,513.3,504.7,470.5,NO,0,0,0
3.4,480.5,-479.2,3883.4,3870.4,4000.6,LLL,4,4,1
0.3,476.4,-475.6,4127.9,4100.3,3948.2,LLL,4,4,1
4.0,957.6,-9459.1,2917.5,2534.1,463.2,LLG,3,3,0
7.5,9599.3,-9518.6,487.2,558.3,474.1,NO,0,0,0
0.3,96.0,-94.8,4779.4,4724.8,5157.2,LLLG,5,5,1
59.6,9606.2,-9594.1,530.7,508.5,496.4,NO,0,0,0
12.5,9464.4,-9492.3,471.2,541.2,514.8,NO,0,0,0
-1.1,475.9,-476.4,3620.2,3957.7,4073.0,LLL,4,4,1
-0.2,95.5,-95.4,5065.7,5114.2,5359.8,LLLG,5,5,1
3.5,474.4,-474.7,4057.9,4113.9,4208.7,LLL,4,4,1
-4.7,948.4,-9507.2,2997.3,2563.9,462.5,LLG,3,3,0
0.4,9524.7,-9432.6,503.8,497.6,550.9,NO,0,0,0
52.3,9508.0,-9449.7,463.0,499.8,520.9,NO,0,0,0
29.9,9611.6,-9517.4,496.0,495.2,524.0,NO,0,0,0
1.0,944.6,-9551.0,2981.6,2409.6,505.0,LLG,3,3,0
14.2,9500.4,-9530.8,515.7,511.6,479.0,NO,0,0,0
5.8,2862.9,-9452.0,2012.1,2058.9,497.9,LL,2,2,0
1.0,9631.5,-9492.8,2491.6,487.5,529.8,LG,1,1,0
6.9,955.0,-9511.4,3061.5,2491.2,499.5,LLG,3,3,0
-35.4,9562.7,-9581.1,529.4,536.8,531.5,NO,0,0,0
-1.0,477.7,-478.0,3671.1,3633.2,4008.0,LLL,4,4,1
7.7,9471.0,-9615.4,499.6,508.3,517.5,NO,0,0,0
9.1,2866.0,-9496.3,2102.7,1969.0,517.5,LL,2,2,0
-3.0,953.0,-9519.0,2896.8,2259.4,524.9,LLG,3,3,0
0.8,9492.0,-9563.5,2686.2,468.0,494.4,LG,1,1,0
-0.3,481.9,-475.4,3915.1,3894.7,3834.6,LLL,4,4,1
-8.2,9526.4,-9482.6,2614.3,488.5,515.0,LG,1,1,0
-1.1,477.4,-475.0,4079.4,4049.9,3775.1,LLL,4,4,1
-1.6,951.9,-9464.9,3132.7,2558.3,486.5,LLG,3,3,0
-0.8,95.2,-95.9,4817.9,4984.5,4975.9,LLLG,5,5,1
-0.4,473.5,-472.1,4068.2,3924.4,4270.3,LLL,4,4,1
50.8,9484.6,-9602.6,508.1,507.7,510.9,NO,0,0,0
0.5,9536.4,-9561.7,2408.3,529.0,480.6,LG,1,1,0
-0.1,949.7,-9495.2,2999.0,2454.2,473.2,LLG,3,3,0
-3.7,2851.7,-9513.6,2015.7,1844.7,484.3,LL,2,2,0
-0.6,952.5,-9562.8,3040.1,2382.8,541.9,LLG,3,3,0
0.1,482.3,-481.2,3871.3,4244.3,3664.9,LLL,4,4,1
28.3,9527.7,-9493.3,530.5,537.6,552.0,NO,0,0,0
-14.5,9538.4,-9559.5,531.1,481.0,470.7,NO,0,0,0
6.2,947.1,-9483.4,3106.5,2507.5,519.8,LLG,3,3,0
5.1,9601.1,-9510.5,2390.7,514.3,478.5,LG,1,1,0
-54.4,9545.2,-9501.3,519.4,513.6,488.1,NO,0,0,0
0.4,477.5,-473.5,4446.8,4072.9,3881.8,LLL,4,4,1
2.8,9543.5,-9561.8,2428.6,526.6,479.7,LG,1,1,0
-4.9,473.5,-477.6,4184.1,3928.0,3657.9,LLL,4,4,1
5.6,2852.1,-9529.2,1892.3,2023.5,524.3,LL,2,2,0
-0.7,475.2,-479.4,3721.3,3918.9,3904.4,LLL,4,4,1
62.4,9641.3,-9478.4,478.0,491.4,485.0,NO,0,0,0
23.0,9501.8,-9491.1,499.1,498.0,496.7,NO,0,0,0
-0.4,9531.7,-9538.7,510.1,440.6,496.4,NO,0,0,0
-2.4,9535.3,-9541.6,2617.1,474.5,490.0,LG,1,1,0
-26.3,9436.2,-9523.1,495.3,446.7,495.2,NO,0,0,0
-0.3,94.5,-95.2,5326.7,4814.1,4922.5,LLLG,5,5,1
-6.7,2842.2,-9500.3,1872.2,2117.5,479.2,LL,2,2,0
-11.1,2851.4,-9484.8,1944.1,1866.8,520.6,LL,2,2,0
1.4,478.3,-470.5,3907.5,4154.6,3828.9,LLL,4,4,1
-1.3,478.4,-476.8,3918.8,4059.9,4031.3,LLL,4,4,1
-0.9,475.3,-470.6,3890.3,3830.8,4036.6,LLL,4,4,1
-43.8,9513.1,-9532.5,484.7,486.0,504.3,NO,0,0,0
-28.3,9599.2,-9458.7,475.3,500.8,504.8,NO,0,0,0
-0.4,96.2,-94.7,4940.5,5000.2,5153.2,LLLG,5,5,1
-0.1,475.8,-478.8,3941.6,4023.5,3759.9,LLL,4,4,1
-2.3,473.9,-477.9,4184.2,3828.2,4148.6,LLL,4,4,1
-7.8,950.1,-9490.6,3079.0,2572.1,525.3,LLG,3,3,0
1.2,476.7,-479.0,4241.0,3792.4,4068.9,LLL,4,4,1
5.3,9544.6,-9573.0,490.6,528.9,475.5,NO,0,0,0
4.0,474.4,-474.9,3983.6,3833.1,3922.1,LLL,4,4,1
-21.0,9494.7,-9532.4,484.2,460.7,492.7,NO,0,0,0
-83.4,9478.0,-9494.3,505.4,490.0,520.4,NO,0,0,0
9.2,2829.6,-9461.0,2101.1,2078.2,483.0,LL,2,2,0
1.7,474.5,-472.3,4162.6,4148.3,3883.9,LLL,4,4,1
-0.2,94.9,-95.2,5102.9,4921.5,5116.1,LLLG,5,5,1
52.9,9500.4,-9450.0,520.6,456.7,523.2,NO,0,0,0
-3.1,2868.4,-9611.1,1949.4,2093.5,506.2,LL,2,2,0
-33.8,9499.8,-9594.7,499.9,493.2,487.5,NO,0,0,0
-3.3,9502.8,-9551.3,515.2,492.1,526.6,NO,0,0,0
-0.2,479.9,-474.5,4175.1,3711.5,4018.4,LLL,4,4,1
-5.8,944.0,-9467.2,3084.3,2479.1,515.5,LLG,3,3,0
0.2,94.9,-95.0,5153.8,4988.5,4994.7,LLLG,5,5,1
-5.1,2872.8,-9541.0,1921.8,2082.5,496.6,LL,2,2,0
31.2,9527.4,-9591.8,489.8,491.4,475.6,NO,0,0,0
20.9,2866.0,-9532.7,2131.8,1854.6,483.9,LL,2,2,0
0.8,475.2,-477.6,4204.5,4100.5,4126.0,LLL,4,4,1
-3.4,9535.5,-9564.3,2549.5,501.2,495.3,LG,1,1,0
-0.8,95.6,-95.6,5119.0,4820.3,4824.0,LLLG,5,5,1
7.9,960.5,-9399.7,3057.8,2486.1,488.4,LLG,3,3,0
-2.7,475.0,-481.7,3805.4,3940.2,4191.1,LLL,4,4,1
-4.3,2838.7,-9489.9,2092.5,1933.1,477.9,LL,2,2,0
-18.2,9440.0,-9563.1,544.5,520.8,483.4,NO,0,0,0
1.2,950.0,-9514.9,2874.5,2458.0,473.9,LLG,3,3,0
-84.7,9471.9,-9561.9,462.6,506.9,516.4,NO,0,0,0
19.0,2845.6,-9500.9,1911.2,1853.3,485.1,LL,2,2,0
-87.4,9501.7,-9576.6,498.0,487.8,492.7,NO,0,0,0
-3.0,475.0,-476.8,3963.3,3833.7,3721.2,LLL,4,4,1
61.4,9506.6,-9651.3,493.2,523.4,487.8,NO,0,0,0
2.4,475.3,-476.1,3817.5,4057.6,4017.0,LLL,4,4,1
-6.9,951.7,-9549.0,2917.5,2529.8,466.0,LLG,3,3,0
-0.8,479.4,-478.5,4055.7,4294.8,3969.9,LLL,4,4,1
0.1,945.9,-9503.4,3123.7,2484.3,467.2,LLG,3,3,0
-1.8,476.5,-477.1,3942.2,4270.4,3857.9,LLL,4,4,1
27.4,9520.4,-9470.5,542.5,521.3,523.7,NO,0,0,0
0.3,95.2,-95.4,5307.5,5307.9,4399.3,LLLG,5,5,1
1.1,471.3,-477.5,3833.1,3734.2,3817.4,LLL,4,4,1
-5.7,956.0,-9499.8,2992.3,2494.4,465.9,LLG,3,3,0
-25.4,9466.5,-9534.8,518.7,510.4,509.5,NO,0,0,0
5.6,9494.2,-9649.4,496.3,497.0,490.6,NO,0,0,0
5.2,952.3,-9530.8,3043.1,2661.8,479.6,LLG,3,3,0
-2.7,9474.9,-9553.9,474.7,517.4,497.3,NO,0,0,0
2.9,477.1,-473.2,3823.7,3924.1,4136.1,LLL,4,4,1
1.2,95.1,-95.9,5122.8,5327.3,5039.9,LLLG,5,5,1
-13.9,2831.8,-9595.5,1978.3,2124.5,523.9,LL,2,2,0
4.4,475.4,-482.4,3962.2,4188.4,4205.2,LLL,4,4,1
0.3,955.2,-9594.0,2741.3,2534.3,484.6,LLG,3,3,0
2.3,949.2,-9420.0,3026.0,2604.3,479.9,LLG,3,3,0
-0.3,95.9,-94.2,4564.1,4880.2,5203.3,LLLG,5,5,1
-0.7,94.7,-95.8,5115.2,5136.1,5112.4,LLLG,5,5,1
-3.1,475.8,-478.3,3949.8,3583.1,4259.8,LLL,4,4,1
-3.1,474.1,-476.1,3963.0,3989.3,4100.8,LLL,4,4,1
4.3,2823.6,-9534.0,1936.2,1976.0,451.4,LL,2,2,0
-0.4,478.3,-472.3,4104.0,3996.7,3866.7,LLL,4,4,1
15.1,9486.8,-9582.8,518.6,505.1,496.5,NO,0,0,0
-36.3,9526.5,-9522.8,541.7,459.5,481.9,NO,0,0,0
-12.6,2850.6,-9518.6,1938.5,1868.6,513.9,LL,2,2,0
3.5,477.8,-477.6,4234.9,3813.7,3529.7,LLL,4,4,1
-3.6,2849.4,-9591.9,2005.9,1948.7,498.9,LL,2,2,0
0.4,958.1,-9520.2,2969.5,2492.2,494.2,LLG,3,3,0
6.5,478.7,-481.7,3928.1,4100.1,4082.6,LLL,4,4,1
2.2,946.6,-9563.7,3010.8,2493.6,516.8,LLG,3,3,0
-167.9,9476.6,-9426.8,506.3,496.4,516.3,NO,0,0,0
-0.4,474.6,-478.3,4073.2,4061.0,4139.4,LLL,4,4,1
1.1,473.1,-478.1,3769.8,3996.6,4286.6,LLL,4,4,1
37.5,9370.3,-9502.3,515.5,486.6,502.4,NO,0,0,0
-9.4,2879.0,-9499.6,1945.9,2057.5,467.8,LL,2,2,0
55.8,9542.8,-9572.5,478.3,490.6,509.1,NO,0,0,0
2.2,956.7,-9609.1,2801.1,2669.8,486.9,LLG,3,3,0
2.4,2884.9,-9515.5,2034.0,1964.4,488.5,LL,2,2,0
5.9,949.4,-9510.2,3071.9,2438.7,439.8,LLG,3,3,0
-0.2,94.5,-94.8,4970.9,4926.8,5084.9,LLLG,5,5,1
-2.8,2852.3,-9586.3,1980.9,2006.4,532.7,LL,2,2,0
-0.3,9518.6,-9452.8,2551.5,465.5,510.4,LG,1,1,0
0.5,95.3,-95.1,5071.3,4870.0,4837.5,LLLG,5,5,1
-55.3,9539.5,-9509.8,476.7,464.6,525.4,NO,0,0,0
-5.4,9517.7,-9421.5,2656.2,515.5,499.0,LG,1,1,0
-0.4,9464.5,-9403.3,2416.1,520.8,514.4,LG,1,1,0
-56.5,9539.4,-9523.0,489.6,512.6,484.1,NO,0,0,0
-0.7,476.9,-477.5,3976.9,4212.6,3971.9,LLL,4,4,1
0.1,95.3,-95.7,5074.8,4948.9,4988.4,LLLG,5,5,1
-3.3,9480.6,-9491.9,2488.8,491.8,528.0,LG,1,1,0
-2.4,949.6,-9524.2,3117.1,2457.1,479.2,LLG,3,3,0
25.2,2872.5,-9493.6,2023.2,2085.6,521.5,LL,2,2,0
-72.5,9575.5,-9545.6,509.3,499.5,512.9,NO,0,0,0
7.4,950.4,-9519.2,2886.2,2433.6,509.1,LLG,3,3,0
1.7,472.5,-475.7,3896.6,3686.1,3778.0,LLL,4,4,1
161.8,9587.2,-9546.3,567.2,516.0,509.5,NO,0,0,0
-29.1,9490.7,-9560.8,505.5,540.1,495.9,NO,0,0,0
80.9,9559.3,-9602.0,511.1,496.6,490.5,NO,0,0,0
0.9,95.2,-95.0,5075.4,5037.2,4938.5,LLLG,5,5,1
-2.1,2868.5,-9537.6,1980.9,1934.5,521.6,LL,2,2,0
-43.3,9539.0,-9593.1,497.3,508.4,475.1,NO,0,0,0
41.6,9587.9,-9503.4,435.5,486.1,489.1,NO,0,0,0
-0.5,477.5,-480.1,4053.7,4029.1,4101.3,LLL,4,4,1
-20.3,9455.7,-9508.4,495.0,499.0,483.9,NO,0,0,0
-0.2,95.4,-95.8,5176.3,5006.2,5036.4,LLLG,5,5,1
-0.9,94.7,-95.5,4731.0,5304.7,4906.1,LLLG,5,5,1
-6.1,2871.6,-9486.6,1967.7,2020.5,485.3,LL,2,2,0
4.2,2845.3,-9520.6,1934.6,2079.2,490.0,LL,2,2,0
12.1,2869.6,-9464.1,1971.8,1878.1,454.2,LL,2,2,0
-8.2,2866.2,-9518.8,1932.8,2188.5,514.9,LL,2,2,0
0.3,477.2,-474.2,4063.3,3782.9,4322.0,LLL,4,4,1
4.2,9456.2,-9495.3,2403.0,496.6,476.2,LG,1,1,0
-71.3,9475.8,-9503.9,538.6,533.9,504.0,NO,0,0,0
-58.6,9564.8,-9479.2,509.4,522.7,516.4,NO,0,0,0
16.9,2885.5,-9517.1,2004.7,2001.1,471.8,LL,2,2,0
27.2,9506.4,-9583.8,501.7,496.3,479.0,NO,0,0,0
7.4,9412.9,-9637.8,476.7,479.1,458.8,NO,0,0,0
-0.5,96.3,-95.7,5091.5,4975.1,5382.5,LLLG,5,5,1
-40.6,9449.4,-9509.5,481.0,510.7,519.2,NO,0,0,0
0.8,2849.3,-9549.0,1904.8,1967.2,499.9,LL,2,2,0
-19.3,9491.2,-9520.0,510.1,525.7,504.7,NO,0,0,0
2.9,474.3,-476.6,3981.4,4155.4,4009.6,LLL,4,4,1
30.7,9508.0,-9510.4,503.6,521.5,509.6,NO,0,0,0
-0.1,475.5,-474.8,4099.0,4188.4,3896.0,LLL,4,4,1
51.6,9546.9,-9537.2,510.9,450.7,485.9,NO,0,0,0
3.2,2849.1,-9436.3,1938.7,1990.9,491.4,LL,2,2,0
6.3,9536.9,-9454.1,2533.0,519.5,521.8,LG,1,1,0
0.1,95.0,-95.2,5009.7,4705.2,5297.4,LLLG,5,5,1
1.0,481.3,-476.4,4078.4,3840.3,3960.6,LLL,4,4,1
-114.3,9557.3,-9516.4,471.5,488.2,500.2,NO,0,0,0
-25.4,2874.2,-9489.6,1950.5,1985.0,535.5,LL,2,2,0
10.7,2842.1,-9459.0,2064.4,2084.1,477.4,LL,2,2,0
-3.8,9565.1,-9476.7,466.0,466.5,543.7,NO,0,0,0
67.8,9520.2,-9493.0,509.1,520.6,506.9,NO,0,0,0
-0.3,475.9,-473.5,3715.3,4145.2,3945.0,LLL,4,4,1
-0.2,474.7,-477.8,3953.7,4109.2,3735.5,LLL,4,4,1
6.2,953.9,-9517.5,2973.2,2534.2,484.2,LLG,3,3,0
73.7,9515.6,-9596.3,500.2,498.4,466.1,NO,0,0,0
-14.2,2856.9,-9535.4,2137.4,1847.8,492.4,LL,2,2,0
-1.6,9552.7,-9458.2,506.8,496.1,521.0,NO,0,0,0
-0.5,94.1,-94.7,4923.9,4996.0,5062.3,LLLG,5,5,1
-51.6,9457.4,-9519.0,504.6,492.2,488.9,NO,0,0,0
-5.6,9418.6,-9467.1,466.8,501.4,523.2,NO,0,0,0
-3.2,952.3,-9416.3,2896.5,2513.3,502.4,LLG,3,3,0
-0.4,475.1,-474.0,4127.2,4099.7,4228.0,LLL,4,4,1
-0.5,95.8,-95.6,5169.0,5067.5,4731.2,LLLG,5,5,1
5.9,2871.7,-9459.8,2045.8,2159.9,520.4,LL,2,2,0
-0.6,94.9,-95.3,4885.8,5058.8,4994.5,LLLG,5,5,1
-2.6,9492.0,-9526.6,2559.3,535.7,507.5,LG,1,1,0
-13.8,2877.1,-9476.2,1953.3,1984.0,492.7,LL,2,2,0
-1.6,2853.7,-9555.6,2004.4,1923.3,492.7,LL,2,2,0
-14.2,2858.0,-9571.9,1987.7,2043.0,491.6,LL,2,2,0
-0.4,948.7,-9477.2,2833.0,2431.5,496.9,LLG,3,3,0
-14.5,9560.8,-9435.1,512.0,506.1,492.6,NO,0,0,0
-1.3,2846.2,-9457.0,2000.9,1897.6,483.5,LL,2,2,0
14.7,9555.7,-9544.8,519.7,493.1,480.1,NO,0,0,0
44.7,9511.6,-9590.7,502.6,495.9,507.4,NO,0,0,0
1.3,475.9,-475.1,3872.9,4118.2,4094.8,LLL,4,4,1
-23.4,9559.9,-9482.9,498.6,509.9,457.5,NO,0,0,0
37.6,9595.4,-9606.2,514.3,525.9,488.1,NO,0,0,0
-0.9,9463.1,-9566.9,495.0,497.0,503.8,NO,0,0,0
2.2,9527.1,-9582.2,508.7,513.9,518.2,NO,0,0,0
-24.1,9481.7,-9561.2,506.9,492.4,514.8,NO,0,0,0
3.8,951.5,-9486.5,2969.0,2443.6,498.0,LLG,3,3,0
1.1,475.0,-478.3,3758.4,3986.3,3865.9,LLL,4,4,1
-0.8,95.0,-94.8,4811.9,4894.9,5345.4,LLLG,5,5,1
0.2,95.2,-96.0,4964.0,5018.7,4801.2,LLLG,5,5,1
1.6,479.0,-475.2,4007.9,3727.3,3974.6,LLL,4,4,1
-36.0,9542.2,-9544.4,496.9,559.3,506.1,NO,0,0,0
-9.9,9527.3,-9532.0,452.3,514.8,490.7,NO,0,0,0
9.3,957.2,-9545.7,2996.5,2349.2,495.1,LLG,3,3,0
-9.4,2855.2,-9434.5,2066.7,1995.6,468.2,LL,2,2,0
-0.8,479.1,-475.9,3899.3,3698.0,4272.1,LLL,4,4,1
26.4,9562.5,-9539.0,514.0,512.4,492.2,NO,0,0,0
68.8,9555.7,-9483.7,486.5,493.9,477.0,NO,0,0,0
7.8,951.1,-9490.0,3179.1,2415.8,479.5,LLG,3,3,0
2.4,2876.1,-9519.0,1993.3,1905.5,468.9,LL,2,2,0
55.8,9483.5,-9434.3,528.0,456.4,515.2,NO,0,0,0
9.5,2856.4,-9455.2,1918.6,2096.8,505.4,LL,2,2,0
0.4,479.0,-473.2,4350.9,4055.1,4016.6,LLL,4,4,1
-11.3,2843.8,-9523.2,2120.7,1989.0,499.3,LL,2,2,0
1.1,478.9,-478.3,3962.5,4011.8,3945.9,LLL,4,4,1
1.0,95.0,-94.9,5048.4,5172.1,5393.0,LLLG,5,5,1
-8.3,2862.5,-9621.3,1919.9,2031.2,523.7,LL,2,2,0
0.9,478.6,-477.5,4089.5,4110.6,4178.5,LLL,4,4,1
-6.8,9462.6,-9502.3,2620.8,507.5,498.8,LG,1,1,0
6.3,9550.8,-9547.0,2480.4,503.6,509.1,LG,1,1,0
35.5,9507.6,-9523.6,493.2,460.9,495.4,NO,0,0,0
47.1,9546.6,-9508.7,489.5,494.7,483.7,NO,0,0,0
-3.5,475.3,-473.0,4361.4,3684.6,4103.8,LLL,4,4,1
-0.3,94.8,-95.9,4862.4,5053.4,4958.1,LLLG,5,5,1
-5.1,947.9,-9499.4,3058.6,2419.7,517.7,LLG,3,3,0
-14.9,2862.1,-9479.7,2065.9,1977.8,487.2,LL,2,2,0
7.0,9523.2,-9459.7,2424.3,486.9,504.4,LG,1,1,0
10.8,2838.4,-9503.4,1843.9,2086.4,476.0,LL,2,2,0
-3.8,954.1,-9499.3,2806.3,2725.6,485.8,LLG,3,3,0
4.4,951.6,-9493.8,2979.7,2359.0,496.5,LLG,3,3,0
13.4,2851.0,-9480.1,1967.3,2089.7,506.7,LL,2,2,0
-3.6,9531.5,-9460.4,2379.7,496.9,484.9,LG,1,1,0
34.0,9498.4,-9429.7,504.8,507.2,504.5,NO,0,0,0
-0.2,477.8,-472.1,4399.7,3573.2,4045.8,LLL,4,4,1
-4.7,9463.5,-9551.6,2421.5,504.2,525.2,LG,1,1,0
0.3,95.7,-96.7,5132.2,4924.4,4990.0,LLLG,5,5,1
1.3,9580.1,-9507.4,2459.2,513.6,483.1,LG,1,1,0
0.2,95.7,-95.1,4886.9,4909.3,4961.8,LLLG,5,5,1
-2.5,475.5,-471.9,3861.9,3946.6,3989.1,LLL,4,4,1
-3.3,471.9,-475.5,4146.4,4298.4,4174.0,LLL,4,4,1
-7.3,959.5,-9583.2,2961.9,2502.4,502.7,LLG,3,3,0
94.5,9455.5,-9541.9,505.5,504.9,503.0,NO,0,0,0
-1.5,955.8,-9498.3,3048.7,2444.2,468.7,LLG,3,3,0
-11.1,956.5,-9577.0,2859.5,2467.8,478.5,LLG,3,3,0
15.0,2859.1,-9522.0,1968.1,2110.0,532.3,LL,2,2,0
-3.2,2861.2,-9478.8,2045.3,1930.1,514.7,LL,2,2,0
-13.8,9474.1,-9496.9,504.7,498.5,454.5,NO,0,0,0
-6.9,9585.6,-9513.0,512.4,505.5,496.9,NO,0,0,0
31.9,2870.2,-9471.0,1931.4,1855.4,500.6,LL,2,2,0
-8.3,2858.9,-9481.0,1982.5,2107.0,519.2,LL,2,2,0
0.1,95.9,-95.5,5004.3,4828.2,5264.7,LLLG,5,5,1
54.6,9529.0,-9489.0,493.8,513.7,471.7,NO,0,0,0
-2.0,2862.9,-9523.9,1965.2,1934.6,490.2,LL,2,2,0
-0.0,94.9,-96.2,4898.6,5262.5,5021.9,LLLG,5,5,1
-4.2,480.3,-468.3,4140.4,4143.0,4021.5,LLL,4,4,1
1.9,474.7,-477.7,3956.8,3791.3,4007.7,LLL,4,4,1
-40.1,9529.8,-9618.7,477.1,503.9,516.9,NO,0,0,0
-2.5,475.4,-480.8,3975.7,4099.9,3651.7,LLL,4,4,1
3.7,2836.6,-9540.9,2001.9,2028.7,495.5,LL,2,2,0
-0.2,472.0,-472.6,4185.9,3704.8,3997.7,LLL,4,4,1
-2.0,9440.2,-9531.6,2523.2,467.4,460.7,LG,1,1,0
-0.2,94.7,-95.1,5140.2,5162.6,5091.0,LLLG,5,5,1
1.2,952.4,-9461.6,3098.0,2611.9,506.2,LLG,3,3,0
-0.1,479.2,-476.9,4074.7,3827.1,4029.4,LLL,4,4,1
3.1,478.2,-477.3,4268.6,3808.6,4004.5,LLL,4,4,1
-1.8,471.9,-476.4,3934.0,3937.4,3921.7,LLL,4,4,1
-59.7,9502.5,-9537.5,506.6,528.6,492.6,NO,0,0,0
30.7,9498.2,-9613.5,518.8,506.3,480.7,NO,0,0,0
4.9,9554.7,-9543.8,487.7,490.9,515.2,NO,0,0,0
-4.2,9531.4,-9471.4,2678.9,464.1,460.2,LG,1,1,0
-0.4,476.6,-475.9,3865.5,4028.7,3942.5,LLL,4,4,1
45.1,9549.2,-9571.5,536.9,508.2,473.7,NO,0,0,0
-0.1,95.6,-95.7,5025.6,5160.5,5033.3,LLLG,5,5,1
1.0,9582.7,-9595.2,2572.3,498.6,502.1,LG,1,1,0
-0.0,95.3,-95.1,5622.3,4916.8,5166.0,LLLG,5,5,1
-2.8,9514.0,-9442.8,2510.6,507.9,474.7,LG,1,1,0
1.5,475.2,-480.8,4077.5,3967.3,4324.7,LLL,4,4,1
-5.2,950.3,-9563.1,3154.6,2339.4,550.1,LLG,3,3,0
-3.6,478.3,-474.6,4106.2,3753.0,4154.5,LLL,4,4,1
6.5,949.7,-9495.6,2997.3,2565.1,500.4,LLG,3,3,0
-7.0,2867.2,-9485.8,1972.3,1989.6,506.3,LL,2,2,0
1.1,2838.6,-9555.2,1857.9,1995.7,512.9,LL,2,2,0
4.7,474.6,-479.5,3815.6,4028.6,4048.9,LLL,4,4,1
16.0,9577.6,-9501.8,513.2,513.0,506.7,NO,0,0,0
-6.3,9604.0,-9507.0,2414.0,542.8,530.9,LG,1,1,0
-1.8,955.0,-9389.6,3144.8,2512.2,513.0,LLG,3,3,0
2.5,476.8,-475.9,4177.5,4095.5,3912.6,LLL,4,4,1
-47.6,9448.3,-9532.7,504.8,493.6,507.9,NO,0,0,0
-38.1,9497.1,-9548.8,517.2,516.3,487.2,NO,0,0,0
0.6,948.1,-9475.6,2866.4,2501.4,488.0,LLG,3,3,0
0.2,945.7,-9558.9,3091.4,2441.0,481.8,LLG,3,3,0
0.8,95.7,-96.1,4961.0,4903.1,4938.8,LLLG,5,5,1
12.5,957.7,-9546.9,3091.0,2385.2,520.5,LLG,3,3,0
-165.4,9538.4,-9488.5,468.7,528.6,486.6,NO,0,0,0
12.4,2828.3,-9526.6,1943.5,1917.2,502.3,LL,2,2,0
-3.6,2850.7,-9496.6,2008.8,2005.6,512.0,LL,2,2,0
-12.0,2869.1,-9552.1,1919.5,1874.8,481.3,LL,2,2,0
-21.5,9572.5,-9441.2,497.3,499.9,545.9,NO,0,0,0
-1.0,469.9,-478.3,4115.1,3822.5,3767.7,LLL,4,4,1
-14.2,2867.9,-9552.0,1930.7,2020.6,537.0,LL,2,2,0
-11.9,9587.5,-9580.3,514.8,499.8,512.5,NO,0,0,0
-7.5,953.7,-9470.4,2716.0,2666.4,500.7,LLG,3,3,0
3.2,946.1,-9535.9,2903.6,2510.0,511.5,LLG,3,3,0
15.4,9554.6,-9431.2,511.5,499.0,515.1,NO,0,0,0
-74.3,9509.8,-9492.1,526.7,486.6,479.8,NO,0,0,0
6.9,9522.9,-9617.5,481.5,493.5,487.7,NO,0,0,0
-8.3,2864.8,-9630.8,1959.1,2043.9,521.8,LL,2,2,0
-5.7,956.0,-9454.0,2922.1,2500.5,485.3,LLG,3,3,0
-27.8,9458.6,-9450.8,526.6,497.5,472.4,NO,0,0,0
3.3,9611.0,-9549.7,2593.6,516.6,491.3,LG,1,1,0
-0.6,9472.9,-9555.2,2667.3,541.1,497.7,LG,1,1,0
0.8,947.9,-9454.5,3058.5,2427.2,459.3,LLG,3,3,0
-29.2,9523.0,-9564.4,513.7,518.8,482.5,NO,0,0,0
-0.8,2878.5,-9569.6,1937.8,1962.0,468.4,LL,2,2,0
-26.4,2867.4,-9492.8,1946.9,1871.2,537.3,LL,2,2,0
-14.3,9473.2,-9558.8,524.7,504.9,529.9,NO,0,0,0
-45.4,9531.8,-9551.9,474.4,490.4,494.8,NO,0,0,0
-30.8,9504.8,-9526.5,485.0,475.1,487.9,NO,0,0,0
-41.3,9530.5,-9537.1,528.9,536.6,451.6,NO,0,0,0
10.0,9492.3,-9552.6,538.5,513.0,487.1,NO,0,0,0
-11.4,2859.0,-9538.6,1976.8,1882.1,495.0,LL,2,2,0
-0.1,956.5,-9543.0,2922.1,2551.2,495.3,LLG,3,3,0
-0.1,474.1,-477.8,4001.4,3765.1,3954.5,LLL,4,4,1
-0.4,476.4,-475.3,3869.7,4060.5,3971.2,LLL,4,4,1
-14.0,9544.5,-9576.9,462.2,490.8,517.4,NO,0,0,0
-1.8,474.5,-481.1,4007.8,4032.3,3738.3,LLL,4,4,1
55.6,9555.3,-9476.0,509.2,489.7,493.8,NO,0,0,0
16.2,2864.3,-9531.2,2059.8,1987.9,504.9,LL,2,2,0
-1.8,9603.2,-9549.2,2471.0,474.3,526.9,LG,1,1,0
-6.5,949.5,-9497.4,3268.3,2551.6,522.7,LLG,3,3,0
0.2,2852.1,-9566.4,2083.8,1987.9,494.7,LL,2,2,0
-4.3,2872.0,-9521.0,2020.0,1913.5,472.9,LL,2,2,0
4.6,9519.6,-9560.1,2666.4,536.8,562.2,LG,1,1,0
-3.1,472.9,-475.7,3997.2,4068.4,4094.1,LLL,4,4,1
-0.4,9501.8,-9513.3,2443.9,483.1,469.0,LG,1,1,0
10.3,950.8,-9504.7,3176.4,2461.7,495.1,LLG,3,3,0
3.5,2869.9,-9575.1,2123.5,2100.1,488.8,LL,2,2,0
0.2,94.9,-95.8,4994.0,4902.1,5147.9,LLLG,5,5,1
1.2,470.2,-477.7,4025.9,3946.0,3747.2,LLL,4,4,1
-5.7,474.3,-479.6,4074.4,3930.4,3922.3,LLL,4,4,1
-6.7,957.2,-9504.4,3050.9,2508.3,479.0,LLG,3,3,0
0.4,474.9,-473.7,3979.2,3919.8,4053.9,LLL,4,4,1
-4.4,958.2,-9448.4,3178.2,2498.6,478.7,LLG,3,3,0
34.0,9436.8,-9535.8,520.3,510.1,518.2,NO,0,0,0
-0.5,96.3,-95.2,5190.9,5084.3,5034.9,LLLG,5,5,1
-14.4,2842.9,-9535.8,2013.2,2002.0,468.1,LL,2,2,0
3.2,478.3,-479.4,3805.7,3781.2,4257.9,LLL,4,4,1
3.1,959.9,-9544.8,3212.8,2300.1,523.5,LLG,3,3,0
73.7,9524.0,-9525.9,483.9,515.8,485.8,NO,0,0,0
14.3,9582.7,-9503.0,518.5,501.7,462.5,NO,0,0,0
-0.5,96.0,-95.9,4641.7,5095.4,5261.7,LLLG,5,5,1
28.8,2862.1,-9512.2,2029.0,2028.3,515.7,LL,2,2,0
107.7,9524.8,-9543.0,518.8,520.7,522.0,NO,0,0,0
6.5,955.3,-9559.0,2981.4,2437.0,551.3,LLG,3,3,0
0.2,95.3,-95.7,4847.7,5055.8,5046.0,LLLG,5,5,1
-1.0,954.3,-9515.3,3388.3,2446.5,496.9,LLG,3,3,0
5.4,945.6,-9485.2,2928.8,2365.8,494.7,LLG,3,3,0
1.0,94.7,-95.8,5004.8,5368.0,4856.6,LLLG,5,5,1
11.2,9470.2,-9580.6,470.3,525.2,478.8,NO,0,0,0
3.9,476.7,-472.5,3756.3,3695.4,3866.8,LLL,4,4,1
-3.9,2851.7,-9534.1,2108.2,1921.8,499.8,LL,2,2,0
0.0,475.0,-476.1,4104.5,4227.5,3939.3,LLL,4,4,1
34.2,2847.5,-9547.5,2040.9,2120.0,514.3,LL,2,2,0
0.2,9560.1,-9469.6,2543.0,492.3,474.6,LG,1,1,0
9.4,952.8,-9552.7,3073.6,2514.9,508.9,LLG,3,3,0
-0.3,95.1,-94.8,5182.7,4841.5,4982.4,LLLG,5,5,1
-2.4,477.5,-474.5,3744.8,3895.8,3949.1,LLL,4,4,1
74.3,9528.4,-9648.9,477.8,510.6,505.3,NO,0,0,0
6.5,478.3,-476.0,3865.1,3930.7,3902.9,LLL,4,4,1
1.8,9495.0,-9519.6,2367.6,454.5,475.2,LG,1,1,0
0.1,956.2,-9506.2,3068.7,2383.6,484.8,LLG,3,3,0
-65.3,9519.8,-9621.9,496.6,509.9,485.4,NO,0,0,0
1.1,9465.7,-9653.4,2583.3,520.1,468.5,LG,1,1,0
-1.4,9475.8,-9548.0,2357.7,549.5,460.9,LG,1,1,0
-1.4,475.1,-479.7,3719.0,3882.8,4048.7,LLL,4,4,1
2.7,2866.2,-9541.8,1995.1,1943.9,468.0,LL,2,2,0
-3.0,9481.1,-9605.6,492.0,525.1,522.6,NO,0,0,0
-1.5,478.6,-478.3,4195.5,3759.6,3942.9,LLL,4,4,1
-1.1,473.5,-476.8,3831.4,3922.1,3993.1,LLL,4,4,1
3.7,952.3,-9571.4,3180.1,2575.9,483.4,LLG,3,3,0
17.4,2866.2,-9431.5,2126.6,1985.4,522.8,LL,2,2,0
10.1,2857.7,-9486.1,1938.1,1826.4,506.8,LL,2,2,0
1.2,952.9,-9518.7,3144.4,2375.4,496.3,LLG,3,3,0
1.0,9514.6,-9584.6,2556.3,489.5,487.4,LG,1,1,0
7.4,2848.9,-9547.7,2133.6,1965.0,500.9,LL,2,2,0
22.1,9485.3,-9488.8,500.6,501.6,458.3,NO,0,0,0
-60.9,9543.9,-9628.9,525.3,511.4,504.7,NO,0,0,0
-4.2,952.9,-9503.5,3098.8,2624.9,498.9,LLG,3,3,0
-0.5,95.6,-94.6,4663.8,4755.7,4595.2,LLLG,5,5,1
0.4,9570.8,-9561.6,2525.7,511.5,513.9,LG,1,1,0
-0.1,94.8,-95.4,4888.8,5028.5,5193.3,LLLG,5,5,1
-10.2,9572.4,-9522.4,2427.9,523.8,521.3,LG,1,1,0
-1.7,9469.9,-9530.6,2628.2,514.2,496.9,LG,1,1,0
0.7,950.6,-9468.4,2897.1,2477.5,496.8,LLG,3,3,0
10.8,2869.6,-9620.7,2101.6,2042.2,502.4,LL,2,2,0
0.3,96.0,-95.1,4463.7,4925.7,4831.6,LLLG,5,5,1
1.4,473.8,-478.9,3890.4,4290.3,4232.9,LLL,4,4,1
-4.6,477.0,-476.0,4027.0,4003.4,4010.8,LLL,4,4,1
0.3,95.7,-96.1,5238.5,4923.2,5051.3,LLLG,5,5,1
37.1,9492.0,-9571.8,532.0,493.7,509.4,NO,0,0,0
-26.6,9553.8,-9597.0,498.0,543.5,512.2,NO,0,0,0
2.2,473.1,-477.3,4315.9,4085.9,3837.3,LLL,4,4,1
-1.6,9470.4,-9505.7,2522.6,496.6,546.9,LG,1,1,0
-5.3,9502.7,-9551.5,2364.8,513.8,514.0,LG,1,1,0
21.1,9536.9,-9448.7,466.2,507.7,514.2,NO,0,0,0
30.5,9483.5,-9509.3,512.7,505.6,473.7,NO,0,0,0
2.0,9523.6,-9550.5,2386.1,496.6,513.1,LG,1,1,0
-88.3,9577.6,-9553.8,540.7,526.0,502.3,NO,0,0,0
2.4,9541.5,-9540.9,2543.1,507.2,513.8,LG,1,1,0
-2.5,952.6,-9653.5,3078.7,2381.0,494.3,LLG,3,3,0
-32.2,9525.4,-9453.9,544.4,545.6,499.0,NO,0,0,0
0.4,95.3,-95.1,5302.9,4902.2,4678.0,LLLG,5,5,1
-0.4,475.2,-476.4,3966.6,4159.8,3992.5,LLL,4,4,1
0.4,94.7,-95.0,4956.3,5111.9,5169.0,LLLG,5,5,1
-1.4,951.8,-9489.3,3068.4,2386.5,540.1,LLG,3,3,0
17.2,9503.1,-9425.5,510.8,483.2,500.4,NO,0,0,0
8.6,9501.0,-9535.2,2584.8,480.6,508.6,LG,1,1,0
-10.6,2873.3,-9584.0,1986.8,2006.6,513.6,LL,2,2,0
29.3,9593.3,-9439.3,512.6,475.7,512.2,NO,0,0,0
19.8,2849.8,-9519.5,2075.3,2023.0,507.9,LL,2,2,0
-40.8,9516.6,-9494.4,466.8,515.6,499.5,NO,0,0,0
4.7,951.6,-9574.3,3031.6,2584.0,481.8,LLG,3,3,0
-41.6,9546.9,-9505.4,511.1,504.0,505.6,NO,0,0,0
-5.3,9609.6,-9529.2,2637.2,503.4,521.0,LG,1,1,0
56.1,9521.1,-9574.6,516.3,517.0,508.9,NO,0,0,0
-3.9,2858.9,-9583.9,2053.8,1964.7,491.3,LL,2,2,0
92.5,9542.9,-9575.0,494.9,484.5,515.2,NO,0,0,0
0.5,95.2,-95.5,4772.6,5269.1,5227.9,LLLG,5,5,1
14.3,2856.5,-9486.7,1990.8,2034.5,514.2,LL,2,2,0
-12.1,2853.7,-9550.6,1971.3,1944.1,544.7,LL,2,2,0
-48.6,9485.3,-9490.6,489.3,499.5,465.0,NO,0,0,0
-47.0,2857.0,-9549.9,1936.6,1957.6,490.3,LL,2,2,0
1.8,9552.7,-9475.7,2678.0,493.2,472.8,LG,1,1,0
19.2,9474.7,-9519.3,509.3,490.2,497.6,NO,0,0,0
-0.2,472.3,-478.6,3832.7,4007.4,4000.0,LLL,4,4,1
1.7,2854.9,-9570.3,2121.5,1931.2,441.6,LL,2,2,0
0.2,953.2,-9421.8,3033.7,2584.3,508.8,LLG,3,3,0
64.2,9509.3,-9451.2,489.5,523.0,488.0,NO,0,0,0
26.4,2835.8,-9547.6,1947.5,1745.3,531.4,LL,2,2,0
0.6,475.9,-483.9,4123.6,3946.4,3836.3,LLL,4,4,1
0.6,476.6,-471.4,4017.7,4006.6,4004.0,LLL,4,4,1
-0.9,96.1,-95.2,4900.2,4954.9,5052.7,LLLG,5,5,1
30.3,9571.8,-9529.6,469.8,500.3,506.9,NO,0,0,0
-1.2,475.0,-476.1,4097.0,3963.3,3899.8,LLL,4,4,1
-43.1,9615.3,-9430.9,501.4,515.4,497.9,NO,0,0,0
30.3,2854.8,-9533.4,1869.0,2040.3,508.6,LL,2,2,0
57.9,9554.7,-9539.3,505.5,497.6,481.4,NO,0,0,0
16.9,2872.6,-9563.2,2094.9,1922.3,493.9,LL,2,2,0
-0.8,946.4,-9521.8,3003.0,2581.0,510.2,LLG,3,3,0
-1.9,474.4,-475.4,4085.3,3969.7,4222.3,LLL,4,4,1
2.1,477.2,-479.4,3912.8,4100.4,4012.3,LLL,4,4,1
0.3,478.9,-476.0,3768.7,4028.4,4218.4,LLL,4,4,1
-3.6,949.5,-9618.2,3074.0,2380.6,480.0,LLG,3,3,0
0.4,472.4,-477.5,3888.4,3723.1,4081.7,LLL,4,4,1
-3.9,9480.5,-9523.3,2509.8,502.5,497.7,LG,1,1,0
15.6,9422.7,-9401.6,461.7,496.3,488.8,NO,0,0,0
9.2,2847.9,-9619.8,2088.6,1892.0,506.9,LL,2,2,0
-3.0,478.7,-478.1,4053.0,3953.7,3703.0,LLL,4,4,1
3.0,9629.2,-9638.7,2391.6,477.9,495.3,LG,1,1,0
6.0,942.1,-9583.4,2862.7,2607.4,471.3,LLG,3,3,0
-42.4,9545.7,-9527.7,495.6,475.1,471.2,NO,0,0,0
-0.0,478.2,-476.8,3887.8,4055.9,4067.4,LLL,4,4,1
149.4,9531.6,-9533.6,502.6,515.1,502.0,NO,0,0,0
9.9,953.2,-9597.3,3108.4,2401.8,484.9,LLG,3,3,0
-1.3,476.6,-472.4,3910.6,3768.1,3672.5,LLL,4,4,1
-0.6,479.8,-474.9,4160.4,3838.8,3922.5,LLL,4,4,1
0.5,474.9,-471.9,4260.5,3777.1,3933.3,LLL,4,4,1
-15.4,9496.9,-9483.1,532.1,504.0,495.9,NO,0,0,0
8.7,2912.3,-9455.3,1969.7,1911.1,476.2,LL,2,2,0
-23.7,9529.6,-9537.8,491.3,492.1,494.3,NO,0,0,0
0.3,473.3,-471.0,3976.9,3967.5,3922.2,LLL,4,4,1
23.5,9463.8,-9493.1,487.0,523.9,480.6,NO,0,0,0
0.7,95.3,-94.7,5317.6,5104.8,5178.0,LLLG,5,5,1
-3.0,476.1,-476.3,3510.4,4232.9,4068.0,LLL,4,4,1
1.1,476.6,-477.4,3967.1,3657.8,3889.0,LLL,4,4,1
-12.0,9619.2,-9568.9,536.6,502.8,510.3,NO,0,0,0
-6.7,9529.1,-9499.0,2635.6,491.7,536.0,LG,1,1,0
-0.4,474.8,-477.3,4047.0,3985.2,4270.8,LLL,4,4,1
28.2,9599.1,-9526.7,464.8,502.0,514.5,NO,0,0,0
2.1,479.3,-475.0,3904.5,3977.3,3907.0,LLL,4,4,1
0.7,2877.8,-9526.5,2025.8,2090.5,513.5,LL,2,2,0
25.9,9520.4,-9493.0,553.4,520.3,499.7,NO,0,0,0
-4.2,9519.5,-9607.6,2505.6,498.7,511.3,LG,1,1,0
26.2,9536.6,-9572.2,507.5,501.3,512.4,NO,0,0,0
-0.6,95.2,-94.8,4928.2,5345.7,5108.7,LLLG,5,5,1
1.0,476.9,-477.6,3885.4,4000.6,3711.4,LLL,4,4,1
-39.7,9565.4,-9594.1,451.8,461.7,459.3,NO,0,0,0
0.5,479.2,-479.1,3812.7,4127.6,4149.0,LLL,4,4,1
15.7,9504.1,-9544.2,496.4,478.6,515.5,NO,0,0,0
-18.1,2858.9,-9505.6,2101.1,1930.9,477.1,LL,2,2,0
-0.1,95.4,-95.8,4771.6,4846.4,4497.1,LLLG,5,5,1
-4.1,9594.1,-9570.7,2463.4,508.5,471.4,LG,1,1,0
25.0,9558.4,-9459.4,475.4,500.9,495.5,NO,0,0,0
-4.9,951.4,-9504.5,3075.8,2757.5,485.9,LLG,3,3,0
35.3,9407.9,-9566.3,492.8,516.8,507.7,NO,0,0,0
-18.5,2823.1,-9534.0,2067.9,1935.7,470.1,LL,2,2,0
19.1,9497.7,-9546.4,507.8,500.3,510.4,NO,0,0,0
0.6,95.3,-95.4,4961.2,4761.3,4928.3,LLLG,5,5,1
0.6,95.1,-95.1,4907.6,5206.0,5105.8,LLLG,5,5,1
-11.3,9582.0,-9480.0,544.3,496.4,467.5,NO,0,0,0
-18.5,2853.5,-9536.4,1877.3,1910.2,484.5,LL,2,2,0
5.1,2850.9,-9515.2,1908.5,2142.0,519.0,LL,2,2,0
-92.0,9467.6,-9573.4,516.8,509.5,469.1,NO,0,0,0
-3.4,9563.3,-9606.9,499.5,480.7,515.5,NO,0,0,0
4.3,475.7,-474.8,3985.5,4064.6,3926.7,LLL,4,4,1
-0.9,9516.9,-9580.7,2668.0,527.2,546.1,LG,1,1,0
0.6,94.8,-95.2,4905.9,5030.4,4934.9,LLLG,5,5,1
8.4,2819.5,-9452.9,2109.2,2038.1,496.1,LL,2,2,0
-22.8,9534.9,-9483.7,525.0,480.9,503.3,NO,0,0,0
2.7,955.8,-9546.6,3001.3,2529.9,501.7,LLG,3,3,0
-23.1,9549.8,-9444.0,530.6,470.4,495.7,NO,0,0,0
91.9,9488.7,-9487.6,494.3,508.9,529.6,NO,0,0,0
4.2,9583.8,-9493.0,2567.2,543.6,498.7,LG,1,1,0
0.2,476.2,-481.6,3980.7,4005.8,3789.8,LLL,4,4,1
-3.2,9593.0,-9487.0,2403.7,452.7,493.0,LG,1,1,0
-0.3,475.3,-475.1,3709.6,3690.8,4025.4,LLL,4,4,1
-10.1,9493.2,-9494.7,2399.2,486.3,523.3,LG,1,1,0
0.6,96.3,-94.6,4953.3,5037.3,4747.1,LLLG,5,5,1
31.2,9591.6,-9602.6,468.2,505.5,524.8,NO,0,0,0
-13.1,2837.1,-9433.8,1939.6,1959.5,478.2,LL,2,2,0
0.3,94.7,-96.4,4997.0,5195.9,5075.3,LLLG,5,5,1
0.8,960.0,-9493.6,3004.7,2464.6,527.5,LLG,3,3,0
0.2,94.9,-95.2,4959.7,4815.1,5385.2,LLLG,5,5,1
-3.7,9449.9,-9553.5,544.5,488.5,517.9,NO,0,0,0
0.0,949.5,-9420.8,3008.8,2592.1,513.0,LLG,3,3,0
6.0,950.8,-9443.0,3022.8,2504.2,490.7,LLG,3,3,0
9.5,948.3,-9514.4,2927.3,2418.8,514.7,LLG,3,3,0
-1.1,962.3,-9501.4,2974.0,2475.5,451.4,LLG,3,3,0
-2.9,474.8,-472.2,3924.4,3921.2,3979.5,LLL,4,4,1
-8.1,9544.0,-9488.2,2445.4,491.4,492.6,LG,1,1,0
-2.8,938.1,-9494.6,3043.5,2535.8,464.0,LLG,3,3,0
-14.3,9577.4,-9394.2,500.4,472.2,501.4,NO,0,0,0
-3.5,9563.5,-9596.3,2429.4,475.1,515.9,LG,1,1,0
25.0,9529.8,-9490.5,539.9,457.7,494.7,NO,0,0,0
0.9,959.7,-9518.7,3285.6,2408.8,513.2,LLG,3,3,0
-1.3,474.5,-479.3,3531.3,4007.1,4107.9,LLL,4,4,1
-5.6,2836.5,-9476.0,2074.7,1963.1,487.8,LL,2,2,0
-0.3,956.9,-9540.0,2898.9,2511.5,471.2,LLG,3,3,0
-5.0,473.9,-476.4,3837.9,4083.6,4077.3,LLL,4,4,1
4.4,9452.1,-9595.1,2577.3,527.7,495.9,LG,1,1,0
-0.4,95.4,-95.0,5273.4,4846.0,4953.2,LLLG,5,5,1
32.8,9510.5,-9490.3,456.0,509.7,535.2,NO,0,0,0
-2.5,9536.9,-9467.2,2424.8,459.2,516.7,LG,1,1,0
6.3,2852.2,-9568.5,1941.1,1911.5,468.7,LL,2,2,0
5.0,9490.9,-9567.3,2449.6,489.5,477.9,LG,1,1,0
6.7,9534.4,-9501.5,2518.1,509.1,473.4,LG,1,1,0
-0.3,95.3,-95.3,4819.8,4939.8,5051.9,LLLG,5,5,1
1.8,9482.1,-9513.9,2586.5,495.9,498.0,LG,1,1,0
-0.1,94.6,-95.4,4842.6,5108.1,4775.5,LLLG,5,5,1
-64.9,9527.7,-9551.8,485.8,475.6,512.8,NO,0,0,0
-0.2,95.1,-95.7,4767.3,5079.4,5121.4,LLLG,5,5,1
4.5,475.0,-480.5,4067.0,4127.5,4144.3,LLL,4,4,1
11.4,9516.5,-9445.7,518.4,498.4,518.0,NO,0,0,0
-96.1,9534.8,-9573.5,454.0,491.2,473.2,NO,0,0,0
0.4,2857.1,-9609.2,2078.5,1939.8,526.4,LL,2,2,0
4.8,945.6,-9558.5,2969.4,2366.1,490.9,LLG,3,3,0
-58.5,9504.0,-9632.2,510.9,522.7,480.5,NO,0,0,0
0.3,94.4,-94.2,5311.9,4979.5,4911.6,LLLG,5,5,1
-40.3,9602.8,-9590.3,501.8,499.2,500.6,NO,0,0,0
23.7,9585.8,-9529.6,538.9,534.0,488.7,NO,0,0,0
-3.7,947.9,-9505.4,3033.6,2630.6,493.6,LLG,3,3,0
0.3,95.5,-94.7,4799.7,4857.7,5046.0,LLLG,5,5,1
-55.9,9442.9,-9594.6,494.6,501.7,513.9,NO,0,0,0
-0.1,96.0,-95.1,5056.8,5078.1,5235.2,LLLG,5,5,1
4.2,956.5,-9436.6,3105.2,2500.0,492.0,LLG,3,3,0
-1.1,472.3,-477.4,4038.7,4159.3,3866.4,LLL,4,4,1
-0.8,477.2,-474.6,4122.2,4120.0,4186.3,LLL,4,4,1
-0.2,95.2,-95.4,4887.6,5019.6,4753.7,LLLG,5,5,1
2.3,957.8,-9468.7,3086.1,2457.1,510.0,LLG,3,3,0
0.8,476.2,-476.1,4038.9,3905.7,4042.7,LLL,4,4,1
-3.2,9466.4,-9463.2,2433.8,508.6,480.3,LG,1,1,0
0.7,476.4,-473.2,3990.5,4095.3,3961.0,LLL,4,4,1
-18.7,2874.1,-9543.9,2041.8,1896.4,514.9,LL,2,2,0
71.5,9484.6,-9545.7,521.0,520.5,501.3,NO,0,0,0
-36.3,9498.5,-9527.2,518.9,502.3,513.5,NO,0,0,0
-9.2,9561.7,-9537.6,501.5,496.5,475.3,NO,0,0,0
-18.2,9514.9,-9519.3,499.5,495.7,490.9,NO,0,0,0
-0.8,475.1,-474.6,4144.3,3922.7,4100.2,LLL,4,4,1
1.9,472.8,-476.2,4172.2,3997.7,3924.3,LLL,4,4,1
-2.9,9484.5,-9397.0,514.5,525.6,492.7,NO,0,0,0
57.3,9526.5,-9534.5,495.1,494.2,498.4,NO,0,0,0
-0.5,9533.5,-9428.3,2633.4,482.7,473.4,LG,1,1,0
29.6,9528.4,-9606.9,487.0,544.8,510.7,NO,0,0,0
3.1,9561.2,-9585.3,2627.5,500.0,469.0,LG,1,1,0
1.5,480.1,-477.5,4136.4,4033.8,4012.1,LLL,4,4,1
42.4,9516.0,-9468.6,531.9,498.2,483.9,NO,0,0,0
4.3,472.0,-476.3,3982.9,4101.4,4004.7,LLL,4,4,1
-24.5,9587.8,-9504.2,488.3,501.2,489.4,NO,0,0,0
-39.1,9468.4,-9475.0,518.6,502.0,504.4,NO,0,0,0
-42.5,9509.9,-9573.6,474.8,471.9,498.7,NO,0,0,0
31.0,2867.0,-9540.5,2070.1,1909.4,476.6,LL,2,2,0
52.4,9427.2,-9577.8,560.3,499.1,474.8,NO,0,0,0
0.5,477.3,-477.0,4128.3,4000.6,4059.4,LLL,4,4,1
-1.8,474.6,-474.6,3785.3,3927.7,4113.6,LLL,4,4,1
61.1,9521.3,-9528.4,495.2,538.6,511.4,NO,0,0,0
24.8,9512.9,-9499.5,495.7,512.3,523.5,NO,0,0,0
4.7,476.9,-475.9,4203.4,3939.2,4196.2,LLL,4,4,1
-0.2,478.5,-477.2,3853.8,3897.0,3907.5,LLL,4,4,1
-0.6,476.1,-477.7,3788.9,4027.8,3938.2,LLL,4,4,1
-11.7,2878.1,-9550.6,1917.5,1895.2,509.9,LL,2,2,0
6.7,9515.3,-9573.3,2537.0,500.8,502.3,LG,1,1,0
-11.9,2850.2,-9494.0,2153.8,2024.4,502.0,LL,2,2,0
-0.1,94.9,-94.9,5187.1,4772.9,5648.0,LLLG,5,5,1
-49.1,9451.3,-9486.6,519.4,494.3,517.2,NO,0,0,0
0.1,94.8,-94.7,4999.1,5132.7,4851.7,LLLG,5,5,1
0.0,94.8,-96.3,5182.5,5019.9,5063.3,LLLG,5,5,1
9.2,943.7,-9467.8,3054.8,2431.4,499.2,LLG,3,3,0
71.7,9577.8,-9527.0,499.7,494.2,477.2,NO,0,0,0
2.5,475.6,-473.8,4184.4,4125.9,3929.8,LLL,4,4,1
4.4,2859.0,-9512.0,2115.0,1902.9,510.1,LL,2,2,0
30.2,9594.1,-9529.6,497.4,517.8,496.2,NO,0,0,0
-14.5,2854.6,-9511.8,2000.6,2119.9,515.2,LL,2,2,0
1.3,477.6,-475.0,4123.4,4164.4,3968.1,LLL,4,4,1
-17.4,9581.7,-9478.2,542.1,493.6,513.8,NO,0,0,0
38.4,9552.5,-9555.1,490.6,497.8,512.9,NO,0,0,0
2.0,9474.9,-9446.5,2526.3,505.5,513.2,LG,1,1,0
-44.9,9478.7,-9545.2,505.3,514.0,496.5,NO,0,0,0
0.7,95.3,-95.6,4839.3,5100.9,4926.7,LLLG,5,5,1
-51.7,9512.9,-9480.9,480.8,503.2,528.6,NO,0,0,0
33.5,9568.1,-9534.7,519.8,481.9,489.2,NO,0,0,0
3.8,948.6,-9528.1,2822.0,2420.5,497.4,LLG,3,3,0
-18.8,2855.0,-9567.3,2048.4,2117.4,489.0,LL,2,2,0
9.3,2867.1,-9520.9,2142.1,1867.0,540.3,LL,2,2,0
-7.2,9649.9,-9513.6,2590.3,514.1,495.0,LG,1,1,0
-10.0,2854.9,-9546.5,2042.1,1966.3,520.2,LL,2,2,0
-2.9,475.5,-478.8,3936.9,3892.7,4193.0,LLL,4,4,1
26.3,2841.0,-9622.2,2033.3,2031.5,482.7,LL,2,2,0
-9.7,958.7,-9594.0,2780.4,2638.5,528.1,LLG,3,3,0
-7.4,953.3,-9469.2,2969.3,2613.4,462.5,LLG,3,3,0
-16.6,9519.6,-9626.2,482.2,502.4,504.3,NO,0,0,0
53.3,9567.6,-9560.6,534.0,509.0,503.3,NO,0,0,0
8.5,9396.3,-9421.9,493.9,496.9,487.5,NO,0,0,0
-9.5,9517.3,-9576.3,2530.4,512.9,504.9,LG,1,1,0
8.4,2838.6,-9575.1,1924.8,2036.7,513.0,LL,2,2,0
0.3,477.1,-474.4,4112.5,3682.2,4057.7,LLL,4,4,1
-3.0,472.5,-479.8,4306.3,4048.0,3955.0,LLL,4,4,1
-1.2,953.3,-9471.3,2982.2,2474.3,526.9,LLG,3,3,0
6.9,2850.6,-9497.9,2136.4,1981.0,513.9,LL,2,2,0
1.5,9442.8,-9495.5,2486.0,496.3,499.1,LG,1,1,0
11.1,9480.6,-9596.2,524.3,492.8,513.5,NO,0,0,0
12.0,2848.7,-9602.4,2026.4,1953.4,508.3,LL,2,2,0
0.3,95.2,-95.7,5020.3,4657.8,4795.1,LLLG,5,5,1
-1.5,477.0,-476.5,4131.9,4130.0,4040.6,LLL,4,4,1
27.8,9497.6,-9587.2,485.6,476.6,483.7,NO,0,0,0
23.7,2852.3,-9499.6,2088.8,1991.4,494.7,LL,2,2,0
-12.1,2860.8,-9496.6,1891.7,2031.8,478.3,LL,2,2,0
9.9,9624.0,-9543.6,483.2,486.3,524.5,NO,0,0,0
-1.8,475.8,-475.1,4014.6,4297.1,3712.6,LLL,4,4,1
73.3,9534.8,-9570.0,540.8,490.3,473.3,NO,0,0,0
8.1,950.5,-9463.1,3020.7,2433.3,494.9,LLG,3,3,0
1.3,952.0,-9508.6,2936.8,2405.9,487.8,LLG,3,3,0
0.2,94.4,-96.1,5175.2,4857.6,5157.8,LLLG,5,5,1
-14.5,951.2,-9409.0,2992.1,2258.3,477.4,LLG,3,3,0
1.0,476.8,-475.8,4097.5,4154.9,4011.1,LLL,4,4,1
2.1,2868.6,-9532.1,2116.8,2006.8,537.7,LL,2,2,0
-4.8,478.9,-474.0,3978.2,3796.6,4157.1,LLL,4,4,1
2.6,475.6,-477.2,4145.7,3887.5,4068.8,LLL,4,4,1
-15.1,951.1,-9541.3,2932.8,2531.4,510.2,LLG,3,3,0
-0.5,475.2,-471.4,4242.1,4270.8,4138.3,LLL,4,4,1
-0.8,476.2,-478.5,3974.3,3924.9,3998.3,LLL,4,4,1
-67.6,9575.2,-9531.5,524.1,432.6,504.7,NO,0,0,0
4.5,2850.0,-9517.7,2159.2,2117.3,488.2,LL,2,2,0
-10.9,9466.8,-9528.9,500.8,502.5,506.8,NO,0,0,0
-2.2,473.1,-476.8,3785.6,4140.8,4129.2,LLL,4,4,1
0.5,94.1,-95.4,5108.7,4787.1,5204.2,LLLG,5,5,1
1.0,9485.9,-9507.1,2434.5,470.9,529.0,LG,1,1,0
5.1,2864.8,-9534.3,1956.7,2007.5,500.0,LL,2,2,0
-0.9,478.6,-475.7,4221.7,4000.5,4133.3,LLL,4,4,1
-0.7,945.1,-9432.7,2913.5,2408.6,468.5,LLG,3,3,0
19.1,9533.7,-9542.8,511.3,497.5,477.7,NO,0,0,0
28.8,2886.7,-9452.4,1924.6,2017.1,483.9,LL,2,2,0
84.5,9548.1,-9507.0,483.6,488.4,497.5,NO,0,0,0
1.2,477.0,-479.7,3844.4,3919.9,3830.1,LLL,4,4,1
-0.9,95.0,-95.7,4783.6,5132.5,4944.0,LLLG,5,5,1
-0.1,951.5,-9509.5,3222.3,2512.1,548.3,LLG,3,3,0
7.3,2860.5,-9516.9,2026.6,2042.4,500.0,LL,2,2,0
5.1,9509.0,-9505.0,2388.0,482.0,483.0,LG,1,1,0
3.6,9511.2,-9469.0,490.3,478.3,497.1,NO,0,0,0
12.0,949.1,-9458.5,3029.9,2502.7,504.1,LLG,3,3,0
2.7,480.2,-477.3,4000.4,4159.2,4166.5,LLL,4,4,1
-1.1,9528.6,-9526.9,2732.1,504.7,491.0,LG,1,1,0
-17.0,2852.9,-9504.0,2008.8,2079.1,465.8,LL,2,2,0
-7.7,948.5,-9470.0,3136.0,2435.2,519.1,LLG,3,3,0
-6.1,955.6,-9582.2,2965.9,2519.9,486.6,LLG,3,3,0
-2.2,480.3,-476.0,4181.1,3873.9,4047.5,LLL,4,4,1
-67.0,9444.0,-9544.5,508.8,515.6,516.3,NO,0,0,0
-44.7,9534.2,-9550.3,543.6,504.7,503.1,NO,0,0,0
-17.7,9609.8,-9562.2,484.7,499.9,525.3,NO,0,0,0
-22.7,9550.4,-9426.2,465.9,505.0,490.5,NO,0,0,0
-2.4,9444.6,-9506.4,2408.7,506.3,487.2,LG,1,1,0
21.1,2870.4,-9426.0,2011.0,1941.0,522.4,LL,2,2,0
4.6,9535.9,-9531.7,2509.0,499.7,476.1,LG,1,1,0
-6.3,960.9,-9495.5,3140.0,2502.7,487.7,LLG,3,3,0
34.1,9512.6,-9509.3,500.3,494.0,503.4,NO,0,0,0
-5.7,9512.1,-9560.0,2520.1,517.5,504.5,LG,1,1,0
-5.0,943.2,-9545.5,3126.3,2749.1,456.9,LLG,3,3,0
41.4,9545.3,-9578.4,497.1,507.8,477.3,NO,0,0,0
5.4,955.5,-9589.5,3161.6,2440.4,522.9,LLG,3,3,0
4.3,956.1,-9630.6,2998.9,2528.2,489.7,LLG,3,3,0
0.2,95.5,-94.7,4665.9,5015.6,4797.1,LLLG,5,5,1
47.1,9520.2,-9544.3,497.8,480.7,514.9,NO,0,0,0
-69.7,9651.9,-9560.1,514.8,471.7,469.6,NO,0,0,0
-18.7,9496.0,-9502.9,467.0,483.6,508.7,NO,0,0,0
-2.3,9649.4,-9593.0,2381.5,520.0,483.3,LG,1,1,0
22.5,9462.9,-9531.7,462.6,519.7,475.7,NO,0,0,0
-0.3,95.0,-94.9,4780.9,4888.1,5342.8,LLLG,5,5,1
-32.4,9613.7,-9487.1,469.0,512.7,503.8,NO,0,0,0
-54.8,9528.6,-9586.8,490.6,509.6,504.6,NO,0,0,0
-33.9,9471.1,-9583.8,493.9,526.8,480.8,NO,0,0,0
-6.1,473.9,-473.6,3890.4,3942.3,3858.6,LLL,4,4,1
0.9,475.9,-478.6,4097.4,3839.8,4149.5,LLL,4,4,1
6.3,2844.0,-9548.9,2153.5,2015.6,527.4,LL,2,2,0
-1.0,956.6,-9554.0,2974.3,2380.6,506.6,LLG,3,3,0
2.3,476.8,-471.0,3996.4,3587.3,4009.7,LLL,4,4,1
-1.4,9563.9,-9583.0,2420.1,515.4,538.3,LG,1,1,0
-84.8,9500.9,-9483.0,492.8,516.5,498.0,NO,0,0,0
-0.7,95.4,-95.3,5218.6,5181.6,5637.3,LLLG,5,5,1
0.5,479.9,-472.7,3718.4,4029.5,3995.9,LLL,4,4,1
0.9,95.9,-95.5,4823.3,4874.2,4912.2,LLLG,5,5,1
0.5,951.7,-9506.7,3031.7,2453.9,512.5,LLG,3,3,0
-2.5,476.9,-478.5,4070.4,3694.0,4114.2,LLL,4,4,1
0.1,95.1,-95.8,5103.2,5001.1,4632.1,LLLG,5,5,1
71.8,9570.1,-9575.0,492.0,538.3,506.5,NO,0,0,0
-0.1,9551.6,-9418.1,2517.2,526.1,481.5,LG,1,1,0
-5.8,2860.1,-9564.3,1939.2,1919.8,473.7,LL,2,2,0
-4.8,9600.7,-9508.8,2548.0,499.0,492.1,LG,1,1,0
3.7,9490.5,-9480.6,527.2,492.7,512.9,NO,0,0,0
8.3,953.9,-9628.6,3072.1,2340.3,511.3,LLG,3,3,0
-23.2,2852.1,-9511.5,1973.7,1979.5,525.4,LL,2,2,0
13.4,9507.5,-9519.9,497.1,520.7,527.6,NO,0,0,0
0.7,471.9,-475.6,4180.4,3832.7,3888.3,LLL,4,4,1
-38.7,9428.9,-9495.5,476.4,527.4,490.1,NO,0,0,0
-20.7,9699.8,-9549.0,524.8,511.4,493.2,NO,0,0,0
-0.4,9523.9,-9573.7,516.3,484.2,483.2,NO,0,0,0
1.3,475.0,-475.9,3856.0,4182.1,3935.1,LLL,4,4,1
0.0,954.9,-9511.5,2949.2,2502.0,510.4,LLG,3,3,0
3.0,472.0,-477.5,3986.9,3849.9,4152.0,LLL,4,4,1
-39.4,9449.0,-9651.6,482.5,494.8,537.5,NO,0,0,0
-8.2,9501.9,-9540.6,2611.4,469.1,505.8,LG,1,1,0
1.0,951.1,-9555.4,2906.1,2550.3,530.6,LLG,3,3,0
12.1,9475.3,-9480.7,514.4,497.4,470.1,NO,0,0,0
29.8,9383.6,-9508.0,466.4,492.9,521.3,NO,0,0,0
11.4,9491.3,-9527.1,471.3,504.0,512.7,NO,0,0,0
-4.9,9434.4,-9579.8,484.9,494.8,512.3,NO,0,0,0
0.6,95.8,-95.8,5023.1,5180.9,4750.5,LLLG,5,5,1
-24.6,2858.7,-9503.8,2007.5,2040.8,474.7,LL,2,2,0
-73.1,9561.5,-9543.5,478.8,486.7,514.8,NO,0,0,0
-0.3,95.3,-95.3,5013.4,4958.9,4617.0,LLLG,5,5,1
6.7,472.1,-476.1,4276.6,4050.7,4004.2,LLL,4,4,1
-8.2,2840.5,-9524.5,2071.0,2166.3,505.5,LL,2,2,0
-2.0,473.4,-479.3,4068.7,3976.1,4112.0,LLL,4,4,1
7.3,9521.3,-9489.4,500.5,458.2,513.2,NO,0,0,0
48.7,9466.1,-9460.2,490.5,516.0,483.4,NO,0,0,0
-2.7,473.0,-473.6,3956.6,4114.1,3538.3,LLL,4,4,1
-2.6,476.8,-473.5,4374.4,4117.7,4274.0,LLL,4,4,1
-2.0,480.5,-481.3,3977.6,3768.0,3969.1,LLL,4,4,1
29.5,2881.0,-9638.1,2022.3,1900.7,516.3,LL,2,2,0
-1.7,479.0,-478.8,4168.4,4113.1,4103.0,LLL,4,4,1
3.6,9552.2,-9555.8,2530.0,475.6,530.9,LG,1,1,0
3.3,478.8,-475.3,3864.8,3768.6,3934.5,LLL,4,4,1
30.5,9482.0,-9581.4,485.7,480.7,484.4,NO,0,0,0
-2.2,9496.7,-9616.7,2628.5,467.9,501.6,LG,1,1,0
-6.4,9472.2,-9483.0,2495.1,487.5,506.1,LG,1,1,0
0.3,94.6,-94.8,4656.5,4887.9,5393.5,LLLG,5,5,1
-6.3,9584.3,-9485.5,532.6,526.4,489.4,NO,0,0,0
8.5,9601.1,-9528.8,497.5,451.8,476.3,NO,0,0,0
-9.0,950.3,-9559.9,2986.9,2506.4,476.2,LLG,3,3,0
41.6,9547.5,-9564.5,503.9,494.4,484.9,NO,0,0,0
13.8,9541.4,-9549.0,450.3,491.8,478.2,NO,0,0,0
3.1,476.7,-473.8,4255.2,4054.4,4047.4,LLL,4,4,1
4.7,9470.7,-9559.8,530.6,488.9,525.0,NO,0,0,0
8.3,2860.0,-9524.5,2105.1,1948.8,530.7,LL,2,2,0
-0.1,94.9,-94.6,5166.3,5165.8,5229.8,LLLG,5,5,1
-2.3,956.9,-9545.1,2984.8,2580.8,460.3,LLG,3,3,0
2.8,477.0,-478.9,4356.1,3847.9,3957.7,LLL,4,4,1
-1.0,94.4,-95.0,4466.2,4962.7,4965.9,LLLG,5,5,1
2.3,957.3,-9470.4,2981.1,2611.2,467.5,LLG,3,3,0
-0.0,95.6,-94.5,4911.0,5196.2,4590.6,LLLG,5,5,1
-31.3,9552.4,-9468.2,519.7,507.9,489.2,NO,0,0,0
76.0,9504.5,-9515.3,517.4,526.8,503.6,NO,0,0,0
-36.5,9453.2,-9464.5,503.3,515.3,486.0,NO,0,0,0
111.2,9597.6,-9454.7,498.8,503.8,468.1,NO,0,0,0
-7.6,2854.7,-9461.3,2188.8,2020.0,491.0,LL,2,2,0
-0.6,95.5,-94.3,4966.3,4946.3,5023.3,LLLG,5,5,1
-8.9,9486.1,-9512.8,487.4,506.1,482.4,NO,0,0,0
6.4,9563.6,-9576.5,483.0,498.4,531.1,NO,0,0,0
-3.0,476.4,-475.9,3859.0,3626.7,4059.4,LLL,4,4,1
4.4,952.5,-9455.6,2839.7,2562.5,477.5,LLG,3,3,0
45.8,9428.5,-9558.4,503.3,487.5,508.3,NO,0,0,0
-0.2,95.7,-95.0,5073.9,5264.5,4762.7,LLLG,5,5,1
-4.4,2892.2,-9594.3,1951.7,2161.7,518.6,LL,2,2,0
-0.7,478.5,-475.8,4245.2,3879.6,4052.0,LLL,4,4,1
-0.3,95.3,-95.2,4858.3,5165.8,5258.5,LLLG,5,5,1
1.6,2848.0,-9507.0,2027.1,2045.8,533.4,LL,2,2,0
7.5,9479.5,-9502.8,491.8,491.9,477.5,NO,0,0,0
-2.8,473.9,-475.0,3732.1,3956.0,4127.9,LLL,4,4,1
-6.0,952.5,-9562.3,2952.7,2456.4,483.0,LLG,3,3,0
0.1,9526.8,-9460.7,2546.1,486.2,542.9,LG,1,1,0
67.1,9448.3,-9619.6,450.1,493.7,499.0,NO,0,0,0
1.0,474.5,-474.8,4108.0,4169.9,4083.8,LLL,4,4,1
1.2,9601.2,-9455.6,492.6,523.4,494.2,NO,0,0,0
1.3,473.6,-472.4,4151.0,4224.7,4014.1,LLL,4,4,1
-7.3,948.8,-9580.7,3281.9,2374.1,506.5,LLG,3,3,0
-3.3,9489.8,-9612.1,2618.9,480.9,502.9,LG,1,1,0
4.2,948.2,-9553.3,3066.7,2597.8,524.0,LLG,3,3,0
6.6,2877.4,-9515.6,1830.5,2127.8,509.7,LL,2,2,0
-48.6,9609.8,-9507.3,482.8,495.0,517.2,NO,0,0,0
77.3,9473.3,-9561.4,492.6,517.8,490.2,NO,0,0,0
1.4,951.8,-9486.3,3195.2,2485.8,497.2,LLG,3,3,0
2.8,475.2,-479.3,4057.5,4101.3,3877.0,LLL,4,4,1
-0.6,95.2,-96.2,4833.8,4737.8,5020.0,LLLG,5,5,1
-1.0,477.1,-477.5,4368.6,3950.9,4141.2,LLL,4,4,1
-0.2,95.9,-95.5,4753.6,5018.8,4980.2,LLLG,5,5,1
-1.7,478.3,-474.7,3989.1,3922.4,4441.2,LLL,4,4,1
0.7,95.9,-95.4,5097.9,5395.5,4846.6,LLLG,5,5,1
0.0,95.8,-95.3,4747.4,5037.2,5045.2,LLLG,5,5,1
0.3,479.7,-478.4,3994.9,4091.7,4503.3,LLL,4,4,1
-17.9,9607.1,-9475.3,468.7,508.3,523.9,NO,0,0,0
16.5,2853.5,-9523.2,1901.9,1906.5,508.4,LL,2,2,0
-0.3,953.5,-9494.4,3051.6,2531.7,504.5,LLG,3,3,0
-10.5,2853.6,-9485.0,2002.2,2148.7,511.8,LL,2,2,0
-39.8,9466.7,-9580.6,513.2,467.0,511.5,NO,0,0,0
2.8,474.7,-475.4,3793.5,4092.1,4061.3,LLL,4,4,1
3.2,471.8,-477.2,4093.3,4054.4,4159.8,LLL,4,4,1
17.8,9423.9,-9580.2,481.6,527.2,505.9,NO,0,0,0
6.4,954.8,-9545.5,2933.1,2576.8,491.1,LLG,3,3,0
-10.7,2847.7,-9441.2,1986.2,2085.9,526.0,LL,2,2,0
1.5,478.8,-481.7,3692.8,3960.8,3867.7,LLL,4,4,1
5.9,2871.0,-9492.1,2021.8,2041.2,494.9,LL,2,2,0
10.5,2882.7,-9454.0,1867.7,1996.9,519.1,LL,2,2,0
5.8,9556.8,-9483.2,530.5,498.5,494.3,NO,0,0,0
0.1,2853.3,-9558.6,1904.1,1915.6,501.3,LL,2,2,0
5.4,9513.3,-9478.9,2548.8,515.9,492.2,LG,1,1,0
-33.9,2884.3,-9400.8,2049.3,2170.4,477.2,LL,2,2,0
0.1,94.8,-95.9,4845.2,4610.5,5123.4,LLLG,5,5,1
1.2,9534.4,-9471.1,2512.9,487.6,489.5,LG,1,1,0
0.9,479.3,-476.7,3975.3,3846.0,4119.7,LLL,4,4,1
13.1,9574.6,-9521.6,501.2,542.2,516.2,NO,0,0,0
11.0,9473.2,-9495.8,2398.3,450.5,532.3,LG,1,1,0
4.4,479.5,-477.5,3992.9,3983.3,4033.2,LLL,4,4,1
-116.0,9553.8,-9421.3,486.1,533.4,518.3,NO,0,0,0
-10.6,2841.0,-9524.8,1956.2,2123.9,504.9,LL,2,2,0
-12.7,9484.6,-9489.6,509.7,473.8,521.5,NO,0,0,0
-3.1,474.0,-472.8,3915.7,3841.3,4014.1,LLL,4,4,1
-19.2,9599.5,-9447.6,505.2,533.3,517.0,NO,0,0,0
0.6,94.9,-94.5,5292.3,5022.8,5086.1,LLLG,5,5,1
20.0,2868.9,-9516.8,2020.3,2149.2,481.2,LL,2,2,0
-2.1,9549.7,-9525.9,2670.9,523.6,474.0,LG,1,1,0
-8.6,9499.7,-9525.1,463.5,514.6,481.9,NO,0,0,0
9.6,941.1,-9545.1,2927.3,2552.1,516.9,LLG,3,3,0
46.7,9594.1,-9442.8,514.9,486.9,534.2,NO,0,0,0
-0.5,95.1,-95.6,4752.8,4522.5,4935.7,LLLG,5,5,1
2.9,477.6,-476.4,4246.6,3962.6,3945.8,LLL,4,4,1
-11.4,2846.2,-9411.9,2130.0,1951.7,520.8,LL,2,2,0
-0.8,477.1,-474.6,3829.1,3722.8,3988.9,LLL,4,4,1
1.2,481.4,-479.8,4164.2,4053.6,4153.0,LLL,4,4,1
-0.2,474.4,-469.5,3927.1,3699.8,4040.0,LLL,4,4,1
2.7,472.1,-475.1,3873.3,4003.2,4208.2,LLL,4,4,1
-1.4,955.1,-9516.6,2887.4,2387.4,455.0,LLG,3,3,0
-33.1,9515.7,-9542.2,484.2,517.0,494.5,NO,0,0,0
2.0,9564.6,-9604.2,508.1,482.6,519.8,NO,0,0,0
-28.3,9577.2,-9532.1,499.1,513.3,487.3,NO,0,0,0
-8.7,2861.3,-9495.7,2178.0,1937.6,509.6,LL,2,2,0
-0.1,95.7,-95.6,5109.4,4827.8,4921.4,LLLG,5,5,1
4.4,479.0,-478.1,3961.4,4045.3,4188.4,LLL,4,4,1
8.9,2857.3,-9509.0,1834.2,1904.4,508.0,LL,2,2,0
9.9,9482.1,-9493.3,2662.4,502.3,522.6,LG,1,1,0
-8.1,946.4,-9491.3,3045.1,2540.1,526.2,LLG,3,3,0
-1.6,953.6,-9541.9,3186.1,2595.9,490.6,LLG,3,3,0
-0.7,478.0,-478.6,3897.5,3857.5,4056.8,LLL,4,4,1
6.1,2843.1,-9496.6,2012.1,1992.4,496.5,LL,2,2,0
-0.1,95.4,-95.5,4727.7,4655.1,5080.6,LLLG,5,5,1
0.1,95.3,-95.5,4540.4,4992.7,4753.4,LLLG,5,5,1
0.6,95.4,-95.3,4667.9,5148.7,5192.3,LLLG,5,5,1
-12.6,957.1,-9549.7,3152.1,2419.5,512.1,LLG,3,3,0
17.7,2838.0,-9548.1,2078.5,2000.4,515.4,LL,2,2,0
4.1,478.9,-473.7,4003.9,4065.6,4119.0,LLL,4,4,1
55.6,9607.1,-9498.5,500.6,516.4,481.2,NO,0,0,0
-92.0,9526.0,-9533.3,483.1,497.8,520.7,NO,0,0,0
-30.1,9478.1,-9540.7,484.9,510.0,499.1,NO,0,0,0
-0.8,946.8,-9546.2,2985.1,2586.7,514.6,LLG,3,3,0
16.7,2861.6,-9518.7,1895.6,1932.1,475.2,LL,2,2,0
0.0,94.9,-95.1,5293.7,5430.3,5091.0,LLLG,5,5,1
27.1,9481.3,-9536.7,511.1,478.7,494.6,NO,0,0,0
1.3,958.4,-9502.2,3099.1,2601.2,516.1,LLG,3,3,0
0.8,476.6,-475.3,3885.2,4097.2,4088.9,LLL,4,4,1
-16.8,9519.9,-9598.3,485.9,471.4,497.5,NO,0,0,0
-36.2,9614.0,-9545.4,494.7,481.7,468.2,NO,0,0,0
-1.9,478.6,-473.2,4011.8,3896.1,4104.6,LLL,4,4,1
-51.5,9559.7,-9575.4,500.4,529.7,517.8,NO,0,0,0
29.6,9483.4,-9586.6,481.7,487.5,537.0,NO,0,0,0
-5.8,9510.0,-9534.8,475.5,522.6,492.3,NO,0,0,0
0.1,476.3,-477.9,3971.0,3983.8,3769.3,LLL,4,4,1
73.3,9520.8,-9339.5,522.0,469.0,493.7,NO,0,0,0
-60.2,9474.2,-9532.2,522.6,520.3,483.7,NO,0,0,0
2.8,479.2,-471.9,3936.4,4012.0,4344.1,LLL,4,4,1
64.1,9500.5,-9458.2,493.5,501.5,502.4,NO,0,0,0
-0.2,958.9,-9455.4,3111.7,2378.5,513.7,LLG,3,3,0
0.7,476.2,-477.3,4060.2,4275.6,4310.2,LLL,4,4,1
-2.2,949.7,-9537.4,2998.3,2352.5,503.3,LLG,3,3,0
23.6,9507.5,-9529.8,483.2,503.9,506.5,NO,0,0,0
-4.0,2831.2,-9509.2,2051.6,2110.9,488.2,LL,2,2,0
15.3,9571.1,-9510.5,463.6,520.5,473.0,NO,0,0,0
16.1,9462.4,-9542.2,510.1,515.8,500.3,NO,0,0,0
0.5,95.1,-93.7,5292.4,4902.8,5123.4,LLLG,5,5,1
-0.2,9535.9,-9490.7,2577.8,485.5,495.6,LG,1,1,0
-4.3,9444.3,-9541.6,516.4,482.2,523.8,NO,0,0,0
-80.8,9523.8,-9500.5,497.4,503.8,478.5,NO,0,0,0
3.7,9502.2,-9620.9,481.3,507.7,461.8,NO,0,0,0
-0.5,95.1,-95.0,4795.0,4970.7,4557.8,LLLG,5,5,1
-6.1,9456.2,-9558.5,2435.0,503.7,511.2,LG,1,1,0
-1.2,473.1,-475.8,4138.9,3879.0,4247.8,LLL,4,4,1
0.5,95.9,-94.8,4797.3,4972.1,4853.8,LLLG,5,5,1
-55.1,9603.5,-9615.1,483.7,528.9,524.0,NO,0,0,0
133.5,9484.0,-9531.6,508.2,493.2,455.5,NO,0,0,0
2.8,476.2,-471.3,4145.8,3965.9,4144.7,LLL,4,4,1
-58.1,9513.3,-9615.5,497.2,494.0,465.6,NO,0,0,0
1.0,478.4,-476.3,3842.3,3975.9,4067.7,LLL,4,4,1
-6.1,949.7,-9433.9,2928.6,2537.7,493.1,LLG,3,3,0
3.9,2861.8,-9531.2,2025.4,2066.0,512.9,LL,2,2,0
3.3,9437.4,-9551.9,2339.2,542.6,502.9,LG,1,1,0
-5.0,477.0,-475.7,3926.8,4312.0,4026.5,LLL,4,4,1
1.1,2858.1,-9443.9,2138.9,2141.8,477.9,LL,2,2,0
-19.5,2888.2,-9507.5,2032.7,1897.2,487.3,LL,2,2,0
69.2,9446.3,-9478.1,528.7,503.5,502.6,NO,0,0,0
1.2,476.3,-475.6,4152.5,4100.4,3687.8,LLL,4,4,1
0.9,94.9,-96.2,5320.3,4788.4,5115.5,LLLG,5,5,1
6.8,952.6,-9491.6,3031.1,2539.6,500.1,LLG,3,3,0
0.4,95.7,-95.2,5167.2,5024.0,5086.7,LLLG,5,5,1
0.1,952.1,-9523.1,3003.9,2393.8,514.4,LLG,3,3,0
105.6,9647.5,-9537.2,550.8,520.3,493.7,NO,0,0,0
-1.0,9622.3,-9547.0,2286.5,519.3,509.8,LG,1,1,0
1.3,2846.3,-9532.0,1967.0,2053.7,495.5,LL,2,2,0
-47.5,9548.1,-9544.6,487.6,505.5,506.2,NO,0,0,0
-2.2,477.2,-476.7,4035.4,4080.9,3999.0,LLL,4,4,1
4.4,9485.2,-9475.1,2480.9,496.5,498.7,LG,1,1,0
-0.4,95.1,-95.5,5013.2,4552.8,4769.4,LLLG,5,5,1
-8.0,2850.7,-9494.4,1984.7,1855.9,489.0,LL,2,2,0
-14.5,2838.6,-9533.8,1933.0,2027.5,550.7,LL,2,2,0
-4.7,9620.6,-9582.5,513.7,487.6,495.8,NO,0,0,0
1.4,947.8,-9522.1,2825.3,2425.5,514.9,LLG,3,3,0
52.5,9524.4,-9532.2,511.8,482.1,533.2,NO,0,0,0
-0.7,477.0,-472.8,4154.2,3961.7,4111.6,LLL,4,4,1
0.3,95.3,-95.5,5257.4,5309.5,4992.5,LLLG,5,5,1
0.3,9613.4,-9560.2,2344.9,476.5,525.4,LG,1,1,0
0.7,95.8,-96.0,4819.3,5141.9,5120.6,LLLG,5,5,1
-2.2,475.5,-476.7,4072.2,3965.7,4014.8,LLL,4,4,1
-27.8,9521.4,-9643.5,507.2,505.0,506.1,NO,0,0,0
-2.3,951.1,-9490.9,3217.4,2468.3,501.7,LLG,3,3,0
8.6,2860.3,-9491.5,2077.1,2025.7,516.2,LL,2,2,0
-9.4,9377.6,-9513.0,2429.4,495.1,475.5,LG,1,1,0
-1.6,474.7,-473.9,4130.8,3603.6,4105.8,LLL,4,4,1
11.5,9535.1,-9462.2,2406.9,482.6,505.8,LG,1,1,0
-6.9,9469.9,-9464.8,2617.8,488.0,526.5,LG,1,1,0
-13.9,2813.2,-9461.2,2039.5,1962.1,463.1,LL,2,2,0
31.2,9533.8,-9552.1,482.1,472.7,540.3,NO,0,0,0
3.5,472.7,-471.6,3870.6,3824.3,3803.7,LLL,4,4,1
-54.4,9463.4,-9564.3,486.0,503.2,511.0,NO,0,0,0
0.3,479.3,-477.8,3875.5,4090.4,4557.8,LLL,4,4,1
11.5,2848.7,-9532.8,2075.5,1948.3,519.4,LL,2,2,0
-52.2,9527.6,-9613.0,496.6,497.5,497.1,NO,0,0,0
-38.9,9535.8,-9515.3,505.2,504.2,482.4,NO,0,0,0
-53.9,9553.4,-9536.6,505.0,502.8,516.6,NO,0,0,0
-4.3,956.6,-9605.9,2878.0,2512.2,492.6,LLG,3,3,0
0.8,472.3,-475.1,4052.7,3856.4,4047.3,LLL,4,4,1
0.1,473.1,-474.8,3854.3,4100.0,3858.5,LLL,4,4,1
26.9,9481.3,-9504.4,465.0,537.7,489.2,NO,0,0,0
2.4,2841.8,-9525.1,1928.9,2036.0,492.7,LL,2,2,0
-15.4,2866.3,-9603.1,2066.5,2173.8,494.4,LL,2,2,0
-76.6,9599.4,-9526.9,488.1,490.8,505.8,NO,0,0,0
-17.7,2863.3,-9434.5,1937.1,1853.6,497.0,LL,2,2,0
88.2,9517.1,-9617.2,511.9,495.6,494.8,NO,0,0,0
0.2,474.4,-472.7,3809.8,3739.1,4088.7,LLL,4,4,1
-0.1,95.2,-96.2,5115.3,4943.1,5113.8,LLLG,5,5,1
16.1,2870.6,-9551.9,2030.6,2034.0,520.4,LL,2,2,0
16.1,957.1,-9560.7,3194.8,2524.8,473.0,LLG,3,3,0
0.8,480.1,-476.0,4163.1,4116.4,3893.7,LLL,4,4,1
-7.3,9561.1,-9556.9,2453.4,508.6,518.5,LG,1,1,0
-1.2,2872.8,-9553.0,1918.1,1983.5,465.0,LL,2,2,0
-0.1,95.9,-95.0,5068.4,5202.5,5057.4,LLLG,5,5,1
-0.3,476.1,-477.2,3679.6,3974.0,3922.4,LLL,4,4,1
0.6,95.8,-95.9,4999.5,5427.4,5328.2,LLLG,5,5,1
-0.0,95.5,-95.3,4856.5,4649.1,5231.9,LLLG,5,5,1
26.0,9510.8,-9611.5,499.9,457.8,508.2,NO,0,0,0
0.5,476.5,-474.7,3725.4,4109.2,4307.2,LLL,4,4,1
8.4,960.5,-9486.6,2945.1,2579.8,483.3,LLG,3,3,0
-71.9,9527.9,-9504.3,507.9,497.3,462.5,NO,0,0,0
-1.6,474.3,-479.2,3924.0,4161.5,4042.5,LLL,4,4,1
-41.7,9547.7,-9629.8,492.3,478.5,500.4,NO,0,0,0
12.6,2852.9,-9560.1,1903.7,2133.2,475.3,LL,2,2,0
-6.0,954.1,-9547.1,2716.1,2413.2,501.6,LLG,3,3,0
-2.0,2859.2,-9578.0,1970.9,2108.3,495.1,LL,2,2,0
72.7,9517.3,-9595.8,466.2,494.1,494.1,NO,0,0,0
26.3,2870.8,-9504.7,2023.4,1848.0,521.0,LL,2,2,0
-129.3,9591.0,-9517.9,525.1,478.1,498.3,NO,0,0,0
-4.9,944.4,-9498.7,3061.8,2525.0,475.2,LLG,3,3,0
-2.7,477.6,-477.4,3844.3,3875.0,3853.6,LLL,4,4,1
-1.1,481.8,-477.1,3989.5,3701.9,3994.0,LLL,4,4,1
-2.5,473.0,-475.3,4186.9,3988.0,4035.9,LLL,4,4,1
0.3,94.6,-95.3,5119.5,4942.6,5102.5,LLLG,5,5,1
-63.1,9470.1,-9496.2,490.1,506.9,527.9,NO,0,0,0
-0.1,475.7,-474.7,3812.9,4012.2,3780.7,LLL,4,4,1
-5.2,472.2,-473.4,3981.4,4052.1,3868.8,LLL,4,4,1
13.4,9495.4,-9522.1,474.0,485.0,512.9,NO,0,0,0
14.9,959.0,-9494.1,3190.0,2568.3,486.8,LLG,3,3,0
-5.5,941.4,-9577.4,3005.4,2369.7,476.0,LLG,3,3,0
-61.3,9539.8,-9533.8,505.5,500.0,507.0,NO,0,0,0
-38.0,9607.2,-9551.4,464.3,476.8,471.8,NO,0,0,0
-0.6,476.8,-476.5,4023.9,3874.1,3827.1,LLL,4,4,1
-22.1,9561.0,-9594.0,484.9,472.3,503.6,NO,0,0,0
7.7,949.1,-9555.0,2922.7,2306.5,501.5,LLG,3,3,0
-4.0,473.1,-477.8,3935.9,3829.4,3871.5,LLL,4,4,1
0.2,95.2,-95.6,4593.4,4978.5,4878.9,LLLG,5,5,1
2.6,477.5,-476.9,4209.3,3778.3,4017.5,LLL,4,4,1
-62.2,9501.3,-9523.8,481.4,485.8,481.6,NO,0,0,0
-4.9,959.8,-9533.4,2985.6,2369.7,484.1,LLG,3,3,0
16.2,9580.7,-9492.9,486.8,479.5,487.1,NO,0,0,0
12.2,2871.4,-9524.0,2086.7,2058.1,484.4,LL,2,2,0
-1.3,948.7,-9430.1,3230.2,2492.5,499.0,LLG,3,3,0
54.4,9500.3,-9559.5,474.2,527.9,543.1,NO,0,0,0
3.4,476.2,-474.6,4017.8,4051.9,3824.4,LLL,4,4,1
1.1,9532.3,-9539.1,2486.3,509.8,490.9,LG,1,1,0
28.1,9620.8,-9499.0,498.6,460.9,499.5,NO,0,0,0
-39.0,9516.4,-9475.2,533.0,456.2,503.0,NO,0,0,0
0.1,958.7,-9479.0,3082.3,2512.4,462.2,LLG,3,3,0
-0.8,9515.5,-9541.3,2560.4,509.6,490.1,LG,1,1,0
1.0,95.4,-96.1,5198.9,4917.1,5015.9,LLLG,5,5,1
-1.9,9601.1,-9427.5,2416.2,495.0,512.1,LG,1,1,0
0.2,478.8,-476.7,4370.1,4169.8,3873.4,LLL,4,4,1
-0.7,95.2,-94.6,5058.0,4777.3,5129.9,LLLG,5,5,1
21.0,2857.5,-9552.6,2040.4,1935.9,475.8,LL,2,2,0
0.1,95.8,-95.1,5089.3,4990.1,4765.1,LLLG,5,5,1
-2.7,481.0,-478.7,3908.8,3782.1,3925.8,LLL,4,4,1
-7.8,9491.7,-9520.2,2676.5,511.0,486.1,LG,1,1,0
-80.5,9481.1,-9520.8,480.1,542.8,493.6,NO,0,0,0
3.2,9471.7,-9499.1,2535.2,515.9,491.7,LG,1,1,0
2.2,9540.0,-9580.0,2484.2,487.6,522.1,LG,1,1,0
6.2,948.8,-9576.9,3212.7,2619.1,529.4,LLG,3,3,0
-2.7,2844.0,-9461.2,2049.6,1984.6,513.0,LL,2,2,0
-10.8,2838.7,-9541.8,1985.0,1902.5,522.8,LL,2,2,0
3.5,953.8,-9589.1,3107.3,2557.1,499.3,LLG,3,3,0
31.1,9535.9,-9459.6,516.0,488.2,507.2,NO,0,0,0
-42.6,2855.7,-9559.7,2027.2,1930.3,455.4,LL,2,2,0
-2.5,475.8,-475.0,4170.6,4067.7,4176.0,LLL,4,4,1
6.3,9563.3,-9517.2,2540.6,486.4,504.4,LG,1,1,0
-28.8,9555.2,-9514.7,525.5,515.0,430.0,NO,0,0,0
-39.3,9559.5,-9549.5,522.4,508.6,491.2,NO,0,0,0
-6.7,9533.8,-9484.4,496.0,475.8,542.0,NO,0,0,0
-77.2,9528.6,-9527.2,488.4,514.6,511.9,NO,0,0,0
13.5,9433.4,-9535.5,498.6,527.1,524.1,NO,0,0,0
0.5,478.8,-475.8,4243.9,4067.4,3838.1,LLL,4,4,1
-6.6,474.6,-477.3,4093.9,4128.3,4036.3,LLL,4,4,1
1.4,9522.9,-9511.8,2388.9,507.2,486.3,LG,1,1,0
19.1,2868.2,-9590.7,2066.5,2002.5,484.3,LL,2,2,0
9.7,9478.5,-9477.2,2495.5,464.9,540.6,LG,1,1,0
0.6,474.1,-476.2,3852.0,4244.2,4273.5,LLL,4,4,1
2.0,957.3,-9578.8,2921.7,2585.1,498.9,LLG,3,3,0
-0.4,479.1,-479.9,4155.5,3873.7,4360.8,LLL,4,4,1
-2.8,468.0,-477.3,4274.8,4018.6,4002.5,LLL,4,4,1
-1.1,9593.0,-9534.7,2470.9,492.2,484.3,LG,1,1,0
-3.2,9554.0,-9411.7,2608.6,486.8,507.5,LG,1,1,0
5.8,9582.5,-9504.5,2637.2,487.4,479.5,LG,1,1,0
-81.1,9552.6,-9531.4,499.4,494.3,521.3,NO,0,0,0
-0.2,95.1,-95.4,5328.4,4816.1,5509.8,LLLG,5,5,1
17.2,9528.1,-9521.3,519.4,521.9,493.9,NO,0,0,0
0.1,93.7,-94.5,5084.0,5331.3,5276.3,LLLG,5,5,1
2.6,475.6,-475.0,4198.8,4137.8,3998.7,LLL,4,4,1
-11.5,9540.9,-9587.8,2476.5,505.7,469.5,LG,1,1,0
-14.2,9456.9,-9473.4,495.3,525.1,505.2,NO,0,0,0
-3.4,2867.5,-9519.1,2052.4,2020.5,505.5,LL,2,2,0
75.3,9591.8,-9575.5,521.9,478.7,478.2,NO,0,0,0
38.0,9515.0,-9512.1,493.2,494.8,500.4,NO,0,0,0
-10.5,9544.1,-9511.9,2508.8,499.9,498.4,LG,1,1,0
-5.5,2832.4,-9564.6,2088.5,2166.2,509.8,LL,2,2,0
-2.5,955.2,-9581.3,3028.1,2778.6,474.4,LLG,3,3,0
-16.9,9443.6,-9585.7,494.9,487.5,524.0,NO,0,0,0
-1.7,480.8,-470.3,3877.9,3976.2,3920.3,LLL,4,4,1
-40.9,9637.2,-9473.3,503.4,506.2,492.3,NO,0,0,0
-0.6,94.5,-95.4,4937.3,5114.4,4795.0,LLLG,5,5,1
-1.5,479.4,-471.3,4025.3,4150.7,4125.6,LLL,4,4,1
11.2,9490.7,-9439.2,471.9,507.0,523.2,NO,0,0,0
-3.8,949.8,-9637.0,3017.7,2630.8,495.2,LLG,3,3,0
-4.0,2862.5,-9488.7,2074.9,2035.4,500.7,LL,2,2,0
-0.7,95.3,-95.3,4814.0,4893.3,4772.7,LLLG,5,5,1
-2.1,9499.7,-9512.5,2359.7,509.1,499.9,LG,1,1,0
-113.0,9500.2,-9452.4,499.2,518.3,470.6,NO,0,0,0
3.8,475.9,-475.5,4175.2,3971.5,3795.0,LLL,4,4,1
3.4,2849.9,-9519.6,2036.2,2123.4,486.3,LL,2,2,0
6.0,2866.2,-9635.9,1973.6,1827.1,511.6,LL,2,2,0
3.9,9465.6,-9499.2,2479.8,510.1,505.3,LG,1,1,0
-0.6,963.0,-9537.7,2922.6,2551.7,502.7,LLG,3,3,0
15.3,9592.3,-9559.2,501.2,506.2,475.5,NO,0,0,0
-8.3,2861.8,-9577.1,2077.1,1958.5,508.0,LL,2,2,0
-60.0,9573.3,-9509.4,487.6,515.3,538.1,NO,0,0,0
-9.8,940.8,-9515.0,2951.0,2442.6,524.0,LLG,3,3,0
-5.8,9546.8,-9506.6,493.1,506.1,530.7,NO,0,0,0
0.8,472.5,-476.3,4075.3,3975.6,3965.4,LLL,4,4,1
2.2,475.6,-477.6,3913.0,3984.0,3914.3,LLL,4,4,1
4.4,476.1,-478.3,3880.9,3909.9,4188.4,LLL,4,4,1
4.2,2875.3,-9609.0,1989.5,2099.3,503.2,LL,2,2,0
0.4,94.8,-94.9,5090.3,5187.8,5119.8,LLLG,5,5,1
-41.2,9528.7,-9569.8,497.0,525.9,473.0,NO,0,0,0
-1.9,9472.9,-9553.9,470.8,491.7,504.0,NO,0,0,0
-2.8,478.0,-480.1,4086.8,4019.4,4099.1,LLL,4,4,1
-7.6,474.3,-476.5,3950.3,3954.6,3779.3,LLL,4,4,1
-0.6,95.5,-95.4,4795.3,5144.1,4866.0,LLLG,5,5,1
41.1,2851.1,-9537.2,2150.2,1940.8,508.5,LL,2,2,0
3.2,951.0,-9562.8,2989.1,2519.0,515.7,LLG,3,3,0
-47.5,9553.2,-9614.6,487.7,521.4,514.7,NO,0,0,0
8.0,951.6,-9549.6,2945.8,2569.9,476.7,LLG,3,3,0
10.8,952.2,-9589.1,2929.2,2526.7,510.0,LLG,3,3,0
-57.4,9565.3,-9543.7,536.1,527.1,524.6,NO,0,0,0
-7.4,954.1,-9547.5,2995.4,2361.2,510.7,LLG,3,3,0
-2.6,476.5,-474.4,3907.2,4107.4,4193.8,LLL,4,4,1
5.7,478.7,-473.9,4057.4,4042.7,4152.1,LLL,4,4,1
-3.4,9573.6,-9575.3,518.3,526.0,538.4,NO,0,0,0
-61.9,9589.1,-9514.5,491.7,490.7,503.5,NO,0,0,0
-43.1,9457.4,-9526.7,496.7,492.2,515.2,NO,0,0,0
-10.0,2865.1,-9633.9,1986.7,1916.9,500.7,LL,2,2,0
16.8,9494.6,-9462.6,474.7,490.6,494.5,NO,0,0,0
-37.7,9537.5,-9539.6,514.2,506.8,487.0,NO,0,0,0
0.1,958.1,-9526.6,2750.1,2539.9,510.2,LLG,3,3,0
-15.9,9517.7,-9476.0,494.4,507.3,518.4,NO,0,0,0
0.5,94.6,-94.4,5187.0,5163.2,5033.3,LLLG,5,5,1
2.2,472.4,-480.8,3887.0,4058.5,4128.5,LLL,4,4,1
-0.5,95.1,-95.4,5059.7,5193.8,5199.2,LLLG,5,5,1
53.4,9606.2,-9488.6,488.3,519.9,463.9,NO,0,0,0
26.4,2848.7,-9486.3,2074.4,2069.3,474.5,LL,2,2,0
-0.2,95.1,-95.7,4938.0,5182.6,4929.4,LLLG,5,5,1
-0.1,9557.0,-9526.0,512.9,536.0,516.4,NO,0,0,0
76.5,9537.2,-9515.8,509.4,518.2,510.7,NO,0,0,0
0.1,95.6,-95.1,5107.3,5012.0,4987.0,LLLG,5,5,1
2.7,951.8,-9480.0,3000.6,2554.2,486.1,LLG,3,3,0
12.4,2893.2,-9456.6,2022.3,2148.5,490.2,LL,2,2,0
-36.8,9496.1,-9505.2,477.6,482.4,506.6,NO,0,0,0
1.1,9503.4,-9560.4,2724.5,523.9,500.8,LG,1,1,0
29.5,9516.3,-9471.5,475.9,479.6,488.6,NO,0,0,0
-0.8,478.0,-478.6,3896.7,4018.4,4059.3,LLL,4,4,1
0.9,94.7,-94.8,4912.2,4798.1,5089.5,LLLG,5,5,1
3.5,473.8,-477.7,4015.0,3928.0,3895.4,LLL,4,4,1
4.3,475.8,-478.0,4171.1,4015.6,4024.4,LLL,4,4,1
-0.6,9611.5,-9540.3,2369.7,482.4,526.9,LG,1,1,0
-48.8,9553.5,-9508.2,525.1,476.0,495.1,NO,0,0,0
-20.5,9509.8,-9559.1,475.6,483.9,497.6,NO,0,0,0
-35.2,9469.0,-9482.1,496.6,454.4,530.0,NO,0,0,0
-1.6,476.4,-475.1,4000.1,3849.4,3805.7,LLL,4,4,1
-4.7,9518.5,-9538.4,2470.6,504.7,505.1,LG,1,1,0
-38.4,9470.5,-9596.5,483.8,491.0,481.0,NO,0,0,0
-0.3,959.9,-9519.5,3117.8,2581.2,504.2,LLG,3,3,0
-110.4,9570.2,-9634.2,530.6,490.9,481.9,NO,0,0,0
1.9,473.1,-473.0,3872.6,3987.8,4225.7,LLL,4,4,1
-5.3,9530.8,-9504.8,2488.4,530.1,469.9,LG,1,1,0
-59.4,9533.8,-9581.1,510.3,532.7,493.5,NO,0,0,0
-1.8,482.6,-474.3,4259.4,3997.8,3744.7,LLL,4,4,1
5.0,957.0,-9583.3,3121.3,2488.6,506.9,LLG,3,3,0
-25.1,9460.3,-9522.9,532.4,501.9,546.0,NO,0,0,0
5.4,477.1,-475.7,3779.0,4084.9,3802.9,LLL,4,4,1
-0.9,474.3,-473.7,4053.8,4060.8,3940.1,LLL,4,4,1
-23.5,2843.9,-9519.8,2023.0,1985.0,492.9,LL,2,2,0
-34.8,9564.4,-9503.1,517.4,519.9,535.8,NO,0,0,0
76.4,9477.5,-9551.1,482.1,473.1,442.1,NO,0,0,0
-1.4,475.5,-470.6,3845.7,3928.5,4016.1,LLL,4,4,1
7.4,9512.4,-9550.4,2345.3,512.0,475.2,LG,1,1,0
-2.3,475.4,-478.4,4059.3,3626.5,4008.5,LLL,4,4,1
0.6,95.9,-95.0,5009.4,4801.0,4907.6,LLLG,5,5,1
2.9,475.2,-478.6,4266.5,4021.2,3855.2,LLL,4,4,1
0.4,94.5,-94.9,4573.3,4825.9,5034.9,LLLG,5,5,1
19.2,2892.6,-9568.0,1923.7,1994.8,524.2,LL,2,2,0
-5.9,9514.4,-9530.9,473.0,506.9,477.2,NO,0,0,0
30.6,9569.8,-9468.8,509.4,492.4,522.9,NO,0,0,0
-1.3,476.1,-473.5,3923.2,3847.4,3999.9,LLL,4,4,1
52.9,9552.8,-9521.5,490.4,501.7,530.1,NO,0,0,0
-5.9,2859.6,-9468.5,1967.1,1922.5,509.6,LL,2,2,0
4.6,475.9,-474.5,4338.6,3772.7,3862.4,LLL,4,4,1
7.1,9584.4,-9497.3,2557.2,512.2,500.5,LG,1,1,0
-12.3,2836.6,-9493.6,1997.6,1914.6,522.1,LL,2,2,0
-4.3,9502.4,-9471.6,534.5,524.4,523.4,NO,0,0,0
4.2,9462.4,-9512.3,2619.2,505.0,519.7,LG,1,1,0
-1.6,949.5,-9540.6,3070.5,2554.0,500.8,LLG,3,3,0
56.1,9522.6,-9501.5,506.9,501.8,520.7,NO,0,0,0
1.8,949.1,-9489.6,2825.9,2522.8,488.5,LLG,3,3,0
-52.4,9527.9,-9469.0,493.4,484.8,494.8,NO,0,0,0
46.8,9527.9,-9656.4,472.1,484.7,499.3,NO,0,0,0
13.0,9581.0,-9514.6,2494.0,461.5,488.0,LG,1,1,0
-6.5,949.9,-9435.9,3153.4,2550.3,473.6,LLG,3,3,0
0.4,95.4,-95.0,5157.4,4876.1,4992.0,LLLG,5,5,1
-8.2,951.6,-9572.9,3074.6,2663.0,490.3,LLG,3,3,0
4.9,9546.4,-9610.7,470.4,509.1,496.8,NO,0,0,0
0.5,476.7,-477.6,3923.6,4269.2,4061.8,LLL,4,4,1
-5.9,947.7,-9538.2,3149.5,2512.8,494.5,LLG,3,3,0
-15.3,2871.4,-9483.7,1934.5,1905.3,506.0,LL,2,2,0
2.7,2871.5,-9568.2,2110.5,1950.7,527.6,LL,2,2,0
-19.2,9523.1,-9584.5,479.9,544.1,500.2,NO,0,0,0
84.4,9611.9,-9543.8,509.1,509.6,514.3,NO,0,0,0
-3.2,2872.4,-9459.1,1947.0,1854.1,529.2,LL,2,2,0
-51.7,9495.7,-9447.0,478.7,491.5,516.0,NO,0,0,0
11.0,2854.4,-9537.6,1990.9,2034.1,511.5,LL,2,2,0
-3.0,473.6,-475.0,4228.9,4128.5,3964.2,LLL,4,4,1
-24.6,2875.3,-9479.4,1913.5,2072.8,486.9,LL,2,2,0
-1.9,9542.3,-9486.4,494.0,479.9,505.2,NO,0,0,0
90.4,9517.1,-9543.7,482.5,501.4,484.3,NO,0,0,0
-0.2,95.7,-95.1,4958.7,4904.0,5042.8,LLLG,5,5,1
0.2,94.6,-94.8,5342.3,4826.1,4765.7,LLLG,5,5,1
-1.6,480.3,-472.6,3926.2,4054.3,3847.5,LLL,4,4,1
-2.0,478.7,-477.2,3870.5,3949.4,4227.7,LLL,4,4,1
1.1,9489.4,-9483.9,2492.2,486.7,522.0,LG,1,1,0
3.5,946.0,-9528.8,2974.5,2711.8,520.1,LLG,3,3,0
9.7,9543.2,-9505.2,2708.0,443.5,484.1,LG,1,1,0
-39.5,9501.6,-9521.0,460.6,531.7,525.3,NO,0,0,0
-4.8,9495.2,-9556.4,2346.8,557.0,517.2,LG,1,1,0
-26.8,9431.3,-9508.2,522.6,515.7,488.9,NO,0,0,0
0.3,959.1,-9535.2,3197.4,2568.6,533.3,LLG,3,3,0
-66.8,9550.4,-9578.2,519.0,486.6,484.3,NO,0,0,0
0.1,474.9,-478.0,3947.9,3771.1,4016.2,LLL,4,4,1
64.1,9613.2,-9510.3,467.7,473.9,496.6,NO,0,0,0
-0.4,95.6,-96.3,4884.9,4827.3,4800.9,LLLG,5,5,1
-6.3,9461.3,-9526.2,2498.2,516.4,509.3,LG,1,1,0
-0.7,2873.1,-9579.0,2136.4,1958.6,512.0,LL,2,2,0
2.6,2854.9,-9517.8,2001.7,1917.5,517.9,LL,2,2,0
22.0,9567.0,-9557.1,492.4,459.6,512.8,NO,0,0,0
3.4,479.3,-476.3,4035.9,4253.5,3905.6,LLL,4,4,1
-3.0,478.2,-477.3,3963.6,3918.4,4206.8,LLL,4,4,1
-2.3,477.9,-477.9,3483.4,3926.9,4125.4,LLL,4,4,1
3.9,9458.1,-9619.6,2277.0,496.4,515.7,LG,1,1,0
-12.3,946.2,-9512.1,3181.5,2574.8,502.2,LLG,3,3,0
-44.0,9506.5,-9506.4,518.8,499.4,521.0,NO,0,0,0
-1.7,9502.9,-9527.5,487.1,510.2,518.6,NO,0,0,0
5.2,9450.5,-9505.8,2583.7,495.9,498.8,LG,1,1,0
0.9,477.9,-477.8,3901.4,4145.5,3764.7,LLL,4,4,1
3.8,9529.7,-9571.4,2549.8,509.4,494.3,LG,1,1,0
-0.7,949.3,-9557.4,2944.4,2391.0,498.9,LLG,3,3,0
83.9,9524.8,-9491.5,536.9,499.9,475.6,NO,0,0,0
-37.5,9600.5,-9530.0,499.9,474.8,491.8,NO,0,0,0
7.6,2875.4,-9541.1,1966.7,2107.0,498.6,LL,2,2,0
1.0,95.0,-95.0,5058.6,5096.7,5215.7,LLLG,5,5,1
0.2,95.8,-95.4,4914.3,4889.4,5214.6,LLLG,5,5,1
51.9,9453.5,-9456.8,487.3,516.7,535.0,NO,0,0,0
-34.5,9503.3,-9583.2,481.9,488.7,510.3,NO,0,0,0
-0.4,478.5,-476.3,3696.8,3989.0,3823.8,LLL,4,4,1
4.0,2855.0,-9608.2,1881.4,2165.0,488.4,LL,2,2,0
-25.1,9574.7,-9598.3,527.8,504.7,513.9,NO,0,0,0
-0.8,94.5,-94.5,5343.3,5037.8,4797.6,LLLG,5,5,1
1.2,473.7,-478.8,4037.9,3998.6,4047.1,LLL,4,4,1
110.8,9615.2,-9421.4,509.0,483.6,521.4,NO,0,0,0
-2.8,954.9,-9557.3,2822.7,2453.4,483.6,LLG,3,3,0
-15.2,2841.7,-9513.1,2042.5,1866.5,476.9,LL,2,2,0
7.7,2845.6,-9562.2,2039.9,2040.9,508.7,LL,2,2,0
-1.3,477.0,-483.1,4160.7,4132.5,3868.1,LLL,4,4,1
5.8,9518.7,-9553.0,487.2,484.3,482.8,NO,0,0,0
2.8,9503.2,-9560.0,471.6,526.4,509.4,NO,0,0,0
-3.1,9623.4,-9512.7,2500.8,502.8,514.2,LG,1,1,0
-9.1,9579.2,-9639.5,513.7,503.2,516.1,NO,0,0,0
-0.5,9582.3,-9556.3,2527.4,532.9,496.5,LG,1,1,0
2.1,476.2,-477.8,4062.0,4174.6,3819.5,LLL,4,4,1
48.0,9569.8,-9502.0,501.2,518.5,509.4,NO,0,0,0
-0.8,952.2,-9514.1,3010.5,2653.3,498.7,LLG,3,3,0
10.9,949.7,-9483.8,2890.9,2375.5,510.1,LLG,3,3,0
-2.0,477.8,-478.8,3980.3,3851.7,4014.2,LLL,4,4,1
-0.2,95.0,-96.4,5016.8,5102.3,5083.8,LLLG,5,5,1
-7.4,2860.2,-9586.1,2062.5,1830.4,500.7,LL,2,2,0
-2.7,474.6,-475.3,3896.3,4087.7,3825.9,LLL,4,4,1
-40.5,9638.7,-9539.0,532.3,508.1,523.6,NO,0,0,0
-2.1,9572.5,-9558.8,2541.1,506.1,484.0,LG,1,1,0
-3.9,481.1,-477.8,4074.5,4292.7,4038.4,LLL,4,4,1
-21.1,9531.1,-9575.9,480.3,467.7,497.1,NO,0,0,0
48.6,9524.4,-9544.3,537.1,521.5,503.3,NO,0,0,0
-29.2,2874.6,-9571.8,2030.6,1989.0,540.9,LL,2,2,0
-3.3,478.0,-474.8,4416.2,3921.4,3903.5,LLL,4,4,1
-1.9,473.0,-477.0,4167.8,4268.8,4175.3,LLL,4,4,1
-4.4,2870.7,-9520.2,2020.0,2005.5,506.3,LL,2,2,0
6.0,2862.7,-9531.2,1913.8,2055.1,506.5,LL,2,2,0
-66.8,9542.2,-9530.0,499.8,484.2,476.5,NO,0,0,0
-31.6,9520.9,-9600.5,515.0,479.7,503.7,NO,0,0,0
-30.0,9591.1,-9489.0,521.6,504.8,519.4,NO,0,0,0
-4.0,9515.3,-9493.5,452.9,478.4,491.5,NO,0,0,0
0.9,9513.2,-9515.4,2314.2,515.5,474.0,LG,1,1,0
31.8,2879.0,-9496.6,1966.5,2107.7,446.2,LL,2,2,0
0.4,96.3,-94.8,4962.0,5022.2,4922.2,LLLG,5,5,1
-61.2,9505.9,-9503.3,506.7,481.0,531.7,NO,0,0,0
-3.4,476.5,-476.1,3899.6,4016.6,4002.2,LLL,4,4,1
-0.6,478.7,-470.6,3904.1,4073.5,3675.0,LLL,4,4,1
-14.1,2847.5,-9524.3,1919.0,2068.7,536.7,LL,2,2,0
0.0,94.9,-95.4,4879.4,5260.1,4681.7,LLLG,5,5,1
-0.0,95.2,-95.2,5067.9,4892.4,5091.3,LLLG,5,5,1
1.5,2846.4,-9580.5,2087.1,2137.4,505.5,LL,2,2,0
1.4,475.5,-471.5,4017.4,4407.7,4010.2,LLL,4,4,1
13.3,945.4,-9486.6,3010.2,2501.8,488.4,LLG,3,3,0
7.1,2843.1,-9586.4,2122.5,1916.1,540.1,LL,2,2,0
-0.0,955.2,-9445.6,2975.8,2378.7,479.1,LLG,3,3,0
9.3,2868.1,-9480.4,1817.6,2005.3,463.9,LL,2,2,0
87.3,9522.0,-9570.7,524.3,489.3,511.9,NO,0,0,0
33.0,9529.3,-9467.7,486.4,503.8,504.7,NO,0,0,0
0.3,95.3,-94.9,4751.6,4901.0,4841.8,LLLG,5,5,1
-5.6,9526.1,-9528.9,2631.5,507.8,525.9,LG,1,1,0
-2.3,2869.2,-9496.1,2080.6,1820.8,493.8,LL,2,2,0
4.2,9456.9,-9550.7,2479.0,519.4,468.9,LG,1,1,0
-2.3,948.9,-9609.5,2903.4,2553.6,521.3,LLG,3,3,0
-6.4,9535.8,-9452.9,527.3,500.6,503.8,NO,0,0,0
-0.2,476.8,-476.6,4201.6,4126.5,4079.7,LLL,4,4,1
-29.4,9554.7,-9522.5,497.8,525.2,498.5,NO,0,0,0
-3.1,470.8,-478.1,4105.7,3671.5,4235.6,LLL,4,4,1
-40.3,9563.7,-9543.2,552.0,499.9,549.5,NO,0,0,0
1.3,476.0,-479.0,3966.9,3917.5,4014.8,LLL,4,4,1
-2.1,9561.2,-9518.4,2652.2,507.3,493.9,LG,1,1,0
29.1,9471.9,-9536.9,477.1,520.4,486.0,NO,0,0,0
-4.3,9481.2,-9502.9,2631.7,481.2,505.2,LG,1,1,0
-25.4,2875.1,-9512.2,1990.5,2054.7,484.6,LL,2,2,0
-0.2,95.4,-95.1,4901.8,5090.9,5157.0,LLLG,5,5,1
84.2,9593.5,-9599.3,487.6,487.6,521.9,NO,0,0,0
-0.3,941.1,-9479.3,3066.8,2526.4,482.8,LLG,3,3,0
-13.9,2848.7,-9539.2,2020.8,1944.7,496.5,LL,2,2,0
-11.2,2865.5,-9535.6,1906.2,1933.9,514.2,LL,2,2,0
9.0,2890.9,-9517.0,1991.1,2110.1,535.1,LL,2,2,0
-1.8,473.9,-478.6,3804.8,4193.8,4323.8,LLL,4,4,1
2.9,471.9,-480.3,3769.9,3793.0,3919.1,LLL,4,4,1
-2.2,475.4,-473.0,3722.0,4007.5,4130.7,LLL,4,4,1
-2.2,476.6,-475.0,3916.8,3584.4,4183.0,LLL,4,4,1
5.7,9554.5,-9550.2,2602.2,523.8,511.8,LG,1,1,0
0.4,95.2,-95.4,5029.6,4970.0,4984.6,LLLG,5,5,1
-6.7,961.3,-9503.6,2904.9,2471.1,475.3,LLG,3,3,0
-0.7,475.2,-475.9,3908.4,3707.6,3972.5,LLL,4,4,1
-60.7,9588.4,-9572.3,493.4,485.2,523.6,NO,0,0,0
-2.9,953.6,-9581.1,3266.7,2441.2,498.8,LLG,3,3,0
2.6,9573.7,-9522.2,2601.1,506.8,509.2,LG,1,1,0
-6.0,2859.5,-9435.2,2100.2,1882.8,495.8,LL,2,2,0
0.7,95.3,-95.0,4983.7,5068.6,4831.9,LLLG,5,5,1
0.7,952.2,-9571.1,2942.2,2693.0,496.5,LLG,3,3,0
-2.4,476.7,-475.5,4107.3,3910.6,3909.5,LLL,4,4,1
0.5,475.1,-479.2,4075.7,3967.9,3845.8,LLL,4,4,1
46.6,9510.4,-9526.4,468.6,480.6,479.0,NO,0,0,0
-50.6,9609.0,-9513.1,481.2,469.8,483.3,NO,0,0,0
31.0,2896.7,-9555.0,2001.2,2092.8,481.5,LL,2,2,0
-27.7,2868.8,-9496.2,1965.5,2049.3,533.4,LL,2,2,0
2.3,478.2,-476.4,4023.2,4142.5,3941.3,LLL,4,4,1
2.5,477.0,-478.0,4129.4,3780.6,3791.0,LLL,4,4,1
5.8,9551.7,-9545.7,2471.4,451.1,526.6,LG,1,1,0
-7.2,2844.5,-9524.9,2201.8,1996.4,506.0,LL,2,2,0
-92.5,9609.0,-9361.1,460.1,486.8,468.9,NO,0,0,0
10.2,2845.4,-9523.8,2030.1,1952.8,500.2,LL,2,2,0
-4.7,477.0,-477.4,3723.1,4052.3,4177.4,LLL,4,4,1
0.6,477.3,-477.3,3998.6,3906.1,4033.7,LLL,4,4,1
-55.8,9489.0,-9495.1,490.1,525.0,531.1,NO,0,0,0
1.9,477.8,-474.1,3714.2,4060.5,4231.3,LLL,4,4,1
1.9,479.6,-474.3,4162.5,4197.5,3953.9,LLL,4,4,1
28.0,9542.4,-9483.9,477.5,492.3,485.8,NO,0,0,0
-1.0,95.2,-95.0,5132.9,5232.0,4869.8,LLLG,5,5,1
-6.1,9508.0,-9535.5,514.0,464.8,530.7,NO,0,0,0
1.1,473.5,-477.2,3788.5,3986.6,3958.9,LLL,4,4,1
-3.4,9520.8,-9500.7,2530.7,490.0,518.4,LG,1,1,0
79.9,9545.1,-9558.1,495.6,523.9,533.7,NO,0,0,0
3.8,2853.2,-9445.4,1887.9,2099.4,490.4,LL,2,2,0
7.9,9575.3,-9595.5,472.0,513.8,520.4,NO,0,0,0
2.3,956.5,-9637.5,3027.4,2476.8,515.9,LLG,3,3,0
-28.6,9532.8,-9550.4,507.8,508.0,494.8,NO,0,0,0
4.7,9566.3,-9548.1,2402.7,505.5,499.1,LG,1,1,0
1.0,477.3,-477.4,4247.3,4030.4,3760.3,LLL,4,4,1
-32.7,9579.6,-9489.2,480.7,511.0,498.8,NO,0,0,0
-0.7,2866.6,-9623.5,1971.4,1932.2,491.8,LL,2,2,0
4.9,946.2,-9586.2,3053.1,2318.8,525.9,LLG,3,3,0
7.7,951.0,-9602.8,3171.9,2597.3,503.3,LLG,3,3,0
-0.6,940.2,-9463.0,2942.1,2620.7,496.9,LLG,3,3,0
-78.0,9558.8,-9535.0,502.1,487.6,479.1,NO,0,0,0
-3.6,474.6,-475.1,4015.2,3958.9,3796.9,LLL,4,4,1
27.4,2861.3,-9579.8,2109.4,1938.5,491.7,LL,2,2,0
-64.6,9495.5,-9505.0,516.3,515.8,544.2,NO,0,0,0
-44.3,9462.5,-9543.6,495.9,500.9,522.9,NO,0,0,0
-0.0,9419.7,-9464.1,510.4,492.4,518.5,NO,0,0,0
2.4,477.3,-475.7,4009.7,4033.3,3826.3,LLL,4,4,1
1.4,9497.7,-9608.8,2407.9,489.1,500.9,LG,1,1,0
19.1,2906.6,-9544.1,1965.0,1984.4,513.6,LL,2,2,0
-3.6,2859.7,-9497.8,1995.1,2184.3,514.0,LL,2,2,0
-10.0,952.1,-9592.3,3046.6,2579.0,512.5,LLG,3,3,0
-2.3,477.2,-480.2,4083.2,3874.9,4506.2,LLL,4,4,1
0.3,476.4,-481.1,4173.0,4220.3,3797.1,LLL,4,4,1
5.6,2881.5,-9463.4,2145.1,2114.9,500.7,LL,2,2,0
4.8,948.3,-9482.2,2904.5,2363.8,501.8,LLG,3,3,0
82.9,9583.4,-9526.4,463.5,494.5,480.6,NO,0,0,0
-7.0,9535.5,-9579.6,480.8,480.5,484.2,NO,0,0,0
-55.6,9471.9,-9565.3,490.0,485.4,506.0,NO,0,0,0
-0.3,95.1,-95.5,5085.8,5104.0,4602.0,LLLG,5,5,1
0.3,95.1,-95.6,5030.7,4658.4,4444.4,LLLG,5,5,1
-128.4,9504.6,-9476.9,507.8,469.0,455.2,NO,0,0,0
58.5,9490.0,-9561.3,512.1,516.9,534.5,NO,0,0,0
-0.9,476.4,-475.1,4024.3,4193.5,3953.6,LLL,4,4,1
54.5,9601.3,-9546.9,472.7,479.3,496.4,NO,0,0,0
23.1,9458.8,-9592.7,497.8,499.7,512.3,NO,0,0,0
-63.2,9598.0,-9418.3,473.4,479.9,521.8,NO,0,0,0
30.5,9503.4,-9566.8,511.0,503.7,495.6,NO,0,0,0
122.7,9518.5,-9488.9,511.5,499.1,514.1,NO,0,0,0
-0.2,95.5,-95.2,5086.1,5009.3,5055.7,LLLG,5,5,1
6.6,951.8,-9589.2,2957.9,2514.2,479.7,LLG,3,3,0
-0.5,475.3,-479.6,4089.5,4035.1,3783.1,LLL,4,4,1
2.6,474.5,-476.4,3878.8,4239.3,4299.1,LLL,4,4,1
7.7,9498.6,-9530.6,2616.3,519.0,465.3,LG,1,1,0
19.5,9466.0,-9570.8,502.3,495.0,486.3,NO,0,0,0
1.1,478.2,-474.5,3891.6,3990.8,4040.4,LLL,4,4,1
-5.2,945.7,-9578.8,3043.5,2534.2,507.5,LLG,3,3,0
-13.2,2852.9,-9431.1,1924.7,1996.7,493.6,LL,2,2,0
-5.0,9588.3,-9627.6,2436.9,477.4,528.1,LG,1,1,0
1.2,952.6,-9565.6,2813.7,2491.6,501.6,LLG,3,3,0
0.4,946.0,-9534.7,2967.7,2442.4,535.0,LLG,3,3,0
16.7,2837.2,-9482.3,1988.1,2217.5,529.9,LL,2,2,0
0.3,2860.8,-9595.6,2019.0,2070.4,506.4,LL,2,2,0
-8.9,9542.0,-9470.1,2609.9,460.3,495.7,LG,1,1,0
9.4,2846.2,-9472.7,1906.6,1991.6,515.3,LL,2,2,0
-4.3,956.1,-9517.9,3013.6,2310.9,478.8,LLG,3,3,0
-11.3,9522.7,-9484.5,2589.9,516.4,472.1,LG,1,1,0
-7.8,956.5,-9488.8,2780.1,2544.9,494.5,LLG,3,3,0
20.0,2865.7,-9459.3,2010.0,1995.5,507.1,LL,2,2,0
83.5,9514.0,-9418.4,468.0,512.5,520.3,NO,0,0,0
25.5,9497.9,-9553.1,493.8,517.9,482.2,NO,0,0,0
14.1,9614.1,-9537.6,505.5,489.0,527.7,NO,0,0,0
-8.2,9536.0,-9545.3,2444.6,495.6,478.3,LG,1,1,0
5.4,944.3,-9492.2,2807.7,2469.5,496.0,LLG,3,3,0
1.6,9534.1,-9466.4,2345.2,516.6,514.1,LG,1,1,0
17.7,2861.3,-9496.9,2052.1,1899.6,461.6,LL,2,2,0
-3.7,2857.1,-9501.3,1991.2,1972.6,517.6,LL,2,2,0
5.4,9483.2,-9529.3,2481.0,484.9,503.8,LG,1,1,0
-9.7,947.2,-9525.9,3146.6,2242.3,477.7,LLG,3,3,0
-4.1,951.7,-9577.4,2848.1,2435.4,484.5,LLG,3,3,0
0.5,95.1,-94.9,5059.6,4848.4,4954.0,LLLG,5,5,1
-3.6,475.3,-475.7,3849.9,3967.5,3674.4,LLL,4,4,1
-2.4,948.6,-9531.1,2812.0,2326.8,517.1,LLG,3,3,0
1.9,477.7,-473.8,4063.6,3906.8,3944.9,LLL,4,4,1
-0.1,95.1,-94.9,4772.5,5041.7,5019.0,LLLG,5,5,1
-3.3,949.9,-9452.7,2912.5,2583.8,476.2,LLG,3,3,0
-30.9,9551.2,-9544.4,468.0,525.1,505.9,NO,0,0,0
17.3,9414.5,-9543.4,520.2,488.1,499.0,NO,0,0,0
-4.3,949.1,-9498.1,3089.1,2538.2,513.1,LLG,3,3,0
5.0,952.3,-9501.0,2969.3,2504.0,519.3,LLG,3,3,0
16.2,2838.7,-9475.5,1991.9,1989.6,486.8,LL,2,2,0
2.7,2859.5,-9532.9,2008.7,1967.0,516.4,LL,2,2,0
-0.8,478.5,-478.8,3762.7,3852.3,3985.4,LLL,4,4,1
-27.5,9445.8,-9453.6,508.5,556.6,491.7,NO,0,0,0
-2.4,473.9,-476.4,4192.3,4048.8,4138.7,LLL,4,4,1
5.2,2853.5,-9501.6,1942.5,1997.6,541.7,LL,2,2,0
0.0,95.1,-95.5,4950.6,4996.4,5328.3,LLLG,5,5,1
0.1,475.3,-473.8,3574.3,4165.2,3748.5,LLL,4,4,1
-0.6,475.0,-477.6,4027.1,4203.1,3750.2,LLL,4,4,1
3.8,946.5,-9440.2,2911.4,2571.4,467.3,LLG,3,3,0
33.4,9523.3,-9506.4,483.2,500.2,510.3,NO,0,0,0
2.3,957.7,-9488.9,2943.4,2585.1,509.6,LLG,3,3,0
70.6,9592.1,-9570.4,506.0,523.2,491.0,NO,0,0,0
1.1,9507.5,-9430.3,2604.1,494.7,482.6,LG,1,1,0
-30.5,2829.6,-9483.4,2027.8,2026.1,497.8,LL,2,2,0
4.0,9614.6,-9544.5,2346.0,491.2,490.0,LG,1,1,0
-5.3,9602.8,-9536.6,2449.4,540.2,491.8,LG,1,1,0
48.2,9563.6,-9512.6,493.5,526.5,505.0,NO,0,0,0
9.0,9492.1,-9600.6,530.7,485.8,497.8,NO,0,0,0
1.8,478.3,-477.6,4142.1,3859.6,4049.7,LLL,4,4,1
6.5,2837.8,-9539.5,2093.2,2005.3,462.4,LL,2,2,0
4.4,963.8,-9447.1,3030.7,2627.0,481.6,LLG,3,3,0
-24.9,9510.4,-9580.0,497.6,475.8,475.7,NO,0,0,0
22.4,9511.0,-9501.5,506.0,477.0,492.2,NO,0,0,0
-0.6,95.6,-96.0,4838.2,5220.6,4940.8,LLLG,5,5,1
-5.7,9616.6,-9542.7,2397.2,491.5,491.2,LG,1,1,0
23.5,2873.5,-9618.7,2010.8,1974.4,484.3,LL,2,2,0
3.8,958.8,-9527.6,3068.9,2394.9,503.5,LLG,3,3,0
54.1,9501.1,-9579.8,505.3,523.6,503.6,NO,0,0,0
1.7,479.4,-479.8,3992.4,4090.9,3838.2,LLL,4,4,1
2.2,9439.6,-9512.5,459.8,515.5,507.5,NO,0,0,0
-5.0,947.8,-9487.6,3075.9,2599.1,460.7,LLG,3,3,0
12.1,9534.1,-9561.9,506.7,509.4,489.3,NO,0,0,0
-39.8,9569.2,-9394.5,477.2,470.2,508.3,NO,0,0,0
-1.3,95.7,-94.7,4896.0,5024.9,4632.3,LLLG,5,5,1
22.0,2859.9,-9522.8,2273.4,1962.7,487.0,LL,2,2,0
-8.7,2860.8,-9511.5,1990.1,2055.4,493.6,LL,2,2,0
-1.7,2854.3,-9461.2,2019.5,1971.8,492.6,LL,2,2,0
-0.2,472.9,-472.5,3747.9,4165.4,3899.5,LLL,4,4,1
7.5,9509.6,-9462.7,504.5,505.8,493.8,NO,0,0,0
-30.7,9478.3,-9562.9,500.8,501.2,528.0,NO,0,0,0
5.5,9487.2,-9487.0,2419.2,490.3,512.7,LG,1,1,0
1.1,474.7,-479.5,4220.6,4116.2,3613.3,LLL,4,4,1
72.0,9501.9,-9581.5,518.8,539.9,497.3,NO,0,0,0
13.9,2870.7,-9563.8,2028.5,2055.9,495.1,LL,2,2,0
2.9,9572.8,-9611.1,2611.8,515.5,455.0,LG,1,1,0
9.3,954.1,-9570.1,2985.9,2460.3,496.2,LLG,3,3,0
8.9,952.5,-9569.4,3221.5,2423.7,516.7,LLG,3,3,0
-2.2,945.5,-9575.1,2812.8,2671.7,482.6,LLG,3,3,0
45.3,9525.4,-9643.6,481.2,511.4,501.7,NO,0,0,0
-8.1,2846.2,-9553.1,1807.6,2006.1,478.1,LL,2,2,0
-0.6,9593.5,-9484.4,2549.4,553.2,475.0,LG,1,1,0
-11.4,9510.2,-9498.2,2568.4,482.2,517.8,LG,1,1,0
40.1,2858.0,-9629.4,1996.2,2094.0,487.4,LL,2,2,0
-1.2,952.3,-9535.5,3125.1,2478.1,493.1,LLG,3,3,0
5.4,9480.1,-9532.9,514.2,503.4,500.7,NO,0,0,0
-48.5,9512.6,-9500.2,516.5,540.2,488.0,NO,0,0,0
-4.2,479.8,-476.5,4020.3,4193.4,3841.9,LLL,4,4,1
1.0,479.5,-475.5,4230.9,3969.5,3879.5,LLL,4,4,1
-91.1,9505.5,-9500.7,482.9,531.8,517.3,NO,0,0,0
-0.7,9636.0,-9520.7,2669.0,515.0,502.0,LG,1,1,0
1.4,9506.2,-9513.7,2509.1,490.5,512.8,LG,1,1,0
20.3,2862.6,-9597.1,2054.9,2079.7,506.6,LL,2,2,0
-15.2,9652.0,-9541.6,475.2,503.8,519.2,NO,0,0,0
4.1,9579.7,-9487.0,493.0,522.8,492.1,NO,0,0,0
-1.4,951.1,-9579.9,3112.3,2619.4,511.9,LLG,3,3,0
-13.0,9542.3,-9559.0,516.5,504.2,508.3,NO,0,0,0
3.7,476.1,-475.0,4056.9,3978.3,4015.1,LLL,4,4,1
8.1,9541.9,-9490.4,559.9,537.3,513.3,NO,0,0,0
-6.1,474.9,-477.6,3801.8,4058.5,4035.5,LLL,4,4,1
57.2,9554.4,-9446.1,485.2,486.9,513.1,NO,0,0,0
-1.7,2824.9,-9572.9,1972.4,1946.3,523.0,LL,2,2,0
-0.7,95.0,-95.7,4857.6,5098.3,5289.6,LLLG,5,5,1
3.0,476.4,-472.5,4286.2,3722.0,4055.9,LLL,4,4,1
-0.2,95.4,-95.2,4709.9,4910.7,5074.4,LLLG,5,5,1
55.8,9478.7,-9512.1,495.7,515.9,521.3,NO,0,0,0
-60.5,9478.8,-9572.1,526.2,468.7,484.6,NO,0,0,0
3.1,9548.9,-9431.1,2417.6,456.3,517.4,LG,1,1,0
-22.0,2865.2,-9487.3,1899.4,1933.8,518.7,LL,2,2,0
4.3,9464.8,-9476.8,2457.7,493.4,497.7,LG,1,1,0
8.1,2868.0,-9515.0,2060.6,2023.1,513.1,LL,2,2,0
1.0,474.4,-477.4,3940.5,4108.1,4151.5,LLL,4,4,1
84.6,9586.0,-9542.8,475.6,488.9,508.5,NO,0,0,0
32.9,9518.9,-9586.2,495.5,491.0,533.5,NO,0,0,0
-38.7,9569.0,-9544.8,514.3,521.7,508.2,NO,0,0,0
-1.3,9465.8,-9456.9,2375.0,508.7,476.5,LG,1,1,0
-2.6,955.4,-9506.7,3125.9,2498.9,495.3,LLG,3,3,0
-1.2,476.6,-478.6,3661.6,3681.8,4127.1,LLL,4,4,1
29.9,9454.2,-9456.7,494.1,495.4,468.8,NO,0,0,0
-1.6,480.8,-478.9,3829.4,3872.3,3806.6,LLL,4,4,1
2.1,958.3,-9583.2,3013.9,2530.9,504.2,LLG,3,3,0
5.5,9551.4,-9474.5,480.0,482.3,521.1,NO,0,0,0
0.0,475.0,-474.0,3819.2,4110.1,4200.6,LLL,4,4,1
4.4,2836.9,-9602.4,2031.4,1976.5,501.7,LL,2,2,0
15.0,9594.8,-9590.9,495.6,515.0,511.6,NO,0,0,0
-3.4,473.9,-479.9,4101.3,3743.2,3913.7,LLL,4,4,1
-4.0,9451.9,-9564.0,512.2,488.8,519.6,NO,0,0,0
94.1,9521.6,-9581.1,523.4,524.7,510.0,NO,0,0,0
-3.5,2875.9,-9487.3,2094.5,1950.7,491.2,LL,2,2,0
-66.4,9522.2,-9497.6,491.5,514.2,500.8,NO,0,0,0
14.5,9522.9,-9642.2,518.4,476.9,490.2,NO,0,0,0
-3.4,9480.6,-9560.8,2535.1,484.1,488.9,LG,1,1,0
-1.5,474.1,-476.9,3967.6,4210.1,3954.7,LLL,4,4,1
-31.9,9520.4,-9480.6,510.4,473.8,509.3,NO,0,0,0
1.7,478.7,-474.4,3897.6,4039.9,3793.0,LLL,4,4,1
1.1,475.5,-476.2,3901.4,4009.7,4115.4,LLL,4,4,1
-7.8,9394.2,-9536.0,2514.6,486.8,504.4,LG,1,1,0
9.8,2855.0,-9633.5,1800.4,1959.2,511.4,LL,2,2,0
29.6,2828.6,-9458.7,1986.4,1975.7,497.0,LL,2,2,0
-8.3,957.1,-9500.2,3022.9,2352.5,485.6,LLG,3,3,0
11.3,9492.8,-9519.6,2443.3,495.8,485.8,LG,1,1,0
-6.3,9511.5,-9582.5,2481.6,469.0,461.0,LG,1,1,0
-58.9,9493.6,-9494.4,472.3,529.4,479.0,NO,0,0,0
-4.2,2865.8,-9670.3,1869.3,1973.3,496.6,LL,2,2,0
31.5,9506.4,-9490.7,496.8,510.7,504.9,NO,0,0,0
-3.5,949.8,-9477.1,3084.6,2443.5,494.5,LLG,3,3,0
-86.0,9633.5,-9579.9,499.7,486.9,482.1,NO,0,0,0
-0.4,95.2,-94.7,5411.7,5166.3,4887.0,LLLG,5,5,1
-0.2,478.9,-475.6,4084.3,4207.9,4058.4,LLL,4,4,1
0.0,2870.2,-9542.4,2082.6,2119.0,523.7,LL,2,2,0
8.6,2834.7,-9502.0,2016.9,1871.8,504.9,LL,2,2,0
-18.2,9545.7,-9520.1,539.8,460.8,477.5,NO,0,0,0
1.8,473.9,-474.2,4155.5,3774.3,3901.3,LLL,4,4,1
0.7,9595.4,-9556.5,2477.6,449.5,520.2,LG,1,1,0
-73.5,9466.9,-9550.2,491.3,491.3,492.3,NO,0,0,0
3.7,478.7,-477.3,4053.4,3982.4,4019.6,LLL,4,4,1
34.3,9602.5,-9586.4,477.3,503.7,513.3,NO,0,0,0
-23.7,2853.4,-9500.7,1914.8,1881.0,496.9,LL,2,2,0
-34.2,2849.5,-9515.6,1927.0,1885.7,501.4,LL,2,2,0
-0.4,2868.8,-9503.0,2067.8,2072.7,504.8,LL,2,2,0
-1.9,9544.7,-9540.1,2546.0,485.1,520.2,LG,1,1,0
0.1,474.4,-475.7,3942.2,4104.6,3924.1,LLL,4,4,1
1.6,9508.9,-9536.4,2527.7,493.4,496.4,LG,1,1,0
-0.8,94.8,-95.5,4953.1,4829.3,5245.6,LLLG,5,5,1
-1.8,475.0,-475.6,3990.6,4139.9,3911.1,LLL,4,4,1
3.8,9520.5,-9536.3,2529.0,527.3,494.5,LG,1,1,0
19.8,9573.9,-9533.0,541.5,510.2,498.9,NO,0,0,0
4.2,476.5,-479.3,3942.4,3863.7,3739.3,LLL,4,4,1
17.4,9457.8,-9420.6,489.9,510.8,503.2,NO,0,0,0
0.9,472.1,-475.4,3747.7,3913.8,3677.0,LLL,4,4,1
41.3,9587.8,-9515.9,475.4,496.6,495.6,NO,0,0,0
-6.6,9525.2,-9480.8,470.4,473.6,524.3,NO,0,0,0
-1.8,476.3,-476.8,4047.3,4035.3,3888.6,LLL,4,4,1
-2.7,953.2,-9538.5,3194.1,2401.7,459.5,LLG,3,3,0
-3.2,475.1,-480.3,4088.5,3929.9,3929.6,LLL,4,4,1
-8.7,2870.5,-9535.4,2143.8,2030.0,482.3,LL,2,2,0
-16.4,9438.2,-9599.7,516.6,498.5,490.9,NO,0,0,0
-3.9,9573.9,-9434.1,2599.4,489.5,520.7,LG,1,1,0
-0.3,950.9,-9543.2,3134.6,2442.9,479.7,LLG,3,3,0
-6.4,951.2,-9431.1,2918.8,2619.4,503.0,LLG,3,3,0
8.1,9558.5,-9483.2,500.0,477.1,502.5,NO,0,0,0
3.6,482.5,-477.8,4065.7,4175.8,3986.8,LLL,4,4,1
3.5,2854.9,-9548.5,2005.5,2111.7,490.5,LL,2,2,0
15.2,9470.6,-9459.7,507.7,472.0,473.0,NO,0,0,0
2.2,2855.1,-9576.2,2059.7,1929.3,511.2,LL,2,2,0
64.1,9578.7,-9438.2,496.8,497.3,524.5,NO,0,0,0
2.7,954.2,-9567.8,2915.6,2448.8,485.3,LLG,3,3,0
1.5,477.4,-478.1,3839.7,3893.0,3950.1,LLL,4,4,1
124.0,9477.3,-9608.4,490.3,525.7,490.3,NO,0,0,0
-3.8,954.3,-9558.2,3189.5,2507.3,507.0,LLG,3,3,0
2.2,957.8,-9511.0,2964.9,2677.0,481.3,LLG,3,3,0
56.0,9529.1,-9520.0,530.8,501.3,504.5,NO,0,0,0
1.7,2854.2,-9498.0,1988.3,1937.0,518.8,LL,2,2,0
4.9,9589.5,-9562.8,476.0,494.5,493.2,NO,0,0,0
-2.1,952.3,-9463.6,3199.7,2713.8,460.3,LLG,3,3,0
-4.5,953.6,-9478.5,2987.2,2449.4,530.7,LLG,3,3,0
-40.4,9564.3,-9499.5,506.4,510.2,481.3,NO,0,0,0
39.3,9545.6,-9507.8,518.2,494.3,475.4,NO,0,0,0
-4.7,952.2,-9508.5,2901.2,2544.7,508.1,LLG,3,3,0
-3.4,476.2,-474.7,4313.3,3861.3,3792.7,LLL,4,4,1
-3.2,477.5,-472.3,3751.0,3972.2,4157.9,LLL,4,4,1
1.1,478.5,-472.7,4066.3,4122.3,4030.0,LLL,4,4,1
-5.6,9564.9,-9507.5,497.1,494.7,503.4,NO,0,0,0
-2.8,945.8,-9586.2,3032.4,2561.6,478.0,LLG,3,3,0
-39.6,9602.2,-9518.5,458.2,486.3,514.2,NO,0,0,0
-7.6,9469.5,-9580.4,2454.1,481.5,486.1,LG,1,1,0
-75.0,9495.6,-9540.9,477.8,496.9,472.6,NO,0,0,0
-3.2,9543.7,-9517.2,2526.1,484.4,465.1,LG,1,1,0
-27.1,9541.1,-9535.2,466.5,491.2,500.9,NO,0,0,0
0.9,476.1,-475.1,3899.3,3951.0,3910.1,LLL,4,4,1
-3.7,475.1,-478.7,4114.7,4164.3,4035.7,LLL,4,4,1
-4.7,2866.5,-9510.2,1879.2,2065.2,518.5,LL,2,2,0
-2.0,2869.0,-9520.7,2070.6,2077.0,492.3,LL,2,2,0
-4.5,943.6,-9527.6,2995.6,2539.4,501.7,LLG,3,3,0
-3.2,478.1,-476.6,3802.9,3726.2,3850.2,LLL,4,4,1
3.7,9554.9,-9604.9,2474.3,501.4,532.7,LG,1,1,0
-0.3,95.3,-94.7,4847.9,5111.5,4897.8,LLLG,5,5,1
-4.4,9583.2,-9536.6,2504.6,528.4,483.3,LG,1,1,0
0.7,2860.2,-9503.5,2000.0,2085.9,524.1,LL,2,2,0
-12.8,2852.2,-9578.7,1907.3,2086.8,456.0,LL,2,2,0
-2.0,478.5,-477.3,3905.9,3940.9,4001.9,LLL,4,4,1
9.8,2845.8,-9502.8,2020.2,2000.9,527.2,LL,2,2,0
9.6,2829.7,-9487.5,2074.1,2013.5,513.1,LL,2,2,0
0.6,478.2,-476.4,3836.6,3930.7,3852.8,LLL,4,4,1
-0.1,95.3,-94.3,5441.0,5027.5,5043.5,LLLG,5,5,1
7.5,9536.7,-9591.1,2282.7,475.8,515.7,LG,1,1,0
-0.1,476.2,-475.8,3829.5,3614.7,3999.7,LLL,4,4,1
19.3,2845.2,-9489.5,1999.0,2060.5,487.1,LL,2,2,0
-3.5,476.3,-477.2,3777.3,4198.1,4079.4,LLL,4,4,1
2.6,942.1,-9456.0,2866.3,2500.7,525.7,LLG,3,3,0
-11.8,9497.6,-9510.2,506.3,517.5,498.5,NO,0,0,0
0.2,474.0,-475.2,4285.0,4090.8,4045.3,LLL,4,4,1
9.1,9455.8,-9505.4,488.6,515.3,482.6,NO,0,0,0
0.3,95.8,-95.7,4994.0,5149.0,4912.8,LLLG,5,5,1
0.9,947.2,-9527.8,3115.2,2461.5,515.5,LLG,3,3,0
1.2,474.8,-480.4,3896.8,4355.3,4122.1,LLL,4,4,1
-21.1,9506.5,-9527.2,513.7,497.4,496.8,NO,0,0,0
-0.8,9542.5,-9464.0,2507.1,496.3,463.2,LG,1,1,0
-20.3,2849.3,-9539.8,1990.7,1988.6,485.0,LL,2,2,0
18.4,9457.2,-9547.7,508.2,503.6,490.3,NO,0,0,0
-77.7,9548.6,-9491.6,511.9,498.6,484.9,NO,0,0,0
13.0,2836.3,-9536.0,1978.6,2045.8,500.5,LL,2,2,0
12.3,954.2,-9499.1,3030.3,2480.2,511.3,LLG,3,3,0
4.8,479.1,-476.0,3844.1,4167.5,3790.1,LLL,4,4,1
-3.7,2836.1,-9569.6,1966.1,1919.5,556.7,LL,2,2,0
0.5,477.6,-474.4,3915.2,3710.3,4244.6,LLL,4,4,1
2.5,2855.1,-9496.8,1885.8,1957.9,526.3,LL,2,2,0
2.4,9574.7,-9607.4,2489.3,520.3,518.0,LG,1,1,0
-0.4,95.5,-95.2,5084.0,4977.4,4975.2,LLLG,5,5,1
0.2,95.3,-95.0,5268.9,4910.6,4646.5,LLLG,5,5,1
-8.8,2868.8,-9539.3,2049.4,1954.8,526.3,LL,2,2,0
0.5,9571.9,-9534.9,2543.0,504.2,473.8,LG,1,1,0
-13.2,9506.1,-9603.3,2445.1,492.6,497.0,LG,1,1,0
0.1,95.3,-95.7,5078.5,4841.8,4931.4,LLLG,5,5,1
2.1,477.5,-477.8,3988.4,3966.7,4091.8,LLL,4,4,1
-6.6,960.5,-9524.4,2833.3,2533.3,521.5,LLG,3,3,0
5.8,9597.9,-9557.3,2701.5,511.7,480.1,LG,1,1,0
9.9,955.2,-9445.1,2911.2,2517.8,471.8,LLG,3,3,0
-34.5,9525.9,-9473.7,486.1,516.6,476.3,NO,0,0,0
5.9,9515.6,-9550.1,497.3,523.5,508.8,NO,0,0,0
4.9,2871.2,-9549.3,1945.3,1971.3,498.2,LL,2,2,0
-56.1,9484.7,-9481.4,487.2,493.2,514.0,NO,0,0,0
-2.0,481.9,-476.6,3747.1,3994.3,4086.0,LLL,4,4,1
-97.9,9379.3,-9546.7,505.9,485.1,515.9,NO,0,0,0
-0.5,95.4,-94.9,5082.0,5004.0,4867.4,LLLG,5,5,1
-17.1,9459.5,-9552.8,534.4,519.2,525.4,NO,0,0,0
-79.7,9481.6,-9581.7,518.8,469.8,498.3,NO,0,0,0
-1.3,959.9,-9619.6,3184.4,2633.2,485.7,LLG,3,3,0
-6.7,9503.8,-9526.8,2636.7,508.6,499.6,LG,1,1,0
3.6,957.1,-9574.6,2895.9,2379.8,494.7,LLG,3,3,0
-15.5,2864.7,-9545.9,2045.0,2036.0,504.0,LL,2,2,0
-0.1,95.7,-95.3,4924.9,5092.9,4703.3,LLLG,5,5,1
-63.7,9601.5,-9466.2,528.2,508.7,491.9,NO,0,0,0
-32.2,9479.6,-9525.8,490.7,472.7,493.2,NO,0,0,0
-1.3,475.1,-474.7,3967.6,3883.9,3811.5,LLL,4,4,1
-28.0,9463.6,-9471.0,499.2,506.8,513.7,NO,0,0,0
-7.6,9466.3,-9481.4,2491.5,511.5,532.8,LG,1,1,0
-0.1,95.2,-96.5,5001.6,5409.1,5208.9,LLLG,5,5,1
-15.3,2844.6,-9470.4,2053.5,2202.6,498.3,LL,2,2,0
-42.0,9569.7,-9542.1,524.0,480.7,506.4,NO,0,0,0
5.6,2848.8,-9528.6,1845.9,1922.2,495.9,LL,2,2,0
-3.2,2856.6,-9562.0,2071.7,1995.0,476.8,LL,2,2,0
-16.3,2835.7,-9508.8,2066.6,2061.7,465.2,LL,2,2,0
15.6,9493.3,-9471.5,483.8,505.4,486.0,NO,0,0,0
-0.2,95.6,-95.5,4937.2,4827.8,5073.2,LLLG,5,5,1
1.1,2851.3,-9446.6,2124.0,1983.5,477.2,LL,2,2,0
0.4,476.9,-478.2,3962.8,3968.8,4164.7,LLL,4,4,1
-80.0,9458.6,-9500.4,507.6,481.9,502.8,NO,0,0,0
-1.4,942.9,-9493.9,2867.6,2463.0,514.2,LLG,3,3,0
3.4,955.7,-9538.9,3041.3,2592.4,457.9,LLG,3,3,0
9.1,961.1,-9532.7,3208.9,2615.8,522.4,LLG,3,3,0
-5.0,477.2,-474.9,4280.1,4052.4,4022.8,LLL,4,4,1
-14.8,2867.3,-9481.2,1898.3,1915.8,523.7,LL,2,2,0
5.2,9505.4,-9481.3,532.0,503.9,501.0,NO,0,0,0
-10.8,9517.6,-9502.9,501.0,481.7,457.8,NO,0,0,0
-1.7,2881.9,-9531.4,1933.2,2058.3,528.8,LL,2,2,0
-5.2,9552.9,-9472.3,2491.5,495.0,499.0,LG,1,1,0
19.6,2854.8,-9415.7,1870.9,1916.0,495.1,LL,2,2,0
10.9,2847.8,-9573.0,2020.5,2040.0,474.0,LL,2,2,0
1.3,9510.3,-9564.7,2738.7,528.7,500.4,LG,1,1,0
-4.5,2859.0,-9559.6,1968.9,1997.3,488.5,LL,2,2,0
-24.6,9575.3,-9501.5,511.2,513.0,518.9,NO,0,0,0
-4.5,961.1,-9432.0,3062.9,2577.4,517.6,LLG,3,3,0
31.8,2864.9,-9568.3,1934.6,1976.4,520.1,LL,2,2,0
-91.3,9645.1,-9529.6,521.4,523.2,490.7,NO,0,0,0
-45.2,9471.7,-9533.7,509.5,512.4,533.1,NO,0,0,0
-3.5,953.4,-9475.3,2867.1,2420.4,461.4,LLG,3,3,0
-0.2,95.3,-95.8,4988.0,4872.7,4752.1,LLLG,5,5,1
8.5,2854.7,-9544.4,1917.6,2119.7,530.5,LL,2,2,0
51.3,9514.7,-9583.7,467.1,518.2,522.5,NO,0,0,0
33.8,9593.7,-9495.0,504.5,516.2,447.6,NO,0,0,0
-0.9,95.4,-95.2,4941.3,5319.5,4959.0,LLLG,5,5,1
-39.3,9519.8,-9534.1,500.3,476.2,501.3,NO,0,0,0
7.5,2841.5,-9523.8,1937.8,2026.5,511.3,LL,2,2,0
-22.0,9479.3,-9571.7,517.3,510.5,465.2,NO,0,0,0
-7.4,2868.9,-9513.7,2127.9,1975.5,505.4,LL,2,2,0
45.4,9521.2,-9588.8,510.1,504.3,492.7,NO,0,0,0
-0.2,95.8,-95.8,4936.4,4712.6,5263.4,LLLG,5,5,1
-1.9,951.0,-9525.1,3229.2,2481.2,517.2,LLG,3,3,0
-3.7,478.6,-478.5,4189.5,4052.9,4119.9,LLL,4,4,1
0.7,953.3,-9509.0,3110.6,2447.0,501.0,LLG,3,3,0
-24.0,2870.3,-9504.8,2043.3,1911.5,508.4,LL,2,2,0
-3.7,961.9,-9497.5,3042.2,2446.7,515.0,LLG,3,3,0
-5.0,475.2,-476.4,4053.1,3894.0,4036.1,LLL,4,4,1
1.7,477.3,-477.0,4194.8,4064.0,3935.2,LLL,4,4,1
-2.7,477.0,-474.5,3796.9,3924.6,3971.7,LLL,4,4,1
-45.5,9574.1,-9562.1,511.6,522.3,497.8,NO,0,0,0
6.4,476.2,-473.2,3924.6,3760.4,3888.0,LLL,4,4,1
-2.9,9531.9,-9495.2,462.9,505.9,536.5,NO,0,0,0
6.1,957.2,-9622.3,3031.6,2517.9,499.7,LLG,3,3,0
17.5,9503.2,-9558.7,520.4,508.9,510.7,NO,0,0,0
-45.3,9628.6,-9564.7,467.3,506.9,488.1,NO,0,0,0
-2.2,477.5,-473.5,4223.1,3868.3,3888.5,LLL,4,4,1
0.2,95.0,-95.0,4915.9,4834.1,4896.4,LLLG,5,5,1
-0.5,956.1,-9569.1,2953.2,2489.8,540.0,LLG,3,3,0
-26.7,9542.6,-9501.2,505.7,503.2,537.3,NO,0,0,0
-1.5,476.4,-478.2,4047.1,4100.0,3848.0,LLL,4,4,1
-93.2,9584.1,-9558.7,480.1,500.6,499.2,NO,0,0,0
31.4,2885.2,-9487.3,1904.7,1898.0,474.9,LL,2,2,0
0.5,477.6,-472.3,3852.5,4056.9,3785.8,LLL,4,4,1
5.6,475.5,-475.3,4379.4,4069.8,4033.9,LLL,4,4,1
-3.5,952.2,-9502.0,3110.7,2482.3,500.8,LLG,3,3,0
2.6,952.8,-9424.5,3285.3,2600.1,490.6,LLG,3,3,0
13.5,9551.8,-9590.3,488.1,532.1,508.5,NO,0,0,0
2.2,476.7,-479.2,3924.1,3730.1,4315.0,LLL,4,4,1
0.5,95.5,-94.8,5170.6,5147.6,5024.2,LLLG,5,5,1
0.2,95.3,-96.7,4819.6,4933.8,5062.7,LLLG,5,5,1
2.9,477.6,-473.0,3970.5,3919.4,4011.3,LLL,4,4,1
-28.9,2889.8,-9405.9,2070.5,2014.9,486.5,LL,2,2,0
-0.2,9520.1,-9475.4,2590.8,487.5,506.9,LG,1,1,0
15.6,2825.2,-9528.3,1947.0,2103.9,487.1,LL,2,2,0
-0.1,475.6,-474.4,3636.1,4140.6,3871.8,LLL,4,4,1
-1.3,9520.0,-9488.2,2467.9,496.9,493.2,LG,1,1,0
-12.7,2860.6,-9456.9,1985.8,2006.3,542.6,LL,2,2,0
-2.3,963.2,-9590.5,2975.6,2513.6,480.1,LLG,3,3,0
47.6,9534.9,-9578.7,505.0,497.3,515.4,NO,0,0,0
-3.3,475.1,-479.2,3956.6,4323.8,4162.8,LLL,4,4,1
8.1,9525.0,-9405.8,2639.0,508.5,496.2,LG,1,1,0
-0.6,475.9,-479.2,3875.1,4012.0,3940.1,LLL,4,4,1
-14.5,9584.3,-9574.2,504.6,485.2,513.6,NO,0,0,0
-0.5,96.0,-94.8,5043.2,5116.0,5135.8,LLLG,5,5,1
-2.2,472.7,-480.4,4292.3,3902.8,4166.1,LLL,4,4,1
0.2,95.4,-95.0,5255.6,4823.9,5442.5,LLLG,5,5,1
-0.7,95.2,-95.7,5022.8,5152.9,4672.4,LLLG,5,5,1
-1.8,478.5,-479.7,3851.6,4057.6,4016.2,LLL,4,4,1
1.9,474.3,-476.3,4133.8,3876.7,4052.9,LLL,4,4,1
-2.1,471.8,-478.7,4111.4,4073.4,4146.9,LLL,4,4,1
2.7,9564.4,-9617.9,2528.2,490.7,527.2,LG,1,1,0
9.1,2848.9,-9519.5,1962.4,2062.8,485.2,LL,2,2,0
83.9,9434.4,-9563.4,502.6,517.9,502.3,NO,0,0,0
-0.6,94.2,-95.3,5139.0,5109.3,4942.8,LLLG,5,5,1
84.7,9573.2,-9505.5,497.5,484.1,529.0,NO,0,0,0
-22.7,9572.9,-9451.3,511.6,521.8,501.3,NO,0,0,0
2.5,477.1,-479.6,3974.8,3940.8,4118.2,LLL,4,4,1
-0.1,476.7,-473.3,3920.0,3809.1,4019.8,LLL,4,4,1
-3.2,479.0,-480.4,4266.3,3930.5,3968.7,LLL,4,4,1
0.3,474.7,-477.0,4176.4,3776.2,3853.7,LLL,4,4,1
8.1,9559.7,-9433.2,488.2,483.6,514.9,NO,0,0,0
-3.3,2876.3,-9555.2,2052.1,2030.8,475.0,LL,2,2,0
-1.7,474.6,-475.6,3921.7,4164.7,3904.4,LLL,4,4,1
-30.0,9516.0,-9505.0,516.2,552.3,513.6,NO,0,0,0
-1.6,9561.3,-9573.6,2464.8,491.6,496.7,LG,1,1,0
-2.4,479.3,-478.2,3901.7,3977.9,3962.8,LLL,4,4,1
4.2,2850.4,-9533.9,2007.6,1896.2,511.9,LL,2,2,0
38.1,9480.8,-9520.3,521.7,493.4,510.4,NO,0,0,0
162.2,9549.6,-9574.9,463.5,508.1,479.7,NO,0,0,0
-10.8,951.3,-9544.7,3080.3,2396.0,448.4,LLG,3,3,0
19.8,9525.0,-9579.2,506.6,467.1,517.7,NO,0,0,0
10.6,2868.9,-9546.2,1943.7,1946.7,514.7,LL,2,2,0
2.1,9517.2,-9461.3,506.9,505.7,503.4,NO,0,0,0
3.3,474.5,-473.6,4152.2,3962.7,4052.0,LLL,4,4,1
-19.0,9619.8,-9500.2,461.4,539.8,483.5,NO,0,0,0
-0.1,474.1,-477.0,3921.0,3886.6,4329.8,LLL,4,4,1
10.1,2881.7,-9572.4,1868.2,2099.0,495.9,LL,2,2,0
-2.2,474.8,-479.7,4136.9,4086.6,4320.4,LLL,4,4,1
2.6,471.5,-473.7,3959.6,3675.8,3690.6,LLL,4,4,1
-6.4,9512.1,-9518.9,2465.1,493.8,512.2,LG,1,1,0
0.6,9599.2,-9526.3,2559.5,472.2,486.3,LG,1,1,0
-0.4,9486.3,-9501.2,490.0,491.6,480.2,NO,0,0,0
3.2,2835.6,-9492.5,1923.9,2022.2,488.6,LL,2,2,0
-15.7,2845.7,-9468.6,1993.4,2042.8,473.7,LL,2,2,0
28.0,9457.2,-9475.5,502.7,502.3,507.0,NO,0,0,0
-1.4,2884.7,-9577.9,1996.3,2151.3,493.0,LL,2,2,0
-12.8,2845.9,-9539.2,2152.6,1850.3,508.6,LL,2,2,0
23.0,9508.3,-9577.2,537.8,524.4,479.0,NO,0,0,0
1.0,9512.8,-9469.6,2485.7,497.2,489.4,LG,1,1,0
-40.9,9466.3,-9502.8,474.0,488.5,474.7,NO,0,0,0
-0.6,95.8,-95.2,5091.3,5174.0,5010.2,LLLG,5,5,1
-4.6,9455.5,-9539.2,498.4,518.7,502.7,NO,0,0,0
19.8,9463.3,-9514.3,491.8,490.4,503.2,NO,0,0,0
4.2,955.5,-9499.7,2970.3,2478.7,484.2,LLG,3,3,0
-24.9,9551.2,-9536.0,486.8,510.5,495.9,NO,0,0,0
0.0,957.9,-9529.5,3026.3,2383.9,475.2,LLG,3,3,0
0.8,953.1,-9602.2,3076.1,2471.2,504.1,LLG,3,3,0
-4.9,950.4,-9548.1,2948.2,2487.8,498.4,LLG,3,3,0
3.7,2881.2,-9515.5,2066.1,2064.8,519.6,LL,2,2,0
8.8,9598.3,-9561.9,495.1,488.7,500.7,NO,0,0,0
-0.5,94.8,-95.2,5094.4,5198.8,4748.9,LLLG,5,5,1
-0.2,94.8,-95.2,5043.4,5077.1,4993.1,LLLG,5,5,1
-0.5,474.8,-478.6,4043.7,4041.1,4142.2,LLL,4,4,1
14.5,2852.3,-9446.6,1992.8,2018.0,477.2,LL,2,2,0
5.1,2857.7,-9518.5,2210.2,1926.7,521.6,LL,2,2,0
-9.7,9534.0,-9543.2,2578.2,472.9,505.0,LG,1,1,0
-0.1,95.5,-94.9,5383.5,5316.1,4978.3,LLLG,5,5,1
-0.9,95.7,-94.7,4955.0,5121.0,4939.8,LLLG,5,5,1
3.0,963.6,-9620.0,2997.6,2474.8,497.3,LLG,3,3,0
-23.8,2860.9,-9497.1,1975.9,2068.7,484.9,LL,2,2,0
0.2,95.1,-95.9,4726.4,5048.7,4710.5,LLLG,5,5,1
53.7,9499.9,-9511.6,485.1,478.7,503.0,NO,0,0,0
6.9,953.0,-9538.7,3093.1,2528.8,474.8,LLG,3,3,0
-11.6,2859.3,-9558.5,2060.0,2240.1,470.1,LL,2,2,0
-50.0,9543.8,-9568.4,461.8,496.8,525.0,NO,0,0,0
-36.6,9496.2,-9537.9,548.2,495.4,514.6,NO,0,0,0
-5.8,9447.6,-9531.4,530.0,517.7,467.9,NO,0,0,0
-100.7,9443.3,-9426.1,520.1,515.3,509.4,NO,0,0,0
3.5,473.7,-472.1,4077.2,4177.8,3708.3,LLL,4,4,1
-1.2,95.4,-95.4,4741.3,4836.6,4941.7,LLLG,5,5,1
2.3,948.5,-9502.3,2916.1,2676.0,494.8,LLG,3,3,0
-55.9,9591.3,-9559.4,483.7,536.0,473.2,NO,0,0,0
-15.7,2860.0,-9488.0,1960.0,1844.5,517.9,LL,2,2,0
57.3,9486.6,-9569.2,473.1,492.8,515.9,NO,0,0,0
-15.0,2859.2,-9615.6,1854.0,2091.3,487.6,LL,2,2,0
46.6,9581.3,-9457.2,507.4,513.1,534.0,NO,0,0,0
-13.2,9559.7,-9414.4,2446.1,496.7,524.2,LG,1,1,0
-0.4,95.3,-94.9,5296.0,4970.9,4810.3,LLLG,5,5,1
-0.4,94.7,-95.6,4856.5,5240.6,5004.4,LLLG,5,5,1
-10.4,952.4,-9560.5,3037.9,2317.1,517.4,LLG,3,3,0
3.3,475.1,-475.3,3980.6,3983.4,4030.5,LLL,4,4,1
-55.3,9454.8,-9474.1,526.3,502.0,480.2,NO,0,0,0
56.0,9545.7,-9526.5,465.9,461.1,496.4,NO,0,0,0
-5.7,9512.4,-9481.7,2667.4,490.6,481.1,LG,1,1,0
-0.9,9495.8,-9539.1,2675.0,507.2,477.0,LG,1,1,0
-0.1,941.5,-9511.8,2771.2,2215.4,518.1,LLG,3,3,0
-72.8,9522.1,-9382.6,480.0,465.2,490.8,NO,0,0,0
1.7,9530.7,-9613.9,469.4,488.8,492.6,NO,0,0,0
0.4,9550.4,-9472.8,489.3,523.9,491.9,NO,0,0,0
24.0,9558.5,-9562.1,532.7,469.2,522.5,NO,0,0,0
-3.6,948.8,-9494.0,2991.1,2592.3,477.4,LLG,3,3,0
-34.0,9572.3,-9567.2,495.6,514.2,480.7,NO,0,0,0
0.7,943.2,-9529.9,3048.8,2612.4,550.4,LLG,3,3,0
2.1,9516.1,-9476.3,488.3,501.5,518.9,NO,0,0,0
59.1,9546.1,-9503.9,524.5,470.0,499.0,NO,0,0,0
0.6,949.7,-9574.2,3101.1,2430.5,507.3,LLG,3,3,0
0.5,476.2,-477.2,3708.3,4208.2,4047.5,LLL,4,4,1
-4.9,946.6,-9543.7,2977.8,2445.4,508.0,LLG,3,3,0
-8.0,958.7,-9616.4,2905.8,2342.4,513.5,LLG,3,3,0
-1.1,476.6,-472.0,3998.3,3885.2,4026.4,LLL,4,4,1
3.0,959.0,-9546.4,3172.1,2636.9,499.4,LLG,3,3,0
-3.8,9470.6,-9530.7,2358.1,527.7,505.8,LG,1,1,0
-0.0,95.6,-94.5,4779.7,4729.6,4705.1,LLLG,5,5,1
-2.9,2860.3,-9535.1,2007.5,2085.9,490.3,LL,2,2,0
9.6,2870.0,-9495.4,2061.4,2090.0,518.1,LL,2,2,0
-12.7,950.1,-9568.4,2789.3,2457.3,503.2,LLG,3,3,0
-1.1,952.0,-9547.7,3082.5,2736.1,523.2,LLG,3,3,0
13.6,2879.4,-9523.5,2041.2,2012.5,470.7,LL,2,2,0
24.7,2857.6,-9455.5,1912.4,1927.0,539.8,LL,2,2,0
1.8,2862.1,-9434.4,2066.0,2023.9,502.1,LL,2,2,0
-3.6,477.2,-472.7,3917.6,3871.8,3910.5,LLL,4,4,1
-2.1,943.4,-9601.3,3099.2,2531.0,484.0,LLG,3,3,0
-4.2,951.9,-9470.2,3059.1,2488.9,496.4,LLG,3,3,0
-0.4,475.5,-472.3,3998.0,3960.5,4300.0,LLL,4,4,1
1.9,475.3,-479.9,4396.5,3772.7,3728.3,LLL,4,4,1
-21.8,2848.0,-9537.1,1929.1,2086.3,499.2,LL,2,2,0
-29.3,9520.9,-9521.2,482.5,547.9,507.1,NO,0,0,0
-7.5,9559.4,-9568.5,2276.1,480.7,512.4,LG,1,1,0
95.7,9505.4,-9538.4,497.8,487.7,512.9,NO,0,0,0
-2.8,951.1,-9524.1,3027.0,2276.1,522.0,LLG,3,3,0
-5.1,955.9,-9395.5,3076.0,2612.8,508.1,LLG,3,3,0
8.7,9532.6,-9581.2,2356.4,496.5,519.9,LG,1,1,0
3.4,955.9,-9450.1,3083.1,2545.6,483.0,LLG,3,3,0
-7.2,2850.1,-9491.9,2017.1,2149.3,510.2,LL,2,2,0
-14.1,9560.7,-9468.2,486.1,469.3,517.5,NO,0,0,0
3.7,9534.4,-9556.8,2258.1,508.2,503.6,LG,1,1,0
17.0,9559.5,-9592.4,536.0,500.3,507.3,NO,0,0,0
12.5,9489.6,-9513.9,475.7,530.2,486.3,NO,0,0,0
16.6,9495.1,-9501.1,476.4,486.0,465.5,NO,0,0,0
70.5,9558.7,-9497.6,501.6,490.5,485.6,NO,0,0,0
-3.7,954.5,-9512.0,3103.4,2401.1,524.1,LLG,3,3,0
38.4,9501.7,-9495.0,480.1,498.1,544.6,NO,0,0,0
-3.1,478.3,-476.6,3847.0,3927.3,3994.6,LLL,4,4,1
15.8,2861.8,-9504.2,1964.5,2030.6,490.2,LL,2,2,0
-8.5,9532.8,-9491.1,2656.7,519.7,499.5,LG,1,1,0
27.7,9464.9,-9525.0,474.1,491.5,485.8,NO,0,0,0
41.6,9534.3,-9540.3,501.9,485.0,499.0,NO,0,0,0
19.7,2856.4,-9551.7,1947.4,1957.5,505.0,LL,2,2,0
-4.5,477.6,-474.5,3965.7,3699.4,4033.0,LLL,4,4,1
2.0,946.2,-9540.8,2888.2,2534.0,509.4,LLG,3,3,0
17.2,2839.9,-9534.1,2203.9,2134.1,545.1,LL,2,2,0
50.6,9585.1,-9546.3,533.2,526.5,490.9,NO,0,0,0
35.2,9520.1,-9549.7,507.8,507.4,506.8,NO,0,0,0
9.2,2832.4,-9531.3,2001.7,2058.4,522.6,LL,2,2,0
-29.9,9493.9,-9525.2,509.9,491.5,519.2,NO,0,0,0
2.2,476.4,-473.6,4189.6,4080.7,4219.2,LLL,4,4,1
-4.1,475.0,-480.1,4082.1,4218.6,3955.2,LLL,4,4,1
-0.5,94.6,-95.6,4989.0,5130.1,4881.9,LLLG,5,5,1
4.2,9449.5,-9528.6,2436.1,485.4,470.4,LG,1,1,0
1.4,477.1,-477.3,3879.3,3831.8,3706.0,LLL,4,4,1
51.4,9522.3,-9549.5,512.5,481.1,478.5,NO,0,0,0
-9.6,9507.0,-9583.2,499.8,492.9,524.4,NO,0,0,0
0.7,475.0,-476.1,4023.8,4224.5,3973.2,LLL,4,4,1
-17.2,9421.5,-9570.5,474.0,504.0,512.1,NO,0,0,0
0.1,95.7,-95.5,4656.0,5091.8,5077.5,LLLG,5,5,1
-4.2,952.7,-9599.3,3053.6,2492.3,466.7,LLG,3,3,0
-3.0,472.3,-477.1,3790.1,4044.3,3905.3,LLL,4,4,1
-0.7,2844.3,-9479.1,1836.8,1937.4,501.3,LL,2,2,0
5.3,9474.7,-9565.4,2550.7,466.6,531.7,LG,1,1,0
-0.4,955.2,-9474.4,2872.9,2500.7,506.5,LLG,3,3,0
0.2,479.2,-475.6,3985.8,3832.7,4127.2,LLL,4,4,1
1.6,472.3,-475.6,3787.7,3914.6,4294.7,LLL,4,4,1
-0.8,96.0,-95.4,5175.1,4989.1,5167.1,LLLG,5,5,1
-5.6,952.5,-9449.1,3130.2,2581.5,480.5,LLG,3,3,0
-0.8,95.5,-96.1,5164.2,5129.3,5115.7,LLLG,5,5,1
-20.7,9524.5,-9410.2,477.1,494.8,533.5,NO,0,0,0
11.3,9518.9,-9462.6,2539.5,461.8,492.4,LG,1,1,0
-18.3,9457.2,-9547.9,483.5,490.1,463.1,NO,0,0,0
0.7,95.6,-95.4,4895.9,4758.0,4886.2,LLLG,5,5,1
11.8,2849.8,-9509.6,1955.9,1869.4,510.1,LL,2,2,0
-80.1,9487.5,-9463.5,496.0,495.0,492.5,NO,0,0,0
-2.5,472.7,-477.5,4183.3,3913.5,3913.7,LLL,4,4,1
72.4,9569.1,-9442.9,528.4,520.7,473.9,NO,0,0,0
-5.8,472.7,-480.7,4217.4,4129.5,3740.2,LLL,4,4,1
13.2,2837.1,-9595.3,1843.4,1924.6,480.5,LL,2,2,0
-0.0,95.4,-96.0,4523.2,4895.1,4883.6,LLLG,5,5,1
0.8,9514.6,-9499.9,2486.6,465.1,499.6,LG,1,1,0
1.7,9426.4,-9538.2,2423.8,540.4,520.4,LG,1,1,0
-2.5,476.2,-478.0,4160.4,3901.6,4158.0,LLL,4,4,1
8.7,2851.4,-9534.7,2067.4,2038.9,509.0,LL,2,2,0
5.7,473.8,-474.8,3934.8,3895.6,3942.7,LLL,4,4,1
-35.3,9571.3,-9603.6,487.7,484.5,512.6,NO,0,0,0
-6.5,9545.5,-9513.2,2463.3,525.4,500.2,LG,1,1,0
8.2,9588.4,-9527.6,2471.0,508.3,535.3,LG,1,1,0
58.3,9481.1,-9506.8,473.3,529.2,508.1,NO,0,0,0
-0.0,94.6,-96.7,5135.5,5122.0,4757.6,LLLG,5,5,1
3.7,956.0,-9542.6,3037.3,2402.6,510.8,LLG,3,3,0
-2.8,474.6,-473.6,3829.6,4044.0,3681.6,LLL,4,4,1
0.6,9476.9,-9585.9,2512.0,478.3,509.1,LG,1,1,0
-48.4,9524.0,-9569.2,489.0,500.6,503.0,NO,0,0,0
14.2,9530.2,-9454.4,526.2,530.7,477.6,NO,0,0,0
-0.7,95.9,-94.9,4992.5,5278.6,4938.2,LLLG,5,5,1
8.7,9565.7,-9519.4,2470.6,489.7,487.1,LG,1,1,0
-1.8,951.6,-9523.4,3063.4,2495.3,511.3,LLG,3,3,0
15.3,2838.1,-9510.7,1929.1,2013.2,480.5,LL,2,2,0
-6.8,947.8,-9573.2,2929.3,2525.7,500.7,LLG,3,3,0
5.5,480.4,-475.5,3812.8,3747.8,3978.8,LLL,4,4,1
-86.1,9513.4,-9551.8,513.1,514.5,481.1,NO,0,0,0
0.7,94.8,-94.9,5302.5,4738.7,5092.8,LLLG,5,5,1
-41.7,9507.6,-9582.3,479.1,511.8,515.5,NO,0,0,0
0.0,471.8,-477.4,3926.5,3956.7,4204.2,LLL,4,4,1
76.0,9480.9,-9477.0,463.9,505.2,471.8,NO,0,0,0
37.4,9506.5,-9495.1,473.0,468.1,503.5,NO,0,0,0
5.3,9571.2,-9588.6,2329.1,505.7,517.2,LG,1,1,0
80.9,9521.2,-9523.4,483.9,506.2,475.5,NO,0,0,0
-2.8,477.5,-478.2,4076.8,3739.5,3801.6,LLL,4,4,1
-4.9,475.2,-476.1,3918.2,4190.6,4152.3,LLL,4,4,1
3.4,2869.2,-9515.4,1853.1,2004.0,521.4,LL,2,2,0
1.7,478.7,-479.5,3844.8,3941.6,4081.5,LLL,4,4,1
-8.9,952.8,-9564.4,3073.8,2465.3,499.0,LLG,3,3,0
-71.2,9578.6,-9526.5,475.5,446.2,522.2,NO,0,0,0
-28.0,9528.7,-9470.3,498.1,468.6,491.1,NO,0,0,0
57.1,9537.3,-9559.5,483.7,506.9,493.8,NO,0,0,0
-17.3,9408.8,-9560.9,484.9,506.3,498.4,NO,0,0,0
-4.4,9538.1,-9532.6,2545.0,494.3,474.4,LG,1,1,0
81.8,9502.0,-9540.9,470.0,500.3,500.5,NO,0,0,0
-0.1,94.1,-95.4,5390.1,4797.6,5484.1,LLLG,5,5,1
-0.6,479.2,-482.1,4019.8,4146.8,4027.9,LLL,4,4,1
38.1,9541.8,-9531.9,455.1,509.6,468.4,NO,0,0,0
-14.6,2855.5,-9501.4,1992.9,2009.2,487.1,LL,2,2,0
-0.1,94.9,-94.6,5250.4,5041.9,4947.5,LLLG,5,5,1
5.1,9553.5,-9473.0,2404.7,503.0,554.0,LG,1,1,0
-1.5,949.8,-9528.4,2865.8,2559.5,471.0,LLG,3,3,0
-0.2,96.1,-95.8,4906.5,4845.0,5172.8,LLLG,5,5,1
13.6,2865.8,-9445.2,1847.3,1997.9,501.8,LL,2,2,0
2.2,475.9,-473.5,3670.2,4043.5,4136.8,LLL,4,4,1
4.0,954.6,-9611.0,2989.0,2307.9,488.5,LLG,3,3,0
97.6,9569.5,-9530.5,503.9,490.1,459.0,NO,0,0,0
5.9,9531.6,-9571.5,2534.8,480.8,471.7,LG,1,1,0
0.0,95.6,-95.6,4931.5,5173.1,5127.2,LLLG,5,5,1
-14.6,2847.8,-9540.7,2109.2,2003.5,475.3,LL,2,2,0
-2.8,475.9,-476.9,4128.4,3871.4,4026.1,LLL,4,4,1
-16.0,9515.5,-9563.7,489.9,510.8,476.1,NO,0,0,0
7.2,2854.3,-9420.6,2013.7,1995.0,493.3,LL,2,2,0
8.2,9481.8,-9510.4,2384.9,490.9,515.0,LG,1,1,0
0.6,480.9,-474.4,3757.7,3967.6,4237.8,LLL,4,4,1
-1.6,2831.1,-9560.1,2068.8,1943.4,493.2,LL,2,2,0
-2.8,9538.9,-9508.3,2480.9,512.0,514.7,LG,1,1,0
1.1,958.9,-9454.1,3011.6,2648.6,516.3,LLG,3,3,0
-0.0,94.8,-94.6,4990.7,5094.4,4755.4,LLLG,5,5,1
9.9,2870.2,-9575.6,1968.6,1976.0,512.4,LL,2,2,0
-6.3,2871.7,-9542.5,2077.1,2045.2,517.4,LL,2,2,0
6.7,954.7,-9452.1,2881.1,2468.4,507.9,LLG,3,3,0
1.6,9489.5,-9535.6,461.1,497.7,495.7,NO,0,0,0
79.2,9551.3,-9616.2,463.7,503.5,459.6,NO,0,0,0
-3.7,9606.5,-9506.5,2427.1,519.0,498.7,LG,1,1,0
4.6,954.5,-9498.2,3084.7,2524.1,500.9,LLG,3,3,0
47.3,9495.7,-9525.0,488.4,511.9,489.9,NO,0,0,0
-26.0,9562.5,-9533.4,510.3,504.2,503.9,NO,0,0,0
3.8,480.0,-478.8,3998.3,3930.2,3667.6,LLL,4,4,1
42.9,9555.9,-9553.8,544.1,508.0,507.7,NO,0,0,0
5.9,960.4,-9487.9,3047.2,2521.8,473.9,LLG,3,3,0
9.8,2840.1,-9484.8,1853.7,1985.1,505.3,LL,2,2,0
-9.8,9626.7,-9530.3,477.4,462.8,512.4,NO,0,0,0
2.4,954.4,-9545.0,2791.3,2421.6,466.8,LLG,3,3,0
-11.1,2864.6,-9524.3,1845.5,2030.7,495.6,LL,2,2,0
14.9,2853.3,-9677.2,1865.8,1915.8,485.2,LL,2,2,0
-2.5,479.8,-474.6,3908.0,3954.3,4010.2,LLL,4,4,1
1.2,9552.1,-9548.0,2536.7,511.1,516.2,LG,1,1,0
0.4,477.3,-479.1,3801.4,4053.4,4149.6,LLL,4,4,1
7.9,2857.8,-9513.5,2069.2,2123.8,510.2,LL,2,2,0
4.6,9446.2,-9436.3,2379.1,501.6,526.1,LG,1,1,0
0.5,476.8,-475.9,3864.9,3986.8,3834.8,LLL,4,4,1
-1.9,477.1,-475.3,3917.3,3856.1,3818.8,LLL,4,4,1
-5.6,476.7,-474.9,3902.6,4302.6,4135.9,LLL,4,4,1
2.2,947.5,-9583.2,3098.8,2414.5,545.6,LLG,3,3,0
-108.7,9545.1,-9461.6,503.6,455.5,511.1,NO,0,0,0
-0.7,95.8,-94.8,4825.4,4976.8,5157.0,LLLG,5,5,1
-18.6,2851.0,-9594.0,2064.3,1851.3,520.1,LL,2,2,0
-4.6,9589.1,-9562.6,2733.2,496.4,517.5,LG,1,1,0
-5.0,9548.8,-9523.8,494.8,496.7,490.8,NO,0,0,0
31.4,9493.8,-9576.9,498.1,487.8,522.5,NO,0,0,0
-2.1,946.4,-9522.6,3176.9,2398.9,518.1,LLG,3,3,0
7.1,9595.6,-9492.1,510.4,507.8,493.3,NO,0,0,0
-5.4,9492.7,-9487.2,2535.5,526.8,496.5,LG,1,1,0
-0.4,474.5,-475.8,3950.4,4188.0,4194.0,LLL,4,4,1
67.9,9603.9,-9605.8,513.4,548.4,515.6,NO,0,0,0
-10.7,2881.7,-9517.6,1976.9,1939.8,479.5,LL,2,2,0
3.5,947.5,-9484.7,2923.7,2538.2,484.0,LLG,3,3,0
1.4,2856.8,-9452.3,2076.4,1966.9,497.9,LL,2,2,0
6.5,2843.8,-9585.5,1974.8,2030.0,503.6,LL,2,2,0
11.0,9537.7,-9546.8,516.5,499.0,492.3,NO,0,0,0
-2.9,9489.3,-9474.5,2286.3,527.2,479.7,LG,1,1,0
35.9,9508.6,-9669.4,537.0,468.8,511.3,NO,0,0,0
-10.0,2862.3,-9471.8,2060.7,1996.8,492.7,LL,2,2,0
-16.9,9457.7,-9456.3,509.1,488.7,506.6,NO,0,0,0
91.5,9478.0,-9537.7,493.5,480.8,512.4,NO,0,0,0
0.9,475.9,-476.6,4239.2,3872.0,3678.9,LLL,4,4,1
4.3,473.6,-474.9,3829.0,4115.6,3978.8,LLL,4,4,1
-0.6,473.6,-476.0,4033.6,3949.1,3898.1,LLL,4,4,1
5.9,940.5,-9473.8,2948.6,2451.6,465.9,LLG,3,3,0
-39.8,9467.4,-9472.4,507.3,506.9,541.7,NO,0,0,0
3.5,2870.2,-9534.1,1946.1,2056.4,537.1,LL,2,2,0
2.3,476.2,-474.7,4209.5,3893.8,3834.0,LLL,4,4,1
12.2,9495.8,-9611.9,493.9,483.9,475.8,NO,0,0,0
-0.5,472.3,-476.4,4231.5,3576.8,4147.3,LLL,4,4,1
69.2,9504.2,-9515.8,509.2,507.8,511.9,NO,0,0,0
0.2,94.9,-95.1,4896.2,4919.9,5037.2,LLLG,5,5,1
-12.2,9511.9,-9536.4,489.4,531.7,451.6,NO,0,0,0
2.9,472.5,-475.4,4004.4,3902.1,3954.2,LLL,4,4,1
23.1,2859.2,-9546.5,1935.9,2150.9,510.5,LL,2,2,0
1.4,2854.4,-9524.8,1899.1,2090.0,489.8,LL,2,2,0
6.0,950.1,-9562.9,3030.5,2402.1,542.8,LLG,3,3,0
1.6,481.2,-478.9,4006.9,3747.1,3871.3,LLL,4,4,1
-0.6,9504.4,-9553.2,2382.5,483.4,494.1,LG,1,1,0
1.0,477.7,-475.9,4004.4,4271.5,4166.8,LLL,4,4,1
-0.8,476.6,-477.1,3865.4,3970.9,3970.0,LLL,4,4,1
-0.7,94.9,-94.5,4997.3,5075.9,4809.5,LLLG,5,5,1
-21.0,9512.8,-9492.3,539.5,484.9,496.4,NO,0,0,0
5.1,952.0,-9601.5,3054.4,2426.6,492.0,LLG,3,3,0
-90.3,9446.2,-9449.4,497.3,502.9,505.9,NO,0,0,0
-32.3,9616.3,-9487.8,511.9,481.1,492.9,NO,0,0,0
7.9,2863.6,-9522.6,1992.0,1794.8,522.4,LL,2,2,0
-0.2,95.1,-95.1,5253.9,5204.4,4960.4,LLLG,5,5,1
-5.1,952.2,-9538.9,3138.7,2473.6,514.5,LLG,3,3,0
-1.8,2862.2,-9524.5,2042.7,2012.5,510.7,LL,2,2,0
-12.7,9494.8,-9480.9,516.6,491.5,508.7,NO,0,0,0
1.6,2882.1,-9513.5,1957.9,1952.1,503.8,LL,2,2,0
0.6,476.8,-477.9,3970.0,4112.7,4001.7,LLL,4,4,1
-10.7,9545.7,-9467.3,464.7,467.8,516.7,NO,0,0,0
0.8,949.5,-9577.6,2887.9,2409.2,519.2,LLG,3,3,0
-27.8,9601.1,-9548.7,484.6,502.5,488.2,NO,0,0,0
59.5,9594.2,-9586.5,500.9,484.4,485.9,NO,0,0,0
-2.4,474.3,-479.1,4002.4,3908.7,4209.0,LLL,4,4,1
52.0,9567.7,-9540.7,515.2,506.6,477.7,NO,0,0,0
0.8,954.9,-9515.1,3139.0,2376.7,485.4,LLG,3,3,0
1.6,471.4,-475.2,3964.7,4002.9,3959.8,LLL,4,4,1
161.1,9499.6,-9526.4,478.2,542.5,514.8,NO,0,0,0
-2.0,953.3,-9507.8,2668.9,2460.6,499.7,LLG,3,3,0
-24.0,9564.8,-9509.6,528.8,534.2,507.8,NO,0,0,0
3.2,9481.4,-9532.7,512.3,508.4,467.7,NO,0,0,0
-0.4,9523.9,-9549.0,2600.0,505.2,480.7,LG,1,1,0
-49.9,9493.5,-9534.7,502.8,472.5,461.5,NO,0,0,0
0.5,475.7,-471.0,3963.0,3771.0,4252.3,LLL,4,4,1
-11.7,9425.9,-9524.6,484.8,517.5,481.5,NO,0,0,0
-0.4,474.4,-472.1,4143.2,3903.1,4122.4,LLL,4,4,1
-2.9,476.0,-474.3,3830.3,4018.8,4203.9,LLL,4,4,1
-4.6,9611.3,-9512.1,2461.3,495.8,499.4,LG,1,1,0
0.0,482.7,-474.6,3951.4,4149.0,4230.6,LLL,4,4,1
-0.8,9578.1,-9595.7,2513.5,505.8,483.6,LG,1,1,0
50.5,9513.1,-9497.4,517.8,451.5,510.5,NO,0,0,0
-5.1,2852.1,-9516.0,1966.1,1979.0,523.9,LL,2,2,0
-35.4,9571.1,-9454.3,516.9,528.3,511.5,NO,0,0,0
2.1,470.9,-476.9,3726.5,4112.2,3752.9,LLL,4,4,1
20.6,2840.2,-9550.1,2040.2,2093.1,470.3,LL,2,2,0
-57.8,9636.8,-9465.1,504.2,501.3,496.5,NO,0,0,0
-0.9,9541.0,-9469.1,493.8,482.4,524.8,NO,0,0,0
-7.1,2886.2,-9564.6,1965.2,1938.5,482.6,LL,2,2,0
-33.2,9542.9,-9494.5,495.7,490.4,491.8,NO,0,0,0
0.9,472.6,-476.5,3797.7,4163.9,3672.4,LLL,4,4,1
27.0,9496.4,-9537.1,524.0,533.5,502.6,NO,0,0,0
-38.9,9534.6,-9540.7,486.3,512.8,503.1,NO,0,0,0
-71.9,9602.4,-9534.9,517.0,529.5,526.8,NO,0,0,0
-1.6,955.7,-9567.4,3077.3,2485.4,524.5,LLG,3,3,0
-9.7,9507.3,-9478.2,515.0,480.8,523.2,NO,0,0,0
-3.2,9503.0,-9499.3,2520.1,513.9,501.2,LG,1,1,0
0.2,2862.8,-9577.8,2108.6,1841.0,540.3,LL,2,2,0
20.4,9485.0,-9544.0,527.5,497.4,498.7,NO,0,0,0
2.1,475.9,-476.9,4160.4,4266.5,4213.6,LLL,4,4,1
-21.9,9607.7,-9485.4,488.0,519.1,485.1,NO,0,0,0
-4.4,2873.8,-9555.9,2128.5,2036.4,476.4,LL,2,2,0
2.1,946.8,-9507.6,3218.9,2426.3,495.8,LLG,3,3,0
0.9,9563.9,-9620.6,2403.5,480.9,494.3,LG,1,1,0
0.3,95.7,-95.2,4997.2,5210.9,5223.0,LLLG,5,5,1
-50.2,9514.0,-9495.3,500.2,473.4,502.8,NO,0,0,0
-23.3,9477.3,-9539.8,504.7,499.0,511.8,NO,0,0,0
3.5,477.8,-479.4,4015.0,4187.9,4208.9,LLL,4,4,1
-1.9,2876.0,-9511.1,2004.7,1991.3,492.9,LL,2,2,0
8.4,9600.1,-9581.6,2469.0,508.1,479.6,LG,1,1,0
0.5,96.3,-95.4,4737.1,4904.5,4969.3,LLLG,5,5,1
12.3,9472.8,-9513.5,2724.8,509.3,488.8,LG,1,1,0
0.1,958.8,-9567.7,2867.6,2561.9,500.8,LLG,3,3,0
-6.2,952.7,-9545.6,3059.6,2349.8,516.4,LLG,3,3,0
-9.0,9620.0,-9573.3,2183.0,476.6,503.0,LG,1,1,0
-34.7,9567.7,-9469.3,509.6,495.1,495.4,NO,0,0,0
37.3,9501.9,-9552.0,503.5,481.1,508.1,NO,0,0,0
-2.3,966.2,-9518.5,3107.5,2531.5,501.8,LLG,3,3,0
21.3,9540.3,-9505.4,509.3,509.2,508.9,NO,0,0,0
-0.1,95.3,-95.0,4995.5,4797.9,5057.4,LLLG,5,5,1
-1.0,475.6,-474.1,4109.3,3639.8,4066.1,LLL,4,4,1
-61.2,9516.5,-9569.2,511.7,487.9,520.5,NO,0,0,0
-3.6,951.5,-9415.0,3028.2,2379.3,507.3,LLG,3,3,0
60.1,9490.5,-9458.5,524.5,465.3,515.7,NO,0,0,0
0.3,95.2,-94.6,4791.6,5182.8,5036.9,LLLG,5,5,1
-2.2,9543.6,-9519.3,490.1,532.7,503.4,NO,0,0,0
-79.1,9502.1,-9566.8,471.8,507.4,524.9,NO,0,0,0
4.9,9524.8,-9497.2,2443.1,515.6,486.2,LG,1,1,0
15.9,9448.3,-9526.9,487.8,492.9,547.4,NO,0,0,0
3.4,2851.3,-9506.6,1887.9,2108.8,514.8,LL,2,2,0
-9.1,2861.4,-9566.6,1887.1,1949.7,492.8,LL,2,2,0
1.7,474.5,-473.2,4140.3,3953.0,4132.8,LLL,4,4,1
5.0,9457.9,-9524.0,2527.2,503.1,495.7,LG,1,1,0
-0.9,95.2,-95.7,4716.1,5071.2,4951.7,LLLG,5,5,1
-45.8,9561.8,-9559.6,514.2,508.5,495.5,NO,0,0,0
4.7,479.7,-475.8,3948.0,4046.2,3751.7,LLL,4,4,1
-1.8,958.0,-9520.8,3020.7,2510.5,457.8,LLG,3,3,0
0.5,95.2,-95.3,5557.5,4554.5,5035.7,LLLG,5,5,1
-1.7,9560.3,-9497.4,2474.9,527.4,496.9,LG,1,1,0
0.4,475.8,-476.1,3690.2,4195.4,3941.0,LLL,4,4,1
0.4,94.5,-95.1,5154.2,5071.5,5041.7,LLLG,5,5,1
6.5,956.9,-9599.2,2947.5,2653.9,477.6,LLG,3,3,0
-8.7,9454.5,-9474.1,498.7,489.4,514.8,NO,0,0,0
16.6,2877.7,-9539.6,2007.5,2241.0,553.7,LL,2,2,0
0.1,96.4,-95.8,4878.5,4734.7,5260.5,LLLG,5,5,1
-67.7,9512.5,-9573.1,512.6,511.5,543.8,NO,0,0,0
0.9,9456.7,-9428.1,2677.1,494.2,502.7,LG,1,1,0
-0.9,478.6,-476.4,4082.7,3970.4,3860.2,LLL,4,4,1
17.6,9534.8,-9571.6,491.5,513.9,517.5,NO,0,0,0
3.6,9612.4,-9529.6,2385.9,490.7,477.6,LG,1,1,0
-5.7,2858.4,-9519.5,1965.9,2059.4,483.6,LL,2,2,0
-3.7,475.9,-474.8,4180.7,4028.8,3790.7,LLL,4,4,1
2.4,9460.7,-9561.6,2535.5,519.8,504.3,LG,1,1,0
0.1,2873.6,-9454.3,1925.1,1995.3,477.9,LL,2,2,0
-2.0,476.7,-476.2,3848.8,3826.8,3920.1,LLL,4,4,1
-77.0,9502.8,-9435.3,528.0,505.7,523.6,NO,0,0,0
0.6,473.1,-478.4,4038.8,4054.2,3835.0,LLL,4,4,1
4.0,9503.1,-9576.1,2457.4,509.4,504.4,LG,1,1,0
0.2,9583.9,-9541.1,2371.5,508.4,483.8,LG,1,1,0
-0.2,95.4,-94.5,4998.9,4907.5,4939.5,LLLG,5,5,1
-3.7,944.4,-9514.9,3058.1,2652.7,492.0,LLG,3,3,0
1.7,2852.2,-9584.9,2018.5,2051.2,488.3,LL,2,2,0
-21.3,2873.4,-9514.3,1884.4,2066.5,490.7,LL,2,2,0
-0.7,479.2,-475.6,3997.8,3826.0,3880.3,LLL,4,4,1
0.2,9520.9,-9497.5,2397.9,504.0,476.0,LG,1,1,0
-2.5,476.7,-474.6,3776.0,4278.8,4127.0,LLL,4,4,1
6.7,951.9,-9531.9,2963.7,2469.5,476.6,LLG,3,3,0
-0.5,95.9,-95.0,4799.9,4924.3,5013.5,LLLG,5,5,1
12.8,9598.0,-9529.1,479.9,496.4,476.6,NO,0,0,0
5.5,472.7,-476.8,3890.0,3583.2,3849.5,LLL,4,4,1
-1.6,477.4,-476.4,3903.3,4090.0,4184.5,LLL,4,4,1
3.9,9534.0,-9457.9,468.6,487.4,493.4,NO,0,0,0
10.1,2841.6,-9595.9,2083.0,1895.5,489.7,LL,2,2,0
-11.9,2832.3,-9466.0,1996.0,1945.9,490.3,LL,2,2,0
-2.1,9521.5,-9514.0,2389.8,519.6,478.6,LG,1,1,0
-15.0,9553.7,-9599.5,489.2,507.8,491.5,NO,0,0,0
-49.0,9552.6,-9557.7,461.6,485.7,504.8,NO,0,0,0
1.7,477.3,-476.0,4007.4,3897.0,3903.6,LLL,4,4,1
-31.8,9414.6,-9585.4,491.9,514.1,487.2,NO,0,0,0
10.4,2877.3,-9521.5,2071.8,2011.7,486.1,LL,2,2,0
-1.4,475.8,-479.6,4052.4,4090.8,3608.8,LLL,4,4,1
-41.6,9482.6,-9571.2,513.5,475.6,503.7,NO,0,0,0
7.6,955.8,-9526.6,3023.3,2665.8,542.2,LLG,3,3,0
50.3,9445.6,-9500.0,507.5,488.1,508.2,NO,0,0,0
34.4,9519.6,-9527.4,519.9,533.0,503.5,NO,0,0,0
4.7,9529.8,-9511.3,485.3,504.4,475.1,NO,0,0,0
3.2,2874.7,-9483.4,2010.9,1973.9,504.7,LL,2,2,0
-1.9,945.9,-9539.6,3104.1,2550.9,509.9,LLG,3,3,0
-0.5,478.0,-476.2,3993.2,3963.8,3908.1,LLL,4,4,1
-4.1,9583.6,-9568.7,2405.9,519.3,482.8,LG,1,1,0
-2.2,474.6,-477.6,4166.7,3912.2,4116.6,LLL,4,4,1
0.8,96.0,-95.8,5128.5,5374.5,4859.1,LLLG,5,5,1
-13.3,9466.5,-9519.1,500.7,515.7,502.4,NO,0,0,0
16.0,9463.9,-9536.3,510.6,505.2,497.9,NO,0,0,0
-6.5,9465.0,-9549.6,2555.0,454.9,497.3,LG,1,1,0
-3.1,951.9,-9457.6,3021.4,2374.2,524.1,LLG,3,3,0
2.9,477.5,-472.9,4290.1,3826.5,4256.0,LLL,4,4,1
-88.1,9528.4,-9502.5,464.1,499.9,492.9,NO,0,0,0
-9.0,956.2,-9536.7,2918.3,2486.3,528.4,LLG,3,3,0
-52.0,9488.3,-9508.4,500.2,489.4,522.7,NO,0,0,0
5.0,954.0,-9509.5,2897.1,2478.4,509.0,LLG,3,3,0
0.2,95.4,-95.4,5107.9,4916.0,4832.6,LLLG,5,5,1
-0.3,94.7,-96.3,4958.3,4975.0,5121.2,LLLG,5,5,1
-0.6,94.6,-95.7,5000.7,5086.3,5001.9,LLLG,5,5,1
-0.3,474.7,-473.5,3909.8,4104.7,4024.1,LLL,4,4,1
0.5,94.9,-94.9,5296.4,4763.3,4695.6,LLLG,5,5,1
-1.8,960.5,-9517.2,3059.9,2294.0,495.8,LLG,3,3,0
3.0,9590.6,-9504.1,529.7,509.1,497.4,NO,0,0,0
-79.9,9481.0,-9564.5,539.3,512.5,526.6,NO,0,0,0
0.3,95.0,-94.3,4816.7,5415.8,5101.6,LLLG,5,5,1
-1.9,944.9,-9490.7,3009.1,2595.8,529.0,LLG,3,3,0
-11.4,9548.8,-9515.0,534.2,507.7,464.4,NO,0,0,0
-83.4,9572.7,-9490.6,523.3,505.3,519.7,NO,0,0,0
-3.0,477.8,-474.6,3986.6,4072.3,3865.9,LLL,4,4,1
-0.8,478.1,-476.3,4111.4,3918.2,3933.8,LLL,4,4,1
52.2,9452.7,-9432.3,492.5,532.6,547.7,NO,0,0,0
1.8,9490.6,-9555.1,2612.9,512.4,521.2,LG,1,1,0
0.1,95.3,-95.4,5045.2,4972.0,5073.5,LLLG,5,5,1
3.7,9567.6,-9565.9,474.6,542.8,491.2,NO,0,0,0
51.3,9517.1,-9503.2,517.5,485.3,493.9,NO,0,0,0
-4.9,952.0,-9578.5,2996.1,2557.7,497.9,LLG,3,3,0
8.9,2856.3,-9537.6,2118.6,1964.9,477.0,LL,2,2,0
8.5,2871.9,-9520.7,2088.5,1998.6,507.0,LL,2,2,0
1.0,2872.1,-9505.7,1998.4,1967.2,508.6,LL,2,2,0
48.2,9476.7,-9586.7,497.0,529.4,508.2,NO,0,0,0
7.8,478.4,-477.1,3991.6,4135.5,3908.0,LLL,4,4,1
-7.6,2864.7,-9545.3,1896.2,1960.8,545.4,LL,2,2,0
-0.3,94.9,-96.2,4738.6,5175.3,5008.4,LLLG,5,5,1
0.1,2850.2,-9528.9,2007.9,1831.8,509.3,LL,2,2,0
18.4,2852.0,-9547.8,1990.7,1949.1,512.8,LL,2,2,0
-15.0,9584.3,-9526.4,481.3,521.2,495.7,NO,0,0,0
23.7,9567.6,-9576.0,504.5,504.8,510.5,NO,0,0,0
-40.6,9472.6,-9598.9,501.2,504.7,529.6,NO,0,0,0
106.9,9608.2,-9591.2,502.3,500.1,530.6,NO,0,0,0
-0.9,955.5,-9429.8,2881.0,2554.9,512.0,LLG,3,3,0
3.4,9557.2,-9542.8,467.4,493.6,506.6,NO,0,0,0
-94.7,9596.4,-9573.7,498.1,473.2,530.7,NO,0,0,0
-1.7,476.1,-471.7,4061.2,4180.9,3932.0,LLL,4,4,1
32.7,2847.4,-9574.1,1934.9,2021.5,527.6,LL,2,2,0
16.3,9523.6,-9593.9,518.9,505.8,541.9,NO,0,0,0
1.3,469.5,-473.0,3787.3,3998.6,3816.8,LLL,4,4,1
1.0,9578.4,-9574.0,2639.9,482.9,480.1,LG,1,1,0
2.1,480.4,-476.7,4001.9,4423.6,3919.8,LLL,4,4,1
2.3,474.2,-475.9,3830.3,4027.9,4004.5,LLL,4,4,1
31.2,9608.1,-9485.4,518.1,471.4,493.1,NO,0,0,0
35.1,9512.9,-9402.4,518.8,468.2,485.2,NO,0,0,0
-27.3,9624.0,-9520.4,502.0,503.0,488.7,NO,0,0,0
-1.6,481.2,-475.3,4089.7,3722.4,3992.3,LLL,4,4,1
-7.2,9484.3,-9529.4,494.2,515.8,514.1,NO,0,0,0
-5.3,956.3,-9531.1,3178.2,2419.9,469.1,LLG,3,3,0
-11.9,2840.9,-9493.0,2005.6,2015.7,492.8,LL,2,2,0
5.4,2854.2,-9550.6,1981.2,1999.7,489.5,LL,2,2,0
11.6,2865.8,-9571.9,2151.6,2038.9,519.5,LL,2,2,0
-3.0,9475.1,-9526.2,2493.2,520.2,522.8,LG,1,1,0
-73.3,9567.8,-9454.6,502.4,529.5,528.1,NO,0,0,0
-1.3,476.4,-476.7,4064.4,3966.7,4110.2,LLL,4,4,1
-79.9,9450.1,-9587.7,483.9,494.4,463.6,NO,0,0,0
-0.5,476.0,-474.9,4027.5,4225.5,4045.1,LLL,4,4,1
19.7,2852.4,-9527.4,1977.6,1971.2,496.4,LL,2,2,0
1.8,480.9,-472.7,3861.1,3888.6,3888.1,LLL,4,4,1
0.0,94.6,-95.4,4983.0,4924.5,4839.1,LLLG,5,5,1
0.1,96.2,-94.4,4632.4,4949.8,4849.3,LLLG,5,5,1
30.3,9530.6,-9474.7,515.3,528.5,516.2,NO,0,0,0
0.4,96.1,-95.0,4934.7,5041.7,5168.1,LLLG,5,5,1
-8.6,2850.1,-9541.7,1914.1,2021.9,480.6,LL,2,2,0
-0.5,474.6,-476.3,4072.7,4255.2,3705.6,LLL,4,4,1
42.3,9583.1,-9594.6,508.6,509.0,494.6,NO,0,0,0
3.4,955.6,-9478.5,3231.4,2527.4,527.6,LLG,3,3,0
1.1,2858.6,-9493.6,2031.2,2000.3,499.2,LL,2,2,0
8.4,475.6,-479.3,3747.8,3926.0,3794.6,LLL,4,4,1
0.5,95.3,-93.7,4853.4,5019.8,4950.2,LLLG,5,5,1
6.2,9473.3,-9521.7,2544.6,504.5,482.7,LG,1,1,0
0.1,95.3,-96.2,5463.7,5312.7,5076.3,LLLG,5,5,1
1.4,474.5,-475.3,3882.7,4076.1,4136.0,LLL,4,4,1
-35.2,9499.7,-9457.3,486.6,480.2,486.1,NO,0,0,0
2.3,9449.9,-9553.3,2479.3,486.3,494.1,LG,1,1,0
-54.2,9572.9,-9499.4,450.0,490.8,503.3,NO,0,0,0
-35.7,9492.4,-9508.2,472.9,551.7,526.2,NO,0,0,0
3.3,9601.8,-9461.7,2454.3,494.3,482.9,LG,1,1,0
0.4,95.4,-95.5,5008.9,5214.3,4990.6,LLLG,5,5,1
67.9,9602.4,-9685.3,491.8,507.5,492.0,NO,0,0,0
-33.1,9484.1,-9467.6,455.2,475.6,459.2,NO,0,0,0
80.6,9511.2,-9514.8,532.9,499.0,498.3,NO,0,0,0
-0.9,95.0,-95.2,4835.7,5082.5,4980.8,LLLG,5,5,1
-5.7,2852.1,-9424.2,2043.6,1989.5,537.9,LL,2,2,0
6.4,9566.1,-9472.8,2440.9,486.6,525.5,LG,1,1,0
17.0,9500.1,-9568.1,490.6,477.6,516.3,NO,0,0,0
16.0,2863.9,-9597.5,2018.6,1966.3,485.6,LL,2,2,0
1.1,946.7,-9570.1,3039.4,2468.7,510.0,LLG,3,3,0
-4.2,9607.6,-9521.9,496.3,477.2,473.4,NO,0,0,0
-7.4,2846.8,-9568.0,2060.1,1855.5,483.3,LL,2,2,0
-4.8,9531.8,-9538.5,2548.3,490.3,483.1,LG,1,1,0
-41.5,9454.0,-9575.1,541.9,519.0,538.1,NO,0,0,0
-56.9,9589.7,-9460.1,519.8,478.9,472.5,NO,0,0,0
-0.1,9540.4,-9487.0,2511.6,528.8,487.7,LG,1,1,0
4.6,477.2,-475.9,4207.6,3975.9,4150.4,LLL,4,4,1
0.8,95.8,-95.1,5189.8,4797.0,5076.7,LLLG,5,5,1
0.8,95.9,-95.3,5404.0,5025.2,4983.1,LLLG,5,5,1
-1.4,472.8,-477.7,3803.8,3887.9,3923.8,LLL,4,4,1
-4.2,947.0,-9554.2,3032.5,2568.9,509.2,LLG,3,3,0
13.1,2825.4,-9561.1,1991.6,2124.2,523.9,LL,2,2,0
1.5,480.2,-478.4,3774.9,3846.9,4022.7,LLL,4,4,1
0.3,95.5,-95.9,5282.6,4924.0,5238.4,LLLG,5,5,1
-17.2,9484.0,-9514.4,504.0,510.0,481.8,NO,0,0,0
-2.5,9451.9,-9509.9,2482.1,508.0,468.2,LG,1,1,0
1.1,9522.8,-9441.5,2574.6,493.4,543.5,LG,1,1,0
-0.8,477.1,-476.1,3881.9,4049.8,4146.7,LLL,4,4,1
47.1,9439.3,-9621.6,477.3,523.3,515.6,NO,0,0,0
74.7,9545.5,-9588.7,503.3,478.4,506.9,NO,0,0,0
3.6,9507.5,-9487.5,518.3,465.9,485.0,NO,0,0,0
77.5,9526.1,-9583.4,493.9,480.0,512.6,NO,0,0,0
-1.5,2846.0,-9500.3,2059.7,2095.3,494.4,LL,2,2,0
0.7,470.7,-474.8,4166.4,4004.3,3955.7,LLL,4,4,1
3.3,477.5,-476.8,3972.3,3788.3,3996.6,LLL,4,4,1
4.3,2849.2,-9547.5,2029.2,2003.3,497.2,LL,2,2,0
-22.5,9611.1,-9618.4,497.4,500.7,512.5,NO,0,0,0
-26.5,9540.7,-9587.5,497.6,486.8,504.4,NO,0,0,0
2.5,948.5,-9479.3,2910.9,2401.3,518.1,LLG,3,3,0
-0.5,476.0,-477.9,3876.3,4035.3,3904.0,LLL,4,4,1
-4.3,9578.5,-9578.2,2457.0,505.4,498.3,LG,1,1,0
-21.8,2856.1,-9500.3,2048.2,2062.6,525.1,LL,2,2,0
122.8,9560.5,-9496.6,503.7,504.5,526.5,NO,0,0,0
2.3,473.9,-475.2,4023.3,4103.1,3719.3,LLL,4,4,1
9.5,955.6,-9528.6,2959.5,2511.3,483.9,LLG,3,3,0
8.9,2846.1,-9525.0,2058.0,1944.4,498.7,LL,2,2,0
-5.6,9498.0,-9441.7,2599.3,485.0,528.6,LG,1,1,0
-0.6,95.0,-95.4,4838.1,4804.5,4864.1,LLLG,5,5,1
-0.2,473.1,-476.7,3982.9,4398.1,3606.1,LLL,4,4,1
-0.2,472.7,-478.3,3861.7,3788.6,4053.3,LLL,4,4,1
0.2,94.9,-96.2,5114.7,5108.8,5309.2,LLLG,5,5,1
17.7,9502.0,-9541.2,494.6,499.4,483.2,NO,0,0,0
-5.2,2850.7,-9531.8,2009.5,2129.3,465.7,LL,2,2,0
-67.0,9467.1,-9525.7,496.0,498.3,492.4,NO,0,0,0
4.9,2868.8,-9504.2,2031.8,1950.2,487.8,LL,2,2,0
-0.2,95.2,-94.1,4813.8,4756.2,4688.9,LLLG,5,5,1
33.9,9550.9,-9591.2,484.1,532.8,529.9,NO,0,0,0
4.2,2865.1,-9560.1,2046.6,1963.9,530.7,LL,2,2,0
-6.2,953.5,-9641.6,2971.5,2611.7,507.9,LLG,3,3,0
6.0,961.2,-9559.8,2892.5,2490.4,468.9,LLG,3,3,0
33.7,9532.6,-9517.4,475.6,470.4,522.1,NO,0,0,0
-9.1,2882.9,-9473.3,2056.1,2068.7,492.4,LL,2,2,0
18.4,2817.9,-9458.5,1959.5,1959.1,503.4,LL,2,2,0
6.5,2849.8,-9571.5,2019.0,1978.4,494.0,LL,2,2,0
-40.2,9483.4,-9649.1,512.9,496.4,497.4,NO,0,0,0
-3.0,482.1,-471.5,4204.7,4202.5,3948.8,LLL,4,4,1
-6.2,2858.8,-9583.7,1918.1,2081.8,458.0,LL,2,2,0
-26.8,9474.5,-9472.7,519.6,474.4,529.1,NO,0,0,0
48.7,9531.0,-9523.6,502.4,490.8,498.4,NO,0,0,0
0.1,95.3,-95.3,4891.1,5057.6,4735.6,LLLG,5,5,1
-3.0,950.0,-9539.9,2863.8,2304.1,495.5,LLG,3,3,0
4.0,480.7,-473.6,3761.6,3993.4,4063.1,LLL,4,4,1
-70.6,9588.7,-9489.3,499.1,516.3,462.0,NO,0,0,0
-18.5,9566.9,-9558.9,519.6,497.3,532.6,NO,0,0,0
3.3,9505.5,-9597.4,2403.4,498.7,528.4,LG,1,1,0
-3.7,9479.3,-9489.1,507.9,484.2,498.3,NO,0,0,0
-4.7,2853.0,-9585.6,1930.3,1944.7,505.4,LL,2,2,0
66.8,9520.0,-9574.4,522.6,500.3,485.6,NO,0,0,0
-1.3,477.6,-474.1,3901.2,3963.8,4153.7,LLL,4,4,1
54.3,9513.0,-9425.8,480.8,490.0,500.5,NO,0,0,0
-101.3,9480.8,-9431.9,509.6,484.4,503.5,NO,0,0,0
49.9,9582.8,-9470.3,534.0,538.6,482.6,NO,0,0,0
-2.6,472.8,-480.4,3973.7,3816.8,4000.3,LLL,4,4,1
-7.7,9581.4,-9540.1,492.9,504.4,508.1,NO,0,0,0
-3.4,962.2,-9549.6,2976.0,2495.9,500.0,LLG,3,3,0
3.4,9537.0,-9576.7,2438.6,473.9,518.7,LG,1,1,0
5.4,9510.0,-9555.2,2542.4,493.4,531.0,LG,1,1,0
-13.6,948.2,-9508.2,3110.4,2451.8,487.4,LLG,3,3,0
20.4,9526.8,-9492.2,510.6,533.0,555.5,NO,0,0,0
2.7,2855.1,-9589.5,1851.8,1994.2,507.5,LL,2,2,0
-29.6,2823.3,-9455.2,2043.1,2050.0,489.9,LL,2,2,0
-5.2,473.1,-478.9,4217.1,4060.1,3794.1,LLL,4,4,1
-0.2,96.5,-94.6,4887.9,5179.5,4808.7,LLLG,5,5,1
-0.4,95.8,-94.4,4937.0,5086.5,4933.5,LLLG,5,5,1
-3.6,477.8,-479.9,4033.0,3780.6,3888.4,LLL,4,4,1
-5.6,474.1,-475.9,3839.1,4236.2,3985.1,LLL,4,4,1
2.4,9541.2,-9529.4,556.6,482.2,462.5,NO,0,0,0
-3.5,474.6,-474.2,3855.9,3761.4,3973.9,LLL,4,4,1
14.4,9489.7,-9465.6,490.5,486.8,514.9,NO,0,0,0
65.0,9468.0,-9510.3,489.5,508.6,516.6,NO,0,0,0
-3.5,475.6,-475.8,3880.4,3980.7,4266.8,LLL,4,4,1
-32.3,9520.7,-9487.6,485.0,494.2,509.7,NO,0,0,0
-2.9,958.3,-9528.7,2985.5,2403.0,474.2,LLG,3,3,0
-9.0,2850.4,-9450.1,1926.7,1815.7,548.6,LL,2,2,0
0.2,95.2,-96.1,5103.2,5347.0,4747.2,LLLG,5,5,1
-1.7,473.8,-472.8,4048.5,4254.8,4080.8,LLL,4,4,1
10.2,9450.4,-9460.5,519.3,476.5,429.7,NO,0,0,0
22.7,9514.9,-9539.3,469.6,494.0,521.8,NO,0,0,0
2.0,478.9,-472.5,4039.1,3923.3,4067.5,LLL,4,4,1
-3.7,470.7,-473.6,4175.2,3978.6,3921.9,LLL,4,4,1
-15.0,2866.6,-9494.5,1973.0,2024.9,494.1,LL,2,2,0
0.2,952.3,-9571.8,2912.2,2524.7,509.6,LLG,3,3,0
93.7,9488.0,-9445.6,521.2,514.1,473.8,NO,0,0,0
7.2,945.7,-9522.0,2979.8,2531.7,525.3,LLG,3,3,0
8.4,9555.6,-9473.7,466.1,471.7,481.3,NO,0,0,0
2.5,476.6,-477.5,4104.6,4094.7,3749.4,LLL,4,4,1
-1.3,476.1,-477.9,4046.6,3765.6,3938.8,LLL,4,4,1
20.2,2854.6,-9569.5,1966.2,2067.6,493.5,LL,2,2,0
-3.1,954.9,-9569.6,3043.2,2545.0,501.1,LLG,3,3,0
-0.0,95.1,-96.2,4545.5,5276.3,5376.9,LLLG,5,5,1
-9.0,949.5,-9579.5,3124.0,2447.7,468.5,LLG,3,3,0
0.8,474.0,-479.9,3928.5,4124.8,4086.4,LLL,4,4,1
-0.2,959.5,-9521.0,2947.2,2521.6,502.6,LLG,3,3,0
-0.5,946.4,-9524.9,3082.1,2468.6,503.8,LLG,3,3,0
2.0,476.3,-476.7,3929.3,4124.7,4016.9,LLL,4,4,1
59.4,9561.4,-9550.1,498.3,448.6,518.2,NO,0,0,0
-102.0,9501.6,-9596.5,514.6,479.2,491.0,NO,0,0,0
-0.4,95.2,-94.8,4583.5,4990.1,4860.6,LLLG,5,5,1
2.4,474.5,-475.2,4214.9,4057.7,4059.6,LLL,4,4,1
8.2,2827.6,-9595.3,2096.9,1978.2,521.4,LL,2,2,0
0.4,473.9,-476.6,4167.9,4141.8,4131.1,LLL,4,4,1
1.7,476.6,-472.7,4045.0,4077.8,4050.6,LLL,4,4,1
-1.4,2854.9,-9511.5,2077.9,2070.3,503.9,LL,2,2,0
140.7,9550.4,-9488.9,503.7,498.4,498.0,NO,0,0,0
33.6,9445.1,-9542.2,503.6,516.2,518.7,NO,0,0,0
76.1,9423.2,-9482.8,487.2,494.4,466.2,NO,0,0,0
2.7,478.9,-479.5,4081.1,3795.8,3968.7,LLL,4,4,1
-2.3,477.7,-477.5,3991.6,4247.2,4192.5,LLL,4,4,1
3.9,475.9,-475.8,3828.9,3740.7,4112.8,LLL,4,4,1
111.2,9425.8,-9533.7,501.4,469.0,511.6,NO,0,0,0
-0.6,95.7,-95.0,5199.6,4654.2,5348.3,LLLG,5,5,1
-1.5,2863.0,-9525.4,2002.5,2153.9,519.8,LL,2,2,0
-9.6,2841.4,-9544.1,1930.0,2075.1,480.8,LL,2,2,0
-4.1,955.7,-9502.7,2822.3,2561.6,522.5,LLG,3,3,0
-54.7,9492.6,-9574.6,508.9,507.0,521.9,NO,0,0,0
-5.7,2854.3,-9572.3,1906.6,2045.9,460.4,LL,2,2,0
59.9,9673.7,-9445.0,496.3,510.1,514.6,NO,0,0,0
-1.0,954.6,-9585.6,3041.1,2663.9,472.6,LLG,3,3,0
-0.3,94.7,-95.7,5110.2,5226.9,4870.3,LLLG,5,5,1
2.4,2855.8,-9549.3,1979.9,2082.7,491.4,LL,2,2,0
-0.1,474.0,-476.7,3904.9,3857.0,4083.0,LLL,4,4,1
-40.6,9575.4,-9567.9,475.6,493.5,506.3,NO,0,0,0
-24.4,2839.1,-9535.3,2211.9,2171.1,462.0,LL,2,2,0
34.8,9576.2,-9424.3,523.3,519.4,514.9,NO,0,0,0
-8.5,9541.5,-9458.8,2429.5,475.6,505.2,LG,1,1,0
-0.5,472.3,-479.6,4139.8,4086.8,4192.4,LLL,4,4,1
6.9,956.8,-9516.6,2987.1,2500.6,483.1,LLG,3,3,0
12.7,2853.7,-9526.9,2019.6,2098.2,505.5,LL,2,2,0
44.7,9504.9,-9451.3,485.9,500.4,517.9,NO,0,0,0
0.6,94.2,-95.1,4940.2,4926.1,4970.2,LLLG,5,5,1
-0.7,479.2,-473.4,4055.8,3773.2,3720.9,LLL,4,4,1
29.3,9547.8,-9663.8,515.3,477.3,483.2,NO,0,0,0
16.2,9542.5,-9391.7,479.5,517.6,469.7,NO,0,0,0
10.6,2854.2,-9555.6,2049.1,1990.0,530.7,LL,2,2,0
2.1,477.1,-475.5,4019.5,4258.5,3996.0,LLL,4,4,1
-17.5,9454.1,-9621.6,466.1,511.1,510.2,NO,0,0,0
5.4,948.9,-9430.3,3059.0,2384.6,515.2,LLG,3,3,0
31.3,2870.6,-9530.9,2023.8,2059.8,480.3,LL,2,2,0
-59.9,9416.8,-9604.4,512.8,484.2,487.2,NO,0,0,0
9.3,2828.5,-9575.1,2102.7,1945.8,464.1,LL,2,2,0
6.5,9431.0,-9409.9,462.7,480.1,517.4,NO,0,0,0
36.2,9476.2,-9502.2,473.0,492.3,472.9,NO,0,0,0
1.5,472.8,-476.5,3781.5,4207.4,4012.0,LLL,4,4,1
-1.7,477.7,-472.8,4052.9,4178.6,4081.1,LLL,4,4,1
6.8,9557.4,-9505.9,2709.8,504.2,508.6,LG,1,1,0
-4.0,2834.8,-9529.3,1979.2,1989.5,489.0,LL,2,2,0
35.1,9552.7,-9479.7,478.3,481.1,457.7,NO,0,0,0
2.0,947.7,-9499.6,3083.7,2387.1,530.8,LLG,3,3,0
-0.7,9507.0,-9552.8,2397.1,495.1,506.7,LG,1,1,0
-3.2,2870.5,-9421.2,1856.7,2207.2,479.8,LL,2,2,0
19.7,9541.8,-9640.6,505.5,491.0,505.4,NO,0,0,0
-1.9,477.8,-470.0,3928.6,4266.7,3871.2,LLL,4,4,1
-64.4,9525.9,-9518.3,494.4,502.1,501.8,NO,0,0,0
-3.2,474.0,-476.2,3998.1,4060.3,4039.1,LLL,4,4,1
2.2,951.9,-9610.7,2931.0,2590.0,466.1,LLG,3,3,0
-12.8,2858.7,-9506.1,1986.7,1874.5,461.2,LL,2,2,0
0.9,95.5,-94.7,5287.2,4947.3,4943.6,LLLG,5,5,1
-12.0,2872.6,-9614.7,2069.0,2147.3,477.4,LL,2,2,0
-18.3,9527.7,-9551.7,509.9,489.5,496.8,NO,0,0,0
0.8,473.6,-480.1,4363.6,3872.6,4066.9,LLL,4,4,1
0.7,95.1,-95.1,4991.7,4762.4,4962.1,LLLG,5,5,1
-5.1,952.0,-9581.7,2878.0,2569.2,480.6,LLG,3,3,0
7.5,9526.1,-9454.7,2547.8,471.0,497.6,LG,1,1,0
0.3,95.1,-94.4,4964.3,5455.9,4614.5,LLLG,5,5,1
-0.8,9520.1,-9522.9,2412.6,519.5,507.6,LG,1,1,0
-3.1,477.3,-481.5,3680.8,3760.7,3951.9,LLL,4,4,1
-1.1,9579.8,-9527.1,2481.0,482.4,500.6,LG,1,1,0
16.2,9577.3,-9624.0,516.0,508.9,512.4,NO,0,0,0
-21.1,9460.8,-9459.6,452.6,507.0,485.6,NO,0,0,0
-24.3,2860.1,-9538.1,1982.0,1994.3,508.3,LL,2,2,0
1.1,95.3,-94.8,4977.0,5344.4,4852.1,LLLG,5,5,1
2.9,478.9,-482.1,3825.6,3817.9,4001.3,LLL,4,4,1
-2.3,478.2,-477.3,3960.4,4037.8,4262.9,LLL,4,4,1
-24.4,9554.9,-9435.5,526.3,514.1,493.7,NO,0,0,0
17.7,2860.4,-9430.6,1958.8,1905.2,510.3,LL,2,2,0
3.4,956.9,-9599.4,3137.6,2325.8,508.9,LLG,3,3,0
1.2,957.5,-9569.1,3124.9,2386.1,513.4,LLG,3,3,0
-8.6,9529.2,-9607.3,490.5,479.7,446.5,NO,0,0,0
1.9,476.8,-471.8,3936.3,3917.3,4151.6,LLL,4,4,1
-60.7,9574.8,-9515.3,503.3,489.2,510.5,NO,0,0,0
-1.8,476.6,-473.2,3916.2,4020.8,3997.8,LLL,4,4,1
70.7,9507.9,-9571.9,488.6,518.0,514.8,NO,0,0,0
2.0,2838.9,-9587.0,1974.9,1934.4,483.9,LL,2,2,0
6.8,2873.8,-9475.8,2026.6,2028.2,515.1,LL,2,2,0
1.2,474.2,-472.8,4071.4,3905.7,3893.2,LLL,4,4,1
35.5,9522.1,-9532.3,495.2,476.7,507.0,NO,0,0,0
4.3,9575.9,-9483.2,2493.2,478.2,473.6,LG,1,1,0
-2.7,472.7,-477.4,3946.3,4233.6,4080.7,LLL,4,4,1
0.1,9538.9,-9559.3,510.8,530.2,480.1,NO,0,0,0
0.6,477.6,-470.0,4018.3,3949.7,4019.8,LLL,4,4,1
0.9,473.4,-474.7,4119.2,4076.6,4040.5,LLL,4,4,1
9.3,2879.4,-9575.5,1945.9,1898.6,502.9,LL,2,2,0
0.5,480.0,-477.3,3868.3,4179.9,3888.7,LLL,4,4,1
0.5,478.2,-476.8,3904.0,3643.9,4432.1,LLL,4,4,1
3.4,476.3,-470.9,4103.1,3976.1,4085.7,LLL,4,4,1
19.4,2854.2,-9449.5,1978.9,1927.4,501.3,LL,2,2,0
-3.3,475.9,-472.9,3933.0,4235.9,3846.8,LLL,4,4,1
-2.5,475.2,-477.0,3843.6,3974.8,3869.5,LLL,4,4,1
6.4,469.5,-476.3,3847.7,3740.3,3595.2,LLL,4,4,1
-20.8,9577.2,-9496.6,496.9,472.0,499.6,NO,0,0,0
12.7,9451.4,-9566.5,477.9,482.9,500.3,NO,0,0,0
-3.1,9511.0,-9496.0,2443.1,505.8,499.8,LG,1,1,0
7.1,9543.1,-9642.7,526.2,527.3,500.4,NO,0,0,0
-8.5,2861.6,-9596.6,1875.7,1965.7,501.1,LL,2,2,0
1.0,475.5,-476.6,4362.3,3879.8,3935.8,LLL,4,4,1
0.0,94.8,-95.3,4921.4,5067.9,5104.6,LLLG,5,5,1
-6.6,9512.5,-9560.1,508.4,500.6,494.5,NO,0,0,0
-0.5,94.5,-95.4,5236.4,5057.3,4838.0,LLLG,5,5,1
0.7,478.1,-479.1,4056.3,4253.4,4007.9,LLL,4,4,1
1.4,952.0,-9481.2,3343.0,2640.8,475.6,LLG,3,3,0
68.1,9524.4,-9509.8,482.3,459.5,505.1,NO,0,0,0
101.8,9596.1,-9446.6,492.3,490.8,469.3,NO,0,0,0
0.7,950.0,-9514.3,2838.4,2485.7,509.0,LLG,3,3,0
19.1,9500.7,-9529.7,543.1,505.0,506.7,NO,0,0,0
-2.1,2854.4,-9495.6,2020.1,2011.0,503.7,LL,2,2,0
-9.0,956.8,-9544.2,3165.2,2596.0,509.8,LLG,3,3,0
0.4,95.6,-95.8,4738.3,5147.9,4629.8,LLLG,5,5,1
2.4,9502.8,-9529.4,498.2,520.7,497.9,NO,0,0,0
-5.0,478.2,-475.3,3961.3,4229.1,3929.9,LLL,4,4,1
1.0,950.6,-9569.1,2826.5,2467.5,469.7,LLG,3,3,0
4.8,9490.6,-9521.4,488.8,476.5,508.2,NO,0,0,0
3.6,2843.8,-9615.8,1852.3,1953.0,491.2,LL,2,2,0
-0.5,9534.7,-9490.1,2576.9,476.8,498.1,LG,1,1,0
-47.2,9547.7,-9492.5,492.4,471.3,498.4,NO,0,0,0
1.3,9537.2,-9472.7,2532.4,474.6,495.8,LG,1,1,0
39.5,9515.3,-9485.5,478.4,492.9,494.2,NO,0,0,0
27.3,2854.3,-9558.6,2013.6,2107.7,484.6,LL,2,2,0
-80.5,9613.8,-9574.1,481.2,482.3,495.0,NO,0,0,0
0.9,473.2,-477.3,3935.5,3898.2,4291.2,LLL,4,4,1
5.3,946.0,-9546.0,2870.1,2568.2,492.5,LLG,3,3,0
-4.2,963.3,-9533.5,3015.0,2597.7,498.0,LLG,3,3,0
-0.9,950.9,-9532.1,3043.5,2371.9,491.7,LLG,3,3,0
2.1,472.9,-475.0,3848.1,3850.1,4059.6,LLL,4,4,1
17.2,9473.9,-9583.8,502.0,482.0,471.5,NO,0,0,0
107.8,9426.4,-9469.4,488.2,487.4,520.4,NO,0,0,0
-32.8,9575.5,-9507.1,521.7,505.4,455.6,NO,0,0,0
-25.6,9541.8,-9495.1,522.5,489.4,477.5,NO,0,0,0
-52.6,9470.5,-9568.5,517.8,521.5,523.5,NO,0,0,0
-1.1,475.0,-478.1,4253.7,3727.0,3884.1,LLL,4,4,1
33.2,9526.1,-9630.7,508.0,476.5,519.3,NO,0,0,0
-6.9,951.6,-9608.7,2981.4,2394.9,516.6,LLG,3,3,0
73.7,9517.6,-9509.4,489.8,517.6,468.4,NO,0,0,0
-23.4,9552.4,-9577.5,495.9,491.6,470.3,NO,0,0,0
-14.4,9508.6,-9567.0,2381.6,468.4,499.9,LG,1,1,0
-2.1,947.9,-9498.9,3006.8,2543.4,474.7,LLG,3,3,0
-0.6,94.7,-95.1,5145.2,5152.0,5237.9,LLLG,5,5,1
9.7,9475.5,-9507.1,2376.3,511.7,477.5,LG,1,1,0
-79.8,9576.2,-9463.0,514.1,469.9,486.4,NO,0,0,0
-65.1,9552.8,-9560.7,507.4,483.9,503.0,NO,0,0,0
-55.7,9514.6,-9491.8,497.5,463.9,490.6,NO,0,0,0
0.9,950.6,-9465.1,3018.1,2477.2,532.2,LLG,3,3,0
1.3,94.5,-94.9,5075.6,5406.5,5292.4,LLLG,5,5,1
-26.2,2871.8,-9466.9,1973.8,1965.4,485.6,LL,2,2,0
-100.0,9500.8,-9422.0,512.9,522.4,511.2,NO,0,0,0
-3.7,480.3,-476.1,4085.0,4023.7,3855.6,LLL,4,4,1
1.8,951.0,-9587.2,3212.0,2426.3,505.3,LLG,3,3,0
-4.1,2848.1,-9526.5,2132.2,1845.7,522.4,LL,2,2,0
-65.3,9497.0,-9468.0,511.7,508.0,503.1,NO,0,0,0
-2.5,478.2,-473.3,4147.9,3850.2,4065.8,LLL,4,4,1
3.9,939.1,-9567.2,3037.9,2394.8,514.0,LLG,3,3,0
-0.4,94.4,-94.9,4678.1,4848.3,4958.5,LLLG,5,5,1
7.3,2863.9,-9419.9,2000.4,1983.8,503.4,LL,2,2,0
-1.8,9601.9,-9603.8,2403.2,472.5,506.0,LG,1,1,0
-2.8,959.2,-9533.5,3073.0,2476.3,517.8,LLG,3,3,0
0.1,946.8,-9544.3,2880.4,2504.9,523.7,LLG,3,3,0
-2.3,9547.0,-9522.0,2512.9,492.9,515.0,LG,1,1,0
-1.8,2856.8,-9551.4,1980.4,1945.5,501.1,LL,2,2,0
-60.8,9444.7,-9477.4,532.0,481.4,525.5,NO,0,0,0
1.5,9514.9,-9573.2,2605.5,506.5,534.0,LG,1,1,0
-5.6,9485.9,-9483.8,2459.2,508.4,528.3,LG,1,1,0
-1.5,2856.2,-9552.2,2070.3,1930.8,505.2,LL,2,2,0
-6.3,941.6,-9604.7,3251.5,2507.6,510.0,LLG,3,3,0
10.7,2876.3,-9487.2,1949.1,2067.9,502.7,LL,2,2,0
-3.9,475.6,-480.0,3883.7,3840.6,3913.5,LLL,4,4,1
-48.2,9568.0,-9611.7,509.2,521.6,470.5,NO,0,0,0
0.0,96.4,-95.5,4731.2,5213.5,5153.2,LLLG,5,5,1
-34.9,9605.3,-9617.0,508.8,517.3,504.5,NO,0,0,0
-19.8,9547.7,-9576.4,476.4,490.0,489.2,NO,0,0,0
25.0,9568.2,-9576.1,497.4,489.5,517.7,NO,0,0,0
-0.7,95.3,-95.3,5304.5,4814.5,4855.7,LLLG,5,5,1
96.0,9465.9,-9504.7,512.2,476.2,480.8,NO,0,0,0
16.3,2860.0,-9586.2,1975.6,2139.2,507.6,LL,2,2,0
13.2,9597.2,-9564.1,2382.4,535.7,487.6,LG,1,1,0
2.8,473.3,-476.3,3741.2,4032.3,3759.9,LLL,4,4,1
-30.0,9571.4,-9557.1,476.3,494.2,472.3,NO,0,0,0
4.0,477.1,-476.7,3953.3,3954.6,4021.1,LLL,4,4,1
-3.0,2849.8,-9608.8,1932.7,2068.9,501.1,LL,2,2,0
0.8,953.9,-9526.2,3014.9,2571.0,474.8,LLG,3,3,0
18.0,9527.9,-9519.5,496.8,553.4,501.6,NO,0,0,0
71.2,9568.3,-9552.9,506.6,531.8,511.3,NO,0,0,0
-52.6,9421.2,-9481.1,527.5,536.4,532.3,NO,0,0,0
-10.0,2867.8,-9505.7,2117.8,1835.6,508.4,LL,2,2,0
7.1,946.7,-9642.9,2683.1,2440.6,501.4,LLG,3,3,0
3.5,953.1,-9483.6,2990.2,2497.3,501.1,LLG,3,3,0
-3.9,474.9,-477.3,3844.2,3883.6,4113.7,LLL,4,4,1
-20.4,9496.4,-9588.3,510.6,516.7,527.9,NO,0,0,0
4.6,9486.7,-9607.8,475.6,509.8,492.7,NO,0,0,0
56.8,9464.8,-9472.9,479.9,491.2,511.9,NO,0,0,0
121.4,9590.7,-9453.8,487.8,517.0,495.6,NO,0,0,0
6.6,474.4,-475.1,4058.8,4076.6,4217.2,LLL,4,4,1
-3.4,477.7,-474.0,4004.7,4274.9,3962.2,LLL,4,4,1
-2.5,2869.2,-9499.2,1970.7,1959.7,534.5,LL,2,2,0
-20.9,9550.0,-9547.0,497.9,501.9,490.7,NO,0,0,0
-45.1,9490.6,-9564.3,510.6,522.3,486.4,NO,0,0,0
4.4,9458.7,-9536.0,522.0,497.7,528.1,NO,0,0,0
-5.3,474.4,-478.3,3687.6,3989.4,3933.4,LLL,4,4,1
-83.2,9623.1,-9535.0,545.0,491.6,482.3,NO,0,0,0
-1.0,951.0,-9511.0,3066.5,2285.6,526.0,LLG,3,3,0
46.3,9540.6,-9506.1,546.4,533.4,494.8,NO,0,0,0
-0.7,2860.9,-9489.7,1979.9,1968.3,478.0,LL,2,2,0
-12.6,950.9,-9516.2,3131.8,2486.1,500.3,LLG,3,3,0
-2.6,9548.1,-9504.8,476.0,499.7,521.8,NO,0,0,0
-1.1,95.3,-95.6,5132.9,4686.5,5032.2,LLLG,5,5,1
-2.8,476.2,-470.3,3935.1,3975.0,4185.7,LLL,4,4,1
4.2,953.7,-9452.8,3123.6,2520.5,512.8,LLG,3,3,0
-4.0,9580.7,-9521.9,2466.7,484.9,489.8,LG,1,1,0
-4.4,952.3,-9521.8,3118.1,2369.4,491.5,LLG,3,3,0
34.3,9520.2,-9525.8,520.8,487.1,478.3,NO,0,0,0
-2.9,478.7,-476.8,4040.8,3948.7,4187.2,LLL,4,4,1
-44.7,9446.9,-9531.8,475.6,493.2,498.9,NO,0,0,0
-5.9,9555.2,-9526.5,512.2,494.6,487.7,NO,0,0,0
-1.1,958.9,-9497.0,3063.8,2524.8,495.9,LLG,3,3,0
-3.0,954.1,-9500.9,2926.9,2440.6,495.5,LLG,3,3,0
12.9,2852.8,-9486.8,1972.8,2057.8,470.6,LL,2,2,0
-3.3,470.6,-471.2,4281.6,4050.3,4243.2,LLL,4,4,1
-10.8,9575.9,-9457.4,505.5,523.8,505.0,NO,0,0,0
142.5,9482.8,-9432.6,475.3,487.9,485.3,NO,0,0,0
-53.7,9484.9,-9471.6,545.9,495.2,502.3,NO,0,0,0
2.8,475.4,-475.2,4082.7,3699.4,3849.9,LLL,4,4,1
15.6,9506.6,-9560.9,510.2,494.9,470.1,NO,0,0,0
-5.1,477.7,-477.6,4041.5,3802.6,3955.2,LLL,4,4,1
3.6,9422.4,-9523.0,2525.2,499.4,486.7,LG,1,1,0
-2.4,475.4,-470.9,4284.5,3880.5,3932.7,LLL,4,4,1
-0.6,95.0,-95.4,4900.2,5137.1,5134.7,LLLG,5,5,1
5.3,955.3,-9388.9,3023.0,2478.2,488.0,LLG,3,3,0
-1.9,9568.4,-9543.3,2476.9,521.9,479.8,LG,1,1,0
0.8,94.8,-95.9,5034.7,5048.2,5090.0,LLLG,5,5,1
0.2,94.6,-95.4,4969.0,5044.4,5001.1,LLLG,5,5,1
-0.2,95.4,-95.5,4715.5,4696.7,5051.9,LLLG,5,5,1
-40.9,9503.1,-9518.8,490.4,517.1,498.3,NO,0,0,0
-1.0,475.2,-470.8,4183.8,3742.9,4205.2,LLL,4,4,1
4.8,9470.2,-9457.1,2499.7,503.7,490.3,LG,1,1,0
-3.7,474.2,-480.7,3850.2,3949.2,3993.7,LLL,4,4,1
-2.3,475.2,-472.1,3860.4,4037.7,4016.6,LLL,4,4,1
1.9,2873.6,-9532.9,2039.5,2125.1,506.2,LL,2,2,0
-0.9,9564.4,-9636.5,2481.8,510.9,455.6,LG,1,1,0
-7.5,9532.3,-9487.6,487.5,509.1,482.1,NO,0,0,0
4.7,9507.8,-9483.5,512.8,527.1,499.2,NO,0,0,0
0.9,480.8,-476.1,3986.9,3986.4,3917.3,LLL,4,4,1
-12.7,9524.5,-9489.5,2613.8,494.2,505.3,LG,1,1,0
-0.0,95.0,-95.8,5003.2,5249.6,4913.7,LLLG,5,5,1
0.9,476.8,-475.1,4103.3,4139.0,4010.0,LLL,4,4,1
3.1,955.9,-9472.5,3038.6,2658.5,487.3,LLG,3,3,0
55.1,9412.1,-9534.4,506.5,470.7,505.9,NO,0,0,0
2.5,9495.9,-9511.5,500.1,501.0,494.9,NO,0,0,0
-2.7,475.5,-476.9,4067.6,3962.8,3602.0,LLL,4,4,1
50.8,9592.2,-9466.7,500.9,492.0,462.7,NO,0,0,0
-0.7,95.0,-95.3,5036.1,5243.6,5217.5,LLLG,5,5,1
0.4,94.7,-94.8,5022.5,4829.4,4826.4,LLLG,5,5,1
-40.7,9507.1,-9547.4,465.9,470.8,545.1,NO,0,0,0
7.8,948.3,-9444.8,3002.0,2641.6,474.5,LLG,3,3,0
0.2,479.6,-475.6,3944.1,4057.9,4143.7,LLL,4,4,1
0.1,9464.5,-9508.1,2576.8,489.5,508.4,LG,1,1,0
-0.2,95.4,-95.7,4511.0,5095.5,5499.4,LLLG,5,5,1
-8.6,2883.7,-9487.2,1968.8,1834.0,486.8,LL,2,2,0
15.2,2844.0,-9535.7,2038.1,1896.7,490.7,LL,2,2,0
-1.7,477.0,-477.3,4090.0,4146.2,4284.6,LLL,4,4,1
98.9,9502.7,-9534.7,518.9,496.8,514.6,NO,0,0,0
-1.2,2853.3,-9483.9,1941.4,2067.3,501.6,LL,2,2,0
-35.6,9492.3,-9522.2,486.4,551.3,510.5,NO,0,0,0
-3.1,957.6,-9614.7,2919.3,2347.3,497.3,LLG,3,3,0
-21.4,9546.4,-9436.6,506.2,509.6,523.4,NO,0,0,0
0.5,9576.1,-9544.9,2586.2,505.0,477.8,LG,1,1,0
10.9,9539.8,-9477.9,456.3,484.8,460.9,NO,0,0,0
-0.7,475.8,-476.4,4066.3,4022.2,3867.0,LLL,4,4,1
4.2,9474.9,-9572.9,2635.1,496.7,477.8,LG,1,1,0
-40.3,9463.3,-9525.9,519.4,504.7,497.6,NO,0,0,0
116.7,9563.4,-9526.1,476.2,532.4,483.8,NO,0,0,0
-8.1,2854.9,-9453.0,1861.9,2029.8,530.1,LL,2,2,0
-3.1,960.9,-9444.4,2922.5,2388.4,512.6,LLG,3,3,0
1.3,476.0,-475.7,4039.9,4300.8,3984.3,LLL,4,4,1
-0.3,474.3,-478.3,4169.9,3885.6,4147.8,LLL,4,4,1
0.3,96.1,-94.9,5454.4,4997.3,4904.1,LLLG,5,5,1
-15.6,2854.1,-9551.7,2129.5,1946.7,538.1,LL,2,2,0
-1.1,475.6,-475.0,4023.5,3899.9,3971.6,LLL,4,4,1
-13.3,2849.1,-9463.0,2024.6,2062.3,499.3,LL,2,2,0
1.2,2844.4,-9465.7,1988.4,2142.7,497.8,LL,2,2,0
-2.8,952.0,-9460.9,2985.1,2434.5,491.4,LLG,3,3,0
-3.7,476.1,-477.2,4176.2,4150.4,3990.1,LLL,4,4,1
26.3,2864.0,-9449.5,2101.1,2026.3,513.9,LL,2,2,0
5.6,9432.6,-9479.2,2377.7,499.0,513.5,LG,1,1,0
-26.1,9644.7,-9497.8,490.0,448.6,497.0,NO,0,0,0
-3.5,475.4,-477.0,3915.9,4274.3,4023.6,LLL,4,4,1
-9.7,2878.1,-9539.4,1867.9,1947.4,484.2,LL,2,2,0
-5.3,9538.2,-9530.8,2268.5,508.1,516.5,LG,1,1,0
6.3,9607.1,-9503.1,2496.7,478.3,480.5,LG,1,1,0
2.5,9482.8,-9450.2,2501.9,500.1,484.5,LG,1,1,0
-7.1,9593.5,-9474.8,524.9,510.9,515.0,NO,0,0,0
3.3,2855.9,-9514.4,2085.6,1960.5,478.9,LL,2,2,0
-1.8,474.7,-478.4,4462.9,4024.2,4362.5,LLL,4,4,1
55.1,9389.7,-9658.8,473.9,504.4,549.9,NO,0,0,0
-1.0,96.0,-95.8,4671.9,5040.5,5092.1,LLLG,5,5,1
0.4,94.3,-95.5,4769.0,5037.9,5089.0,LLLG,5,5,1
-3.1,469.2,-471.6,3866.0,4057.3,3754.0,LLL,4,4,1
0.8,475.9,-476.1,3949.4,3940.1,4032.1,LLL,4,4,1
-7.0,2872.3,-9506.1,2062.5,1963.5,499.7,LL,2,2,0
-48.5,9509.1,-9456.7,474.9,518.3,513.5,NO,0,0,0
2.7,9602.0,-9510.5,2588.2,484.6,486.6,LG,1,1,0
-69.8,9492.4,-9467.5,492.9,516.4,525.3,NO,0,0,0
-45.7,9469.0,-9483.4,490.3,515.1,536.2,NO,0,0,0
-32.9,9514.9,-9566.8,515.3,476.6,476.2,NO,0,0,0
-69.2,9537.7,-9611.3,458.1,492.0,479.3,NO,0,0,0
-94.9,9544.6,-9486.5,501.9,536.2,493.8,NO,0,0,0
-0.1,95.2,-94.4,5242.7,5019.6,5076.7,LLLG,5,5,1
-5.4,944.8,-9579.1,3090.9,2526.7,495.9,LLG,3,3,0
48.7,9539.3,-9533.4,498.2,512.3,500.2,NO,0,0,0
8.9,948.0,-9463.4,3049.6,2474.8,485.4,LLG,3,3,0
-0.7,94.9,-95.5,4818.8,5060.4,4902.2,LLLG,5,5,1
-0.0,95.2,-95.0,5018.8,5009.1,4787.5,LLLG,5,5,1
-0.0,474.6,-476.5,4104.4,4095.3,4021.7,LLL,4,4,1
-4.8,950.0,-9559.0,3007.4,2540.0,518.4,LLG,3,3,0
105.7,9495.0,-9424.6,485.9,496.9,471.4,NO,0,0,0
0.2,951.7,-9558.0,3026.2,2322.5,480.4,LLG,3,3,0
15.8,2868.8,-9535.2,2019.2,1961.1,495.5,LL,2,2,0
-1.5,476.3,-476.6,3856.5,4388.7,3834.1,LLL,4,4,1
12.3,949.6,-9495.5,3049.6,2450.6,492.1,LLG,3,3,0
-0.8,9603.0,-9474.2,2571.2,534.2,497.5,LG,1,1,0
-9.8,2840.8,-9593.9,1815.8,1984.6,547.0,LL,2,2,0
-31.0,9593.4,-9484.3,499.6,487.0,474.7,NO,0,0,0
1.8,952.7,-9482.1,3038.1,2416.9,517.4,LLG,3,3,0
0.6,9529.4,-9477.1,513.2,502.0,492.3,NO,0,0,0
6.1,954.0,-9588.4,3147.0,2501.9,472.6,LLG,3,3,0
3.5,471.1,-473.7,3611.7,3700.4,3978.7,LLL,4,4,1
-0.1,96.1,-93.7,5135.4,5364.1,5053.0,LLLG,5,5,1
0.6,95.2,-95.0,5255.7,4714.5,4918.3,LLLG,5,5,1
59.0,9535.7,-9442.3,500.5,470.1,484.1,NO,0,0,0
140.6,9503.5,-9529.7,496.2,494.7,490.3,NO,0,0,0
-7.9,961.7,-9532.8,2924.7,2447.0,497.0,LLG,3,3,0
-21.6,9527.7,-9552.7,489.2,478.3,506.1,NO,0,0,0
-46.5,9535.7,-9499.3,509.5,516.2,475.7,NO,0,0,0
3.0,9439.8,-9420.8,2696.7,483.2,473.5,LG,1,1,0
-0.0,474.0,-475.0,3726.5,4045.4,4518.5,LLL,4,4,1
4.0,2869.9,-9436.2,1843.4,2074.1,493.1,LL,2,2,0
0.3,95.4,-94.9,5002.4,4970.4,4856.9,LLLG,5,5,1
1.9,476.7,-481.0,3839.8,4124.6,3843.4,LLL,4,4,1
4.0,9458.1,-9537.2,2565.7,460.8,487.2,LG,1,1,0
-140.3,9469.0,-9549.0,478.6,480.2,500.5,NO,0,0,0
-4.5,946.2,-9553.1,2929.3,2617.3,481.3,LLG,3,3,0
-0.7,2867.5,-9595.6,2087.5,2119.7,482.1,LL,2,2,0
1.5,956.3,-9430.0,3004.7,2533.3,467.5,LLG,3,3,0
-5.3,9551.0,-9537.6,508.0,518.0,506.1,NO,0,0,0
-1.8,9558.4,-9541.4,2427.4,538.2,498.5,LG,1,1,0
-0.8,95.2,-95.1,4785.0,4702.5,5085.2,LLLG,5,5,1
-2.1,9529.8,-9533.2,2510.4,503.3,475.2,LG,1,1,0
14.3,9465.4,-9472.6,489.3,497.5,501.8,NO,0,0,0
-1.8,2869.0,-9452.0,2092.9,2082.6,504.5,LL,2,2,0
-5.6,952.3,-9456.8,2986.2,2439.1,494.2,LLG,3,3,0
0.5,95.1,-94.5,5022.1,4868.9,4954.6,LLLG,5,5,1
-62.2,9563.3,-9462.7,539.1,487.4,537.9,NO,0,0,0
33.6,9596.8,-9559.5,510.5,533.6,469.8,NO,0,0,0
3.2,949.8,-9529.9,3054.5,2526.4,493.9,LLG,3,3,0
-15.1,9494.6,-9466.8,473.7,468.2,502.6,NO,0,0,0
1.8,473.4,-471.7,4018.8,3963.1,4201.2,LLL,4,4,1
1.8,956.5,-9499.6,3127.4,2608.3,512.2,LLG,3,3,0
-1.8,9506.8,-9482.2,2464.7,496.8,505.5,LG,1,1,0
-1.1,9488.5,-9540.5,2612.3,536.5,502.4,LG,1,1,0
-0.1,474.7,-474.5,4065.8,3789.4,4040.5,LLL,4,4,1
-2.9,953.5,-9458.5,2887.2,2508.5,486.2,LLG,3,3,0
98.6,9474.2,-9487.0,498.9,484.5,490.7,NO,0,0,0
-3.1,2879.9,-9529.5,1964.2,1857.3,535.2,LL,2,2,0
0.1,476.4,-477.4,4226.4,4081.7,3783.6,LLL,4,4,1
10.2,9481.2,-9514.7,503.8,531.8,512.7,NO,0,0,0
-17.9,2855.2,-9557.9,1843.8,1958.9,519.2,LL,2,2,0
0.7,952.6,-9483.9,2935.1,2567.9,477.6,LLG,3,3,0
-6.2,9492.6,-9507.9,2406.9,534.1,477.9,LG,1,1,0
9.8,9580.1,-9516.9,491.9,500.9,468.9,NO,0,0,0
-0.6,95.1,-95.0,4907.4,5286.5,5286.1,LLLG,5,5,1
95.2,9585.6,-9475.8,523.8,506.4,511.7,NO,0,0,0
9.7,9619.9,-9534.6,499.2,493.1,500.0,NO,0,0,0
0.6,9493.8,-9513.2,2572.7,477.9,483.1,LG,1,1,0
-1.7,476.0,-476.0,3957.3,3927.4,3970.6,LLL,4,4,1
-1.5,2853.5,-9570.0,1903.1,2103.1,482.4,LL,2,2,0
-4.8,946.2,-9575.1,3005.0,2512.1,486.4,LLG,3,3,0
-0.2,95.3,-96.4,5297.5,5033.4,5115.0,LLLG,5,5,1
-1.3,946.0,-9535.4,2899.2,2536.3,495.2,LLG,3,3,0
0.6,96.2,-96.3,5221.6,4819.0,4974.3,LLLG,5,5,1
0.3,94.7,-96.3,4904.4,4633.0,4959.8,LLLG,5,5,1
-23.3,2847.6,-9556.3,2018.1,2200.6,533.7,LL,2,2,0
-5.2,474.4,-473.0,4033.5,3864.2,3973.9,LLL,4,4,1
-55.2,9500.8,-9505.8,504.3,520.6,518.4,NO,0,0,0
7.4,9481.6,-9540.9,2563.9,517.5,467.5,LG,1,1,0
1.2,953.3,-9508.2,2983.8,2514.0,509.2,LLG,3,3,0
-65.1,9529.4,-9562.3,524.8,493.2,529.5,NO,0,0,0
-1.9,9460.4,-9523.8,2458.5,473.0,499.3,LG,1,1,0
6.8,9569.7,-9544.7,470.9,483.6,480.7,NO,0,0,0
-1.8,9518.7,-9516.5,500.6,491.2,506.8,NO,0,0,0
-3.5,9548.1,-9451.2,489.9,489.1,512.7,NO,0,0,0
3.0,9531.5,-9495.9,2336.0,490.1,504.9,LG,1,1,0
-2.5,477.3,-474.9,3744.7,4080.0,4389.5,LLL,4,4,1
-17.3,2881.4,-9620.1,1848.8,1959.9,521.1,LL,2,2,0
-111.4,9446.5,-9499.2,474.0,498.9,492.0,NO,0,0,0
2.2,947.6,-9565.7,3096.6,2492.7,450.8,LLG,3,3,0
-0.2,94.9,-95.2,5034.6,4985.7,4872.1,LLLG,5,5,1
-31.3,9487.4,-9560.1,478.8,498.6,505.6,NO,0,0,0
4.2,948.2,-9554.1,2792.2,2449.1,508.4,LLG,3,3,0
-3.2,9559.5,-9506.8,2438.1,518.5,496.1,LG,1,1,0
1.7,475.7,-475.0,4005.9,3874.1,3896.4,LLL,4,4,1
12.2,2842.6,-9500.8,2134.7,2043.9,478.7,LL,2,2,0
51.6,9491.4,-9440.3,499.3,506.3,498.5,NO,0,0,0
-2.6,9483.7,-9497.4,484.6,476.5,508.0,NO,0,0,0
0.9,9511.0,-9500.4,2540.9,513.7,507.6,LG,1,1,0
-67.1,9534.3,-9504.2,471.6,484.2,484.2,NO,0,0,0
-0.5,9557.6,-9564.8,478.5,466.4,468.6,NO,0,0,0
-0.8,958.4,-9503.8,2824.1,2517.3,493.2,LLG,3,3,0
-2.8,9554.0,-9591.5,2572.4,517.3,506.7,LG,1,1,0
2.0,480.4,-477.2,4124.2,4030.6,4120.8,LLL,4,4,1
-1.1,953.3,-9540.3,2820.0,2322.5,502.4,LLG,3,3,0
-0.1,94.8,-95.9,4956.3,5041.8,4998.7,LLLG,5,5,1
15.0,9484.3,-9438.5,535.5,499.6,511.0,NO,0,0,0
2.2,9519.7,-9490.0,2553.5,520.7,506.7,LG,1,1,0
-0.9,94.6,-95.8,5188.3,5215.8,4846.8,LLLG,5,5,1
0.4,95.3,-95.3,4792.4,5421.5,5038.0,LLLG,5,5,1
0.7,95.4,-96.0,5321.1,4588.8,5159.3,LLLG,5,5,1
24.0,9540.0,-9575.5,528.8,493.1,481.9,NO,0,0,0
-1.7,478.0,-476.8,4053.9,3987.6,4163.1,LLL,4,4,1
41.0,9468.0,-9558.4,494.4,509.6,522.6,NO,0,0,0
-0.9,476.2,-475.2,4092.4,4041.0,4061.0,LLL,4,4,1
-7.9,945.1,-9475.1,3132.0,2640.5,498.6,LLG,3,3,0
2.7,475.6,-476.0,3706.2,4149.2,3894.9,LLL,4,4,1
11.3,2890.5,-9515.4,2020.4,2029.0,538.1,LL,2,2,0
-1.3,94.6,-95.5,4967.6,4616.5,5065.9,LLLG,5,5,1
13.6,9579.9,-9536.2,538.4,523.9,524.9,NO,0,0,0
6.4,954.4,-9495.6,3112.0,2608.5,485.3,LLG,3,3,0
-2.3,477.9,-473.6,4165.9,3776.9,3972.3,LLL,4,4,1
2.1,475.3,-475.8,4054.7,4296.7,4047.4,LLL,4,4,1
-0.7,471.5,-477.0,4044.3,4179.1,4033.7,LLL,4,4,1
3.1,477.4,-480.5,4191.5,4141.4,3748.7,LLL,4,4,1
-15.3,9574.1,-9539.2,2506.6,506.1,524.1,LG,1,1,0
1.4,478.6,-476.3,3794.1,3835.4,3849.1,LLL,4,4,1
-9.4,2850.2,-9522.8,1899.0,2017.8,481.1,LL,2,2,0
-1.9,476.3,-469.8,3990.0,4240.7,4138.3,LLL,4,4,1
1.1,952.2,-9547.4,2863.1,2434.0,515.3,LLG,3,3,0
5.2,479.6,-474.4,4054.2,3997.6,3851.6,LLL,4,4,1
-23.5,9503.9,-9594.5,499.5,487.7,501.3,NO,0,0,0
-9.1,2835.5,-9456.5,1947.6,1963.7,454.3,LL,2,2,0
5.2,2856.7,-9521.8,2143.5,1911.0,475.1,LL,2,2,0
-54.4,9444.7,-9556.6,500.2,493.5,485.7,NO,0,0,0
-56.6,9543.1,-9570.5,470.0,490.1,515.6,NO,0,0,0
-2.6,9518.6,-9582.0,2651.4,472.8,507.8,LG,1,1,0
-107.1,9528.2,-9549.6,545.2,507.6,494.8,NO,0,0,0
-1.5,478.2,-476.2,3883.7,4170.8,3813.6,LLL,4,4,1
18.3,9556.0,-9534.3,543.4,494.4,523.9,NO,0,0,0
3.6,9475.2,-9531.7,2622.5,496.1,523.8,LG,1,1,0
-4.7,953.2,-9640.3,3031.3,2464.9,492.4,LLG,3,3,0
0.6,9609.1,-9489.8,500.9,486.8,486.7,NO,0,0,0
36.7,9574.0,-9491.2,504.3,484.2,495.3,NO,0,0,0
-1.7,475.8,-476.1,4047.2,4362.7,4013.7,LLL,4,4,1
-20.6,9532.6,-9516.4,508.8,501.6,485.0,NO,0,0,0
-95.0,9532.0,-9480.8,489.7,498.9,479.2,NO,0,0,0
48.1,9533.1,-9469.8,458.8,495.8,533.0,NO,0,0,0
25.0,9610.3,-9510.1,506.2,499.1,504.0,NO,0,0,0
-4.6,948.3,-9553.5,3058.3,2337.7,471.4,LLG,3,3,0
-60.8,9614.9,-9469.7,537.2,538.9,508.3,NO,0,0,0
5.4,944.2,-9456.3,2977.7,2563.6,501.4,LLG,3,3,0
32.0,9511.4,-9511.3,512.8,503.5,500.3,NO,0,0,0
-57.4,9437.3,-9541.9,520.0,503.6,484.5,NO,0,0,0
-12.9,2855.0,-9456.2,1943.8,1914.8,505.1,LL,2,2,0
75.6,9496.5,-9539.0,459.4,488.7,510.2,NO,0,0,0
-21.8,2865.4,-9503.4,2062.4,2124.3,473.0,LL,2,2,0
0.3,95.7,-95.3,4620.4,4862.8,4854.8,LLLG,5,5,1
10.8,2849.1,-9617.7,2154.5,1877.6,474.0,LL,2,2,0
-7.6,9534.3,-9605.8,495.1,465.8,517.6,NO,0,0,0
-1.8,481.3,-474.4,4123.6,3585.2,3640.9,LLL,4,4,1
19.8,9530.3,-9542.5,486.0,509.1,511.0,NO,0,0,0
2.3,480.7,-480.6,4004.8,4256.3,4036.7,LLL,4,4,1
-10.5,9547.9,-9484.7,505.7,488.9,517.5,NO,0,0,0
0.1,479.8,-479.1,4255.4,3893.0,3847.7,LLL,4,4,1
48.0,9501.2,-9477.1,487.9,461.9,462.3,NO,0,0,0
-4.2,9575.7,-9591.0,521.9,538.7,469.7,NO,0,0,0
-4.5,9544.3,-9578.7,522.9,489.1,512.9,NO,0,0,0
15.7,2841.1,-9564.2,2132.2,1967.4,493.5,LL,2,2,0
1.0,476.3,-474.1,4110.8,3857.4,3638.2,LLL,4,4,1
-4.8,476.3,-471.2,4133.4,3942.6,4177.5,LLL,4,4,1
1.4,476.3,-475.9,4020.4,4158.8,4026.4,LLL,4,4,1
-1.9,475.7,-477.5,3797.9,3853.8,4017.6,LLL,4,4,1
1.7,9586.2,-9450.7,2425.2,508.2,507.1,LG,1,1,0
0.7,2877.3,-9548.8,1886.0,2061.4,452.8,LL,2,2,0
0.1,477.0,-476.7,4117.0,3901.0,3968.4,LLL,4,4,1
1.0,473.8,-476.0,4017.0,4014.8,4078.4,LLL,4,4,1
62.3,9501.5,-9524.6,496.7,521.6,502.0,NO,0,0,0
-8.2,958.6,-9559.1,3242.4,2626.9,497.8,LLG,3,3,0
-77.9,9571.0,-9504.1,505.2,507.6,492.8,NO,0,0,0
-0.1,95.7,-95.7,5188.2,5163.0,5194.9,LLLG,5,5,1
-2.1,9496.9,-9568.3,511.1,514.1,502.4,NO,0,0,0
10.4,2857.4,-9508.4,1994.9,1931.1,537.5,LL,2,2,0
6.3,2844.7,-9602.3,2091.2,2001.4,523.2,LL,2,2,0
-0.3,948.6,-9490.3,3193.7,2576.6,478.4,LLG,3,3,0
-0.6,96.0,-95.1,4916.0,4903.0,5120.2,LLLG,5,5,1
3.5,472.8,-474.8,3956.4,4240.9,3784.8,LLL,4,4,1
-15.1,2841.4,-9454.7,1949.2,2034.5,484.9,LL,2,2,0
2.2,474.1,-469.1,3799.7,4194.8,4074.8,LLL,4,4,1
-0.2,96.1,-94.9,4888.5,5372.3,4746.1,LLLG,5,5,1
31.6,9574.7,-9611.0,517.5,523.2,500.4,NO,0,0,0
72.5,9540.7,-9535.8,541.3,491.4,502.9,NO,0,0,0
6.7,961.6,-9553.6,2843.4,2469.4,500.5,LLG,3,3,0
-29.7,2860.5,-9536.7,2104.6,2029.2,489.4,LL,2,2,0
0.2,96.5,-95.9,5132.7,4697.9,5132.4,LLLG,5,5,1
24.0,2865.1,-9596.0,2093.7,1985.0,504.2,LL,2,2,0
53.5,9498.9,-9572.4,523.9,506.1,519.9,NO,0,0,0
-23.7,2866.1,-9531.2,1906.3,1989.5,490.0,LL,2,2,0
-25.4,2837.3,-9613.8,1882.5,2038.0,526.0,LL,2,2,0
-0.0,949.4,-9525.2,2961.3,2488.9,531.1,LLG,3,3,0
5.9,943.7,-9507.5,2941.0,2498.6,479.9,LLG,3,3,0
-13.9,2867.0,-9526.6,1989.8,1938.4,509.1,LL,2,2,0
7.8,9529.3,-9457.7,2447.2,483.8,534.3,LG,1,1,0
-0.2,475.4,-478.6,4211.3,3939.2,3839.0,LLL,4,4,1
-6.9,9595.7,-9519.5,467.3,510.4,492.4,NO,0,0,0
-57.3,9579.2,-9496.9,506.1,494.6,505.1,NO,0,0,0
1.2,2849.3,-9528.7,2026.2,1969.6,506.3,LL,2,2,0
-108.1,9404.8,-9641.5,519.9,513.0,553.2,NO,0,0,0
-83.2,9540.3,-9488.1,515.4,514.8,483.8,NO,0,0,0
-0.3,95.0,-95.4,5269.5,4636.8,5012.1,LLLG,5,5,1
1.1,475.9,-477.9,3975.9,4086.6,4196.3,LLL,4,4,1
-17.2,2853.8,-9492.6,2049.8,1884.6,471.3,LL,2,2,0
-5.4,9526.4,-9462.9,506.9,485.3,515.3,NO,0,0,0
-12.2,2843.7,-9486.6,2048.2,1997.5,523.6,LL,2,2,0
19.5,2849.6,-9563.3,1979.8,2041.2,490.9,LL,2,2,0
-2.2,476.7,-480.0,3633.1,3969.5,4202.3,LLL,4,4,1
-26.6,9582.7,-9527.1,547.9,510.3,502.4,NO,0,0,0
5.7,477.6,-474.7,3837.6,4090.1,4169.3,LLL,4,4,1
-21.8,9485.3,-9552.1,530.7,525.2,455.1,NO,0,0,0
45.4,9579.1,-9499.6,489.6,514.1,480.3,NO,0,0,0
28.4,9462.3,-9583.3,476.6,460.7,493.2,NO,0,0,0
-30.7,9594.0,-9558.2,533.0,473.6,531.3,NO,0,0,0
-2.9,474.3,-477.0,4124.0,3947.4,4244.7,LLL,4,4,1
0.1,95.7,-94.4,5053.4,5150.9,4940.5,LLLG,5,5,1
-38.1,9519.6,-9569.2,538.3,560.4,531.1,NO,0,0,0
1.8,474.5,-473.3,4090.6,3689.1,3978.4,LLL,4,4,1
27.8,9470.7,-9600.0,479.8,522.3,497.5,NO,0,0,0
-42.6,9441.8,-9487.7,542.3,501.2,519.6,NO,0,0,0
-28.1,9523.6,-9498.2,508.3,517.4,492.8,NO,0,0,0
-69.4,9560.8,-9556.0,471.6,472.0,494.4,NO,0,0,0
6.6,948.4,-9476.5,2920.9,2471.6,516.8,LLG,3,3,0
24.4,2838.1,-9639.1,1987.0,2024.7,506.3,LL,2,2,0
28.6,9556.2,-9561.4,459.8,499.6,493.2,NO,0,0,0
-4.4,9513.3,-9588.2,494.2,501.8,518.5,NO,0,0,0
27.5,2861.7,-9552.5,2012.0,1926.1,501.2,LL,2,2,0
-0.5,9662.5,-9486.0,2437.7,506.7,499.7,LG,1,1,0
5.6,9534.9,-9553.9,2439.7,511.4,456.4,LG,1,1,0
1.4,474.3,-476.3,3995.6,3878.6,4094.4,LLL,4,4,1
1.5,477.8,-475.6,4162.5,3608.5,4096.2,LLL,4,4,1
0.6,480.1,-474.1,4079.2,3601.8,3909.5,LLL,4,4,1
3.4,9478.3,-9444.8,2478.5,487.5,506.5,LG,1,1,0
-1.3,481.2,-477.1,3824.4,3918.5,3899.4,LLL,4,4,1
-0.3,474.8,-474.2,3883.6,4014.3,4356.7,LLL,4,4,1
-0.4,2879.9,-9518.4,2169.4,2038.5,484.0,LL,2,2,0
6.8,954.9,-9421.8,3073.5,2406.1,487.6,LLG,3,3,0
3.2,9538.3,-9521.3,2706.2,515.3,496.0,LG,1,1,0
0.8,95.1,-96.6,4860.9,5107.5,5169.5,LLLG,5,5,1
5.9,2844.4,-9535.3,1941.0,1895.8,491.5,LL,2,2,0
2.3,479.7,-478.9,4318.6,4004.4,3932.5,LLL,4,4,1
-1.2,479.3,-474.0,4155.3,4106.9,4106.6,LLL,4,4,1
0.6,95.4,-94.9,4925.7,5217.4,4815.5,LLLG,5,5,1
-0.7,95.5,-95.5,5029.0,4741.0,4924.1,LLLG,5,5,1
-2.5,473.3,-477.5,4142.1,3765.9,3981.0,LLL,4,4,1
-5.9,9403.8,-9580.9,490.3,505.5,499.8,NO,0,0,0
3.7,9421.5,-9482.9,513.8,541.1,478.4,NO,0,0,0
-0.2,95.1,-94.9,5004.0,5062.9,5333.7,LLLG,5,5,1
7.8,2846.4,-9582.4,2006.0,1947.3,487.8,LL,2,2,0
1.8,9538.8,-9588.9,489.5,484.8,497.3,NO,0,0,0
2.9,949.7,-9585.0,2929.3,2746.1,461.4,LLG,3,3,0
-1.5,948.4,-9544.6,2720.4,2450.0,500.4,LLG,3,3,0
2.5,2862.6,-9634.3,1990.6,1970.8,495.1,LL,2,2,0
4.1,9489.9,-9653.4,2498.8,538.9,510.1,LG,1,1,0
8.7,961.2,-9514.7,3068.2,2638.1,511.1,LLG,3,3,0
8.0,2848.8,-9569.5,1864.3,1872.2,509.0,LL,2,2,0
23.0,9450.2,-9464.5,510.2,469.0,488.6,NO,0,0,0
-10.1,9541.5,-9604.2,494.0,521.4,478.6,NO,0,0,0
-46.9,9532.0,-9582.6,485.0,509.3,480.7,NO,0,0,0
-0.4,2849.4,-9589.4,2026.5,2017.3,490.9,LL,2,2,0
0.0,94.7,-94.6,5105.7,4927.7,5175.8,LLLG,5,5,1
7.5,478.1,-471.9,3894.2,3883.8,4115.1,LLL,4,4,1
-18.4,2839.2,-9550.8,2069.8,1977.9,502.1,LL,2,2,0
-16.4,9547.5,-9529.5,558.4,502.2,488.1,NO,0,0,0
4.3,9537.0,-9554.1,496.2,499.0,513.2,NO,0,0,0
-42.0,9367.2,-9519.9,470.0,481.6,515.0,NO,0,0,0
-0.6,9576.6,-9580.3,509.3,518.9,498.0,NO,0,0,0
1.2,9533.9,-9532.7,2709.9,522.9,517.4,LG,1,1,0
-0.0,95.1,-95.2,4914.4,4920.7,5134.7,LLLG,5,5,1
-8.2,9517.1,-9520.6,498.4,499.9,471.4,NO,0,0,0
2.2,955.0,-9598.0,3008.0,2503.2,475.7,LLG,3,3,0
-1.4,9507.6,-9510.2,485.9,489.0,467.9,NO,0,0,0
-8.9,9393.4,-9569.0,497.9,457.8,460.4,NO,0,0,0
2.6,2863.0,-9498.4,1924.5,2003.3,522.7,LL,2,2,0
-30.4,9509.2,-9545.2,502.7,476.7,504.0,NO,0,0,0
0.4,95.3,-94.6,5007.9,5288.2,5054.0,LLLG,5,5,1
0.7,9463.2,-9446.7,523.7,502.6,525.1,NO,0,0,0
41.4,9567.9,-9480.9,498.0,489.5,537.8,NO,0,0,0
-7.8,9606.9,-9503.6,2459.2,529.1,470.5,LG,1,1,0
4.6,2828.9,-9419.5,2007.7,1975.8,519.3,LL,2,2,0
-52.8,9551.7,-9407.0,464.1,475.9,496.6,NO,0,0,0
-0.3,476.2,-477.3,3858.8,4184.3,3974.2,LLL,4,4,1
0.6,94.5,-95.3,5137.7,4932.2,5010.6,LLLG,5,5,1
1.0,478.7,-472.9,4195.3,4100.3,3797.2,LLL,4,4,1
-40.4,9523.0,-9521.0,516.7,490.2,524.5,NO,0,0,0
1.4,477.6,-477.6,4295.1,4162.2,4019.7,LLL,4,4,1
-1.9,475.2,-476.5,4027.5,3923.7,4175.2,LLL,4,4,1
-24.0,9436.5,-9561.6,483.8,494.6,508.2,NO,0,0,0
52.4,9481.4,-9493.5,544.3,517.6,522.6,NO,0,0,0
1.9,476.5,-478.4,3856.4,3811.5,4008.2,LLL,4,4,1
-0.9,2849.5,-9522.8,2003.0,2048.4,511.4,LL,2,2,0
-16.4,9575.6,-9605.7,513.6,479.2,490.2,NO,0,0,0
-2.1,955.1,-9547.1,3124.5,2557.6,514.9,LLG,3,3,0
-9.6,9527.3,-9531.0,2369.1,517.3,513.2,LG,1,1,0
5.0,948.6,-9514.8,2963.7,2570.7,508.7,LLG,3,3,0
32.4,9523.6,-9538.4,467.4,532.5,532.1,NO,0,0,0
-1.3,95.0,-96.0,4930.6,5010.8,4772.1,LLLG,5,5,1
10.4,2850.0,-9528.2,2016.3,2028.5,509.5,LL,2,2,0
0.7,95.0,-94.9,5203.3,5003.8,4970.8,LLLG,5,5,1
0.5,477.8,-480.9,3734.9,4108.0,3875.6,LLL,4,4,1
2.5,2846.3,-9509.5,2028.9,2059.2,482.4,LL,2,2,0
8.4,2851.0,-9554.2,2056.4,2009.2,508.1,LL,2,2,0
2.8,2853.9,-9499.5,2161.0,1990.7,492.1,LL,2,2,0
2.2,9485.5,-9537.4,2592.6,504.5,521.0,LG,1,1,0
-1.2,2832.6,-9508.4,2096.7,1829.3,468.4,LL,2,2,0
-0.3,96.0,-94.5,4835.1,4634.6,5273.5,LLLG,5,5,1
-0.9,9488.7,-9499.4,2443.6,502.6,484.9,LG,1,1,0
2.7,955.4,-9487.7,2961.2,2264.2,519.4,LLG,3,3,0
-0.9,94.4,-95.9,5336.7,4981.8,4920.0,LLLG,5,5,1
-27.6,9574.0,-9575.3,487.4,485.4,475.7,NO,0,0,0
-7.5,2852.1,-9502.5,2062.9,2078.6,454.4,LL,2,2,0
28.0,9429.5,-9453.0,490.9,489.4,487.0,NO,0,0,0
10.1,956.7,-9540.3,2776.8,2592.9,544.6,LLG,3,3,0
-2.3,476.2,-479.9,3598.3,3799.0,4002.9,LLL,4,4,1
61.2,9456.0,-9543.9,486.7,485.0,476.2,NO,0,0,0
-6.8,2869.2,-9523.0,1858.7,1918.6,486.9,LL,2,2,0
3.8,2864.4,-9505.8,1963.4,1980.4,502.3,LL,2,2,0
1.2,470.1,-480.2,4069.6,4189.9,4117.2,LLL,4,4,1
0.1,95.2,-94.9,4866.2,4954.5,5229.0,LLLG,5,5,1
0.4,9533.9,-9604.7,2438.1,523.2,538.3,LG,1,1,0
-9.2,945.3,-9474.6,2869.8,2528.5,505.3,LLG,3,3,0
6.1,480.8,-479.6,3893.9,3834.5,4080.1,LLL,4,4,1
34.4,9540.0,-9596.8,482.8,485.8,495.7,NO,0,0,0
12.5,2865.7,-9498.6,1857.3,1971.7,499.9,LL,2,2,0
14.1,9501.1,-9511.1,518.4,539.0,473.8,NO,0,0,0
138.2,9509.2,-9584.0,508.3,512.2,492.7,NO,0,0,0
-60.6,9497.6,-9511.9,511.5,525.2,479.9,NO,0,0,0
40.1,9572.2,-9580.8,481.7,487.5,498.7,NO,0,0,0
75.9,9567.0,-9519.5,497.6,501.5,508.4,NO,0,0,0
16.6,2877.7,-9523.9,1953.3,2015.5,474.3,LL,2,2,0
0.3,93.9,-95.2,5127.3,4885.4,4661.9,LLLG,5,5,1
-0.1,95.1,-96.1,4910.2,4982.5,5081.5,LLLG,5,5,1
0.0,95.1,-94.9,4795.0,5097.8,4648.7,LLLG,5,5,1
-3.7,470.3,-474.6,4219.0,3893.6,4165.0,LLL,4,4,1
-5.3,2873.6,-9587.7,1902.3,2018.1,498.6,LL,2,2,0
-0.2,94.7,-95.9,5115.5,5115.0,4724.2,LLLG,5,5,1
3.6,951.1,-9555.5,2977.1,2298.2,484.4,LLG,3,3,0
0.5,95.4,-95.2,4723.7,4876.5,5129.2,LLLG,5,5,1
-30.7,9510.4,-9554.8,459.4,498.5,504.4,NO,0,0,0
-1.2,475.8,-480.9,3958.1,3602.3,4326.8,LLL,4,4,1
7.4,944.7,-9558.4,3067.9,2486.0,469.4,LLG,3,3,0
-2.9,9470.5,-9467.8,2433.8,514.4,495.2,LG,1,1,0
-63.1,9517.6,-9548.3,492.5,538.9,518.3,NO,0,0,0
5.2,2855.1,-9482.6,2056.6,1939.2,496.1,LL,2,2,0
-16.3,9547.0,-9413.2,487.7,481.3,535.5,NO,0,0,0
-31.5,9558.8,-9594.3,504.7,519.2,470.9,NO,0,0,0
-5.5,2845.1,-9468.8,2042.9,1921.9,516.9,LL,2,2,0
3.6,9488.3,-9533.1,498.8,504.7,499.4,NO,0,0,0
-0.2,95.6,-95.3,5149.7,4899.4,4981.5,LLLG,5,5,1
-5.4,2845.0,-9547.0,1926.8,2007.0,502.2,LL,2,2,0
-0.6,95.4,-95.9,4910.2,5028.8,5166.7,LLLG,5,5,1
-1.7,9519.3,-9570.7,2519.3,517.7,472.2,LG,1,1,0
-29.7,9522.4,-9498.4,478.2,541.1,520.7,NO,0,0,0
0.6,95.8,-95.8,5280.3,4782.0,4975.8,LLLG,5,5,1
0.6,954.5,-9565.9,3247.2,2532.2,529.9,LLG,3,3,0
11.5,9572.1,-9521.1,502.4,483.2,520.3,NO,0,0,0
-0.3,9476.5,-9473.9,2577.1,479.6,508.8,LG,1,1,0
-12.6,2845.6,-9561.6,2074.4,2021.5,477.5,LL,2,2,0
-2.2,475.9,-474.2,3957.7,3926.2,3837.0,LLL,4,4,1
0.3,9505.8,-9628.2,2528.5,505.4,488.2,LG,1,1,0
-1.1,472.7,-476.9,3921.2,4133.7,3864.3,LLL,4,4,1
68.2,9561.6,-9559.3,496.4,472.8,500.5,NO,0,0,0
-14.3,2855.7,-9513.0,1953.7,1824.1,489.8,LL,2,2,0
1.0,95.0,-95.5,5030.4,4748.9,4703.1,LLLG,5,5,1
0.7,94.4,-94.9,5003.4,5284.3,5000.8,LLLG,5,5,1
-0.3,9504.4,-9572.3,2491.8,465.3,491.4,LG,1,1,0
-0.2,476.6,-479.4,3799.3,3821.9,3940.2,LLL,4,4,1
115.0,9481.0,-9530.7,491.5,503.7,502.8,NO,0,0,0
-3.8,9549.8,-9422.5,513.4,510.5,482.0,NO,0,0,0
-2.4,957.1,-9494.9,3087.8,2565.6,490.5,LLG,3,3,0
2.2,9507.2,-9501.9,2253.1,492.8,511.1,LG,1,1,0
-18.1,9448.1,-9501.9,508.3,477.0,506.8,NO,0,0,0
-96.2,9537.8,-9544.2,495.4,494.1,506.6,NO,0,0,0
51.3,9433.0,-9551.4,544.9,475.7,506.5,NO,0,0,0
-72.4,9517.6,-9505.9,508.0,516.9,537.2,NO,0,0,0
2.3,475.4,-477.2,3961.0,3870.5,3717.9,LLL,4,4,1
-23.8,2859.1,-9526.4,1925.0,1948.0,486.1,LL,2,2,0
24.7,2883.1,-9477.7,1893.0,1916.4,518.9,LL,2,2,0
-96.7,9545.2,-9525.1,487.9,454.5,503.7,NO,0,0,0
-0.9,476.6,-472.9,4313.2,4035.9,4096.0,LLL,4,4,1
26.8,9558.8,-9449.4,482.0,527.1,475.1,NO,0,0,0
-31.4,9529.5,-9572.3,472.7,531.9,513.3,NO,0,0,0
-22.6,2870.6,-9508.6,2033.0,1922.6,488.9,LL,2,2,0
-1.5,9509.7,-9448.0,2410.0,476.0,454.0,LG,1,1,0
9.3,2865.5,-9529.4,2114.6,2047.2,521.2,LL,2,2,0
2.4,473.5,-471.3,3888.8,4059.2,3986.5,LLL,4,4,1
-1.9,479.4,-475.0,4031.3,3939.5,4128.9,LLL,4,4,1
5.2,477.3,-473.5,3827.9,4147.8,3902.1,LLL,4,4,1
0.5,9526.8,-9465.0,2355.4,503.3,523.3,LG,1,1,0
-2.6,476.5,-476.4,3899.1,4042.2,3986.9,LLL,4,4,1
-0.9,95.6,-95.0,5065.6,5091.5,5079.8,LLLG,5,5,1
-11.6,9553.9,-9471.8,491.2,470.5,513.6,NO,0,0,0
-0.3,95.5,-95.5,4641.9,4936.5,5025.9,LLLG,5,5,1
1.5,9531.2,-9526.2,516.6,516.8,443.9,NO,0,0,0
2.8,478.9,-478.0,4031.9,3963.1,4057.9,LLL,4,4,1
-57.7,9543.4,-9590.4,478.6,490.3,527.8,NO,0,0,0
21.0,2850.0,-9507.5,2013.3,1946.6,506.0,LL,2,2,0
-4.1,946.7,-9562.0,3042.9,2401.6,502.9,LLG,3,3,0
8.3,9481.7,-9531.8,2531.5,513.4,493.9,LG,1,1,0
0.7,95.3,-96.2,5252.3,5185.2,4735.4,LLLG,5,5,1
0.7,2848.7,-9464.2,1903.0,1999.9,511.5,LL,2,2,0
3.1,477.6,-478.9,3844.3,4180.0,3938.3,LLL,4,4,1
-3.1,9538.6,-9550.5,2542.2,480.8,487.3,LG,1,1,0
-2.9,476.2,-471.2,4187.2,3780.4,4153.0,LLL,4,4,1
0.3,94.9,-96.4,5344.6,4882.5,4888.0,LLLG,5,5,1
1.0,476.8,-475.2,3812.0,4155.2,4010.9,LLL,4,4,1
-2.2,9580.3,-9501.0,2580.7,530.5,463.7,LG,1,1,0
3.9,961.3,-9583.7,2923.7,2503.8,467.1,LLG,3,3,0
0.1,94.8,-95.1,5169.4,5091.6,4951.1,LLLG,5,5,1
8.4,956.8,-9533.8,3039.3,2533.4,527.8,LLG,3,3,0
-0.1,94.7,-95.7,5133.5,5047.6,4476.4,LLLG,5,5,1
14.9,9551.1,-9534.6,484.9,496.3,545.7,NO,0,0,0
-19.2,2866.4,-9490.8,2059.8,2089.3,495.0,LL,2,2,0
1.1,95.1,-94.9,5153.9,4787.5,4663.2,LLLG,5,5,1
-3.3,476.5,-480.6,4127.4,4033.4,4085.0,LLL,4,4,1
-3.5,474.2,-475.1,4086.2,4145.2,3820.2,LLL,4,4,1
0.2,95.3,-95.4,5176.1,4978.8,4710.6,LLLG,5,5,1
-1.8,479.8,-477.6,3854.0,4159.7,3910.5,LLL,4,4,1
-2.7,479.5,-469.8,4071.6,4041.0,3760.9,LLL,4,4,1
9.8,9487.2,-9543.9,475.2,519.3,513.2,NO,0,0,0
31.3,9537.1,-9601.3,484.4,477.5,513.4,NO,0,0,0
1.5,479.9,-475.9,3963.8,3966.8,3985.1,LLL,4,4,1
41.4,9494.9,-9623.7,521.2,496.1,503.9,NO,0,0,0
-7.4,9535.9,-9521.5,2493.2,486.6,457.0,LG,1,1,0
-11.2,957.1,-9537.5,2957.2,2444.1,480.2,LLG,3,3,0
-3.4,480.0,-476.1,3877.3,3845.6,4295.9,LLL,4,4,1
26.5,9488.8,-9569.6,489.4,495.3,503.7,NO,0,0,0
2.6,9526.7,-9530.7,2552.4,500.4,468.4,LG,1,1,0
-1.3,477.1,-476.7,4202.9,3789.7,4218.3,LLL,4,4,1
-61.2,9613.7,-9549.8,489.4,503.4,512.6,NO,0,0,0
-10.5,2848.3,-9549.1,1929.1,2001.6,506.3,LL,2,2,0
7.5,952.7,-9518.7,3071.5,2602.9,509.8,LLG,3,3,0
2.4,475.8,-476.6,4291.3,3952.8,4429.6,LLL,4,4,1
39.7,9529.5,-9547.0,487.0,518.5,499.9,NO,0,0,0
4.8,950.6,-9620.9,3156.6,2447.4,491.2,LLG,3,3,0
2.5,2874.9,-9525.6,1895.3,1958.9,470.1,LL,2,2,0
-6.2,948.6,-9482.6,2870.9,2395.0,542.6,LLG,3,3,0
0.4,95.8,-95.6,5151.3,5366.2,4939.3,LLLG,5,5,1
-11.1,9543.7,-9511.4,2356.5,473.2,481.0,LG,1,1,0
8.0,9534.9,-9442.2,2491.7,507.9,520.6,LG,1,1,0
-21.2,9494.4,-9480.1,513.2,478.9,499.3,NO,0,0,0
2.8,2883.7,-9595.9,1929.7,1972.4,472.2,LL,2,2,0
2.3,474.2,-476.4,4165.5,4010.9,3875.9,LLL,4,4,1
-0.6,95.1,-95.8,4796.5,4925.3,4943.1,LLLG,5,5,1
-2.2,9568.6,-9340.4,490.7,456.9,508.0,NO,0,0,0
-3.5,9500.5,-9458.1,2588.5,476.4,500.0,LG,1,1,0
7.1,953.8,-9560.5,3195.4,2429.2,471.9,LLG,3,3,0
-1.0,955.6,-9492.0,2961.9,2455.2,498.4,LLG,3,3,0
-11.7,2853.8,-9527.3,1962.5,1912.5,474.3,LL,2,2,0
12.3,2872.9,-9556.6,1901.0,2131.9,517.9,LL,2,2,0
67.0,9586.6,-9562.7,520.4,539.0,495.7,NO,0,0,0
-0.2,9548.1,-9519.0,2573.5,467.3,512.3,LG,1,1,0
-135.6,9488.2,-9480.9,488.5,519.1,511.6,NO,0,0,0
0.5,478.3,-478.1,3997.0,3719.2,4396.8,LLL,4,4,1
0.2,95.3,-96.0,4989.7,4915.4,4732.9,LLLG,5,5,1
-2.5,475.6,-475.5,4025.6,3929.9,3868.4,LLL,4,4,1
-12.1,2856.0,-9558.6,1962.4,2076.7,488.8,LL,2,2,0
-6.9,956.2,-9562.9,3058.9,2409.0,484.3,LLG,3,3,0
1.4,9544.3,-9431.0,2418.8,497.6,513.0,LG,1,1,0
2.0,945.5,-9466.8,3257.6,2445.3,476.4,LLG,3,3,0
-0.0,94.9,-95.6,5015.0,4717.2,5083.6,LLLG,5,5,1
41.4,9478.2,-9520.4,443.8,509.7,499.9,NO,0,0,0
0.8,477.7,-477.1,4239.6,3631.6,4139.8,LLL,4,4,1
3.6,9563.0,-9535.2,2565.6,524.9,509.4,LG,1,1,0
-8.1,944.0,-9544.6,3011.0,2441.6,504.8,LLG,3,3,0
-18.8,9567.1,-9474.1,473.7,497.4,505.0,NO,0,0,0
1.9,951.6,-9525.3,2865.8,2689.0,496.9,LLG,3,3,0
2.7,952.4,-9585.2,2946.2,2578.0,512.2,LLG,3,3,0
95.1,9570.8,-9532.7,525.6,480.5,511.3,NO,0,0,0
-73.1,9614.3,-9528.9,499.9,517.1,495.3,NO,0,0,0
-0.6,9565.5,-9527.9,2500.3,472.4,505.4,LG,1,1,0
-0.4,9426.6,-9475.6,503.4,509.1,529.0,NO,0,0,0
10.1,9506.7,-9526.4,495.5,464.8,493.1,NO,0,0,0
1.7,473.9,-475.0,3740.8,4015.4,3949.5,LLL,4,4,1
55.5,9555.5,-9434.2,464.1,482.4,487.1,NO,0,0,0
1.7,478.6,-474.8,4108.0,4039.3,4174.0,LLL,4,4,1
2.3,476.4,-476.1,3934.2,4030.9,3891.1,LLL,4,4,1
33.6,9515.7,-9475.2,534.4,523.6,492.6,NO,0,0,0
-0.2,94.6,-95.5,5151.0,4612.6,5154.4,LLLG,5,5,1
1.1,947.0,-9539.1,3059.3,2626.9,490.7,LLG,3,3,0
-8.0,2848.9,-9602.7,2142.3,2004.2,498.8,LL,2,2,0
-0.2,95.0,-95.3,5104.6,5326.4,5148.3,LLLG,5,5,1
8.6,2858.8,-9436.0,1993.5,1908.9,512.6,LL,2,2,0
18.9,2866.7,-9435.9,1871.1,2057.3,509.2,LL,2,2,0
-1.3,477.4,-476.5,3708.7,3926.9,3839.1,LLL,4,4,1
-3.2,949.4,-9587.8,2882.4,2534.0,472.9,LLG,3,3,0
-0.6,953.2,-9569.5,2874.6,2335.3,499.5,LLG,3,3,0
1.9,9550.0,-9518.3,507.3,534.2,532.0,NO,0,0,0
0.3,95.2,-95.7,5152.1,4764.3,4855.4,LLLG,5,5,1
6.7,2884.6,-9456.2,2003.8,2095.2,516.1,LL,2,2,0
-5.3,2877.5,-9423.3,1989.6,1950.4,491.4,LL,2,2,0
-0.7,476.2,-478.1,3773.7,3930.7,4180.3,LLL,4,4,1
45.4,9563.0,-9579.7,502.0,524.3,509.5,NO,0,0,0
-24.4,2876.1,-9493.9,2035.2,1970.9,508.1,LL,2,2,0
3.9,473.7,-477.7,4150.3,3981.5,4056.3,LLL,4,4,1
-1.7,9507.0,-9450.9,2567.7,481.4,508.8,LG,1,1,0
-9.0,9527.6,-9547.4,506.0,533.1,521.9,NO,0,0,0
1.1,476.5,-474.1,4118.1,4113.6,3956.3,LLL,4,4,1
1.5,2861.7,-9519.8,1854.6,1804.2,460.1,LL,2,2,0
-0.6,476.5,-476.6,3957.9,3783.0,4022.2,LLL,4,4,1
0.8,481.2,-475.3,3898.9,4105.5,4095.8,LLL,4,4,1
-27.1,9449.5,-9551.0,528.1,517.4,499.4,NO,0,0,0
4.5,476.5,-473.0,3936.4,3947.3,4131.0,LLL,4,4,1
-6.7,9543.1,-9506.6,2568.7,523.9,476.9,LG,1,1,0
3.6,9491.5,-9542.2,2501.5,503.0,492.9,LG,1,1,0
7.1,9481.1,-9606.4,2435.7,474.3,472.3,LG,1,1,0
1.1,954.0,-9518.2,3018.4,2264.4,473.6,LLG,3,3,0
0.0,95.3,-95.3,4831.9,4687.7,5092.3,LLLG,5,5,1
-44.0,9569.6,-9442.7,539.0,529.6,481.6,NO,0,0,0
-0.1,95.5,-94.6,5099.6,5377.2,4839.9,LLLG,5,5,1
14.4,2839.3,-9540.3,1895.7,1861.8,493.7,LL,2,2,0
-2.2,482.2,-476.1,3915.0,3735.9,4098.1,LLL,4,4,1
-0.3,94.9,-96.7,4975.1,5153.2,4823.4,LLLG,5,5,1
5.5,952.4,-9539.8,2882.1,2538.7,493.5,LLG,3,3,0
0.9,477.6,-478.3,4112.2,4196.5,3876.0,LLL,4,4,1
-4.3,951.4,-9532.7,3175.6,2479.7,508.6,LLG,3,3,0
0.6,474.7,-472.4,4080.2,3956.8,4125.7,LLL,4,4,1
136.5,9547.3,-9525.7,475.0,490.6,567.7,NO,0,0,0
43.0,9506.4,-9526.6,481.9,481.9,474.4,NO,0,0,0
-5.8,475.3,-477.2,3911.3,3984.5,3919.7,LLL,4,4,1
1.9,485.8,-479.4,4199.6,3995.3,3872.3,LLL,4,4,1
7.3,9597.8,-9504.3,473.7,471.3,532.3,NO,0,0,0
3.9,474.3,-475.2,3931.6,3889.4,3784.9,LLL,4,4,1
-1.6,954.1,-9555.8,3137.9,2496.6,433.4,LLG,3,3,0
29.3,9575.5,-9455.8,490.0,489.6,463.1,NO,0,0,0
29.3,9463.1,-9576.9,489.1,479.8,490.8,NO,0,0,0
-3.9,9514.8,-9587.3,2437.5,476.7,457.1,LG,1,1,0
66.2,9545.6,-9482.3,522.1,496.6,493.9,NO,0,0,0
3.1,476.1,-478.0,4232.8,3886.9,4013.7,LLL,4,4,1
13.0,9516.1,-9526.4,504.3,514.9,526.7,NO,0,0,0
-18.8,9553.9,-9530.0,519.7,478.5,477.5,NO,0,0,0
4.7,479.3,-474.7,4093.5,4061.8,4079.8,LLL,4,4,1
26.0,2852.1,-9474.0,1968.4,1941.6,521.9,LL,2,2,0
11.3,9512.1,-9571.3,2459.2,473.1,510.7,LG,1,1,0
25.6,2868.1,-9482.9,2015.2,2016.3,517.9,LL,2,2,0
4.5,471.1,-478.2,4148.9,4127.2,4128.4,LLL,4,4,1
0.8,476.0,-478.0,4001.1,4013.2,3921.0,LLL,4,4,1
3.9,957.3,-9467.9,2977.0,2447.4,538.0,LLG,3,3,0
-0.5,2860.0,-9449.3,2022.2,2096.4,525.5,LL,2,2,0
-2.1,953.7,-9562.1,3137.5,2427.7,495.0,LLG,3,3,0
73.7,9491.0,-9572.0,473.3,461.9,503.3,NO,0,0,0
-4.6,9506.3,-9523.0,2600.7,534.1,501.0,LG,1,1,0
119.6,9545.2,-9515.5,483.5,460.7,475.9,NO,0,0,0
-5.2,2883.7,-9584.4,1969.2,2012.9,461.7,LL,2,2,0
40.7,9587.5,-9465.3,512.9,500.0,520.3,NO,0,0,0
2.4,9509.1,-9527.6,2485.9,528.5,531.3,LG,1,1,0
-21.0,9499.3,-9439.9,455.9,524.5,504.5,NO,0,0,0
-13.9,2861.6,-9497.8,2013.2,2019.6,507.6,LL,2,2,0
-16.3,2866.5,-9522.3,1980.7,1937.3,491.4,LL,2,2,0
0.2,473.8,-471.1,4087.9,3848.3,3999.3,LLL,4,4,1
-0.1,95.0,-96.4,5083.5,5058.0,4819.8,LLLG,5,5,1
-0.6,95.5,-95.1,5046.3,5272.5,5070.1,LLLG,5,5,1
-27.4,9491.6,-9454.6,509.2,527.0,503.1,NO,0,0,0
-5.8,2872.3,-9584.6,2079.3,2028.3,487.4,LL,2,2,0
-1.7,477.3,-472.8,3769.8,4003.0,4008.0,LLL,4,4,1
50.3,9547.3,-9552.3,474.1,509.2,500.3,NO,0,0,0
-12.7,2869.8,-9543.2,1949.5,2025.4,545.5,LL,2,2,0
23.6,9577.4,-9538.4,484.1,490.9,512.7,NO,0,0,0
-2.0,477.3,-476.9,4162.3,3974.3,4128.5,LLL,4,4,1
-1.2,94.8,-95.1,4771.9,5043.5,5008.0,LLLG,5,5,1
0.2,95.0,-95.2,5130.9,4921.1,4961.8,LLLG,5,5,1
0.2,96.2,-96.6,5234.1,5042.5,4795.5,LLLG,5,5,1
8.4,9468.0,-9614.4,504.8,488.2,513.9,NO,0,0,0
42.4,9605.7,-9522.9,517.2,520.4,493.0,NO,0,0,0
-0.1,95.7,-95.2,5065.3,5254.4,4878.1,LLLG,5,5,1
1.2,95.6,-94.8,5218.4,4396.1,4824.6,LLLG,5,5,1
-16.5,2839.6,-9558.8,2076.7,1979.6,497.5,LL,2,2,0
43.4,9482.8,-9551.9,512.2,520.1,459.5,NO,0,0,0
1.6,961.1,-9480.6,2947.2,2620.8,494.1,LLG,3,3,0
-3.2,2856.5,-9515.6,1976.4,2063.7,505.9,LL,2,2,0
-53.5,9520.4,-9516.5,524.3,488.3,520.3,NO,0,0,0
-2.7,475.9,-472.0,4072.9,4090.5,3804.1,LLL,4,4,1
0.2,476.6,-474.8,3982.0,3967.9,4026.1,LLL,4,4,1
-0.5,478.9,-476.7,3883.5,3571.1,4145.1,LLL,4,4,1
90.5,9464.7,-9583.4,449.0,526.8,481.8,NO,0,0,0
26.3,9445.0,-9462.5,501.2,506.4,492.8,NO,0,0,0
-0.2,9544.0,-9422.9,2460.7,506.8,495.1,LG,1,1,0
0.6,480.2,-477.7,3984.7,3892.7,4123.4,LLL,4,4,1
0.3,473.7,-474.8,3866.8,4035.5,4294.1,LLL,4,4,1
0.0,95.5,-95.4,4962.5,5081.6,4783.2,LLLG,5,5,1
0.3,2860.1,-9564.0,2031.6,2100.7,515.4,LL,2,2,0
3.0,476.2,-474.0,3976.9,4305.9,4219.7,LLL,4,4,1
6.7,2845.4,-9482.6,1942.6,2064.1,462.6,LL,2,2,0
20.6,2861.4,-9423.1,1999.4,1972.8,481.0,LL,2,2,0
1.3,9543.3,-9511.8,2496.8,490.6,481.8,LG,1,1,0
-0.8,479.2,-478.3,3870.1,4407.5,3952.0,LLL,4,4,1
10.4,9493.7,-9616.6,507.4,488.5,489.1,NO,0,0,0
6.9,953.5,-9551.4,3163.7,2426.9,516.2,LLG,3,3,0
25.1,2839.0,-9476.2,2071.9,1898.1,480.9,LL,2,2,0
-3.1,478.0,-474.4,3799.7,4130.6,3784.7,LLL,4,4,1
14.4,9496.5,-9479.4,520.5,499.7,502.0,NO,0,0,0
0.4,476.0,-480.8,3788.6,3962.6,4039.7,LLL,4,4,1
0.4,95.8,-96.3,4895.4,5107.3,4869.8,LLLG,5,5,1
33.1,9490.0,-9604.2,462.9,483.8,490.4,NO,0,0,0
-1.1,962.5,-9471.4,2889.7,2508.7,476.4,LLG,3,3,0
-1.5,478.8,-475.2,4128.4,4207.4,3817.5,LLL,4,4,1
-4.5,474.1,-474.7,4113.7,4063.3,4246.0,LLL,4,4,1
44.6,9457.7,-9481.8,486.3,475.7,544.4,NO,0,0,0
-0.8,479.1,-475.7,3900.7,4089.9,4002.6,LLL,4,4,1
-3.7,9618.7,-9599.0,2473.2,498.2,524.3,LG,1,1,0
5.7,2856.5,-9505.6,2076.5,1855.1,478.6,LL,2,2,0
30.9,9529.1,-9489.5,513.9,527.3,527.8,NO,0,0,0
-2.6,9493.7,-9552.6,2399.3,504.1,507.1,LG,1,1,0
98.0,9516.5,-9467.9,502.9,494.3,504.6,NO,0,0,0
-15.5,2861.7,-9529.8,2005.8,2009.6,485.2,LL,2,2,0
0.9,958.2,-9467.0,3084.1,2653.0,496.7,LLG,3,3,0
35.7,9520.0,-9612.9,534.9,494.8,488.2,NO,0,0,0
30.8,9506.6,-9562.6,471.3,480.9,495.1,NO,0,0,0
-87.1,9476.6,-9466.6,510.3,491.3,529.6,NO,0,0,0
2.2,956.7,-9510.0,2809.5,2514.8,517.1,LLG,3,3,0
3.2,9559.2,-9488.4,502.3,474.0,496.5,NO,0,0,0
-59.5,9548.0,-9546.4,520.2,490.0,512.8,NO,0,0,0
2.8,480.2,-478.6,4031.0,4115.4,3881.6,LLL,4,4,1
-0.9,9630.6,-9544.4,2483.9,517.9,481.5,LG,1,1,0
5.2,2873.6,-9530.8,1991.1,1937.6,509.5,LL,2,2,0
-2.3,475.7,-480.1,3816.2,3888.5,3871.6,LLL,4,4,1
5.4,482.2,-478.6,4081.7,3951.0,4076.8,LLL,4,4,1
1.0,956.9,-9543.0,2901.3,2575.9,500.1,LLG,3,3,0
-1.1,9541.4,-9469.4,2416.7,495.9,493.7,LG,1,1,0
0.8,952.7,-9524.2,2785.4,2504.0,472.2,LLG,3,3,0
-0.3,475.7,-476.5,4050.9,3925.4,3996.7,LLL,4,4,1
-1.8,475.4,-477.6,3799.4,3708.7,3769.0,LLL,4,4,1
4.0,944.5,-9480.0,3022.8,2454.5,501.4,LLG,3,3,0
4.2,9594.9,-9557.1,509.7,518.2,524.1,NO,0,0,0
-23.3,2845.9,-9519.5,2142.5,1825.3,478.5,LL,2,2,0
4.7,9427.5,-9589.5,2370.2,460.5,504.0,LG,1,1,0
-80.1,9565.4,-9528.5,500.3,504.0,476.1,NO,0,0,0
-5.3,950.5,-9400.9,3153.7,2480.0,519.5,LLG,3,3,0
-5.6,948.8,-9511.0,3046.4,2572.1,504.2,LLG,3,3,0
-3.6,949.2,-9546.5,2971.2,2442.9,475.2,LLG,3,3,0
3.8,957.4,-9576.5,2931.3,2560.5,509.5,LLG,3,3,0
3.0,950.8,-9556.2,2741.3,2594.7,524.0,LLG,3,3,0
-1.1,478.0,-474.6,3852.2,4004.5,3975.6,LLL,4,4,1
36.5,9408.3,-9546.1,498.2,457.3,476.2,NO,0,0,0
-44.8,9599.5,-9544.2,489.4,504.7,521.6,NO,0,0,0
19.2,9493.9,-9614.9,483.9,490.9,483.8,NO,0,0,0
-79.6,9444.3,-9542.1,489.0,471.4,507.0,NO,0,0,0
-0.3,96.0,-94.9,4960.2,4921.6,4926.3,LLLG,5,5,1
-55.0,9510.2,-9624.2,479.2,496.0,468.7,NO,0,0,0
0.8,480.1,-474.8,3891.5,3973.9,3926.7,LLL,4,4,1
2.1,479.4,-476.5,4186.9,3794.1,4009.3,LLL,4,4,1
-1.4,475.1,-475.8,3970.4,3808.7,3795.4,LLL,4,4,1
82.2,9564.5,-9517.1,498.9,485.8,477.6,NO,0,0,0
-0.6,478.1,-477.2,3829.3,3862.3,4226.6,LLL,4,4,1
0.1,944.5,-9507.3,2992.2,2579.8,462.4,LLG,3,3,0
1.3,475.4,-475.8,4062.3,4263.7,3909.4,LLL,4,4,1
-18.5,2847.5,-9518.8,1909.7,2140.0,524.2,LL,2,2,0
10.4,9461.6,-9599.5,485.8,462.2,503.0,NO,0,0,0
-4.0,954.4,-9589.1,2862.1,2452.8,493.5,LLG,3,3,0
143.6,9546.1,-9577.5,528.1,492.1,486.5,NO,0,0,0
-2.3,948.7,-9525.0,3070.1,2533.6,495.1,LLG,3,3,0
-44.0,9481.1,-9474.0,509.1,498.0,522.4,NO,0,0,0
-1.3,479.7,-478.1,4045.4,3841.7,4076.9,LLL,4,4,1
-2.4,475.7,-480.2,4142.7,3848.4,3915.7,LLL,4,4,1
-24.3,9496.9,-9513.6,510.3,515.2,493.6,NO,0,0,0
-20.7,9471.6,-9554.9,464.5,487.5,515.9,NO,0,0,0
10.2,952.5,-9559.7,2931.5,2535.3,501.3,LLG,3,3,0
-8.0,959.4,-9565.1,2977.7,2490.1,479.7,LLG,3,3,0
5.4,951.1,-9535.2,3041.2,2280.8,500.7,LLG,3,3,0
47.4,9507.6,-9588.4,490.5,492.6,499.4,NO,0,0,0
0.3,95.5,-95.3,5140.4,4707.3,4944.0,LLLG,5,5,1
-47.7,9508.3,-9454.8,509.7,532.1,495.3,NO,0,0,0
-0.2,95.3,-93.5,4899.3,4584.8,5119.0,LLLG,5,5,1
3.9,9563.3,-9512.3,2434.5,493.2,514.6,LG,1,1,0
-4.6,477.9,-479.6,3869.6,4078.4,4096.9,LLL,4,4,1
29.2,9550.0,-9509.1,514.8,535.5,504.8,NO,0,0,0
58.8,9549.3,-9532.0,486.0,479.6,485.9,NO,0,0,0
17.1,9580.2,-9545.0,492.1,488.9,500.2,NO,0,0,0
-0.2,947.6,-9496.9,2961.2,2488.8,487.2,LLG,3,3,0
-1.9,966.0,-9533.1,2981.2,2572.9,496.3,LLG,3,3,0
79.3,9464.9,-9574.7,531.9,497.6,501.5,NO,0,0,0
-3.3,946.0,-9498.0,2908.4,2558.6,509.6,LLG,3,3,0
-5.8,952.5,-9524.8,2969.3,2423.8,508.7,LLG,3,3,0
-0.2,478.2,-479.4,3932.6,3888.0,3875.6,LLL,4,4,1
-42.3,9571.1,-9504.2,475.5,494.9,465.8,NO,0,0,0
-0.8,95.6,-95.7,4894.5,4850.3,4959.8,LLLG,5,5,1
-5.3,477.5,-474.6,3790.6,3786.1,3842.6,LLL,4,4,1
-0.9,477.6,-472.8,3859.0,4078.5,3878.1,LLL,4,4,1
36.7,9528.5,-9495.7,501.3,494.2,495.3,NO,0,0,0
-66.3,9575.0,-9473.2,525.4,493.4,504.1,NO,0,0,0
-11.2,9629.1,-9612.4,476.8,459.3,497.2,NO,0,0,0
26.5,2861.5,-9506.5,2077.4,2159.3,465.7,LL,2,2,0
15.4,9437.5,-9493.9,517.5,507.3,474.0,NO,0,0,0
12.8,9542.3,-9489.2,520.8,465.8,489.1,NO,0,0,0
28.3,9530.8,-9503.6,503.0,496.2,494.1,NO,0,0,0
14.2,2841.7,-9449.7,2049.7,2086.3,519.6,LL,2,2,0
3.4,956.0,-9501.7,2952.2,2540.7,517.8,LLG,3,3,0
19.5,9479.4,-9463.5,500.6,504.0,490.4,NO,0,0,0
0.3,95.1,-94.9,4956.9,4977.9,5142.0,LLLG,5,5,1
-91.3,9560.4,-9535.8,470.3,531.8,476.4,NO,0,0,0
-2.0,475.0,-471.7,4460.6,3858.2,3897.5,LLL,4,4,1
51.7,9498.5,-9538.6,473.6,475.7,461.1,NO,0,0,0
-0.3,9539.8,-9603.6,524.4,524.0,515.4,NO,0,0,0
-49.8,9627.3,-9529.2,525.4,492.7,505.3,NO,0,0,0
-3.9,957.2,-9529.3,3234.6,2580.1,491.7,LLG,3,3,0
12.6,9481.8,-9484.0,509.5,476.6,520.0,NO,0,0,0
30.5,9619.5,-9467.5,468.5,454.0,514.9,NO,0,0,0
-1.3,471.9,-474.9,3886.1,3586.1,3787.0,LLL,4,4,1
-3.1,476.3,-476.5,4152.4,4097.6,3847.9,LLL,4,4,1
-4.1,2869.5,-9465.2,1985.0,1906.2,549.6,LL,2,2,0
-14.4,9483.5,-9473.6,466.6,500.0,509.0,NO,0,0,0
-0.7,94.8,-95.6,4838.6,5119.0,4932.5,LLLG,5,5,1
-2.0,9550.4,-9508.6,2767.7,499.0,495.9,LG,1,1,0
11.2,952.4,-9494.4,2906.7,2366.4,489.9,LLG,3,3,0
3.8,2861.1,-9524.9,1807.6,2096.6,515.5,LL,2,2,0
7.9,2850.3,-9624.0,1905.8,1872.1,493.6,LL,2,2,0
6.9,2861.8,-9470.1,2040.2,1842.7,462.9,LL,2,2,0
-62.3,9505.5,-9481.4,508.9,487.0,464.3,NO,0,0,0
20.1,9479.6,-9552.9,519.4,492.2,485.3,NO,0,0,0
-15.1,9592.3,-9580.3,507.3,485.9,472.9,NO,0,0,0
1.4,476.5,-479.4,3748.9,4074.8,3968.9,LLL,4,4,1
-7.8,2855.1,-9544.8,2056.2,1927.3,486.3,LL,2,2,0
-67.6,9504.2,-9594.2,466.8,533.6,510.8,NO,0,0,0
-29.0,9530.9,-9513.3,508.6,508.1,490.9,NO,0,0,0
-4.1,948.5,-9460.8,3078.9,2529.8,490.6,LLG,3,3,0
1.4,480.0,-476.9,4369.4,4041.8,3933.1,LLL,4,4,1
-7.2,2872.4,-9491.5,1993.8,2031.6,489.3,LL,2,2,0
-2.8,480.7,-477.0,4151.8,4128.9,3819.5,LLL,4,4,1
15.1,2862.3,-9432.0,1998.1,2022.3,505.4,LL,2,2,0
50.3,9553.8,-9582.6,532.3,495.9,498.2,NO,0,0,0
-60.8,9497.6,-9497.7,465.6,480.5,507.2,NO,0,0,0
-44.5,9478.4,-9593.6,506.1,495.2,522.3,NO,0,0,0
7.9,955.0,-9525.2,3095.6,2404.5,502.2,LLG,3,3,0
-12.1,9501.8,-9541.3,502.1,519.6,479.7,NO,0,0,0
-0.9,954.9,-9535.2,3020.1,2462.9,499.6,LLG,3,3,0
5.5,2883.0,-9509.7,2079.8,1923.1,507.6,LL,2,2,0
-35.0,9549.0,-9514.7,444.7,489.1,534.7,NO,0,0,0
0.7,9537.7,-9544.8,481.7,497.5,511.5,NO,0,0,0
2.8,956.2,-9489.6,3014.7,2390.6,496.8,LLG,3,3,0
0.0,94.8,-94.9,4759.1,5057.8,4869.6,LLLG,5,5,1
30.7,9564.7,-9502.7,514.1,522.8,462.2,NO,0,0,0
-0.8,94.8,-96.0,4689.5,5101.0,4918.3,LLLG,5,5,1
1.8,477.3,-476.4,4026.0,3790.0,4481.3,LLL,4,4,1
6.7,2862.9,-9558.9,2009.3,2122.5,494.2,LL,2,2,0
-0.6,94.7,-95.6,4698.6,4894.9,5101.0,LLLG,5,5,1
-18.2,9540.6,-9575.5,487.9,467.2,467.5,NO,0,0,0
0.6,479.4,-478.6,3952.6,3990.4,4038.3,LLL,4,4,1
6.4,2860.9,-9425.6,1938.7,2174.8,507.4,LL,2,2,0
-1.6,943.4,-9644.0,3054.5,2415.2,512.9,LLG,3,3,0
1.0,479.8,-473.1,3876.4,3759.6,3626.6,LLL,4,4,1
-2.3,948.3,-9488.2,3041.3,2362.8,467.9,LLG,3,3,0
-73.0,9495.6,-9541.9,508.8,498.8,475.1,NO,0,0,0
-2.5,475.8,-480.5,3993.6,3836.2,3908.3,LLL,4,4,1
3.4,2850.4,-9495.8,1974.0,1941.9,500.3,LL,2,2,0
-4.0,959.2,-9438.3,2967.9,2599.3,523.6,LLG,3,3,0
-37.3,9458.0,-9570.5,515.8,506.4,495.1,NO,0,0,0
-14.4,2841.1,-9550.8,2040.0,2059.3,513.4,LL,2,2,0
-1.0,476.5,-472.2,3706.2,3645.7,3683.7,LLL,4,4,1
-2.9,9547.7,-9490.2,2392.2,499.9,502.4,LG,1,1,0
-56.1,9530.9,-9501.8,498.8,467.8,477.8,NO,0,0,0
2.1,946.6,-9481.0,3001.0,2339.7,537.5,LLG,3,3,0
-1.1,476.3,-475.0,3933.1,4175.6,3962.7,LLL,4,4,1
0.1,958.0,-9616.8,2788.4,2383.8,492.0,LLG,3,3,0
-0.3,480.4,-477.4,3931.7,3819.1,3940.6,LLL,4,4,1
-4.4,474.7,-474.9,3771.3,3925.0,3894.5,LLL,4,4,1
-0.8,94.8,-95.5,4636.6,4993.0,4790.0,LLLG,5,5,1
1.9,476.7,-475.1,4142.5,4100.3,4069.7,LLL,4,4,1
-61.2,9549.4,-9561.1,478.3,501.2,479.1,NO,0,0,0
-47.0,9641.5,-9550.4,505.0,495.9,476.7,NO,0,0,0
-9.7,946.0,-9536.9,2814.8,2512.7,526.9,LLG,3,3,0
100.9,9659.3,-9556.8,512.8,499.6,528.5,NO,0,0,0
-4.3,478.0,-478.6,4046.2,3903.8,3853.6,LLL,4,4,1
-64.6,9466.2,-9496.8,493.3,461.2,490.9,NO,0,0,0
10.5,2891.6,-9498.7,1944.2,2090.0,478.1,LL,2,2,0
-0.2,479.5,-477.6,3870.4,3910.9,4186.5,LLL,4,4,1
22.5,9394.2,-9577.0,496.9,525.7,504.1,NO,0,0,0
96.4,9480.6,-9564.6,524.0,519.3,468.7,NO,0,0,0
0.4,476.1,-473.5,3903.6,4052.5,3789.0,LLL,4,4,1
-3.1,2858.1,-9536.1,2069.5,1985.0,507.5,LL,2,2,0
4.9,949.4,-9578.9,3017.7,2544.5,476.5,LLG,3,3,0
12.5,2877.6,-9476.2,2075.1,2113.3,523.2,LL,2,2,0
-55.1,9588.3,-9514.8,488.1,494.6,466.4,NO,0,0,0
5.8,968.0,-9550.2,3010.4,2418.2,461.5,LLG,3,3,0
-3.2,478.2,-477.1,3941.7,4009.0,4194.8,LLL,4,4,1
-7.0,942.3,-9572.6,2958.5,2525.7,481.2,LLG,3,3,0
-88.0,9529.8,-9592.5,483.9,446.0,478.1,NO,0,0,0
-1.5,473.9,-471.9,3861.6,4094.7,3948.4,LLL,4,4,1
2.8,478.2,-477.8,3732.9,4160.9,4002.3,LLL,4,4,1
-0.1,478.0,-475.4,3945.5,4364.0,4049.8,LLL,4,4,1
-7.9,2871.2,-9505.8,2040.2,1948.1,477.3,LL,2,2,0
-3.1,2867.5,-9563.5,2053.6,1970.2,499.2,LL,2,2,0
-13.3,2855.9,-9561.3,2038.0,1972.4,496.7,LL,2,2,0
-9.8,9556.5,-9502.9,491.7,504.2,463.0,NO,0,0,0
-101.0,9525.0,-9544.9,515.6,507.8,471.7,NO,0,0,0
-2.6,956.9,-9441.8,2875.1,2345.5,515.0,LLG,3,3,0
-43.8,9473.0,-9515.7,486.2,505.9,482.1,NO,0,0,0
-57.0,9459.7,-9532.6,462.0,545.3,479.8,NO,0,0,0
16.3,2883.6,-9529.9,1901.8,2065.1,478.9,LL,2,2,0
-0.1,2840.5,-9535.7,1935.6,1918.7,500.4,LL,2,2,0
1.1,954.3,-9577.4,2825.5,2660.7,488.5,LLG,3,3,0
79.7,9502.1,-9599.8,494.4,509.9,506.2,NO,0,0,0
-0.8,95.4,-95.3,4842.9,4593.2,4703.1,LLLG,5,5,1
0.8,2879.4,-9504.5,2027.2,2066.7,448.3,LL,2,2,0
10.6,2834.3,-9555.2,2180.8,2141.7,497.4,LL,2,2,0
3.2,9594.9,-9495.5,2438.0,533.5,474.2,LG,1,1,0
-0.1,946.8,-9636.0,2847.1,2572.3,492.2,LLG,3,3,0
-11.6,947.0,-9594.8,2950.2,2367.5,462.8,LLG,3,3,0
-3.2,9489.7,-9493.4,2557.7,481.4,531.8,LG,1,1,0
-1.4,945.6,-9550.2,2966.3,2404.5,501.1,LLG,3,3,0
8.0,2861.5,-9514.2,1911.0,1880.4,495.0,LL,2,2,0
0.4,94.8,-96.0,5102.7,5086.8,4678.4,LLLG,5,5,1
1.4,9516.7,-9520.0,2392.3,487.7,471.2,LG,1,1,0
-37.3,2836.7,-9583.4,1996.9,2059.8,491.5,LL,2,2,0
-53.9,9565.4,-9593.9,497.3,522.5,526.3,NO,0,0,0
-4.2,2865.1,-9503.2,2035.5,1910.9,498.7,LL,2,2,0
3.6,2848.3,-9612.4,2069.2,2063.4,492.2,LL,2,2,0
1.8,9563.7,-9564.8,2574.6,511.7,497.6,LG,1,1,0
62.5,9560.3,-9516.9,481.1,506.6,514.7,NO,0,0,0
-1.0,471.6,-473.3,3807.6,3846.8,3681.1,LLL,4,4,1
0.4,95.0,-95.3,4705.1,5111.4,5081.7,LLLG,5,5,1
31.3,2871.0,-9544.1,1981.2,1979.6,501.8,LL,2,2,0
0.2,473.1,-479.2,4018.9,4044.1,3920.7,LLL,4,4,1
-5.3,9522.7,-9560.2,2321.7,496.1,483.9,LG,1,1,0
-5.3,954.7,-9587.6,3063.9,2568.2,513.4,LLG,3,3,0
1.3,9529.2,-9475.6,2705.3,467.0,491.1,LG,1,1,0
56.3,9581.8,-9469.1,532.2,494.4,479.7,NO,0,0,0
-7.3,478.3,-476.2,4007.2,4171.1,3769.5,LLL,4,4,1
-0.7,472.3,-476.9,3851.9,4074.2,4011.0,LLL,4,4,1
30.5,9500.6,-9459.0,477.7,482.4,506.7,NO,0,0,0
2.4,474.6,-474.6,4244.3,4051.3,3811.8,LLL,4,4,1
-0.9,2867.2,-9458.4,1938.5,2032.1,482.9,LL,2,2,0
-38.2,9480.7,-9447.1,503.4,499.3,526.3,NO,0,0,0
-45.4,9526.0,-9596.7,548.8,492.7,503.8,NO,0,0,0
-2.5,479.0,-478.8,3940.4,3972.7,3944.0,LLL,4,4,1
-2.3,9468.4,-9614.1,463.7,526.4,459.5,NO,0,0,0
-30.2,2837.9,-9447.4,2069.3,1914.2,491.1,LL,2,2,0
1.4,479.3,-476.5,4069.3,3395.1,3977.3,LLL,4,4,1
3.3,473.2,-473.6,4038.1,4072.2,3892.9,LLL,4,4,1
0.2,476.7,-474.8,4090.6,3867.3,3711.6,LLL,4,4,1
6.1,9546.0,-9543.2,480.8,461.1,549.7,NO,0,0,0
-15.4,9515.6,-9503.3,513.2,518.3,547.8,NO,0,0,0
-18.2,2865.8,-9483.4,2105.7,1919.9,499.7,LL,2,2,0
7.9,2846.7,-9439.3,2011.5,2052.6,489.2,LL,2,2,0
96.9,9522.3,-9543.6,491.0,479.1,500.7,NO,0,0,0
-0.3,95.2,-95.5,5061.4,4841.8,5287.2,LLLG,5,5,1
3.0,2845.3,-9445.0,2034.9,2037.2,535.0,LL,2,2,0
-0.5,94.6,-96.1,5046.0,4859.6,4997.5,LLLG,5,5,1
70.1,9521.9,-9530.9,554.2,525.4,492.3,NO,0,0,0
0.6,473.7,-475.8,3889.6,3950.5,3875.0,LLL,4,4,1
-38.9,2845.4,-9618.1,1957.5,2010.8,495.3,LL,2,2,0
-3.1,477.7,-474.6,3914.5,3996.4,3988.3,LLL,4,4,1
-23.8,2859.0,-9507.9,2070.6,2004.4,501.0,LL,2,2,0
-34.4,9557.4,-9475.1,521.4,508.6,518.7,NO,0,0,0
1.1,9587.9,-9541.2,500.5,497.7,455.9,NO,0,0,0
-15.2,2883.9,-9513.0,2105.9,1839.6,515.7,LL,2,2,0
-88.8,9591.3,-9585.7,499.4,501.8,472.7,NO,0,0,0
36.2,9476.6,-9540.9,489.0,468.6,491.6,NO,0,0,0
0.7,95.2,-96.2,4945.0,4671.0,4850.4,LLLG,5,5,1
-2.5,9484.6,-9551.7,2489.4,533.6,463.7,LG,1,1,0
-0.1,95.8,-95.3,5211.5,5206.2,5208.4,LLLG,5,5,1
-61.5,9590.1,-9466.8,528.5,504.2,501.9,NO,0,0,0
-6.9,956.4,-9513.9,2939.8,2337.1,488.3,LLG,3,3,0
-14.1,9496.1,-9484.7,504.7,484.1,508.6,NO,0,0,0
6.0,9498.9,-9502.5,529.6,482.6,538.1,NO,0,0,0
0.8,9595.1,-9571.3,506.8,503.9,497.3,NO,0,0,0
-4.6,955.5,-9479.1,3188.3,2607.6,473.2,LLG,3,3,0
-4.6,9581.6,-9549.4,2257.9,534.6,500.6,LG,1,1,0
-1.4,475.3,-475.5,4202.2,3909.6,3832.9,LLL,4,4,1
11.3,2862.9,-9614.9,2039.9,1919.6,494.1,LL,2,2,0
6.2,2849.8,-9650.5,2151.0,1919.9,496.7,LL,2,2,0
0.8,475.6,-477.1,4181.2,3802.9,4033.5,LLL,4,4,1
-20.7,2875.2,-9507.8,2081.4,1886.3,517.1,LL,2,2,0
68.3,9560.1,-9623.8,481.5,516.9,514.9,NO,0,0,0
-0.4,479.2,-478.3,3817.7,4344.5,4006.0,LLL,4,4,1
20.1,9551.4,-9565.2,507.0,510.8,503.6,NO,0,0,0
-2.8,947.7,-9568.8,2838.7,2419.4,478.6,LLG,3,3,0
-1.0,94.8,-95.5,4981.4,4995.5,5055.6,LLLG,5,5,1
2.6,477.3,-472.7,3845.9,3987.2,3858.4,LLL,4,4,1
-42.0,9553.0,-9416.8,523.5,471.3,528.1,NO,0,0,0
-0.1,475.7,-474.7,3676.0,4134.1,4218.5,LLL,4,4,1
5.2,958.0,-9552.7,2974.4,2742.3,507.7,LLG,3,3,0
12.7,2891.7,-9552.4,2154.1,2110.5,478.9,LL,2,2,0
-19.8,9482.6,-9536.6,497.9,459.3,548.6,NO,0,0,0
0.4,95.1,-95.0,5333.0,5028.5,5272.4,LLLG,5,5,1
167.6,9491.1,-9593.2,496.3,501.2,495.3,NO,0,0,0
-1.3,476.9,-475.9,4026.3,4063.1,3956.5,LLL,4,4,1
3.6,477.4,-479.5,3992.8,4057.5,4214.3,LLL,4,4,1
27.7,2855.4,-9561.3,1996.8,1993.8,487.9,LL,2,2,0
43.1,9547.0,-9548.4,502.8,487.1,535.8,NO,0,0,0
0.3,95.2,-94.5,5053.9,5169.7,5214.9,LLLG,5,5,1
-0.2,473.6,-478.8,4123.7,4326.0,3704.2,LLL,4,4,1
-3.4,478.4,-474.9,3867.9,4059.9,4054.6,LLL,4,4,1
-0.6,95.3,-94.7,5261.3,4923.9,4934.0,LLLG,5,5,1
0.0,95.9,-95.9,4572.0,4673.6,5222.3,LLLG,5,5,1
0.3,94.5,-94.5,5235.2,5244.9,4699.7,LLLG,5,5,1
-0.3,95.0,-95.4,4815.7,5123.1,5136.6,LLLG,5,5,1
-24.1,9565.3,-9510.6,544.5,502.6,500.1,NO,0,0,0
0.6,96.0,-95.6,4804.5,4742.1,4948.0,LLLG,5,5,1
-4.2,473.9,-474.5,3931.5,3893.7,3936.0,LLL,4,4,1
60.7,9496.8,-9503.9,475.5,494.2,487.1,NO,0,0,0
17.9,2861.8,-9486.5,2084.3,2021.0,510.9,LL,2,2,0
-6.0,950.8,-9489.0,2920.9,2433.5,484.2,LLG,3,3,0
-13.9,9475.8,-9610.8,479.6,501.6,457.5,NO,0,0,0
48.1,9483.7,-9481.2,504.0,509.5,474.2,NO,0,0,0
-0.2,9492.9,-9503.2,2478.4,470.3,495.8,LG,1,1,0
-56.5,9532.9,-9469.9,474.3,509.0,498.1,NO,0,0,0
1.2,2851.6,-9542.4,1932.6,2018.2,471.1,LL,2,2,0
2.0,474.3,-477.3,4255.2,3907.7,3991.8,LLL,4,4,1
32.7,2864.1,-9577.9,1887.4,1843.2,470.4,LL,2,2,0
4.5,9577.4,-9465.3,2407.8,459.0,492.4,LG,1,1,0
-0.9,95.0,-94.5,4852.3,5114.6,5074.8,LLLG,5,5,1
1.4,951.2,-9478.8,3163.8,2456.6,487.0,LLG,3,3,0
8.8,2841.4,-9490.0,2057.5,1950.4,516.3,LL,2,2,0
88.1,9510.7,-9532.9,478.9,520.1,472.6,NO,0,0,0
1.3,474.2,-473.8,4070.4,4144.5,3513.1,LLL,4,4,1
-2.6,952.7,-9595.1,2854.3,2553.6,506.2,LLG,3,3,0
-0.6,475.0,-479.9,3990.5,4223.3,4107.4,LLL,4,4,1
0.9,95.9,-95.8,5134.0,5096.4,5242.7,LLLG,5,5,1
-1.2,2864.6,-9449.4,2006.9,1978.0,487.7,LL,2,2,0
-49.4,9519.3,-9525.1,510.8,496.6,509.1,NO,0,0,0
3.3,474.5,-473.1,3916.8,4209.3,3882.3,LLL,4,4,1
-7.7,9577.8,-9452.8,2450.4,491.3,480.2,LG,1,1,0
-0.0,94.8,-95.4,4910.2,4947.4,5362.2,LLLG,5,5,1
53.2,9557.8,-9586.2,494.7,512.3,510.2,NO,0,0,0
0.7,956.9,-9448.7,2960.5,2428.0,503.3,LLG,3,3,0
4.9,9571.7,-9545.0,2756.2,492.1,480.3,LG,1,1,0
-0.1,958.0,-9530.5,2852.6,2523.1,473.7,LLG,3,3,0
0.0,95.5,-94.7,4805.3,5275.6,4954.2,LLLG,5,5,1
-3.3,9573.7,-9528.0,2561.0,503.2,510.3,LG,1,1,0
10.1,2858.3,-9649.6,1888.6,1980.8,501.0,LL,2,2,0
-92.5,9554.0,-9599.5,505.1,526.5,505.9,NO,0,0,0
-1.5,948.6,-9489.4,3012.1,2526.8,518.2,LLG,3,3,0
-8.2,9541.2,-9562.7,502.7,505.5,497.2,NO,0,0,0
-55.9,9556.2,-9573.3,526.2,503.5,486.6,NO,0,0,0
0.7,94.8,-94.6,5223.0,4838.5,4615.6,LLLG,5,5,1
1.0,475.1,-478.8,3994.0,3978.9,3930.4,LLL,4,4,1
-16.4,2846.3,-9464.1,2028.3,1984.2,492.7,LL,2,2,0
-3.2,474.3,-479.3,3956.5,4221.6,4386.5,LLL,4,4,1
18.8,2855.5,-9532.4,2080.0,2082.3,483.9,LL,2,2,0
6.3,9596.0,-9518.3,2591.2,456.4,503.7,LG,1,1,0
-2.7,479.9,-476.9,4030.6,4120.8,4109.7,LLL,4,4,1
0.4,95.2,-94.5,4950.6,4975.9,5119.8,LLLG,5,5,1
29.4,9495.3,-9546.3,494.6,472.8,481.3,NO,0,0,0
-12.5,9570.7,-9609.7,519.5,468.7,504.7,NO,0,0,0
-39.7,9531.6,-9518.8,457.5,506.1,543.8,NO,0,0,0
-3.2,951.0,-9580.7,2929.3,2646.0,532.6,LLG,3,3,0
-70.9,9590.0,-9513.4,486.5,496.0,531.8,NO,0,0,0
-0.0,94.1,-95.5,4794.1,5089.2,5013.6,LLLG,5,5,1
-79.7,9449.1,-9511.2,510.8,516.5,487.6,NO,0,0,0
0.5,96.5,-95.0,5212.8,5371.3,4775.0,LLLG,5,5,1
35.5,9525.8,-9541.1,493.2,471.6,508.2,NO,0,0,0
3.4,474.8,-478.6,4058.2,3986.3,3866.3,LLL,4,4,1
-3.6,476.1,-476.3,4058.7,4081.8,4097.7,LLL,4,4,1
-5.9,9549.0,-9496.8,2622.2,489.8,473.5,LG,1,1,0
-0.9,479.7,-475.1,3941.7,4221.2,4010.8,LLL,4,4,1
3.9,9556.2,-9460.7,2471.6,468.9,512.7,LG,1,1,0
-41.9,9584.6,-9589.4,516.4,462.0,525.1,NO,0,0,0
-5.2,953.6,-9581.9,3149.0,2378.4,511.5,LLG,3,3,0
0.5,473.3,-476.3,3954.2,4055.4,4260.7,LLL,4,4,1
0.7,949.4,-9504.1,2879.7,2447.7,508.8,LLG,3,3,0
-3.0,473.6,-477.9,3851.6,3905.3,4123.8,LLL,4,4,1
-71.5,9517.8,-9559.4,527.2,435.1,478.7,NO,0,0,0
-25.1,9500.2,-9566.3,502.8,524.0,512.4,NO,0,0,0
1.0,476.5,-478.5,3950.3,4202.8,3882.0,LLL,4,4,1
-1.0,477.6,-473.7,3788.1,4320.4,4343.4,LLL,4,4,1
0.2,475.2,-473.8,4283.3,3904.4,4109.9,LLL,4,4,1
3.2,474.0,-476.4,4257.2,3653.5,4025.0,LLL,4,4,1
4.4,948.9,-9525.5,2962.1,2679.6,482.7,LLG,3,3,0
3.0,9490.3,-9455.7,2466.9,479.1,521.3,LG,1,1,0
-2.6,9553.1,-9625.0,2455.2,498.2,495.8,LG,1,1,0
47.5,9482.9,-9595.1,471.0,472.0,521.3,NO,0,0,0
1.6,476.5,-476.7,3825.4,3934.6,4254.7,LLL,4,4,1
1.2,470.6,-475.9,4055.7,4098.3,4131.7,LLL,4,4,1
0.5,474.1,-472.9,3945.7,4032.4,4056.5,LLL,4,4,1
0.4,94.9,-95.1,4903.8,4879.7,5022.5,LLLG,5,5,1
35.2,9497.2,-9515.1,509.5,466.9,469.0,NO,0,0,0
56.5,9586.3,-9495.9,508.9,485.9,504.4,NO,0,0,0
-0.4,94.6,-94.5,4827.5,4870.9,4873.6,LLLG,5,5,1
-8.9,2870.0,-9470.8,2013.9,1979.3,518.4,LL,2,2,0
-6.6,9513.3,-9444.6,2362.0,516.3,487.6,LG,1,1,0
-3.3,481.6,-470.8,4248.6,3894.6,4003.0,LLL,4,4,1
0.8,479.1,-473.4,4163.0,4254.7,3981.4,LLL,4,4,1
-1.9,475.5,-474.7,3976.9,3963.8,4159.0,LLL,4,4,1
-12.6,2852.3,-9501.4,2094.0,2014.3,476.9,LL,2,2,0
-28.2,2851.5,-9610.7,1875.8,2002.5,507.1,LL,2,2,0
-20.1,2871.3,-9489.7,1947.0,2106.0,520.8,LL,2,2,0
2.3,947.8,-9592.7,3074.2,2509.0,533.9,LLG,3,3,0
1.1,476.7,-479.4,3593.4,3882.7,3976.3,LLL,4,4,1
-0.1,2870.5,-9583.4,1920.6,1900.4,508.5,LL,2,2,0
30.3,2851.4,-9495.4,2055.6,1860.6,513.8,LL,2,2,0
0.1,478.9,-473.4,3714.2,3712.9,4188.0,LLL,4,4,1
42.0,9517.2,-9475.9,510.3,475.8,488.8,NO,0,0,0
1.3,9470.8,-9458.9,2391.3,500.3,503.0,LG,1,1,0
-6.8,471.4,-476.7,4057.8,4115.6,3953.2,LLL,4,4,1
-1.3,474.5,-474.5,3987.6,4154.0,4090.3,LLL,4,4,1
-1.9,475.2,-478.7,3907.1,3905.4,3884.3,LLL,4,4,1
-18.9,9550.4,-9500.2,475.0,461.4,504.6,NO,0,0,0
2.4,476.6,-479.4,3809.7,4151.7,4284.7,LLL,4,4,1
0.5,95.4,-95.9,4748.8,4483.3,5269.1,LLLG,5,5,1
2.3,473.9,-477.6,4154.6,4078.5,4104.7,LLL,4,4,1
19.3,2848.8,-9500.1,2039.3,2129.0,478.7,LL,2,2,0
2.1,960.0,-9550.7,2962.7,2652.4,500.9,LLG,3,3,0
53.0,9477.8,-9544.4,492.0,501.9,510.2,NO,0,0,0
0.2,95.2,-95.1,4911.0,5212.3,4975.3,LLLG,5,5,1
-3.7,951.3,-9418.7,2863.3,2564.4,498.2,LLG,3,3,0
1.2,474.3,-475.1,3722.3,4305.3,4164.0,LLL,4,4,1
0.4,95.3,-95.1,5082.5,4931.4,4837.5,LLLG,5,5,1
-4.1,9517.4,-9507.1,2458.8,488.1,507.4,LG,1,1,0
-2.9,472.8,-478.0,3643.7,3935.0,4027.9,LLL,4,4,1
73.9,9534.2,-9486.6,512.8,505.6,491.2,NO,0,0,0
-2.8,9527.9,-9563.1,507.2,510.2,509.9,NO,0,0,0
-9.8,9575.9,-9509.7,512.3,514.5,516.6,NO,0,0,0
13.6,9515.4,-9534.1,486.5,490.8,481.2,NO,0,0,0
-127.1,9574.5,-9472.3,505.3,491.5,517.5,NO,0,0,0
8.0,954.8,-9520.8,2917.4,2469.9,492.3,LLG,3,3,0
-156.3,9531.4,-9460.7,499.8,493.9,494.7,NO,0,0,0
0.4,9537.3,-9487.9,2892.1,534.0,529.6,LG,1,1,0
58.0,9552.5,-9469.8,480.1,496.5,498.3,NO,0,0,0
-29.3,9516.9,-9561.1,488.2,459.1,494.1,NO,0,0,0
1.2,475.6,-478.2,3864.9,4206.6,3836.8,LLL,4,4,1
-5.3,956.1,-9469.3,2936.6,2556.4,501.0,LLG,3,3,0
61.7,9584.1,-9573.5,500.9,469.0,505.1,NO,0,0,0
-1.3,95.2,-96.0,4645.2,5316.1,4583.3,LLLG,5,5,1
-0.1,475.9,-469.7,3809.2,4118.8,3803.2,LLL,4,4,1
-0.3,2855.4,-9468.3,2031.4,2000.5,513.8,LL,2,2,0
23.7,2878.5,-9462.7,1923.9,1965.0,486.2,LL,2,2,0
10.8,2874.9,-9616.2,1957.4,1838.5,528.5,LL,2,2,0
-6.5,2836.8,-9466.9,1986.5,1918.6,511.8,LL,2,2,0
0.0,478.7,-477.0,3865.7,4363.9,4086.8,LLL,4,4,1
-2.8,474.7,-475.8,3967.2,4212.8,3828.4,LLL,4,4,1
-3.1,946.4,-9542.9,2860.8,2487.3,513.5,LLG,3,3,0
-111.2,9535.2,-9466.7,483.9,497.5,468.7,NO,0,0,0
-25.0,9589.9,-9450.2,477.7,541.9,513.9,NO,0,0,0
-1.4,9455.1,-9555.1,2489.5,521.3,471.7,LG,1,1,0
-38.2,9528.3,-9477.5,494.8,508.7,496.1,NO,0,0,0
-0.4,9510.7,-9466.0,2359.1,482.8,513.9,LG,1,1,0
4.3,9575.8,-9484.0,2510.3,473.4,475.5,LG,1,1,0
-1.8,957.1,-9522.2,2838.1,2507.8,544.8,LLG,3,3,0
6.8,9478.6,-9575.8,2589.2,515.8,474.2,LG,1,1,0
16.7,2867.9,-9578.6,2062.5,1900.4,509.7,LL,2,2,0
-1.2,478.2,-472.8,3982.2,3924.2,4135.9,LLL,4,4,1
-9.5,2877.5,-9515.1,2038.9,1987.2,502.2,LL,2,2,0
-35.4,9624.1,-9624.8,467.6,471.4,522.1,NO,0,0,0
0.2,96.2,-95.4,4796.7,4736.8,4944.0,LLLG,5,5,1
1.9,476.0,-472.6,3788.1,3812.6,3935.4,LLL,4,4,1
-129.4,9569.4,-9479.4,528.0,515.5,510.4,NO,0,0,0
-32.6,9476.8,-9480.2,495.1,520.0,535.5,NO,0,0,0
55.3,9537.6,-9566.7,498.1,498.8,493.2,NO,0,0,0
-9.1,9571.8,-9473.1,2645.2,515.7,525.6,LG,1,1,0
2.5,9490.0,-9488.1,2496.2,508.1,492.0,LG,1,1,0
7.1,9392.6,-9514.6,525.6,510.8,506.6,NO,0,0,0
8.1,948.8,-9543.6,3101.5,2610.1,511.4,LLG,3,3,0
-5.8,952.8,-9490.6,3063.9,2433.8,523.1,LLG,3,3,0
-8.3,948.4,-9526.3,3100.0,2440.8,487.0,LLG,3,3,0
-2.5,9575.0,-9553.8,2553.8,544.6,486.3,LG,1,1,0
6.7,957.4,-9598.8,2988.1,2411.9,499.3,LLG,3,3,0
-10.0,9549.6,-9509.2,2412.4,499.2,510.9,LG,1,1,0
1.8,9621.0,-9507.7,2506.7,501.9,507.3,LG,1,1,0
4.3,958.4,-9611.6,2967.5,2678.4,520.7,LLG,3,3,0
-4.5,951.6,-9472.8,3025.5,2599.7,496.5,LLG,3,3,0
0.2,95.6,-95.3,4861.2,5193.0,5103.1,LLLG,5,5,1
-2.6,951.5,-9552.6,2897.6,2428.7,501.9,LLG,3,3,0
-0.5,95.3,-96.0,4772.3,4825.0,5490.4,LLLG,5,5,1
-4.2,951.9,-9506.3,3049.6,2420.5,492.0,LLG,3,3,0
-30.1,9636.1,-9514.6,489.0,496.2,534.6,NO,0,0,0
-25.7,9609.2,-9528.2,495.2,494.0,538.2,NO,0,0,0
-64.6,9531.5,-9471.3,496.1,513.5,482.7,NO,0,0,0
-14.4,9456.4,-9567.0,483.2,485.7,499.1,NO,0,0,0
-0.7,95.4,-94.8,5152.1,4888.7,5241.6,LLLG,5,5,1
-3.1,946.5,-9552.3,2981.2,2499.4,522.9,LLG,3,3,0
-10.3,2849.1,-9580.2,2093.2,2036.7,526.4,LL,2,2,0
108.0,9461.8,-9654.2,546.9,525.9,521.7,NO,0,0,0
28.4,9516.6,-9482.6,486.2,502.2,500.5,NO,0,0,0
-3.5,473.7,-478.0,3896.6,4137.7,4153.5,LLL,4,4,1
2.4,950.1,-9483.4,2992.9,2481.6,465.0,LLG,3,3,0
-0.2,95.2,-94.4,5368.0,4778.8,4968.7,LLLG,5,5,1
-4.2,2865.1,-9547.8,1986.8,1949.7,500.4,LL,2,2,0
11.8,9480.0,-9602.8,516.1,508.6,534.4,NO,0,0,0
45.2,9492.9,-9572.5,513.1,483.2,494.7,NO,0,0,0
0.8,475.4,-475.4,3999.9,3894.6,4156.7,LLL,4,4,1
-0.2,474.3,-476.8,4119.6,3968.6,4065.1,LLL,4,4,1
-3.6,9546.3,-9524.0,2436.7,483.0,485.9,LG,1,1,0
-1.5,954.6,-9638.6,3151.3,2458.8,488.0,LLG,3,3,0
-0.0,955.9,-9514.0,3058.9,2655.5,478.2,LLG,3,3,0
-0.2,94.7,-95.7,5571.6,4827.6,4914.0,LLLG,5,5,1
-6.3,9608.1,-9489.2,2525.1,488.6,522.6,LG,1,1,0
-33.1,9564.0,-9572.3,487.7,477.3,496.7,NO,0,0,0
-0.3,95.9,-95.4,4878.6,4899.5,5270.0,LLLG,5,5,1
41.6,9584.7,-9608.3,474.1,490.7,553.6,NO,0,0,0
-53.8,9509.2,-9530.9,510.3,507.2,519.8,NO,0,0,0
-0.2,9513.7,-9485.7,2500.0,490.2,554.2,LG,1,1,0
12.2,2871.4,-9486.3,2076.6,1969.8,511.1,LL,2,2,0
4.5,965.0,-9467.2,2927.4,2551.1,518.8,LLG,3,3,0
3.5,2844.3,-9505.1,1982.1,2097.3,500.7,LL,2,2,0
4.3,478.3,-476.4,4196.7,3751.4,4319.9,LLL,4,4,1
1.8,951.8,-9560.8,2743.1,2591.7,526.6,LLG,3,3,0
60.7,9538.4,-9483.2,520.5,496.4,518.1,NO,0,0,0
2.8,476.1,-472.5,3980.3,3911.4,4176.7,LLL,4,4,1
-1.9,954.2,-9540.4,3111.6,2638.9,489.1,LLG,3,3,0
0.2,479.9,-476.0,4094.5,4022.7,3876.8,LLL,4,4,1
76.3,9474.9,-9537.6,521.0,476.1,524.0,NO,0,0,0
-54.7,9475.0,-9533.0,517.8,518.2,488.5,NO,0,0,0
4.6,9467.2,-9542.0,2544.1,484.9,532.0,LG,1,1,0
-22.0,9445.1,-9612.6,490.5,521.8,478.7,NO,0,0,0
4.7,2867.0,-9591.3,2030.7,1949.6,474.7,LL,2,2,0
5.8,478.6,-476.4,3697.4,3983.8,3942.5,LLL,4,4,1
0.4,946.3,-9434.9,3122.9,2459.2,443.9,LLG,3,3,0
6.1,957.8,-9569.1,2852.8,2612.9,493.6,LLG,3,3,0
1.9,9553.6,-9512.9,2541.4,489.3,500.4,LG,1,1,0
1.0,957.9,-9498.4,3096.0,2468.9,522.1,LLG,3,3,0
-4.0,470.9,-476.5,3850.9,3903.1,4020.4,LLL,4,4,1
20.9,9570.4,-9493.2,496.5,507.8,476.8,NO,0,0,0
-22.5,9565.8,-9556.1,535.7,496.6,470.3,NO,0,0,0
-40.1,9619.2,-9514.9,468.8,534.6,510.2,NO,0,0,0
-3.7,2865.3,-9495.6,2127.6,2039.0,501.7,LL,2,2,0
15.6,9610.8,-9568.8,499.8,515.3,490.0,NO,0,0,0
49.4,9560.8,-9570.3,511.4,536.5,507.8,NO,0,0,0
-13.8,9456.0,-9526.3,2493.6,523.7,492.2,LG,1,1,0
-0.3,475.7,-475.4,4035.7,4083.8,4084.7,LLL,4,4,1
60.4,9544.5,-9479.4,499.4,508.4,549.3,NO,0,0,0
-4.0,9464.7,-9424.8,2448.2,500.7,508.6,LG,1,1,0
12.2,9541.1,-9547.7,488.6,468.2,518.5,NO,0,0,0
-2.1,2865.9,-9479.3,1999.2,1940.3,473.6,LL,2,2,0
2.0,952.7,-9478.0,2656.8,2451.4,498.4,LLG,3,3,0
5.9,471.5,-474.5,4237.9,4090.2,3957.2,LLL,4,4,1
-12.4,2846.9,-9572.4,2147.6,2087.6,471.8,LL,2,2,0
-72.9,9554.4,-9459.0,473.9,489.4,494.0,NO,0,0,0
-0.8,950.9,-9535.4,3054.2,2565.3,523.8,LLG,3,3,0
2.3,478.4,-475.1,4266.6,3789.4,3944.9,LLL,4,4,1
-18.4,2868.8,-9433.9,2040.8,2003.9,485.1,LL,2,2,0
8.5,9551.6,-9476.8,2513.1,510.3,495.0,LG,1,1,0
-3.0,9426.0,-9545.5,2471.7,519.0,498.6,LG,1,1,0
-9.4,9606.4,-9490.0,513.4,515.8,510.3,NO,0,0,0
-5.6,2861.5,-9519.4,2118.6,1952.7,468.9,LL,2,2,0
45.4,9472.8,-9446.6,506.9,533.5,492.8,NO,0,0,0
6.4,9563.8,-9558.6,2509.4,490.8,506.8,LG,1,1,0
-2.5,476.2,-476.4,3935.0,4026.8,3949.6,LLL,4,4,1
-5.6,955.4,-9564.7,3109.5,2483.5,512.6,LLG,3,3,0
33.6,9567.4,-9516.7,491.5,507.6,519.9,NO,0,0,0
73.7,9515.0,-9556.5,527.0,463.7,499.5,NO,0,0,0
1.3,472.3,-477.7,4046.5,4077.1,4482.0,LLL,4,4,1
-6.2,9481.4,-9475.9,2398.0,470.0,500.3,LG,1,1,0
-80.3,9545.2,-9577.3,483.9,500.7,489.6,NO,0,0,0
-1.9,476.8,-471.2,3979.2,3755.6,3950.4,LLL,4,4,1
-3.7,944.3,-9511.5,3081.0,2567.9,455.7,LLG,3,3,0
62.6,9572.4,-9501.2,477.2,538.1,504.7,NO,0,0,0
45.1,9421.1,-9550.7,516.7,488.8,496.8,NO,0,0,0
11.5,9465.5,-9446.9,2608.3,509.5,470.7,LG,1,1,0
10.5,9532.6,-9508.4,528.9,498.3,497.7,NO,0,0,0
-0.5,476.0,-473.6,3980.2,3941.4,3924.1,LLL,4,4,1
5.3,951.4,-9451.0,2866.0,2549.7,510.5,LLG,3,3,0
-9.8,2881.9,-9514.4,2194.2,2044.1,447.7,LL,2,2,0
-12.3,2853.5,-9543.0,1998.8,2092.2,477.0,LL,2,2,0
-1.2,477.9,-475.5,4183.4,4258.4,3863.0,LLL,4,4,1
-0.0,95.4,-94.9,5187.3,5192.6,4821.1,LLLG,5,5,1
-0.2,95.2,-95.2,4647.4,5135.4,4993.9,LLLG,5,5,1
-9.0,477.4,-480.4,3971.4,4166.1,4253.7,LLL,4,4,1
7.5,2864.1,-9560.3,1979.0,1865.1,526.2,LL,2,2,0
-0.6,96.0,-96.1,5085.3,5210.2,4719.4,LLLG,5,5,1
56.8,9550.4,-9536.9,464.5,495.7,521.7,NO,0,0,0
16.2,9580.3,-9485.7,533.2,460.2,487.4,NO,0,0,0
18.9,2845.5,-9530.4,1900.2,2022.7,481.4,LL,2,2,0
-6.0,2852.2,-9608.6,1853.9,2075.0,480.2,LL,2,2,0
-3.2,475.4,-475.3,4079.4,4293.0,4133.5,LLL,4,4,1
64.9,9466.3,-9508.1,490.0,465.9,504.5,NO,0,0,0
-2.6,9491.5,-9535.0,2560.0,473.3,506.3,LG,1,1,0
4.0,9413.9,-9584.5,2405.9,508.3,505.7,LG,1,1,0
-1.2,474.2,-477.8,3961.1,4046.2,4014.7,LLL,4,4,1
-7.0,960.1,-9538.6,3097.2,2411.7,497.2,LLG,3,3,0
2.9,9495.4,-9514.3,498.0,477.7,479.6,NO,0,0,0
1.9,473.9,-476.6,3905.1,4190.0,4140.4,LLL,4,4,1
-2.5,478.2,-478.1,3805.3,4001.4,4000.5,LLL,4,4,1
-26.3,2861.8,-9492.8,2029.8,2003.0,501.6,LL,2,2,0
-1.2,476.7,-475.4,3845.5,4066.5,3817.9,LLL,4,4,1
-24.7,2850.1,-9541.6,1990.7,2047.1,539.0,LL,2,2,0
-1.0,94.8,-95.9,5331.2,4662.5,5110.4,LLLG,5,5,1
12.4,9633.3,-9492.8,510.2,506.1,486.1,NO,0,0,0
-0.3,96.0,-95.2,5369.7,5343.7,5325.8,LLLG,5,5,1
61.9,9612.1,-9487.8,475.7,516.7,480.9,NO,0,0,0
-2.2,9505.0,-9521.3,531.8,519.8,524.5,NO,0,0,0
-2.8,953.8,-9479.2,3073.7,2538.2,517.2,LLG,3,3,0
-43.8,9545.0,-9555.7,501.9,515.4,502.4,NO,0,0,0
24.4,2860.2,-9476.8,2014.6,2019.4,497.2,LL,2,2,0
-52.2,9539.3,-9553.0,518.6,493.0,497.0,NO,0,0,0
-6.2,959.6,-9525.8,3201.8,2577.1,498.0,LLG,3,3,0
1.2,474.2,-474.1,4161.3,3964.8,4202.0,LLL,4,4,1
0.0,476.4,-477.3,3936.2,3990.3,3790.9,LLL,4,4,1
-8.1,952.2,-9567.9,3040.2,2530.2,509.5,LLG,3,3,0
-0.9,477.5,-477.3,4013.3,4070.6,3862.0,LLL,4,4,1
-2.9,953.0,-9508.1,2947.0,2441.3,466.6,LLG,3,3,0
-1.9,471.8,-476.3,4018.5,4138.8,4163.6,LLL,4,4,1
1.0,950.5,-9516.6,3048.9,2497.9,497.8,LLG,3,3,0
-0.5,477.7,-481.7,3937.7,3977.7,4200.7,LLL,4,4,1
3.0,476.9,-475.4,3841.3,4546.0,3955.8,LLL,4,4,1
0.3,95.0,-95.6,4918.6,4778.9,5173.8,LLLG,5,5,1
18.5,9483.8,-9405.7,496.7,499.0,518.6,NO,0,0,0
-10.9,2839.3,-9543.2,1992.2,1757.4,494.1,LL,2,2,0
-3.4,9567.6,-9570.9,482.3,540.0,512.2,NO,0,0,0
-3.8,9562.7,-9541.1,2569.9,510.9,517.2,LG,1,1,0
-29.4,2877.7,-9616.4,1979.1,1906.6,506.3,LL,2,2,0
-2.7,2875.1,-9613.6,2329.9,1987.7,510.0,LL,2,2,0
-1.3,9481.9,-9498.2,2403.6,485.3,491.9,LG,1,1,0
-11.9,2834.0,-9510.8,1890.5,1987.4,507.0,LL,2,2,0
6.3,2851.4,-9506.2,1992.5,1970.5,479.4,LL,2,2,0
3.1,957.3,-9588.4,3098.3,2559.8,502.0,LLG,3,3,0
-11.1,2868.0,-9592.8,1996.8,1918.8,486.7,LL,2,2,0
-1.6,9567.6,-9537.4,2688.9,487.0,488.9,LG,1,1,0
2.6,477.2,-472.4,3890.7,4207.3,3749.6,LLL,4,4,1
-20.6,2839.8,-9465.0,1860.5,2132.5,516.5,LL,2,2,0
0.9,953.5,-9535.1,3062.0,2547.0,497.5,LLG,3,3,0
-7.8,2847.3,-9426.5,1985.4,2009.4,485.6,LL,2,2,0
0.1,94.5,-95.5,5045.6,5424.8,5051.9,LLLG,5,5,1
45.4,9619.7,-9565.1,490.5,506.3,453.2,NO,0,0,0
21.3,2856.6,-9516.3,1986.5,2071.6,514.0,LL,2,2,0
1.4,9508.3,-9547.2,478.8,544.2,469.8,NO,0,0,0
-1.1,9496.0,-9456.2,2573.0,509.3,496.6,LG,1,1,0
-41.0,9593.9,-9578.9,495.3,511.6,499.4,NO,0,0,0
2.0,476.7,-476.3,3995.6,4053.9,3908.8,LLL,4,4,1
-0.0,95.0,-95.9,4940.2,4979.3,5093.8,LLLG,5,5,1
-2.8,473.6,-471.2,3741.2,4075.9,4078.7,LLL,4,4,1
-87.6,9525.5,-9510.4,501.9,514.1,495.7,NO,0,0,0
33.2,9513.6,-9537.0,510.3,492.2,501.0,NO,0,0,0
-1.2,475.4,-479.5,4012.2,4038.5,4085.2,LLL,4,4,1
3.1,954.6,-9473.1,2969.4,2486.1,471.7,LLG,3,3,0
0.1,9623.0,-9453.8,2506.2,505.2,518.9,LG,1,1,0
1.7,476.4,-473.6,4023.2,4173.9,4077.6,LLL,4,4,1
0.8,945.8,-9610.8,3094.0,2574.1,489.4,LLG,3,3,0
-0.2,956.5,-9506.2,3019.0,2516.6,496.2,LLG,3,3,0
0.5,95.8,-95.8,5267.9,4792.7,5203.8,LLLG,5,5,1
0.6,472.9,-477.6,3872.7,3833.4,4072.4,LLL,4,4,1
-10.4,952.7,-9606.0,2964.7,2245.4,488.8,LLG,3,3,0
2.1,477.9,-474.0,4123.2,4060.3,3942.7,LLL,4,4,1
0.2,94.9,-95.7,5152.3,4844.2,5123.4,LLLG,5,5,1
-6.2,9544.5,-9547.7,510.3,519.5,522.6,NO,0,0,0
-79.4,9556.9,-9519.6,528.9,481.3,487.9,NO,0,0,0
-4.5,477.8,-477.4,3901.6,3859.6,4132.0,LLL,4,4,1
-28.1,9516.9,-9511.8,497.0,459.4,508.7,NO,0,0,0
38.2,9496.5,-9543.3,493.0,509.9,495.9,NO,0,0,0
0.6,95.0,-94.3,5036.4,5015.3,4945.9,LLLG,5,5,1
8.6,2841.5,-9487.7,2070.5,2187.1,522.3,LL,2,2,0
-0.6,956.5,-9412.8,2991.2,2556.2,494.7,LLG,3,3,0
1.2,2874.1,-9595.8,2013.6,2123.5,496.7,LL,2,2,0
44.7,9500.3,-9551.8,499.1,530.2,485.8,NO,0,0,0
54.4,9618.9,-9532.7,478.4,511.1,485.7,NO,0,0,0
-0.3,95.7,-95.2,5059.4,5004.2,5271.9,LLLG,5,5,1
11.2,2845.1,-9514.6,2019.6,1957.4,487.3,LL,2,2,0
-1.9,9509.4,-9527.1,507.1,497.3,526.0,NO,0,0,0
-125.2,9599.6,-9412.5,476.6,505.0,481.2,NO,0,0,0
39.7,9491.3,-9541.1,510.0,526.8,500.5,NO,0,0,0
-42.8,9533.9,-9462.0,512.9,496.2,478.4,NO,0,0,0
-24.0,9565.4,-9532.3,494.0,504.2,501.9,NO,0,0,0
-5.1,954.6,-9597.0,3124.5,2446.1,505.6,LLG,3,3,0
-14.2,2861.3,-9604.4,2114.1,2112.6,494.8,LL,2,2,0
0.2,95.2,-95.4,4687.3,4876.7,4807.1,LLLG,5,5,1
5.3,478.1,-476.7,4008.1,3706.5,3917.8,LLL,4,4,1
1.0,94.9,-94.9,4738.9,4878.4,4706.6,LLLG,5,5,1
-4.9,9508.5,-9576.0,2706.9,535.0,505.1,LG,1,1,0
-47.7,9632.3,-9510.3,481.6,492.9,558.9,NO,0,0,0
-0.6,948.5,-9538.4,2988.7,2485.5,502.1,LLG,3,3,0
0.2,96.0,-95.5,4917.2,5206.1,4905.1,LLLG,5,5,1
0.8,95.5,-96.3,5116.3,4824.2,5269.5,LLLG,5,5,1
54.0,9507.1,-9522.5,497.9,500.1,469.7,NO,0,0,0
-73.9,9499.0,-9507.3,474.7,476.3,488.6,NO,0,0,0
-21.7,2833.6,-9566.2,1898.8,1925.9,503.4,LL,2,2,0
70.2,9514.9,-9573.7,501.0,510.7,490.8,NO,0,0,0
-8.3,9563.4,-9506.7,2681.9,507.9,472.0,LG,1,1,0
7.1,957.1,-9454.0,2860.3,2352.9,483.0,LLG,3,3,0
-25.0,9572.7,-9576.7,511.7,468.3,503.3,NO,0,0,0
-52.7,9548.2,-9528.8,482.6,495.7,503.4,NO,0,0,0
-2.5,956.3,-9535.2,3236.8,2381.0,526.5,LLG,3,3,0
-11.9,9521.5,-9592.1,2571.7,468.8,487.1,LG,1,1,0
-8.1,9514.0,-9498.0,487.3,523.9,520.7,NO,0,0,0
26.4,9542.8,-9520.3,487.6,518.9,507.6,NO,0,0,0
-40.3,2857.0,-9548.5,2031.2,1930.8,514.6,LL,2,2,0
0.2,96.2,-94.9,4729.9,5131.5,5236.9,LLLG,5,5,1
77.3,9548.5,-9482.5,524.5,491.0,510.2,NO,0,0,0
2.0,952.2,-9553.8,3090.0,2678.4,506.5,LLG,3,3,0
-10.6,2853.7,-9565.8,1927.7,2009.9,483.2,LL,2,2,0
6.0,963.6,-9498.1,3040.7,2562.7,508.3,LLG,3,3,0
-1.2,2874.0,-9512.9,1949.8,1974.8,528.1,LL,2,2,0
25.3,2865.9,-9527.9,2064.5,2084.9,493.5,LL,2,2,0
-0.6,96.0,-95.4,4803.6,5003.3,5222.0,LLLG,5,5,1
67.8,9490.2,-9616.9,490.1,514.5,461.2,NO,0,0,0
0.0,95.7,-95.0,4831.6,5195.5,5314.4,LLLG,5,5,1
4.3,9461.9,-9531.2,2498.5,537.9,501.6,LG,1,1,0
-35.1,9515.2,-9481.5,523.9,480.5,501.0,NO,0,0,0
-0.3,2858.8,-9567.1,1988.9,2250.4,513.8,LL,2,2,0
-8.0,956.0,-9520.8,3157.0,2430.0,494.2,LLG,3,3,0
-1.6,2860.7,-9590.6,1902.4,2012.6,467.8,LL,2,2,0
38.3,9567.7,-9550.5,489.0,489.3,485.0,NO,0,0,0
28.9,2859.0,-9538.8,1941.7,1930.2,505.8,LL,2,2,0
-16.4,9519.9,-9608.5,511.6,547.8,518.5,NO,0,0,0
-6.4,947.9,-9438.9,2947.5,2532.5,489.2,LLG,3,3,0
-29.6,2863.4,-9578.9,2104.3,2072.9,493.5,LL,2,2,0
-1.9,945.4,-9483.3,3036.5,2494.7,480.1,LLG,3,3,0
3.5,2799.2,-9500.1,1910.5,1927.6,500.6,LL,2,2,0
0.4,95.3,-95.1,5192.6,4969.2,4969.5,LLLG,5,5,1
5.9,2866.5,-9534.2,1902.1,1983.4,489.3,LL,2,2,0
71.1,9533.4,-9509.7,480.7,467.5,524.1,NO,0,0,0
-7.4,9643.1,-9546.4,2470.9,492.1,477.1,LG,1,1,0
-0.6,94.5,-95.3,5003.1,4822.8,4874.8,LLLG,5,5,1
-14.6,949.7,-9486.4,2886.6,2602.7,513.5,LLG,3,3,0
18.2,9565.6,-9521.3,515.0,494.9,483.3,NO,0,0,0
19.9,9566.0,-9501.2,487.5,494.6,494.5,NO,0,0,0
-0.2,479.0,-476.8,3992.7,4051.8,3932.5,LLL,4,4,1
-1.2,2848.7,-9602.4,2058.8,1999.9,485.5,LL,2,2,0
132.9,9547.7,-9465.8,498.7,486.5,488.9,NO,0,0,0
41.8,9500.4,-9463.6,518.7,494.5,541.1,NO,0,0,0
-30.5,9445.0,-9441.9,488.9,505.9,486.6,NO,0,0,0
2.6,9489.8,-9556.8,480.1,499.2,458.5,NO,0,0,0
-11.3,9447.5,-9534.7,493.2,522.3,510.2,NO,0,0,0
-0.5,478.3,-477.7,3928.2,3983.6,4093.2,LLL,4,4,1
0.5,94.2,-95.2,4851.0,4912.8,4861.7,LLLG,5,5,1
-0.5,957.1,-9590.3,3089.0,2386.0,488.7,LLG,3,3,0
2.9,482.1,-477.1,4079.5,3802.5,4271.3,LLL,4,4,1
9.6,9650.6,-9539.2,513.6,488.0,493.8,NO,0,0,0
-3.0,473.2,-473.5,4177.5,3864.4,4207.6,LLL,4,4,1
0.3,95.0,-94.5,4818.7,4999.0,4959.8,LLLG,5,5,1
3.4,950.5,-9500.9,3168.9,2619.9,480.7,LLG,3,3,0
-0.2,95.2,-94.9,5034.3,4917.1,4838.3,LLLG,5,5,1
-20.9,9551.7,-9553.7,506.0,476.9,519.9,NO,0,0,0
-64.5,9520.0,-9566.7,487.2,521.9,515.3,NO,0,0,0
-2.4,955.4,-9482.4,3225.7,2361.8,499.9,LLG,3,3,0
-2.7,956.6,-9497.6,2751.8,2358.8,493.6,LLG,3,3,0
-9.3,9496.9,-9492.7,2442.4,512.1,517.7,LG,1,1,0
-2.1,478.4,-475.4,3824.3,4226.4,3977.1,LLL,4,4,1
-1.4,474.0,-475.3,3581.5,3996.5,4177.3,LLL,4,4,1
5.1,2863.9,-9462.2,2001.4,2052.8,510.4,LL,2,2,0
69.3,9411.0,-9566.9,467.9,524.0,513.6,NO,0,0,0
2.0,952.3,-9541.3,2814.6,2614.7,472.6,LLG,3,3,0
22.2,9493.0,-9506.9,514.5,502.1,472.1,NO,0,0,0
-71.0,9522.7,-9444.2,495.8,495.0,495.1,NO,0,0,0
-3.8,474.6,-476.6,4011.0,3897.2,4046.0,LLL,4,4,1
-3.9,9504.9,-9479.8,522.1,484.4,511.2,NO,0,0,0
-6.4,954.6,-9532.1,3106.9,2503.2,478.1,LLG,3,3,0
-16.8,9441.0,-9501.1,462.2,513.2,483.9,NO,0,0,0
59.7,9533.7,-9550.4,497.7,523.8,506.6,NO,0,0,0
-5.3,475.8,-478.5,3911.8,3942.1,4028.2,LLL,4,4,1
0.5,96.0,-95.2,5007.8,5123.1,5341.6,LLLG,5,5,1
18.7,2839.8,-9645.6,2030.2,2038.5,489.9,LL,2,2,0
-51.7,9520.3,-9552.6,492.9,492.7,497.6,NO,0,0,0
2.7,475.1,-478.5,3799.1,4149.0,3762.1,LLL,4,4,1
-2.6,474.9,-477.8,3890.0,3929.6,3976.8,LLL,4,4,1
-0.7,94.8,-94.6,5007.6,5065.8,4939.0,LLLG,5,5,1
0.0,478.1,-475.0,4090.4,4139.9,4270.7,LLL,4,4,1
17.7,9534.5,-9696.0,549.8,490.3,505.6,NO,0,0,0
-12.5,2844.1,-9489.9,1932.5,1959.1,504.3,LL,2,2,0
1.6,957.8,-9489.9,2807.0,2583.1,541.9,LLG,3,3,0
-74.1,9610.0,-9467.9,513.2,486.0,478.1,NO,0,0,0
-52.4,9666.7,-9537.1,476.1,488.2,482.5,NO,0,0,0
-1.7,474.8,-477.5,3763.7,3722.9,3986.0,LLL,4,4,1
86.0,9533.0,-9499.1,533.1,488.3,479.0,NO,0,0,0
13.3,2854.2,-9490.1,1908.5,1947.2,527.6,LL,2,2,0
-1.9,2849.7,-9639.3,2104.8,2001.2,505.1,LL,2,2,0
-39.9,9551.5,-9475.2,521.9,504.3,525.1,NO,0,0,0
0.8,477.6,-475.5,3901.0,3986.2,3858.3,LLL,4,4,1
6.4,2866.0,-9512.8,1960.9,1928.3,487.3,LL,2,2,0
-0.1,94.8,-96.1,5172.0,4804.1,5041.4,LLLG,5,5,1
-3.2,478.1,-472.5,4311.7,3999.6,3787.3,LLL,4,4,1
0.1,951.8,-9507.3,3122.3,2476.0,501.4,LLG,3,3,0
19.4,9539.3,-9556.4,485.6,511.6,469.6,NO,0,0,0
-37.1,9485.2,-9480.6,508.5,499.3,518.0,NO,0,0,0
42.8,9474.1,-9548.1,508.4,489.0,504.1,NO,0,0,0
-5.9,955.5,-9595.4,2874.6,2577.3,498.3,LLG,3,3,0
0.6,474.2,-471.5,4224.3,3866.7,3851.0,LLL,4,4,1
-1.5,471.6,-480.6,3876.9,3799.5,4442.7,LLL,4,4,1
58.9,9561.8,-9439.5,540.6,481.8,496.0,NO,0,0,0
-64.4,9565.7,-9561.4,501.8,497.7,510.8,NO,0,0,0
1.3,95.6,-94.9,5537.2,5057.6,5012.6,LLLG,5,5,1
1.5,950.8,-9454.4,3121.8,2460.9,525.3,LLG,3,3,0
2.7,960.3,-9530.1,3091.9,2452.4,497.4,LLG,3,3,0
27.8,9477.9,-9497.2,516.2,517.6,525.5,NO,0,0,0
0.2,94.5,-95.4,5289.2,5000.3,4831.5,LLLG,5,5,1
7.5,2835.2,-9481.5,2031.2,2098.7,493.7,LL,2,2,0
-106.3,9472.5,-9504.3,510.8,494.5,487.6,NO,0,0,0
-11.8,2868.8,-9562.5,1906.0,1903.6,518.6,LL,2,2,0
-32.2,2851.6,-9557.6,2035.9,2084.2,478.6,LL,2,2,0
-3.0,9407.0,-9515.7,2431.9,525.5,500.3,LG,1,1,0
-1.3,477.2,-476.8,3928.2,3970.3,3870.5,LLL,4,4,1
0.2,95.7,-94.7,4862.1,5081.2,5033.2,LLLG,5,5,1
1.3,476.7,-473.6,4018.4,4053.7,4285.0,LLL,4,4,1
5.0,477.3,-476.2,4079.2,4082.4,3929.6,LLL,4,4,1
15.9,9523.0,-9463.2,535.3,502.6,511.7,NO,0,0,0
1.6,9555.1,-9530.8,506.1,498.7,509.6,NO,0,0,0
-1.5,955.2,-9509.6,3013.9,2390.2,519.1,LLG,3,3,0
0.8,475.6,-474.1,4019.5,3895.6,4027.2,LLL,4,4,1
2.6,479.1,-476.7,4106.3,4181.5,4044.7,LLL,4,4,1
-3.2,9560.6,-9524.3,2367.4,489.1,530.2,LG,1,1,0
0.1,95.3,-94.9,5066.7,4575.5,4888.4,LLLG,5,5,1
2.4,950.8,-9532.2,2977.5,2399.7,483.9,LLG,3,3,0
-1.1,476.1,-475.9,3974.1,4041.4,3782.8,LLL,4,4,1
60.9,9564.1,-9506.3,532.5,513.8,511.5,NO,0,0,0
42.1,9400.6,-9569.9,507.7,508.9,488.6,NO,0,0,0
-3.3,956.7,-9627.0,2853.6,2501.9,485.2,LLG,3,3,0
19.1,9513.7,-9511.1,488.2,494.3,505.1,NO,0,0,0
4.8,942.7,-9530.9,2939.0,2425.7,517.8,LLG,3,3,0
14.8,9483.2,-9579.6,500.0,540.6,494.7,NO,0,0,0
-1.6,478.0,-480.2,3984.9,4139.3,4052.7,LLL,4,4,1
0.3,94.7,-95.3,5194.1,4950.5,4794.9,LLLG,5,5,1
48.2,9568.8,-9537.9,533.6,525.0,459.1,NO,0,0,0
15.0,9522.0,-9501.3,483.1,515.1,497.8,NO,0,0,0
-4.6,9505.2,-9555.7,2682.8,488.4,488.9,LG,1,1,0
-1.0,94.2,-95.0,4845.2,5074.0,5075.1,LLLG,5,5,1
-63.9,9533.2,-9586.3,503.8,514.4,509.2,NO,0,0,0
6.5,9553.5,-9508.8,2417.9,551.3,491.3,LG,1,1,0
-23.5,2867.8,-9544.4,1917.3,1998.9,510.9,LL,2,2,0
-3.8,9454.5,-9511.4,2556.0,519.2,491.7,LG,1,1,0
0.5,94.9,-94.9,4768.6,4656.4,4766.2,LLLG,5,5,1
-20.8,9526.1,-9487.1,475.9,488.9,505.4,NO,0,0,0
2.9,475.2,-477.1,4087.4,4056.1,3981.1,LLL,4,4,1
-9.6,9526.4,-9473.6,513.2,511.1,502.9,NO,0,0,0
24.7,2867.5,-9553.3,1967.5,1898.0,494.7,LL,2,2,0
4.1,9528.4,-9558.6,2761.1,500.3,499.7,LG,1,1,0
4.2,2859.2,-9559.6,1919.1,1959.4,474.7,LL,2,2,0
7.5,9559.5,-9562.9,2609.7,506.0,493.6,LG,1,1,0
58.8,9524.5,-9514.9,504.4,526.3,505.3,NO,0,0,0
3.3,9539.0,-9574.5,2616.3,524.8,491.6,LG,1,1,0
2.4,2843.1,-9528.1,2014.5,2012.0,486.9,LL,2,2,0
-16.6,9637.2,-9518.8,514.3,497.6,488.3,NO,0,0,0
-5.1,9493.1,-9466.6,2456.2,529.9,556.0,LG,1,1,0
-13.8,2856.3,-9562.5,1976.6,1922.4,508.3,LL,2,2,0
1.8,956.3,-9557.9,3035.0,2539.1,467.9,LLG,3,3,0
39.7,9484.7,-9533.2,499.3,492.9,511.9,NO,0,0,0
5.3,474.0,-472.2,4077.4,3885.1,4234.1,LLL,4,4,1
-1.0,94.8,-94.7,4735.1,5306.5,5050.6,LLLG,5,5,1
-32.5,2852.2,-9569.4,1903.2,1950.9,569.3,LL,2,2,0
-5.1,476.3,-477.2,4302.2,3935.3,3883.6,LLL,4,4,1
1.4,476.6,-478.9,3894.0,3926.7,3824.7,LLL,4,4,1
-7.2,9528.1,-9488.5,2374.1,504.0,498.3,LG,1,1,0
-0.4,475.6,-480.0,4156.6,4164.7,4039.6,LLL,4,4,1
1.1,9542.5,-9594.0,514.9,518.1,515.2,NO,0,0,0
120.1,9536.9,-9583.5,496.9,525.2,493.1,NO,0,0,0
-7.2,9659.7,-9466.6,546.9,478.2,516.3,NO,0,0,0
6.0,2837.9,-9558.8,2078.1,2079.6,507.4,LL,2,2,0
-97.9,9460.1,-9498.7,524.5,492.9,534.0,NO,0,0,0
-57.2,9545.5,-9566.3,528.9,512.9,543.2,NO,0,0,0
0.8,474.8,-471.9,4008.8,3967.2,4150.7,LLL,4,4,1
96.0,9492.5,-9444.5,507.4,503.5,515.1,NO,0,0,0
-0.8,474.8,-471.1,4197.8,4013.0,3882.7,LLL,4,4,1
4.5,957.9,-9530.2,3041.0,2563.2,479.9,LLG,3,3,0
-0.5,476.7,-475.6,4333.2,3979.2,3708.8,LLL,4,4,1
-33.3,9568.9,-9646.1,511.0,510.3,530.1,NO,0,0,0
-0.8,9471.0,-9463.6,2552.0,494.5,473.4,LG,1,1,0
44.3,9532.8,-9567.3,497.8,501.5,535.9,NO,0,0,0
-3.2,9545.4,-9441.3,2508.1,490.0,531.2,LG,1,1,0
4.0,948.6,-9458.3,2988.3,2448.3,519.8,LLG,3,3,0
9.9,9514.8,-9528.0,532.0,453.1,512.9,NO,0,0,0
-24.4,9564.6,-9551.9,482.8,493.6,532.0,NO,0,0,0
-47.5,9480.1,-9523.0,483.1,513.8,507.2,NO,0,0,0
0.3,474.5,-478.7,4029.0,4068.1,3843.8,LLL,4,4,1
-2.6,478.5,-475.3,3918.4,4072.9,4104.5,LLL,4,4,1
3.4,483.1,-477.1,4198.2,3951.5,4332.7,LLL,4,4,1
2.7,946.1,-9574.6,3194.6,2568.9,505.1,LLG,3,3,0
-1.8,951.7,-9528.9,3225.4,2474.5,514.5,LLG,3,3,0
-1.8,474.3,-478.7,4048.5,4028.5,4091.8,LLL,4,4,1
-3.4,950.7,-9490.0,2970.9,2326.7,505.9,LLG,3,3,0
6.0,954.9,-9522.5,2908.8,2481.9,504.7,LLG,3,3,0
-45.3,9470.9,-9614.7,474.2,535.4,512.2,NO,0,0,0
-0.1,94.6,-95.2,4932.1,5110.0,4715.7,LLLG,5,5,1
-1.4,475.1,-473.3,4130.7,4042.5,4107.9,LLL,4,4,1
7.8,947.7,-9603.6,2842.6,2484.4,503.1,LLG,3,3,0
3.7,2873.1,-9501.3,2058.6,2077.0,512.1,LL,2,2,0
-38.3,9541.4,-9495.3,497.4,509.5,515.8,NO,0,0,0
3.5,478.1,-474.6,4069.8,3818.0,4026.1,LLL,4,4,1
18.4,2864.9,-9484.8,1881.9,1967.4,488.7,LL,2,2,0
-2.2,479.0,-473.4,3850.4,4229.9,4000.0,LLL,4,4,1
0.3,95.1,-94.4,5094.0,5025.9,5097.8,LLLG,5,5,1
-8.3,2855.5,-9621.7,1970.1,2035.7,500.9,LL,2,2,0
-0.0,94.8,-95.5,4720.7,5075.5,5044.1,LLLG,5,5,1
-20.6,9508.8,-9403.3,482.9,484.2,462.0,NO,0,0,0
11.2,9605.4,-9633.6,484.8,481.2,515.1,NO,0,0,0
-0.5,9513.6,-9494.7,508.8,509.7,518.4,NO,0,0,0
7.1,476.8,-475.3,3647.7,4135.6,4167.4,LLL,4,4,1
-5.6,950.5,-9488.6,3037.1,2378.2,523.3,LLG,3,3,0
3.1,953.6,-9528.3,3125.4,2663.3,509.3,LLG,3,3,0
-3.9,2874.0,-9430.6,1934.5,2125.5,528.9,LL,2,2,0
44.7,9541.9,-9521.2,512.2,455.1,498.9,NO,0,0,0
-2.2,952.2,-9538.9,2927.8,2600.8,490.6,LLG,3,3,0
0.0,477.6,-475.2,4201.6,3865.8,3940.3,LLL,4,4,1
7.5,2873.4,-9583.9,1945.8,2075.6,508.6,LL,2,2,0
-63.1,9511.8,-9530.3,492.1,529.3,528.0,NO,0,0,0
-6.5,961.2,-9515.7,3088.9,2520.5,504.7,LLG,3,3,0
-2.5,2849.1,-9522.8,1961.7,1917.2,506.5,LL,2,2,0
8.3,9514.9,-9458.0,2588.0,485.4,495.5,LG,1,1,0
-4.5,9456.9,-9553.0,503.1,505.0,488.9,NO,0,0,0
-6.7,957.7,-9580.2,3011.6,2508.8,491.7,LLG,3,3,0
-10.2,944.5,-9452.0,3040.8,2501.9,489.5,LLG,3,3,0
-4.8,2850.8,-9484.6,2070.9,1928.5,459.2,LL,2,2,0
-0.1,95.1,-95.6,4741.3,4931.5,4927.1,LLLG,5,5,1
1.1,2854.2,-9445.7,2001.7,1926.3,471.0,LL,2,2,0
-10.6,2889.3,-9556.4,2086.4,1885.3,509.2,LL,2,2,0
0.8,473.1,-475.8,3865.3,4253.9,3830.2,LLL,4,4,1
13.3,9569.5,-9546.0,468.9,506.5,529.1,NO,0,0,0
-2.1,2851.9,-9569.2,2091.4,2020.3,516.8,LL,2,2,0
0.8,478.7,-474.8,3830.3,3998.4,4054.8,LLL,4,4,1
-0.5,95.0,-95.3,5099.4,4754.7,5504.8,LLLG,5,5,1
5.5,951.3,-9563.4,3130.3,2419.6,473.4,LLG,3,3,0
-5.4,9508.8,-9519.0,2550.3,448.1,480.0,LG,1,1,0
0.3,95.3,-95.1,4878.8,5198.8,4879.4,LLLG,5,5,1
0.1,94.5,-94.8,4844.9,4959.0,5151.5,LLLG,5,5,1
0.5,475.5,-475.7,4261.6,3930.2,4139.2,LLL,4,4,1
-3.3,9532.8,-9571.4,2452.3,475.6,529.9,LG,1,1,0
3.1,479.4,-476.0,4214.0,3868.5,3833.3,LLL,4,4,1
1.0,478.8,-470.4,3742.1,4025.3,4129.5,LLL,4,4,1
1.1,94.9,-95.4,5392.0,4824.9,5236.2,LLLG,5,5,1
0.1,95.1,-95.0,4977.0,4725.5,5204.1,LLLG,5,5,1
30.0,9517.6,-9569.7,491.2,491.7,477.4,NO,0,0,0
0.4,953.8,-9527.2,3167.3,2429.0,507.1,LLG,3,3,0
71.5,9540.5,-9430.6,520.1,532.1,501.0,NO,0,0,0
2.5,473.7,-474.4,3948.1,3686.0,3995.9,LLL,4,4,1
-5.0,954.4,-9487.6,2955.2,2565.4,484.4,LLG,3,3,0
1.0,9490.0,-9510.5,2550.4,505.4,475.8,LG,1,1,0
-43.7,9623.4,-9463.0,504.2,487.0,487.9,NO,0,0,0
1.8,957.2,-9460.6,2970.6,2457.1,510.6,LLG,3,3,0
12.8,9603.4,-9512.0,522.1,508.8,491.4,NO,0,0,0
-12.4,9561.1,-9570.8,495.5,502.3,533.4,NO,0,0,0
-21.3,9514.9,-9490.0,508.7,508.6,551.4,NO,0,0,0
-3.9,951.4,-9493.1,2860.4,2458.6,510.1,LLG,3,3,0
-4.1,475.1,-479.3,3996.4,3820.8,3842.4,LLL,4,4,1
-0.1,95.5,-95.7,4962.1,5046.8,4906.3,LLLG,5,5,1
-20.6,9460.0,-9520.3,480.1,526.0,492.5,NO,0,0,0
15.7,9496.7,-9461.3,516.9,476.6,477.5,NO,0,0,0
0.4,9542.9,-9529.1,2497.0,498.6,519.3,LG,1,1,0
-10.2,9517.1,-9569.3,2567.9,485.3,542.5,LG,1,1,0
-13.9,9571.2,-9574.2,495.2,486.5,533.3,NO,0,0,0
62.9,9550.7,-9517.9,516.1,495.0,531.4,NO,0,0,0
1.4,476.4,-474.8,4436.7,4203.0,3874.2,LLL,4,4,1
0.1,95.4,-95.0,4824.9,5279.9,4969.2,LLLG,5,5,1
3.2,952.1,-9545.0,3050.3,2471.7,504.1,LLG,3,3,0
4.1,2854.2,-9530.4,2027.1,1842.8,484.4,LL,2,2,0
45.2,9563.4,-9475.3,523.7,497.4,512.0,NO,0,0,0
-90.0,9487.4,-9492.0,525.1,487.1,507.2,NO,0,0,0
0.5,956.4,-9514.7,3213.0,2435.2,516.6,LLG,3,3,0
0.3,952.1,-9546.5,2972.9,2511.1,520.6,LLG,3,3,0
-6.1,477.4,-479.6,3998.7,3891.8,3834.2,LLL,4,4,1
-1.7,965.7,-9440.1,2915.1,2348.6,514.9,LLG,3,3,0
75.7,9582.1,-9479.9,524.8,514.3,523.9,NO,0,0,0
-1.6,473.8,-473.9,4108.6,4057.9,4008.8,LLL,4,4,1
30.2,2852.5,-9558.1,2005.2,2010.4,483.1,LL,2,2,0
-0.7,95.5,-94.9,5205.1,5205.9,5028.1,LLLG,5,5,1
0.4,94.5,-94.5,5258.1,4793.3,4970.7,LLLG,5,5,1
2.6,469.0,-475.6,4118.6,4284.5,4104.6,LLL,4,4,1
-0.7,94.8,-96.0,4776.1,5287.0,4686.0,LLLG,5,5,1
40.2,9453.0,-9576.3,500.7,503.2,500.1,NO,0,0,0
4.4,9455.1,-9583.6,2432.7,477.1,493.4,LG,1,1,0
-5.4,474.8,-478.6,3981.2,4161.6,4215.2,LLL,4,4,1
-2.2,471.5,-476.5,4053.9,4135.7,3668.3,LLL,4,4,1
7.8,9473.3,-9509.8,2549.3,516.0,507.1,LG,1,1,0
60.8,9466.1,-9472.9,477.9,484.2,498.2,NO,0,0,0
-1.2,476.7,-476.7,3907.0,4116.0,4321.6,LLL,4,4,1
3.9,479.9,-476.6,4093.2,3849.3,3912.1,LLL,4,4,1
-49.8,9493.0,-9531.3,493.5,491.2,497.2,NO,0,0,0
4.3,9529.6,-9390.4,2672.2,495.4,503.2,LG,1,1,0
-2.3,474.7,-478.0,4024.7,3703.1,4060.4,LLL,4,4,1
-3.2,946.1,-9465.3,2919.9,2561.8,469.4,LLG,3,3,0
-10.8,2856.5,-9569.0,2059.4,2058.6,488.1,LL,2,2,0
3.9,475.2,-478.5,4107.8,3901.6,4241.2,LLL,4,4,1
20.7,9564.2,-9582.9,484.1,511.3,459.5,NO,0,0,0
-13.1,960.8,-9505.0,2960.7,2388.4,480.7,LLG,3,3,0
-35.0,2860.1,-9535.3,1951.2,2040.3,516.5,LL,2,2,0
1.2,478.0,-479.2,4052.5,3819.4,4075.1,LLL,4,4,1
13.8,2859.3,-9591.8,1962.5,1998.4,509.9,LL,2,2,0
82.0,9530.6,-9612.5,501.5,491.9,483.1,NO,0,0,0
9.5,2849.3,-9505.9,1901.3,2078.7,497.5,LL,2,2,0
-8.4,941.9,-9679.1,3013.3,2443.9,495.7,LLG,3,3,0
1.2,952.7,-9494.0,3122.8,2684.6,517.9,LLG,3,3,0
-11.9,9451.2,-9436.4,483.1,464.2,493.0,NO,0,0,0
3.1,481.2,-480.0,4067.9,3988.7,3823.1,LLL,4,4,1
-21.2,9503.7,-9527.6,543.2,523.7,493.6,NO,0,0,0
12.3,9545.4,-9500.5,500.0,500.5,472.1,NO,0,0,0
-4.4,945.4,-9448.6,3173.3,2525.9,496.4,LLG,3,3,0
-2.1,474.1,-476.8,4010.7,3845.2,4151.9,LLL,4,4,1
-0.8,95.3,-96.1,4976.7,4659.8,5158.1,LLLG,5,5,1
-9.1,952.9,-9471.1,2808.2,2640.0,517.2,LLG,3,3,0
2.4,960.2,-9464.7,3107.0,2581.7,511.6,LLG,3,3,0
0.5,94.9,-95.6,4945.8,4904.0,5283.5,LLLG,5,5,1
-2.0,477.3,-475.3,4054.3,4186.2,4012.9,LLL,4,4,1
-3.5,477.1,-477.5,4053.0,4247.7,4034.9,LLL,4,4,1
-3.4,482.4,-480.0,4198.8,3918.0,3833.5,LLL,4,4,1
-74.1,9528.5,-9525.6,502.2,499.2,507.2,NO,0,0,0
1.0,475.6,-481.3,4241.0,4362.1,3935.9,LLL,4,4,1
22.1,9552.4,-9618.5,500.4,503.1,472.9,NO,0,0,0
48.1,9561.5,-9508.1,503.5,507.0,487.1,NO,0,0,0
-0.4,95.8,-95.2,4856.3,5408.1,5206.0,LLLG,5,5,1
-76.6,9495.7,-9571.5,517.4,508.9,519.6,NO,0,0,0
-75.3,9527.5,-9460.0,492.0,517.6,489.7,NO,0,0,0
-0.3,95.1,-96.5,4978.3,4897.1,5363.3,LLLG,5,5,1
-4.9,2858.3,-9537.8,2096.4,2044.9,496.9,LL,2,2,0
0.2,95.6,-94.6,4882.7,5077.1,4724.8,LLLG,5,5,1
1.2,2866.0,-9448.3,1939.9,1940.3,495.5,LL,2,2,0
9.8,2852.6,-9531.8,1964.3,2069.3,475.8,LL,2,2,0
-5.3,9540.0,-9548.3,2398.6,523.1,493.7,LG,1,1,0
-7.7,947.9,-9534.9,2821.9,2395.1,501.2,LLG,3,3,0
6.7,954.9,-9515.9,2896.6,2641.0,525.3,LLG,3,3,0
-65.1,9629.7,-9478.8,478.9,481.6,521.3,NO,0,0,0
15.5,9526.4,-9458.9,489.1,499.4,473.5,NO,0,0,0
8.9,2874.9,-9555.2,2057.8,1857.4,509.6,LL,2,2,0
-0.7,953.8,-9478.1,3130.1,2543.1,521.6,LLG,3,3,0
6.4,943.4,-9520.8,2827.3,2525.2,496.2,LLG,3,3,0
14.1,9523.8,-9505.8,2576.6,499.1,464.5,LG,1,1,0
-0.3,478.7,-476.3,3977.7,3853.7,3895.3,LLL,4,4,1
15.4,2874.0,-9509.9,2034.0,1832.0,535.1,LL,2,2,0
41.2,9461.8,-9495.6,484.9,529.5,517.4,NO,0,0,0
6.4,943.7,-9434.3,2884.4,2407.4,509.9,LLG,3,3,0
-6.5,955.0,-9501.8,2932.2,2547.6,493.5,LLG,3,3,0
-2.2,475.8,-474.1,4026.0,3828.8,3985.5,LLL,4,4,1
0.7,94.9,-95.1,5221.3,5030.5,4813.9,LLLG,5,5,1
-7.0,9507.0,-9400.7,487.0,518.3,482.0,NO,0,0,0
-57.3,9603.8,-9624.0,515.3,505.4,459.9,NO,0,0,0
-0.4,95.9,-95.3,4927.7,4808.1,5201.6,LLLG,5,5,1
2.5,481.7,-477.1,4078.5,4179.8,4042.3,LLL,4,4,1
-44.5,9479.6,-9544.4,503.3,439.9,498.5,NO,0,0,0
85.7,9548.1,-9522.0,502.1,501.8,501.6,NO,0,0,0
2.2,952.0,-9504.3,3036.0,2712.7,498.0,LLG,3,3,0
-2.5,474.2,-473.7,3758.2,3643.4,4075.7,LLL,4,4,1
-5.2,9540.3,-9451.2,524.8,499.8,501.6,NO,0,0,0
15.6,2874.5,-9496.4,2199.8,2117.1,443.0,LL,2,2,0
-0.8,472.4,-475.3,4121.1,3849.1,3947.1,LLL,4,4,1
-38.7,9584.4,-9525.7,495.0,480.5,501.2,NO,0,0,0
6.8,944.7,-9573.7,2907.4,2377.0,476.1,LLG,3,3,0
35.7,9499.8,-9484.9,502.1,479.4,514.1,NO,0,0,0
-10.5,2830.4,-9620.5,2074.5,1958.1,493.9,LL,2,2,0
-0.8,9641.5,-9573.6,2468.8,509.0,496.5,LG,1,1,0
-8.2,952.1,-9557.0,2847.5,2540.6,526.7,LLG,3,3,0
6.4,2846.4,-9480.3,1892.9,2054.9,495.8,LL,2,2,0
1.7,478.5,-475.8,4211.5,3945.4,3705.1,LLL,4,4,1
0.4,95.8,-95.3,4964.9,4895.4,4941.5,LLLG,5,5,1
-21.7,9551.0,-9543.0,489.5,478.3,520.5,NO,0,0,0
12.3,945.8,-9568.8,2858.9,2538.7,515.2,LLG,3,3,0
-0.0,475.7,-475.2,4088.1,4206.1,3930.0,LLL,4,4,1
-2.7,962.2,-9413.0,2917.8,2463.0,536.2,LLG,3,3,0
0.4,95.2,-94.7,5235.5,4816.1,5020.9,LLLG,5,5,1
-44.2,9436.2,-9562.6,495.0,518.3,517.7,NO,0,0,0
70.9,9475.7,-9549.7,530.2,496.9,497.2,NO,0,0,0
44.1,9508.2,-9447.2,513.6,506.1,493.4,NO,0,0,0
-71.1,9491.3,-9478.9,494.7,482.9,473.2,NO,0,0,0
9.6,2858.7,-9597.8,2034.9,2020.5,502.1,LL,2,2,0
-0.5,958.5,-9507.7,3104.1,2585.3,501.8,LLG,3,3,0
-0.1,9500.3,-9569.6,512.3,506.1,506.2,NO,0,0,0
-9.5,9631.7,-9507.6,2627.7,534.8,497.3,LG,1,1,0
-17.0,2881.2,-9449.2,1975.4,1912.1,503.8,LL,2,2,0
-7.0,473.2,-478.1,3662.1,4135.8,4093.1,LLL,4,4,1
2.8,9588.2,-9614.1,487.4,517.7,506.7,NO,0,0,0
1.6,474.7,-476.1,3928.7,4228.5,4081.2,LLL,4,4,1
2.2,952.0,-9549.4,3124.8,2521.6,492.1,LLG,3,3,0
20.2,9585.2,-9576.2,479.3,540.3,519.4,NO,0,0,0
-2.1,473.9,-472.6,4280.5,4086.2,3775.7,LLL,4,4,1
-24.9,9513.9,-9521.6,487.1,506.4,485.1,NO,0,0,0
-0.1,476.7,-475.5,4154.4,4045.7,4035.0,LLL,4,4,1
7.5,956.7,-9569.6,3008.9,2325.8,495.8,LLG,3,3,0
-2.3,950.8,-9589.7,2903.3,2255.7,464.2,LLG,3,3,0
-0.3,95.5,-95.7,4643.4,4808.6,4649.7,LLLG,5,5,1
5.0,9537.8,-9496.1,2424.6,531.6,483.2,LG,1,1,0
4.0,9477.8,-9571.6,2540.7,523.3,474.1,LG,1,1,0
6.7,946.4,-9494.8,2998.2,2652.1,499.9,LLG,3,3,0
-0.1,94.7,-95.1,4873.8,4873.8,5166.1,LLLG,5,5,1
-12.6,9512.1,-9469.1,495.3,526.3,509.4,NO,0,0,0
-0.1,94.9,-94.7,5159.0,5283.2,4844.0,LLLG,5,5,1
-26.2,2874.3,-9484.2,1934.2,2114.5,495.7,LL,2,2,0
15.5,2867.2,-9606.9,1911.2,2023.9,535.5,LL,2,2,0
-51.6,9444.3,-9496.1,486.4,503.9,475.1,NO,0,0,0
4.7,2859.0,-9555.2,2010.0,1972.5,504.8,LL,2,2,0
33.2,9503.4,-9529.3,490.5,501.7,511.9,NO,0,0,0
-1.2,946.6,-9388.9,2965.4,2410.2,506.8,LLG,3,3,0
-12.2,2854.8,-9590.2,2093.1,2004.4,557.1,LL,2,2,0
-1.2,476.3,-475.2,3984.6,3895.0,3934.8,LLL,4,4,1
33.9,9535.1,-9521.5,557.8,471.1,523.5,NO,0,0,0
37.0,9517.9,-9561.3,476.9,529.1,492.4,NO,0,0,0
-6.5,9563.1,-9480.4,525.4,502.6,493.9,NO,0,0,0
0.0,95.3,-95.0,5277.4,5368.3,4750.6,LLLG,5,5,1
-2.6,473.9,-479.7,4088.1,3801.3,4256.0,LLL,4,4,1
0.1,478.4,-480.9,4041.9,4053.8,4192.5,LLL,4,4,1
-0.4,2871.6,-9576.4,2085.8,2163.0,481.4,LL,2,2,0
-11.1,2879.3,-9527.5,1964.3,1827.2,517.4,LL,2,2,0
-1.6,477.4,-476.6,4226.9,3712.8,3719.0,LLL,4,4,1
-2.4,9469.3,-9548.0,2415.2,490.2,538.9,LG,1,1,0
-3.7,478.4,-478.1,3935.5,3914.5,4209.3,LLL,4,4,1
12.6,9480.1,-9548.6,469.3,496.3,488.5,NO,0,0,0
-116.8,9540.8,-9540.1,482.6,477.1,511.2,NO,0,0,0
-0.9,94.7,-95.7,5007.6,4951.3,5238.4,LLLG,5,5,1
5.5,941.7,-9538.0,3231.9,2557.8,478.6,LLG,3,3,0
-14.3,9500.2,-9526.7,485.5,490.8,499.5,NO,0,0,0
-0.2,95.8,-95.4,5082.7,5037.9,5106.3,LLLG,5,5,1
7.1,2825.1,-9567.1,2065.4,1942.1,514.6,LL,2,2,0
-3.7,946.3,-9505.0,2971.4,2542.6,472.5,LLG,3,3,0
6.4,2872.5,-9540.2,1928.6,1967.1,496.2,LL,2,2,0
0.6,480.8,-476.2,4006.0,3823.2,3923.4,LLL,4,4,1
12.8,9461.7,-9471.0,492.1,503.6,482.8,NO,0,0,0
37.8,9458.3,-9504.1,465.3,493.2,502.4,NO,0,0,0
97.1,9645.0,-9559.9,465.5,538.5,515.2,NO,0,0,0
1.0,957.0,-9499.1,3138.6,2494.1,499.4,LLG,3,3,0
-41.3,9419.3,-9568.2,498.8,486.3,489.2,NO,0,0,0
3.2,9632.7,-9553.8,2528.9,481.4,506.9,LG,1,1,0
2.0,476.2,-477.5,4069.7,4261.4,3858.4,LLL,4,4,1
-9.8,950.7,-9498.9,3086.4,2468.4,534.0,LLG,3,3,0
-1.2,948.5,-9510.0,2857.8,2527.8,505.3,LLG,3,3,0
-0.8,942.8,-9562.9,3117.1,2509.5,513.6,LLG,3,3,0
-9.2,957.1,-9555.8,2786.8,2474.8,499.7,LLG,3,3,0
26.4,2862.0,-9489.7,2085.6,1870.7,483.7,LL,2,2,0
0.2,94.8,-95.5,4975.6,5080.8,4938.5,LLLG,5,5,1
0.4,474.9,-475.9,3961.3,3931.5,4037.6,LLL,4,4,1
8.0,9524.4,-9546.5,509.0,499.6,479.2,NO,0,0,0
-2.3,9465.2,-9642.9,2409.1,457.9,502.5,LG,1,1,0
-1.1,474.4,-475.8,3995.4,4016.8,4124.0,LLL,4,4,1
-2.7,478.0,-478.3,4295.7,4102.6,4002.5,LLL,4,4,1
-0.3,472.8,-476.9,4217.7,3971.8,4083.4,LLL,4,4,1
0.9,9611.4,-9635.3,2380.6,495.9,491.9,LG,1,1,0
2.6,2842.9,-9512.6,2102.5,2040.3,540.9,LL,2,2,0
43.9,9503.4,-9485.6,492.7,485.9,494.4,NO,0,0,0
55.5,9432.1,-9478.8,490.0,484.6,482.6,NO,0,0,0
2.0,475.2,-477.4,3967.0,4117.4,3997.3,LLL,4,4,1
98.5,9574.8,-9495.2,478.7,512.8,504.6,NO,0,0,0
-4.0,9522.4,-9556.6,488.5,501.4,496.1,NO,0,0,0
9.9,9596.1,-9485.0,504.2,483.2,520.0,NO,0,0,0
-21.5,2865.0,-9522.0,1930.4,2072.0,537.6,LL,2,2,0
-3.3,948.9,-9514.6,3089.9,2506.1,512.2,LLG,3,3,0
0.4,9567.8,-9499.4,2482.5,486.0,519.6,LG,1,1,0
41.9,9596.5,-9497.6,503.7,504.3,492.4,NO,0,0,0
0.2,94.4,-94.7,5096.2,4730.2,5386.5,LLLG,5,5,1
-48.8,9480.2,-9463.6,506.5,498.6,489.0,NO,0,0,0
4.6,2866.7,-9526.0,1942.1,1952.3,487.1,LL,2,2,0
3.3,945.9,-9514.0,2836.8,2473.5,493.0,LLG,3,3,0
-8.7,9482.3,-9477.3,2481.7,480.9,509.7,LG,1,1,0
0.8,479.0,-476.0,3951.0,3968.0,3950.2,LLL,4,4,1
-14.2,2833.5,-9529.9,2018.9,2073.7,485.2,LL,2,2,0
-87.7,9621.9,-9496.7,468.2,519.0,531.1,NO,0,0,0
28.8,9459.0,-9620.1,491.9,471.4,510.2,NO,0,0,0
-102.7,9575.4,-9542.0,507.4,476.3,509.4,NO,0,0,0
-74.5,9457.6,-9482.1,501.3,516.0,490.4,NO,0,0,0
6.0,9551.5,-9543.1,529.0,521.6,530.1,NO,0,0,0
15.2,9471.7,-9558.1,540.8,524.0,483.0,NO,0,0,0
-0.3,475.9,-469.5,3976.7,3741.5,3909.9,LLL,4,4,1
-45.7,9513.2,-9536.3,485.0,501.2,486.1,NO,0,0,0
-57.9,9563.8,-9542.4,534.2,517.7,479.9,NO,0,0,0
38.7,9488.1,-9546.2,491.7,506.9,501.2,NO,0,0,0
-41.2,9466.5,-9456.6,482.3,488.2,511.9,NO,0,0,0
-0.1,95.5,-95.2,4826.4,5190.0,5285.7,LLLG,5,5,1
20.3,9523.3,-9396.2,485.8,473.5,489.6,NO,0,0,0
0.9,480.3,-476.2,3734.9,3891.0,3770.2,LLL,4,4,1
-8.4,9537.1,-9587.8,2739.0,512.0,494.1,LG,1,1,0
-12.7,2845.0,-9524.2,1995.8,2040.9,465.0,LL,2,2,0
6.6,951.3,-9482.5,2978.5,2226.7,498.0,LLG,3,3,0
-0.0,95.8,-95.2,5102.8,4463.5,5227.2,LLLG,5,5,1
2.2,2851.3,-9494.2,2073.7,1984.7,506.9,LL,2,2,0
28.2,9605.1,-9634.1,492.0,506.4,494.0,NO,0,0,0
-6.9,944.1,-9533.9,2833.6,2323.2,470.7,LLG,3,3,0
-1.7,472.6,-476.7,3991.5,3986.2,4028.2,LLL,4,4,1
2.9,9513.4,-9592.4,2622.0,517.6,516.3,LG,1,1,0
-3.7,9566.0,-9486.5,2376.4,469.1,516.5,LG,1,1,0
0.8,473.5,-478.7,3894.1,3915.5,4016.3,LLL,4,4,1
-6.1,475.2,-476.8,3938.0,3888.9,3903.8,LLL,4,4,1
-1.5,2843.9,-9523.3,2088.0,1914.7,502.5,LL,2,2,0
8.7,2832.8,-9571.9,1906.8,2197.3,506.1,LL,2,2,0
-77.8,9525.6,-9618.6,496.5,478.0,512.5,NO,0,0,0
-27.3,2836.8,-9502.3,1954.5,1991.6,509.8,LL,2,2,0
-8.3,951.3,-9514.5,2654.0,2505.1,487.5,LLG,3,3,0
61.0,9544.2,-9557.9,487.6,492.7,510.6,NO,0,0,0
8.0,2860.9,-9512.3,2087.2,2172.2,480.6,LL,2,2,0
-4.0,9550.2,-9559.9,2666.6,519.8,494.8,LG,1,1,0
21.8,2838.1,-9452.8,1911.5,1850.6,503.0,LL,2,2,0
-0.7,476.8,-475.8,4076.9,4162.8,3492.3,LLL,4,4,1
-29.9,2855.2,-9597.7,1890.0,2051.5,473.5,LL,2,2,0
-0.9,474.9,-475.7,4159.2,4017.5,3864.3,LLL,4,4,1
25.4,9588.2,-9602.2,518.6,504.2,521.6,NO,0,0,0
2.5,476.7,-476.9,3903.8,4098.2,4128.3,LLL,4,4,1
-29.7,9521.9,-9513.7,481.1,507.3,489.3,NO,0,0,0
-8.2,2861.5,-9497.7,2043.5,2121.5,463.3,LL,2,2,0
15.3,2870.1,-9512.4,2005.1,2084.6,540.1,LL,2,2,0
0.1,95.5,-94.7,4769.9,5441.5,4937.5,LLLG,5,5,1
3.9,474.1,-481.3,3951.4,3664.7,4140.0,LLL,4,4,1
-2.1,2839.5,-9393.9,1856.1,1972.5,510.8,LL,2,2,0
5.2,2861.6,-9603.5,1914.1,1902.5,539.1,LL,2,2,0
0.4,2848.0,-9575.9,2020.9,2033.0,509.4,LL,2,2,0
8.1,476.5,-476.7,3821.3,3889.7,4351.1,LLL,4,4,1
-41.6,2869.0,-9476.2,2071.5,2018.5,502.7,LL,2,2,0
-0.5,476.8,-475.5,3882.3,4495.4,4153.7,LLL,4,4,1
-4.8,474.5,-481.7,3970.4,3941.2,4103.2,LLL,4,4,1
56.8,9612.8,-9600.3,490.4,533.8,524.7,NO,0,0,0
7.5,2855.6,-9609.1,2056.1,1892.7,512.1,LL,2,2,0
-6.2,9560.9,-9491.6,536.5,462.0,525.8,NO,0,0,0
0.5,95.3,-95.7,5565.8,5068.1,5133.2,LLLG,5,5,1
-46.1,9475.9,-9480.1,535.9,485.3,505.8,NO,0,0,0
0.9,95.5,-95.0,4720.6,4910.7,4921.5,LLLG,5,5,1
-73.6,9546.1,-9526.6,511.6,509.5,506.8,NO,0,0,0
5.0,2854.1,-9475.9,1999.8,1921.1,472.8,LL,2,2,0
12.9,2864.5,-9518.0,1873.9,1922.5,496.4,LL,2,2,0
-1.6,473.8,-478.7,3852.5,4106.3,3907.0,LLL,4,4,1
-36.3,9486.7,-9532.0,460.0,515.5,495.5,NO,0,0,0
-27.0,9514.6,-9503.6,495.3,486.5,518.5,NO,0,0,0
-5.3,954.1,-9430.8,2985.9,2651.4,473.0,LLG,3,3,0
-21.8,2866.1,-9588.2,1987.7,2057.4,512.8,LL,2,2,0
26.4,2859.7,-9528.2,2136.8,1966.0,483.6,LL,2,2,0
2.5,955.2,-9511.6,2897.0,2532.6,525.1,LLG,3,3,0
-0.5,9491.2,-9580.4,2491.5,548.6,492.7,LG,1,1,0
-8.9,474.9,-476.6,3750.8,4026.2,3852.3,LLL,4,4,1
-22.2,2870.4,-9540.1,1929.5,1948.8,486.5,LL,2,2,0
-69.2,9441.4,-9599.0,480.3,535.5,492.8,NO,0,0,0
-2.2,478.4,-478.4,4084.4,3957.7,3958.2,LLL,4,4,1
-4.7,9455.5,-9542.0,502.4,498.6,515.0,NO,0,0,0
0.5,94.8,-95.9,5292.5,5125.7,4922.4,LLLG,5,5,1
-48.4,9448.8,-9528.4,505.6,491.8,473.8,NO,0,0,0
-8.6,948.6,-9579.3,3060.5,2417.3,485.9,LLG,3,3,0
-7.4,2877.5,-9616.3,1945.1,1949.1,497.4,LL,2,2,0
0.9,479.3,-475.4,3976.7,4170.4,3804.1,LLL,4,4,1
-2.7,2864.8,-9515.5,1918.9,1892.7,497.0,LL,2,2,0
34.1,9504.8,-9507.2,514.4,507.5,474.7,NO,0,0,0
0.1,2866.0,-9582.9,1991.9,2076.7,514.2,LL,2,2,0
3.7,955.7,-9448.8,3319.0,2518.2,547.0,LLG,3,3,0
0.1,95.2,-95.6,4996.3,4801.4,5104.0,LLLG,5,5,1
0.3,95.1,-95.0,4802.5,5387.5,4934.7,LLLG,5,5,1
2.7,478.4,-474.8,3941.2,3648.9,3939.4,LLL,4,4,1
3.0,955.9,-9472.1,3002.9,2501.9,492.1,LLG,3,3,0
6.8,962.9,-9565.4,2767.8,2454.4,489.4,LLG,3,3,0
-0.4,96.0,-95.6,4819.5,5227.3,5022.9,LLLG,5,5,1
47.3,9496.2,-9557.5,470.6,470.2,509.1,NO,0,0,0
-18.4,2852.7,-9552.6,1947.6,1910.2,506.2,LL,2,2,0
0.8,955.1,-9547.0,2865.8,2478.9,489.1,LLG,3,3,0
-2.2,2873.7,-9513.0,1967.2,2029.2,523.3,LL,2,2,0
-9.7,2871.2,-9552.7,2042.2,2090.9,499.8,LL,2,2,0
19.7,2863.8,-9624.5,1917.2,1962.7,542.6,LL,2,2,0
10.7,2854.9,-9538.0,1994.2,2159.2,469.8,LL,2,2,0
4.6,952.2,-9564.3,2957.4,2412.8,531.7,LLG,3,3,0
-22.6,2854.2,-9634.9,1925.2,1991.2,499.6,LL,2,2,0
-10.8,9484.2,-9518.9,479.8,502.3,485.5,NO,0,0,0
4.0,9585.1,-9577.1,472.3,518.3,520.2,NO,0,0,0
9.9,2836.7,-9595.8,1857.6,2021.6,509.5,LL,2,2,0
5.9,9522.1,-9594.6,499.9,535.3,470.7,NO,0,0,0
-61.1,9457.9,-9600.6,492.0,516.1,500.9,NO,0,0,0
-57.6,9487.1,-9514.2,487.8,507.8,489.9,NO,0,0,0
0.3,476.2,-478.1,4020.4,4034.4,3910.5,LLL,4,4,1
14.6,2866.6,-9438.5,1946.5,1973.1,492.1,LL,2,2,0
14.5,9577.7,-9447.1,479.1,495.9,511.5,NO,0,0,0
23.8,9594.0,-9412.0,499.2,522.3,525.7,NO,0,0,0
4.2,949.4,-9486.3,2903.9,2485.2,508.3,LLG,3,3,0
4.2,2869.1,-9569.8,2027.3,2044.4,482.5,LL,2,2,0
27.0,2864.9,-9504.0,2155.5,2031.5,471.2,LL,2,2,0
27.0,9503.4,-9541.7,500.9,467.1,486.0,NO,0,0,0
0.3,94.5,-95.6,5302.2,4730.1,5056.0,LLLG,5,5,1
0.6,938.1,-9512.9,3198.7,2570.8,505.5,LLG,3,3,0
45.4,9554.0,-9542.1,505.5,461.6,504.2,NO,0,0,0
3.8,480.3,-479.5,3739.6,3979.9,3940.7,LLL,4,4,1
-39.9,9540.0,-9541.6,547.5,514.8,500.0,NO,0,0,0
22.5,9588.1,-9462.3,509.4,536.0,516.6,NO,0,0,0
-0.5,476.4,-467.0,4247.8,3915.7,3739.3,LLL,4,4,1
-3.4,480.1,-475.4,3756.5,3954.2,4010.7,LLL,4,4,1
-1.0,945.4,-9493.0,2929.7,2419.1,499.6,LLG,3,3,0
0.3,95.2,-95.2,4841.3,5011.5,4853.1,LLLG,5,5,1
-1.3,963.4,-9594.4,2968.1,2499.0,511.8,LLG,3,3,0
15.2,2873.9,-9574.1,1939.5,2148.0,552.1,LL,2,2,0
18.2,9498.8,-9615.0,486.5,528.9,475.3,NO,0,0,0
-0.5,96.0,-95.2,5459.8,4616.5,5194.1,LLLG,5,5,1
-0.1,95.1,-96.1,5040.3,5008.7,4796.8,LLLG,5,5,1
0.1,960.2,-9624.5,3013.0,2672.4,487.4,LLG,3,3,0
-6.2,479.7,-474.2,3846.0,4070.0,4209.4,LLL,4,4,1
-23.2,2885.9,-9557.1,1980.7,1931.5,497.3,LL,2,2,0
-1.0,479.1,-475.9,3949.0,3844.8,3768.4,LLL,4,4,1
-5.6,480.4,-475.6,3972.2,4070.7,3896.8,LLL,4,4,1
0.4,472.9,-480.0,3924.1,4208.7,4050.4,LLL,4,4,1
-39.4,9550.4,-9574.1,500.8,497.1,470.6,NO,0,0,0
58.6,9549.0,-9619.9,517.8,486.0,509.8,NO,0,0,0
0.4,95.4,-95.7,4999.6,5134.9,4615.6,LLLG,5,5,1
-4.3,2873.4,-9475.8,2011.7,1932.1,461.9,LL,2,2,0
-5.2,9591.6,-9455.8,535.0,488.3,524.5,NO,0,0,0
-5.9,951.0,-9588.9,2776.8,2577.1,494.0,LLG,3,3,0
11.3,2841.6,-9523.3,2091.4,2085.8,477.6,LL,2,2,0
11.9,2870.2,-9526.8,1855.4,2077.8,475.9,LL,2,2,0
6.0,2884.9,-9476.8,2093.9,2009.6,489.9,LL,2,2,0
1.0,472.5,-474.0,4119.6,4346.6,4192.2,LLL,4,4,1
40.2,9548.2,-9543.8,525.4,497.6,507.6,NO,0,0,0
20.4,9534.2,-9580.4,486.7,534.8,480.0,NO,0,0,0
-1.3,476.5,-473.0,4037.3,4220.6,4106.3,LLL,4,4,1
0.2,94.3,-94.4,4885.7,5082.2,5248.1,LLLG,5,5,1
-21.4,2822.2,-9453.7,2087.7,2072.5,515.3,LL,2,2,0
-0.7,95.9,-95.0,4689.5,5123.4,5371.9,LLLG,5,5,1
1.5,2850.0,-9582.2,2146.7,2011.6,492.4,LL,2,2,0
-25.7,2861.9,-9504.6,1908.9,2014.4,487.3,LL,2,2,0
-5.7,2849.3,-9555.1,1901.7,2038.0,516.7,LL,2,2,0
5.1,9530.7,-9512.7,2574.2,480.9,543.0,LG,1,1,0
58.5,9462.3,-9512.7,443.9,535.6,523.9,NO,0,0,0
-1.2,2887.2,-9545.8,2042.3,2012.2,488.6,LL,2,2,0
1.8,478.9,-475.0,4267.6,4052.1,3931.6,LLL,4,4,1
-0.6,478.4,-472.7,3759.5,4158.0,3908.9,LLL,4,4,1
14.8,9502.1,-9472.8,491.5,530.2,466.4,NO,0,0,0
-69.4,9538.0,-9517.5,504.3,511.6,489.7,NO,0,0,0
-0.6,95.5,-96.2,4929.1,4879.9,5191.3,LLLG,5,5,1
59.5,9604.8,-9555.4,482.0,506.8,478.4,NO,0,0,0
-37.4,9483.9,-9576.4,528.5,493.6,500.5,NO,0,0,0
0.9,9509.2,-9594.2,2617.2,542.7,479.6,LG,1,1,0
1.3,474.2,-477.3,3907.7,4259.3,4004.7,LLL,4,4,1
-32.8,9538.0,-9538.9,526.0,503.3,499.2,NO,0,0,0
0.0,95.5,-95.1,4920.8,5200.3,4928.4,LLLG,5,5,1
1.7,952.2,-9509.1,3044.9,2493.4,520.7,LLG,3,3,0
53.8,9461.8,-9436.1,512.7,503.6,489.9,NO,0,0,0
0.6,475.0,-475.8,4165.8,4180.9,4194.7,LLL,4,4,1
5.6,2845.8,-9478.9,1998.3,1986.6,534.2,LL,2,2,0
-8.4,9557.4,-9556.7,2684.2,494.9,517.0,LG,1,1,0
4.6,961.7,-9430.1,2887.0,2511.7,513.6,LLG,3,3,0
-2.5,478.4,-479.2,4095.5,3835.2,4204.0,LLL,4,4,1
-6.0,9625.1,-9591.8,475.8,508.0,484.3,NO,0,0,0
-6.2,9501.5,-9540.5,2471.9,487.4,477.6,LG,1,1,0
3.8,9602.2,-9494.3,2392.8,518.9,494.5,LG,1,1,0
2.9,475.9,-473.1,3739.0,4240.9,4003.8,LLL,4,4,1
2.1,476.5,-478.4,3935.5,4331.3,4019.1,LLL,4,4,1
-2.6,474.8,-476.8,4066.7,3979.7,4136.9,LLL,4,4,1
-42.3,9502.9,-9584.0,516.2,523.2,491.7,NO,0,0,0
-2.1,945.8,-9624.2,2899.8,2342.1,461.7,LLG,3,3,0
-1.9,474.9,-476.0,4003.2,3936.0,3955.8,LLL,4,4,1
-33.0,2875.6,-9423.2,2048.5,1930.2,518.3,LL,2,2,0
1.0,9483.7,-9613.4,485.9,503.1,510.3,NO,0,0,0
1.7,477.4,-479.8,3954.3,4018.1,3825.0,LLL,4,4,1
0.4,95.9,-94.9,4961.4,5018.0,4674.4,LLLG,5,5,1
66.6,9493.3,-9526.2,513.4,493.0,471.2,NO,0,0,0
2.1,480.6,-475.3,4103.6,3972.8,4071.0,LLL,4,4,1
-89.9,9491.5,-9482.6,497.6,466.6,511.0,NO,0,0,0
6.7,9496.5,-9518.9,2637.2,485.1,510.8,LG,1,1,0
-11.3,9593.1,-9555.0,498.1,476.7,515.2,NO,0,0,0
1.1,954.3,-9516.1,2784.8,2540.4,512.2,LLG,3,3,0
2.1,474.9,-478.3,3983.3,4342.4,3999.5,LLL,4,4,1
9.3,9506.3,-9589.1,2465.4,503.2,498.1,LG,1,1,0
26.6,9485.1,-9456.9,499.8,481.0,511.8,NO,0,0,0
3.3,2859.4,-9460.2,2115.3,1807.5,516.5,LL,2,2,0
-99.4,9549.6,-9511.7,516.0,502.7,516.5,NO,0,0,0
30.9,9511.2,-9499.4,528.9,472.0,509.5,NO,0,0,0
-41.0,2841.7,-9550.8,2046.5,1902.5,470.9,LL,2,2,0
26.8,9548.5,-9519.8,531.4,510.3,514.3,NO,0,0,0
77.4,9618.8,-9421.8,506.9,512.0,494.4,NO,0,0,0
-3.2,9521.2,-9519.8,2763.2,522.2,497.1,LG,1,1,0
-0.2,96.3,-94.7,4764.5,4644.3,4961.6,LLLG,5,5,1
2.2,950.2,-9424.6,2835.7,2272.2,512.9,LLG,3,3,0
-71.5,9578.8,-9535.1,522.4,521.3,498.0,NO,0,0,0
3.0,945.1,-9458.8,2980.5,2476.4,519.6,LLG,3,3,0
-0.3,94.0,-95.0,5113.6,4834.3,4764.4,LLLG,5,5,1
-2.2,474.0,-476.3,4192.5,3976.3,4122.4,LLL,4,4,1
-3.0,2843.1,-9561.1,1900.2,1952.8,519.4,LL,2,2,0
-1.5,480.4,-473.5,3483.4,4045.9,4164.2,LLL,4,4,1
-37.6,9686.5,-9555.9,495.0,485.4,501.8,NO,0,0,0
10.0,9482.5,-9577.4,2525.3,504.5,473.6,LG,1,1,0
2.1,2835.0,-9556.1,1857.2,1998.2,495.5,LL,2,2,0
-4.2,948.3,-9445.8,3132.5,2604.8,516.1,LLG,3,3,0
6.4,475.2,-475.4,3993.1,4235.9,4305.7,LLL,4,4,1
27.6,9551.6,-9422.1,497.5,532.7,519.6,NO,0,0,0
7.7,9518.3,-9490.8,2376.7,528.0,473.8,LG,1,1,0
-3.2,479.5,-475.9,4220.9,4099.5,4050.1,LLL,4,4,1
-5.5,949.6,-9526.0,3070.4,2529.7,498.7,LLG,3,3,0
0.5,474.3,-476.2,4242.0,4213.1,4013.5,LLL,4,4,1
3.6,478.4,-474.0,3966.0,4143.3,4020.9,LLL,4,4,1
25.0,2833.8,-9492.3,1935.9,2094.8,472.1,LL,2,2,0
4.3,473.7,-477.7,4213.3,4036.2,4047.7,LLL,4,4,1
16.2,2848.5,-9564.4,1923.7,1928.7,508.3,LL,2,2,0
-2.2,475.1,-481.7,4078.5,4001.0,4206.3,LLL,4,4,1
2.8,2881.3,-9558.4,1938.8,2006.6,478.8,LL,2,2,0
1.2,475.3,-478.2,3821.6,3924.8,4018.9,LLL,4,4,1
-12.9,2852.9,-9507.5,1949.4,1918.3,496.6,LL,2,2,0
-0.3,94.9,-95.8,4875.3,5008.1,4963.8,LLLG,5,5,1
1.2,9578.3,-9529.4,509.4,457.4,501.8,NO,0,0,0
0.9,94.3,-95.7,4889.4,4584.8,5026.3,LLLG,5,5,1
-0.6,94.8,-94.4,4960.1,5178.9,5328.9,LLLG,5,5,1
-9.1,952.2,-9513.6,3032.7,2382.2,509.4,LLG,3,3,0
-1.3,473.8,-479.0,4027.5,3847.2,3910.1,LLL,4,4,1
-6.7,2847.0,-9553.3,1903.4,1940.4,503.3,LL,2,2,0
2.3,472.2,-479.5,4077.9,4029.9,4088.2,LLL,4,4,1
0.8,95.3,-95.4,4730.0,5052.8,4790.6,LLLG,5,5,1
3.4,9523.6,-9512.0,478.9,504.5,478.5,NO,0,0,0
-84.5,9598.3,-9496.3,482.2,503.2,519.7,NO,0,0,0
-4.3,9466.5,-9514.7,2567.7,470.4,515.4,LG,1,1,0
-6.0,9481.3,-9494.3,2495.4,503.7,522.8,LG,1,1,0
10.9,947.7,-9573.5,3098.3,2509.1,523.7,LLG,3,3,0
15.7,2876.5,-9584.0,2076.4,1987.9,487.4,LL,2,2,0
-3.8,476.3,-479.0,3960.3,4091.2,3800.9,LLL,4,4,1
57.8,9580.5,-9621.7,510.0,497.8,495.5,NO,0,0,0
31.8,9561.9,-9502.8,499.3,471.6,524.4,NO,0,0,0
8.1,9565.6,-9616.8,497.2,470.1,508.9,NO,0,0,0
-5.6,476.6,-474.6,4285.0,4039.8,4260.9,LLL,4,4,1
-23.1,9494.4,-9441.0,487.9,492.0,542.4,NO,0,0,0
52.7,9466.4,-9519.2,473.0,493.9,507.7,NO,0,0,0
5.0,949.3,-9571.9,2966.3,2576.8,495.9,LLG,3,3,0
13.0,2862.4,-9583.1,1910.5,1872.6,539.3,LL,2,2,0
0.6,2834.6,-9613.9,1928.3,1919.6,492.0,LL,2,2,0
0.7,9477.9,-9543.1,2477.9,455.2,492.2,LG,1,1,0
0.5,95.5,-95.4,5656.6,4685.3,5111.5,LLLG,5,5,1
3.3,9539.6,-9449.0,2507.9,498.5,505.1,LG,1,1,0
-15.4,9538.1,-9481.3,522.2,467.5,508.6,NO,0,0,0
9.0,945.2,-9555.0,3177.2,2759.2,476.5,LLG,3,3,0
1.0,949.8,-9552.8,3044.8,2467.8,493.6,LLG,3,3,0
-1.7,476.2,-477.1,3744.4,4135.4,3957.3,LLL,4,4,1
0.5,2850.9,-9560.6,2068.8,2048.9,529.4,LL,2,2,0
-1.4,951.3,-9489.1,3018.6,2261.8,463.2,LLG,3,3,0
0.9,477.6,-478.0,3784.8,3849.2,3738.4,LLL,4,4,1
-1.9,476.1,-473.1,3920.9,3791.5,4180.3,LLL,4,4,1
56.5,9545.1,-9495.6,497.8,495.9,499.4,NO,0,0,0
29.3,9518.5,-9546.2,502.9,497.1,498.5,NO,0,0,0
4.5,9565.4,-9566.7,2472.5,500.7,512.3,LG,1,1,0
2.5,477.5,-474.1,3916.1,4124.1,4065.4,LLL,4,4,1
-11.0,947.1,-9505.6,3116.6,2580.3,517.9,LLG,3,3,0
58.6,9570.8,-9516.8,475.8,500.5,509.2,NO,0,0,0
21.3,9464.3,-9533.7,495.2,509.5,477.1,NO,0,0,0
0.0,9481.7,-9529.8,2548.5,496.5,520.7,LG,1,1,0
87.6,9450.1,-9537.7,490.7,518.1,471.0,NO,0,0,0
24.6,9617.1,-9489.6,468.1,515.2,454.6,NO,0,0,0
-28.0,9458.1,-9501.4,458.8,487.2,485.7,NO,0,0,0
-9.1,2840.6,-9418.7,2011.9,1886.4,510.6,LL,2,2,0
21.3,2862.5,-9496.5,1966.9,1934.8,526.1,LL,2,2,0
28.5,9462.6,-9587.9,554.3,486.2,525.6,NO,0,0,0
-0.1,476.7,-474.1,4158.3,4042.7,3919.0,LLL,4,4,1
108.0,9471.3,-9504.3,503.9,522.9,516.6,NO,0,0,0
3.7,2843.8,-9628.6,1770.5,1962.0,479.7,LL,2,2,0
-2.9,2862.9,-9544.7,1983.0,1974.1,523.5,LL,2,2,0
85.2,9607.8,-9516.5,502.4,523.3,503.4,NO,0,0,0
2.4,9483.0,-9536.0,2530.7,501.9,510.7,LG,1,1,0
-5.3,9559.6,-9486.3,2532.8,497.0,504.6,LG,1,1,0
-0.8,477.1,-474.0,4062.7,4189.2,4038.3,LLL,4,4,1
3.8,473.1,-478.4,4186.0,3948.6,4015.5,LLL,4,4,1
-12.9,9509.3,-9542.8,491.3,500.2,457.4,NO,0,0,0
-7.8,9496.0,-9555.5,484.0,523.6,515.2,NO,0,0,0
-4.9,9622.6,-9489.3,511.1,489.4,523.1,NO,0,0,0
-67.9,9518.7,-9476.1,508.6,519.0,502.7,NO,0,0,0
-0.5,480.9,-476.9,3769.4,4077.5,4108.1,LLL,4,4,1
2.3,478.3,-478.5,3894.5,4112.6,4048.0,LLL,4,4,1
0.8,954.2,-9552.9,2962.7,2424.3,501.9,LLG,3,3,0
0.5,95.1,-96.2,5175.1,5157.7,5190.9,LLLG,5,5,1
-35.8,9573.1,-9555.0,514.2,445.2,514.4,NO,0,0,0
-0.1,945.2,-9561.2,3074.2,2555.6,498.2,LLG,3,3,0
10.3,9588.5,-9496.4,461.4,493.7,472.3,NO,0,0,0
3.3,9558.6,-9452.3,2433.4,486.1,494.7,LG,1,1,0
-1.6,953.7,-9529.1,2837.6,2601.0,476.6,LLG,3,3,0
-4.6,474.2,-472.7,3963.3,4094.5,4026.5,LLL,4,4,1
-22.2,9452.0,-9581.2,506.3,517.7,489.4,NO,0,0,0
-3.0,2839.8,-9560.9,1933.6,2021.1,496.5,LL,2,2,0
-31.4,9496.0,-9653.1,526.4,451.0,473.8,NO,0,0,0
-6.4,9583.5,-9600.7,505.5,528.9,509.6,NO,0,0,0
-22.2,2870.0,-9418.5,2067.7,2027.7,495.8,LL,2,2,0
-2.9,478.5,-472.4,3900.1,4254.4,4450.2,LLL,4,4,1
31.3,9500.6,-9636.9,505.7,489.6,499.4,NO,0,0,0
10.9,9438.4,-9513.6,545.4,492.2,489.4,NO,0,0,0
-0.3,95.1,-95.0,4897.6,5029.9,5068.5,LLLG,5,5,1
25.1,2853.1,-9539.6,2099.5,2056.4,498.6,LL,2,2,0
3.3,479.2,-472.8,3974.7,3900.5,4039.2,LLL,4,4,1
24.0,9582.8,-9512.4,529.7,479.0,481.9,NO,0,0,0
57.6,9528.7,-9497.4,501.4,496.6,492.9,NO,0,0,0
9.3,9563.9,-9629.7,489.4,489.4,524.0,NO,0,0,0
-0.6,95.1,-95.9,5239.1,5288.7,5060.5,LLLG,5,5,1
-42.2,9511.5,-9560.9,502.3,543.9,493.4,NO,0,0,0
-38.3,9580.3,-9467.4,529.9,510.1,496.0,NO,0,0,0
-1.2,9526.5,-9487.0,2608.9,488.2,525.5,LG,1,1,0
0.9,95.1,-95.8,5219.2,5254.8,5140.9,LLLG,5,5,1
-6.9,2853.9,-9497.2,2183.8,2187.4,515.0,LL,2,2,0
0.5,96.4,-94.7,4990.3,5018.4,5134.6,LLLG,5,5,1
45.4,9509.5,-9497.4,494.7,490.3,501.4,NO,0,0,0
-0.1,474.6,-475.1,3882.5,3939.5,4024.8,LLL,4,4,1
7.1,945.0,-9478.5,2937.9,2632.5,484.1,LLG,3,3,0
-20.2,2843.3,-9569.1,1931.2,2127.0,502.7,LL,2,2,0
0.2,95.7,-94.5,5137.2,5191.6,4789.5,LLLG,5,5,1
5.0,2867.3,-9586.5,2044.7,1963.4,529.3,LL,2,2,0
-1.3,9552.1,-9531.6,2613.3,480.5,501.7,LG,1,1,0
-3.0,947.3,-9490.6,2963.9,2415.4,500.5,LLG,3,3,0
72.6,9547.3,-9460.6,503.2,493.9,477.0,NO,0,0,0
-4.3,2848.7,-9531.1,2170.0,2022.7,519.4,LL,2,2,0
18.3,9509.0,-9523.2,523.6,522.8,489.7,NO,0,0,0
-5.1,9464.0,-9471.6,2528.3,511.1,478.3,LG,1,1,0
32.2,9470.7,-9511.2,520.4,480.1,527.1,NO,0,0,0
55.2,9602.3,-9567.9,513.3,478.0,503.8,NO,0,0,0
12.4,9626.2,-9515.5,492.0,487.9,474.0,NO,0,0,0
1.1,953.4,-9575.2,2830.2,2528.0,481.9,LLG,3,3,0
-23.3,9457.2,-9554.0,516.7,485.3,477.4,NO,0,0,0
6.9,9596.0,-9549.2,531.8,546.0,489.3,NO,0,0,0
-1.1,2856.6,-9490.4,2030.8,1911.2,475.4,LL,2,2,0
-59.3,9531.9,-9408.9,487.6,519.2,461.7,NO,0,0,0
0.3,95.4,-95.1,5161.0,4944.7,5158.3,LLLG,5,5,1
4.0,473.0,-476.1,3979.1,4202.7,3993.1,LLL,4,4,1
-10.8,958.4,-9626.3,3211.7,2454.4,516.2,LLG,3,3,0
-1.8,940.3,-9433.9,3056.5,2469.7,522.2,LLG,3,3,0
87.8,9622.5,-9465.6,478.6,505.7,502.9,NO,0,0,0
0.5,95.9,-95.7,5362.1,5178.5,4760.5,LLLG,5,5,1
7.4,2844.8,-9488.2,1961.6,1934.9,462.1,LL,2,2,0
-0.9,954.6,-9460.3,3039.1,2619.0,493.3,LLG,3,3,0
10.6,2849.7,-9542.2,1954.4,2028.9,499.8,LL,2,2,0
6.0,951.1,-9506.0,2851.6,2266.6,511.1,LLG,3,3,0
-8.6,477.3,-482.0,3480.7,3890.3,4239.2,LLL,4,4,1
-3.8,473.0,-478.3,3830.7,4089.0,4034.3,LLL,4,4,1
-24.3,9534.6,-9448.2,475.8,507.3,474.3,NO,0,0,0
-3.6,939.6,-9562.5,3058.6,2397.8,520.5,LLG,3,3,0
-44.9,9515.2,-9596.8,519.3,521.1,477.0,NO,0,0,0
-14.8,2869.6,-9508.8,2086.6,2097.2,530.9,LL,2,2,0
1.5,476.8,-483.4,3958.8,3696.7,3950.8,LLL,4,4,1
0.5,95.5,-95.5,5012.0,4653.8,5018.9,LLLG,5,5,1
-11.1,942.0,-9442.6,2929.0,2524.6,504.1,LLG,3,3,0
-6.1,9589.5,-9547.4,2424.2,547.8,470.1,LG,1,1,0
-1.5,2846.5,-9466.7,1969.0,1949.3,481.3,LL,2,2,0
0.1,9542.6,-9479.6,2507.5,520.9,480.6,LG,1,1,0
11.7,9576.8,-9499.9,487.7,482.4,494.5,NO,0,0,0
2.0,475.0,-474.1,4094.1,4128.8,3698.7,LLL,4,4,1
13.2,2853.0,-9492.3,2061.5,2114.6,482.2,LL,2,2,0
-1.3,476.5,-476.2,3846.5,3871.3,4111.1,LLL,4,4,1
89.0,9524.0,-9654.8,464.3,478.6,499.2,NO,0,0,0
95.5,9493.3,-9580.3,504.1,498.7,468.6,NO,0,0,0
-9.7,9496.2,-9569.8,480.8,524.1,454.5,NO,0,0,0
-10.5,9583.4,-9564.4,480.5,453.7,482.9,NO,0,0,0
-24.1,2862.2,-9497.3,1999.3,2054.2,511.7,LL,2,2,0
17.1,9437.9,-9584.3,487.5,498.7,510.5,NO,0,0,0
4.0,9472.2,-9548.2,2621.1,519.7,502.3,LG,1,1,0
-6.6,2851.2,-9463.3,1940.5,2021.7,482.4,LL,2,2,0
30.6,9395.4,-9518.6,525.5,513.3,511.1,NO,0,0,0
0.7,9488.2,-9526.2,2784.6,516.7,496.2,LG,1,1,0
0.7,477.5,-476.0,3954.4,3849.7,3994.9,LLL,4,4,1
-20.9,2844.3,-9562.6,2169.2,2109.4,477.8,LL,2,2,0
-54.8,9520.3,-9527.8,491.0,538.7,548.1,NO,0,0,0
2.8,2878.6,-9574.9,1940.4,1845.7,495.1,LL,2,2,0
1.9,952.4,-9582.5,2897.9,2476.0,529.7,LLG,3,3,0
33.1,9608.8,-9489.1,468.0,486.0,489.0,NO,0,0,0
-27.0,9545.3,-9555.8,486.4,472.3,496.3,NO,0,0,0
0.3,96.0,-95.0,4776.7,5228.9,4611.1,LLLG,5,5,1
21.4,9482.6,-9539.5,476.6,488.9,489.8,NO,0,0,0
6.3,9590.5,-9474.9,2624.3,485.8,484.9,LG,1,1,0
0.9,477.3,-473.0,4020.4,4078.6,4155.4,LLL,4,4,1
-0.3,95.0,-94.9,4829.6,4677.7,4973.7,LLLG,5,5,1
-50.0,9492.3,-9570.6,492.4,507.8,505.5,NO,0,0,0
0.8,471.5,-474.5,4424.9,3960.5,4277.0,LLL,4,4,1
-8.5,2831.4,-9517.2,1960.2,1765.9,482.3,LL,2,2,0
0.0,473.6,-473.2,4086.3,4126.5,3906.8,LLL,4,4,1
2.1,9511.5,-9504.5,494.0,475.0,511.1,NO,0,0,0
0.5,480.8,-478.2,3744.3,4131.6,4095.1,LLL,4,4,1
-2.0,954.7,-9529.1,3216.5,2437.9,501.9,LLG,3,3,0
-34.9,9542.7,-9526.7,514.1,490.8,494.5,NO,0,0,0
82.4,9582.1,-9546.8,512.9,465.2,525.8,NO,0,0,0
-1.6,9520.2,-9518.4,453.7,488.6,496.0,NO,0,0,0
-5.7,2844.9,-9468.9,1918.1,2134.4,491.2,LL,2,2,0
1.3,476.0,-479.9,4233.8,3639.3,4022.4,LLL,4,4,1
-0.9,955.9,-9513.7,2875.3,2639.3,454.4,LLG,3,3,0
2.4,473.6,-473.3,4259.7,4167.2,4027.9,LLL,4,4,1
46.8,9557.5,-9548.1,507.7,499.9,483.6,NO,0,0,0
0.3,95.3,-95.9,5307.7,5048.6,4990.5,LLLG,5,5,1
-0.3,958.9,-9520.2,3003.1,2410.2,499.1,LLG,3,3,0
-13.6,9543.8,-9579.3,531.0,466.5,473.1,NO,0,0,0
-8.2,955.0,-9556.5,2939.1,2515.9,469.9,LLG,3,3,0
0.5,94.5,-94.7,5090.0,5065.8,5012.8,LLLG,5,5,1
-0.2,94.8,-95.3,4958.1,4995.0,4643.6,LLLG,5,5,1
1.3,9496.1,-9600.8,2400.0,499.6,514.1,LG,1,1,0
15.3,2848.0,-9522.6,1893.6,2042.5,456.5,LL,2,2,0
-27.0,9525.5,-9590.6,493.2,476.1,524.9,NO,0,0,0
-0.3,95.1,-95.1,4730.9,4954.9,4954.8,LLLG,5,5,1
-28.3,9541.6,-9513.8,496.8,484.6,488.3,NO,0,0,0
-0.1,476.2,-477.0,4153.3,4049.4,3885.8,LLL,4,4,1
-26.6,9452.2,-9532.4,513.4,476.4,473.2,NO,0,0,0
-3.8,2843.7,-9436.0,1989.4,1941.4,492.3,LL,2,2,0
-8.1,952.5,-9518.6,2944.0,2393.4,532.4,LLG,3,3,0
-4.7,954.5,-9510.2,3087.2,2446.6,490.3,LLG,3,3,0
5.2,952.5,-9518.8,3032.7,2512.8,502.5,LLG,3,3,0
7.2,2863.1,-9495.4,2113.0,2003.6,495.7,LL,2,2,0
-4.0,953.7,-9562.8,3049.2,2533.3,482.0,LLG,3,3,0
-8.8,9591.2,-9557.1,2464.4,454.1,481.7,LG,1,1,0
-1.5,474.3,-472.3,4185.8,3693.6,4286.3,LLL,4,4,1
-0.4,476.8,-477.1,3838.6,3785.5,3833.8,LLL,4,4,1
5.1,474.1,-476.9,4100.8,3982.7,4164.1,LLL,4,4,1
1.6,952.6,-9592.7,3054.3,2593.1,469.7,LLG,3,3,0
-0.0,480.6,-475.6,3859.5,4287.3,3821.1,LLL,4,4,1
-62.5,9444.6,-9446.7,509.7,489.7,449.6,NO,0,0,0
43.4,9539.9,-9549.1,529.3,487.5,502.2,NO,0,0,0
-3.9,9573.8,-9505.8,510.4,501.6,458.8,NO,0,0,0
-2.0,9528.7,-9499.0,2520.3,454.9,519.2,LG,1,1,0
-41.9,9470.2,-9539.7,507.0,497.3,502.0,NO,0,0,0
0.2,96.1,-95.0,5150.9,5114.5,5189.0,LLLG,5,5,1
0.2,95.6,-94.1,4844.1,4816.8,5257.0,LLLG,5,5,1
-1.5,9471.9,-9575.7,2527.1,506.2,511.5,LG,1,1,0
2.7,953.7,-9532.0,2821.0,2553.0,517.3,LLG,3,3,0
1.6,479.8,-474.7,3987.5,4184.1,4203.9,LLL,4,4,1
2.8,9486.6,-9526.6,2460.7,471.3,489.8,LG,1,1,0
-5.3,9522.8,-9576.4,2471.1,531.8,509.6,LG,1,1,0
-6.1,9512.1,-9462.5,2466.0,496.8,515.7,LG,1,1,0
-1.1,474.7,-474.3,3986.2,3997.7,3977.9,LLL,4,4,1
-16.9,2836.9,-9583.1,1984.4,2115.1,474.2,LL,2,2,0
-0.6,476.1,-476.1,4020.4,4141.0,3933.9,LLL,4,4,1
-4.5,949.9,-9606.7,2815.7,2457.8,463.7,LLG,3,3,0
65.8,9423.5,-9486.4,502.4,498.2,516.1,NO,0,0,0
-0.7,95.7,-94.9,4719.3,4714.4,5114.8,LLLG,5,5,1
26.0,9523.8,-9614.4,501.1,535.9,496.7,NO,0,0,0
1.6,957.0,-9530.9,2684.5,2419.5,523.1,LLG,3,3,0
39.9,9557.8,-9561.9,513.4,519.6,501.3,NO,0,0,0
-27.0,9492.0,-9512.5,492.0,496.0,529.1,NO,0,0,0
0.7,95.8,-96.6,4715.1,5336.2,4834.0,LLLG,5,5,1
0.6,9570.4,-9460.7,2646.2,541.9,513.5,LG,1,1,0
15.8,2868.6,-9558.9,2103.1,2017.5,504.7,LL,2,2,0
-4.9,945.6,-9488.4,2698.7,2327.5,543.9,LLG,3,3,0
-0.0,95.2,-96.1,4796.4,5175.7,4936.9,LLLG,5,5,1
-1.9,474.4,-475.2,3993.2,3851.3,3851.2,LLL,4,4,1
-7.7,2904.0,-9621.6,2013.9,2006.9,489.1,LL,2,2,0
23.4,9530.5,-9607.6,485.4,493.5,488.0,NO,0,0,0
-0.5,478.7,-477.0,4008.4,4153.2,4071.6,LLL,4,4,1
-1.4,955.0,-9592.3,2889.3,2318.0,509.0,LLG,3,3,0
-1.8,475.4,-474.7,3559.1,3890.2,4026.8,LLL,4,4,1
0.2,94.7,-95.3,5024.3,4947.1,5177.9,LLLG,5,5,1
-3.8,942.9,-9552.8,3025.9,2600.7,480.5,LLG,3,3,0
2.9,478.0,-479.5,3902.0,4210.4,4139.1,LLL,4,4,1
106.8,9562.7,-9577.3,455.0,509.0,483.9,NO,0,0,0
17.6,9481.0,-9500.0,483.0,519.3,532.1,NO,0,0,0
-1.2,948.9,-9562.1,2916.6,2478.0,509.4,LLG,3,3,0
-4.5,9534.1,-9569.9,2668.6,512.8,518.7,LG,1,1,0
-2.0,476.2,-475.6,3840.6,4317.8,3993.0,LLL,4,4,1
5.7,9495.3,-9541.0,2576.1,486.2,520.6,LG,1,1,0
1.3,9465.7,-9495.3,2491.3,511.2,515.1,LG,1,1,0
0.3,473.4,-482.4,4091.0,3934.1,3940.4,LLL,4,4,1
-0.0,9522.4,-9577.8,2559.4,507.9,482.5,LG,1,1,0
-0.7,474.2,-476.7,3958.2,3659.4,4218.1,LLL,4,4,1
-3.5,958.5,-9535.5,3073.3,2443.8,498.8,LLG,3,3,0
2.8,479.3,-474.9,3769.5,3685.5,3991.1,LLL,4,4,1
-4.2,476.1,-477.0,4146.5,3564.0,3909.1,LLL,4,4,1
-2.8,953.0,-9421.7,2864.4,2461.2,498.9,LLG,3,3,0
2.1,945.6,-9473.1,2983.5,2472.3,493.8,LLG,3,3,0
-1.5,9511.5,-9486.9,488.8,465.8,469.8,NO,0,0,0
-2.3,2845.7,-9467.0,2026.8,1886.3,502.8,LL,2,2,0
-2.9,9534.3,-9586.3,2452.6,510.1,465.5,LG,1,1,0
-13.0,2845.0,-9510.4,1943.9,1948.8,502.5,LL,2,2,0
-0.1,94.8,-95.4,5275.9,4716.6,5023.4,LLLG,5,5,1
2.8,478.4,-478.9,4091.2,3985.1,3739.2,LLL,4,4,1
5.5,957.0,-9524.9,3149.1,2513.2,484.3,LLG,3,3,0
20.6,9585.1,-9508.9,476.6,472.7,508.5,NO,0,0,0
5.5,477.8,-473.8,3962.0,3955.3,3992.9,LLL,4,4,1
-0.9,9589.4,-9545.3,2407.0,505.3,527.2,LG,1,1,0
67.1,9528.1,-9581.8,530.1,535.6,496.2,NO,0,0,0
0.7,9577.7,-9467.7,2397.0,496.5,531.1,LG,1,1,0
3.2,942.5,-9576.2,3000.7,2526.9,497.5,LLG,3,3,0
1.9,477.9,-478.4,4091.8,4031.2,4158.6,LLL,4,4,1
0.3,96.2,-95.3,4790.7,4861.5,5170.1,LLLG,5,5,1
1.7,9517.5,-9611.6,2261.1,535.2,563.8,LG,1,1,0
-45.2,9507.5,-9511.8,504.6,483.0,504.3,NO,0,0,0
0.3,95.8,-95.5,4681.0,4948.1,5113.3,LLLG,5,5,1
-0.7,95.3,-95.0,4915.1,5255.8,5218.9,LLLG,5,5,1
-3.5,475.0,-477.1,4267.0,4043.2,4174.5,LLL,4,4,1
0.9,9549.0,-9525.0,2587.0,490.3,518.2,LG,1,1,0
50.2,9448.5,-9487.6,500.4,511.2,479.6,NO,0,0,0
-5.7,9566.9,-9549.2,531.8,498.4,486.0,NO,0,0,0
-5.0,9482.1,-9494.8,2453.7,478.9,508.8,LG,1,1,0
-66.8,9562.4,-9544.9,489.2,521.5,492.8,NO,0,0,0
-7.8,9561.1,-9521.5,528.0,511.3,507.5,NO,0,0,0
0.7,95.2,-94.9,4671.6,4890.0,4943.4,LLLG,5,5,1
0.1,95.7,-95.7,5310.6,4793.1,5366.3,LLLG,5,5,1
-8.6,9491.8,-9535.7,482.1,500.3,483.1,NO,0,0,0
-8.3,9514.9,-9491.9,522.3,502.7,497.2,NO,0,0,0
7.3,9458.2,-9637.0,500.2,505.9,482.8,NO,0,0,0
-0.2,952.0,-9480.4,3220.3,2459.2,521.6,LLG,3,3,0
-16.7,2864.9,-9548.1,1814.5,2115.4,495.0,LL,2,2,0
3.2,2882.5,-9539.4,2004.9,2005.7,488.8,LL,2,2,0
0.6,476.9,-473.4,4045.3,4020.8,4112.9,LLL,4,4,1
1.2,479.5,-475.6,3998.3,3925.6,3752.1,LLL,4,4,1
-25.5,9594.8,-9622.7,494.6,521.7,480.0,NO,0,0,0
25.6,2838.9,-9532.1,2024.7,2109.6,483.7,LL,2,2,0
3.9,9550.5,-9568.1,2692.5,507.5,499.5,LG,1,1,0
-78.6,9410.0,-9544.0,474.5,488.4,485.6,NO,0,0,0
-36.6,9510.5,-9542.2,526.3,488.7,492.4,NO,0,0,0
-39.8,9548.7,-9591.3,477.1,493.5,498.8,NO,0,0,0
19.9,2858.5,-9531.1,2076.6,1956.9,522.1,LL,2,2,0
-0.7,95.2,-95.3,5019.1,4753.2,5275.4,LLLG,5,5,1
-0.6,949.5,-9558.5,2714.8,2458.8,484.6,LLG,3,3,0
0.4,955.8,-9521.7,2954.5,2399.5,531.6,LLG,3,3,0
2.3,474.7,-480.3,4182.4,4217.5,3879.5,LLL,4,4,1
5.3,478.6,-476.0,3778.2,3812.6,4331.6,LLL,4,4,1
-6.0,2866.0,-9518.2,2011.6,1987.0,508.8,LL,2,2,0
-95.9,9434.9,-9493.1,517.5,476.8,503.8,NO,0,0,0
-0.6,95.9,-95.8,5218.0,5128.4,5034.1,LLLG,5,5,1
-18.8,9492.8,-9510.7,525.1,507.5,513.2,NO,0,0,0
3.6,949.6,-9547.9,2995.3,2536.6,503.8,LLG,3,3,0
4.0,2855.2,-9602.8,2014.2,1869.9,513.7,LL,2,2,0
-32.9,9611.6,-9614.9,495.0,487.2,487.1,NO,0,0,0
15.5,2881.9,-9464.4,2019.4,1899.6,522.7,LL,2,2,0
5.1,943.5,-9530.9,2802.8,2570.7,490.3,LLG,3,3,0
-13.5,2868.0,-9545.3,1916.1,1970.4,533.2,LL,2,2,0
-36.0,9490.9,-9444.6,497.4,479.4,495.5,NO,0,0,0
-0.1,949.6,-9524.1,2988.4,2488.6,495.1,LLG,3,3,0
17.6,9569.9,-9585.6,518.4,480.8,482.3,NO,0,0,0
15.9,9474.8,-9500.9,496.3,478.8,488.4,NO,0,0,0
-1.2,476.0,-475.8,3966.2,3938.7,3950.4,LLL,4,4,1
0.8,478.3,-475.4,3987.0,4297.7,4405.3,LLL,4,4,1
-5.0,2851.3,-9532.9,2016.8,2074.5,503.3,LL,2,2,0
4.6,475.8,-475.6,4324.7,4080.3,3838.9,LLL,4,4,1
-90.0,9593.6,-9545.5,507.3,500.0,521.8,NO,0,0,0
0.9,475.7,-472.8,3912.3,4424.4,4135.4,LLL,4,4,1
-14.4,2830.3,-9600.4,1948.3,1868.2,491.1,LL,2,2,0
-0.7,94.9,-94.5,5217.4,4737.0,5182.4,LLLG,5,5,1
-1.3,481.0,-476.0,3910.0,3865.6,3840.4,LLL,4,4,1
-1.7,9590.2,-9561.5,2621.3,523.6,490.9,LG,1,1,0
-0.3,95.8,-94.3,4995.4,4614.8,5100.1,LLLG,5,5,1
60.8,2872.8,-9538.7,2042.2,2085.4,528.2,LL,2,2,0
4.1,9551.5,-9494.5,493.2,507.3,497.1,NO,0,0,0
5.1,2858.0,-9546.2,1931.8,2023.1,488.3,LL,2,2,0
-2.4,947.6,-9557.9,3006.8,2614.1,466.6,LLG,3,3,0
-3.4,478.7,-472.8,3980.7,4057.6,4151.4,LLL,4,4,1
27.7,9510.5,-9523.9,502.5,527.8,486.9,NO,0,0,0
34.9,9535.1,-9461.1,502.9,503.9,520.5,NO,0,0,0
-2.0,9428.4,-9512.9,489.9,497.1,521.4,NO,0,0,0
-1.5,476.3,-480.2,3735.2,4383.0,4087.8,LLL,4,4,1
0.5,956.9,-9507.7,3190.5,2600.9,516.4,LLG,3,3,0
3.9,478.6,-479.3,4053.9,3902.9,4023.6,LLL,4,4,1
-0.7,95.0,-95.4,4781.7,5122.5,4781.5,LLLG,5,5,1
-64.6,9529.2,-9482.9,498.2,443.1,526.8,NO,0,0,0
0.1,95.1,-95.8,5307.4,4950.4,5305.4,LLLG,5,5,1
-65.3,9511.5,-9619.4,485.2,498.0,502.5,NO,0,0,0
-7.7,9575.1,-9542.0,2353.6,499.8,488.2,LG,1,1,0
21.8,9501.4,-9577.3,530.0,504.1,484.4,NO,0,0,0
1.1,475.6,-476.2,3803.3,4084.4,3759.0,LLL,4,4,1
0.6,95.4,-95.5,5101.4,4825.3,4992.3,LLLG,5,5,1
1.5,475.1,-477.5,4035.9,4066.0,4352.6,LLL,4,4,1
2.5,2870.2,-9557.6,1996.2,1929.3,502.0,LL,2,2,0
9.1,2859.3,-9498.8,1931.8,2041.7,485.1,LL,2,2,0
-41.9,9508.6,-9508.9,499.9,482.5,519.5,NO,0,0,0
-3.1,9526.8,-9549.4,2403.5,484.5,518.9,LG,1,1,0
4.4,962.5,-9563.9,2890.4,2573.5,527.9,LLG,3,3,0
4.9,479.0,-477.1,4112.0,3940.4,3914.3,LLL,4,4,1
-89.6,9459.0,-9509.5,507.0,489.5,484.0,NO,0,0,0
-41.8,9544.7,-9498.2,472.6,501.6,524.0,NO,0,0,0
-6.0,9481.6,-9418.8,2483.3,510.5,475.6,LG,1,1,0
-10.8,9598.8,-9644.5,2526.1,458.1,480.3,LG,1,1,0
28.0,9474.6,-9467.2,508.3,513.7,476.2,NO,0,0,0
-23.4,9520.5,-9553.6,516.6,468.2,520.7,NO,0,0,0
-31.2,9582.2,-9582.2,506.5,500.9,486.3,NO,0,0,0
-52.9,9542.1,-9518.7,478.4,538.4,504.3,NO,0,0,0
-5.2,9526.8,-9557.8,2573.0,507.7,522.2,LG,1,1,0
-10.0,956.3,-9584.2,2895.0,2411.6,502.7,LLG,3,3,0
3.6,9490.7,-9595.1,2607.3,489.1,536.9,LG,1,1,0
3.2,9555.5,-9562.3,2366.6,493.4,521.0,LG,1,1,0
0.3,479.0,-480.3,3907.8,4124.7,3988.5,LLL,4,4,1
-91.3,9522.8,-9529.5,481.9,480.9,490.9,NO,0,0,0
0.9,473.6,-477.5,3938.8,4062.6,3903.6,LLL,4,4,1
41.6,9549.9,-9595.1,484.0,479.0,487.8,NO,0,0,0
4.7,9589.2,-9489.8,2445.1,494.9,532.4,LG,1,1,0
10.6,2860.3,-9474.7,1973.5,1926.6,507.8,LL,2,2,0
-14.1,9544.0,-9541.8,462.0,460.5,533.1,NO,0,0,0
91.3,9598.2,-9535.4,508.0,492.1,504.1,NO,0,0,0
43.2,9603.6,-9545.1,485.6,493.1,522.0,NO,0,0,0
65.9,9582.4,-9610.4,517.4,506.7,530.5,NO,0,0,0
0.5,950.6,-9489.5,3129.7,2534.1,495.3,LLG,3,3,0
-0.4,9548.3,-9544.9,504.8,519.8,518.2,NO,0,0,0
-1.7,954.5,-9577.2,2915.3,2429.5,528.5,LLG,3,3,0
5.0,947.2,-9470.0,3094.9,2495.2,519.4,LLG,3,3,0
18.4,9528.9,-9495.1,513.9,530.2,467.4,NO,0,0,0
-2.3,947.3,-9579.2,3128.2,2483.2,498.4,LLG,3,3,0
-21.1,9501.9,-9567.3,502.6,521.1,525.0,NO,0,0,0
-0.3,95.3,-95.5,4740.3,5258.5,4994.7,LLLG,5,5,1
-4.7,2837.3,-9514.0,1895.9,2061.7,520.1,LL,2,2,0
-1.0,9532.3,-9535.0,2529.0,513.0,496.2,LG,1,1,0
-2.1,469.9,-474.4,4184.4,4004.4,3990.6,LLL,4,4,1
71.4,9633.9,-9562.7,518.6,505.3,476.9,NO,0,0,0
3.8,9526.6,-9488.7,479.4,481.6,494.6,NO,0,0,0
0.8,9439.7,-9503.2,2530.9,528.5,514.1,LG,1,1,0
4.3,2845.1,-9569.6,2060.3,2131.6,453.0,LL,2,2,0
44.7,9447.1,-9539.8,495.3,502.4,509.8,NO,0,0,0
1.7,475.2,-471.1,3828.6,4309.4,4000.6,LLL,4,4,1
-4.6,9577.0,-9537.5,2543.5,492.9,472.3,LG,1,1,0
-1.2,477.5,-474.7,4189.3,4165.8,3960.6,LLL,4,4,1
-0.7,95.3,-95.3,5123.1,5195.0,5190.2,LLLG,5,5,1
3.0,950.9,-9501.1,2908.1,2397.0,476.0,LLG,3,3,0
108.5,9575.5,-9607.7,485.3,472.4,520.1,NO,0,0,0
-2.0,954.5,-9518.7,2910.8,2504.0,500.8,LLG,3,3,0
-0.7,94.7,-96.1,4907.0,4977.7,4891.3,LLLG,5,5,1
1.7,475.6,-478.8,4027.4,3982.3,3859.5,LLL,4,4,1
26.5,9553.6,-9490.3,499.6,502.5,496.2,NO,0,0,0
-0.3,955.7,-9552.2,3121.5,2346.8,519.6,LLG,3,3,0
2.6,476.2,-470.0,4063.7,4114.0,4096.8,LLL,4,4,1
62.9,9479.0,-9493.3,526.3,524.7,511.2,NO,0,0,0
1.9,473.5,-474.5,4047.5,4079.2,3869.0,LLL,4,4,1
7.4,9495.2,-9541.6,505.0,485.6,474.9,NO,0,0,0
-0.5,475.6,-478.6,4085.6,3977.7,3781.9,LLL,4,4,1
0.2,477.6,-475.6,3931.3,3699.9,4080.5,LLL,4,4,1
-1.6,475.2,-478.9,3823.3,3888.4,4060.3,LLL,4,4,1
-11.4,2860.4,-9468.4,2107.1,1956.1,495.7,LL,2,2,0
-3.0,473.6,-475.0,4288.3,3939.7,3972.4,LLL,4,4,1
-3.2,9451.8,-9600.6,2673.4,501.3,500.0,LG,1,1,0
2.4,475.6,-472.4,3870.6,3721.2,3859.2,LLL,4,4,1
-1.4,949.2,-9417.2,3066.2,2486.3,499.4,LLG,3,3,0
-49.1,9507.6,-9456.6,501.1,494.2,517.6,NO,0,0,0
21.3,2855.0,-9397.6,1957.0,1912.4,469.1,LL,2,2,0
-0.8,476.0,-477.4,4049.6,4089.7,4359.8,LLL,4,4,1
-36.1,9553.6,-9409.2,504.9,484.1,487.0,NO,0,0,0
0.9,96.1,-95.3,4840.7,4775.3,5101.8,LLLG,5,5,1
5.2,9489.7,-9601.8,2508.2,491.6,495.4,LG,1,1,0
-7.8,2836.1,-9467.2,2022.7,2009.3,515.3,LL,2,2,0
-7.9,944.0,-9675.6,2914.7,2487.6,508.9,LLG,3,3,0
-0.1,479.0,-480.7,3830.2,3744.5,4102.9,LLL,4,4,1
-0.4,953.1,-9542.5,2952.9,2504.6,491.7,LLG,3,3,0
-0.5,9517.9,-9504.1,2354.1,473.0,524.4,LG,1,1,0
-76.2,9525.4,-9503.0,514.6,515.4,529.1,NO,0,0,0
2.8,958.1,-9534.8,2978.2,2606.5,530.3,LLG,3,3,0
14.7,2857.2,-9623.8,1826.8,2029.7,486.1,LL,2,2,0
-4.9,955.4,-9453.4,2690.2,2555.7,494.9,LLG,3,3,0
-3.0,9526.0,-9561.7,488.6,454.6,515.4,NO,0,0,0
37.8,9487.0,-9555.4,489.8,465.5,523.6,NO,0,0,0
5.5,472.7,-477.6,4035.8,3985.4,3882.7,LLL,4,4,1
-8.2,959.9,-9522.0,3036.6,2510.8,518.8,LLG,3,3,0
13.4,2870.4,-9575.4,1955.3,1984.4,507.5,LL,2,2,0
-15.1,2818.9,-9554.7,2024.8,1920.0,497.1,LL,2,2,0
-1.6,2864.3,-9475.9,1956.4,2098.1,504.9,LL,2,2,0
-33.8,9595.2,-9486.0,493.0,473.2,486.6,NO,0,0,0
0.5,9425.7,-9444.1,507.7,457.0,493.6,NO,0,0,0
-1.6,478.3,-475.9,3963.2,4008.5,4122.1,LLL,4,4,1
-7.2,952.3,-9555.9,3086.5,2656.3,464.4,LLG,3,3,0
-6.0,2858.9,-9484.6,1951.1,2061.5,517.5,LL,2,2,0
1.1,480.8,-479.1,3991.5,4003.4,4019.4,LLL,4,4,1
12.9,9549.3,-9596.7,476.5,489.3,496.8,NO,0,0,0
2.6,475.0,-477.3,4027.6,4053.6,3818.6,LLL,4,4,1
62.6,9496.3,-9420.8,513.6,498.0,552.6,NO,0,0,0
6.9,951.9,-9487.3,3010.1,2594.9,473.0,LLG,3,3,0
-13.2,2877.8,-9514.7,2139.1,2055.2,498.8,LL,2,2,0
-1.2,479.1,-477.3,4145.4,3977.4,4161.3,LLL,4,4,1
-0.8,2859.7,-9459.5,2122.6,2052.2,500.1,LL,2,2,0
6.5,2831.4,-9457.4,2088.4,1937.4,498.3,LL,2,2,0
32.0,9542.8,-9518.6,500.8,474.8,500.8,NO,0,0,0
0.3,955.9,-9490.0,2941.6,2513.2,499.6,LLG,3,3,0
44.4,9540.1,-9521.4,504.3,479.7,485.0,NO,0,0,0
0.2,95.5,-96.0,5160.1,4961.5,5072.9,LLLG,5,5,1
28.4,9550.8,-9490.5,498.5,513.1,519.5,NO,0,0,0
7.8,2881.0,-9479.0,2115.1,1902.0,515.1,LL,2,2,0
-114.0,9480.6,-9562.9,492.5,463.1,491.6,NO,0,0,0
-0.4,94.6,-94.8,4743.6,4846.5,5060.1,LLLG,5,5,1
-26.8,9565.8,-9556.4,545.3,475.1,488.6,NO,0,0,0
2.0,9640.2,-9541.3,2625.8,488.8,520.9,LG,1,1,0
40.3,9539.0,-9481.5,490.6,494.8,503.4,NO,0,0,0
0.4,9528.3,-9487.3,2575.3,524.2,497.2,LG,1,1,0
11.1,2876.5,-9527.1,1971.4,1986.5,476.7,LL,2,2,0
-31.4,9539.4,-9528.6,532.8,493.2,523.2,NO,0,0,0
4.2,9479.5,-9615.2,2538.5,515.8,487.6,LG,1,1,0
0.8,95.5,-95.7,4877.5,4936.5,4874.7,LLLG,5,5,1
-43.3,9510.7,-9558.7,533.3,475.6,526.4,NO,0,0,0
8.9,9466.4,-9463.5,503.9,493.5,520.9,NO,0,0,0
1.9,478.3,-477.8,4084.7,4098.4,4023.9,LLL,4,4,1
1.6,477.0,-475.3,4149.4,4119.0,3970.6,LLL,4,4,1
-15.5,2854.6,-9526.2,2126.3,2245.3,512.7,LL,2,2,0
10.5,9533.1,-9418.3,485.7,517.2,485.1,NO,0,0,0
3.1,476.8,-473.6,4143.4,3741.7,3776.4,LLL,4,4,1
-1.1,95.5,-95.4,4674.3,4752.6,5004.8,LLLG,5,5,1
26.1,9486.7,-9567.2,485.4,493.6,509.8,NO,0,0,0
-3.4,950.8,-9549.0,2841.2,2405.2,509.2,LLG,3,3,0
-71.8,9479.7,-9505.6,515.7,503.6,518.8,NO,0,0,0
-20.8,9600.9,-9601.9,492.3,504.2,476.4,NO,0,0,0
-26.5,2862.9,-9514.5,1867.1,1979.4,483.8,LL,2,2,0
-0.8,481.4,-477.9,4284.4,4084.1,3771.4,LLL,4,4,1
5.0,948.4,-9504.1,2765.7,2405.6,513.7,LLG,3,3,0
0.1,94.6,-95.8,4862.6,5135.8,5276.9,LLLG,5,5,1
-25.5,9505.8,-9515.2,515.4,505.9,501.0,NO,0,0,0
3.6,474.2,-472.5,3895.1,3869.1,4040.8,LLL,4,4,1
11.4,951.1,-9594.9,2865.5,2356.5,545.0,LLG,3,3,0
0.2,476.0,-478.4,4043.9,3970.5,3928.6,LLL,4,4,1
-1.3,475.8,-471.9,4210.5,4212.9,3764.6,LLL,4,4,1
24.8,9550.9,-9528.7,496.1,488.7,481.0,NO,0,0,0
10.3,948.3,-9508.8,3058.0,2561.1,516.3,LLG,3,3,0
-21.1,9550.5,-9610.2,498.6,521.0,526.9,NO,0,0,0
-2.7,9482.6,-9595.5,2651.0,512.7,477.6,LG,1,1,0
-3.6,949.6,-9476.9,3177.9,2418.7,506.2,LLG,3,3,0
2.2,474.3,-473.9,4182.0,4044.8,4068.7,LLL,4,4,1
1.5,9499.8,-9508.4,2405.2,494.0,509.0,LG,1,1,0
0.4,947.9,-9515.9,2889.2,2501.2,484.4,LLG,3,3,0
-4.5,947.2,-9531.2,3089.7,2486.5,492.5,LLG,3,3,0
-0.9,9539.7,-9422.4,2445.5,531.5,530.5,LG,1,1,0
22.9,9572.0,-9475.7,521.0,482.2,499.6,NO,0,0,0
-0.4,475.5,-481.6,4058.8,4130.5,3845.4,LLL,4,4,1
-2.1,9613.1,-9504.3,2461.1,483.0,490.6,LG,1,1,0
11.0,9526.9,-9526.4,513.4,477.1,475.9,NO,0,0,0
3.0,948.6,-9521.7,3120.7,2582.8,518.4,LLG,3,3,0
-6.2,2829.0,-9645.3,2037.6,2034.3,489.4,LL,2,2,0
0.2,476.8,-474.5,4136.3,3859.7,4139.9,LLL,4,4,1
0.1,9571.4,-9492.3,2447.7,502.3,506.8,LG,1,1,0
-3.6,954.0,-9537.5,3017.1,2516.4,495.6,LLG,3,3,0
82.5,9526.7,-9599.9,510.3,518.7,506.9,NO,0,0,0
40.4,9515.9,-9582.8,507.8,477.3,527.6,NO,0,0,0
-10.0,2876.4,-9517.3,2025.9,2148.0,511.4,LL,2,2,0
-17.5,2844.2,-9651.7,2004.0,1807.2,499.0,LL,2,2,0
-20.5,9586.2,-9502.7,504.3,492.8,500.5,NO,0,0,0
19.0,9542.8,-9564.8,464.1,509.9,507.0,NO,0,0,0
0.1,95.1,-95.5,5342.0,4785.9,5003.2,LLLG,5,5,1
-50.3,9498.8,-9473.0,469.3,474.3,502.0,NO,0,0,0
-24.2,2866.3,-9542.8,1991.1,1984.9,492.6,LL,2,2,0
-1.3,477.7,-473.3,3911.0,3849.9,4069.5,LLL,4,4,1
-15.8,2852.6,-9536.8,2028.6,1859.0,512.1,LL,2,2,0
3.8,957.1,-9640.6,2978.2,2372.1,493.9,LLG,3,3,0
20.3,2848.0,-9523.3,2045.1,1962.3,471.0,LL,2,2,0
32.9,9527.4,-9571.8,459.8,505.3,508.1,NO,0,0,0
2.1,9477.8,-9494.3,504.6,468.5,485.7,NO,0,0,0
0.8,95.7,-95.0,4659.3,5256.8,4982.3,LLLG,5,5,1
4.0,2857.6,-9484.8,2080.8,1934.8,509.9,LL,2,2,0
-9.5,945.7,-9470.1,2976.2,2711.3,485.0,LLG,3,3,0
-1.0,2821.2,-9540.4,1883.2,2044.1,481.6,LL,2,2,0
-3.5,9478.4,-9578.1,2511.2,515.2,518.6,LG,1,1,0
1.2,474.7,-479.1,4115.7,3803.4,4191.1,LLL,4,4,1
7.2,9478.2,-9566.3,2527.9,505.6,503.4,LG,1,1,0
7.9,9536.3,-9551.9,2528.1,513.5,520.6,LG,1,1,0
21.0,2857.9,-9538.3,2036.5,2031.9,505.7,LL,2,2,0
1.7,477.6,-476.3,3877.4,4053.5,3576.0,LLL,4,4,1
-4.3,9512.2,-9504.8,484.6,503.0,518.8,NO,0,0,0
-0.8,478.1,-477.7,4137.3,4068.0,3939.2,LLL,4,4,1
-1.9,954.8,-9487.2,3060.3,2660.2,480.3,LLG,3,3,0
-0.1,95.3,-94.8,4915.7,4763.5,5386.7,LLLG,5,5,1
-3.6,2839.0,-9478.9,2028.0,1835.2,518.4,LL,2,2,0
-6.2,951.5,-9551.7,3104.1,2466.1,527.5,LLG,3,3,0
65.3,9467.7,-9560.0,494.1,481.4,500.9,NO,0,0,0
8.5,9505.6,-9535.3,475.5,495.6,466.6,NO,0,0,0
9.9,952.6,-9577.9,2902.0,2488.8,515.6,LLG,3,3,0
-17.1,9554.2,-9596.7,491.2,484.1,521.4,NO,0,0,0
-6.0,475.6,-479.5,3909.6,4139.7,3881.3,LLL,4,4,1
1.3,478.4,-477.8,3875.5,3963.1,3987.0,LLL,4,4,1
-35.6,9573.3,-9514.4,487.0,477.2,490.7,NO,0,0,0
-19.7,9480.9,-9464.0,469.4,494.6,540.9,NO,0,0,0
10.4,958.6,-9493.7,2983.4,2562.0,513.4,LLG,3,3,0
38.2,9518.9,-9504.9,486.8,509.4,482.5,NO,0,0,0
-3.5,2855.3,-9535.0,2001.4,1985.1,507.1,LL,2,2,0
2.7,940.1,-9452.9,2854.5,2429.2,460.7,LLG,3,3,0
-0.0,95.8,-95.3,4932.3,4930.2,4940.6,LLLG,5,5,1
0.7,471.4,-477.4,3923.9,3913.3,4088.4,LLL,4,4,1
-95.6,9407.0,-9468.7,497.1,465.7,525.0,NO,0,0,0
-0.1,2882.8,-9521.2,1840.7,2050.9,511.1,LL,2,2,0
0.2,473.8,-477.8,4013.1,4129.7,3937.4,LLL,4,4,1
-17.1,2856.0,-9593.2,2041.4,1925.7,495.3,LL,2,2,0
1.7,9544.1,-9562.0,2472.8,517.4,498.9,LG,1,1,0
-95.0,9539.8,-9629.4,490.9,512.3,493.8,NO,0,0,0
-5.5,474.7,-477.5,3890.0,3797.6,3620.1,LLL,4,4,1
-8.7,953.2,-9561.4,3041.8,2553.9,530.9,LLG,3,3,0
-0.1,96.5,-94.8,4620.0,4709.9,5034.1,LLLG,5,5,1
0.4,947.5,-9611.4,3108.0,2438.6,503.5,LLG,3,3,0
-5.8,948.7,-9478.9,2770.0,2530.2,488.3,LLG,3,3,0
-0.7,95.7,-96.0,5289.9,4943.9,4926.8,LLLG,5,5,1
-60.8,9510.7,-9498.4,501.8,509.5,511.3,NO,0,0,0
45.7,9498.6,-9532.1,499.1,505.8,511.1,NO,0,0,0
7.8,9464.2,-9607.8,2553.4,526.9,513.6,LG,1,1,0
11.8,2871.7,-9539.5,2024.8,2056.4,531.3,LL,2,2,0
-1.2,476.4,-476.9,4112.5,4129.5,4108.3,LLL,4,4,1
66.3,9537.1,-9565.2,479.6,523.5,504.5,NO,0,0,0
7.0,9528.8,-9576.0,502.2,510.5,483.9,NO,0,0,0
9.4,2868.1,-9615.1,1900.8,2114.5,509.6,LL,2,2,0
-61.4,9545.5,-9434.8,503.0,497.8,474.3,NO,0,0,0
0.7,2849.4,-9567.9,2049.1,2020.4,489.6,LL,2,2,0
-12.6,9563.7,-9505.3,466.1,509.1,480.6,NO,0,0,0
-3.3,473.9,-479.3,3888.4,3852.8,3740.2,LLL,4,4,1
21.1,2879.0,-9487.7,2068.6,2061.8,467.0,LL,2,2,0
0.1,956.6,-9532.3,3025.9,2465.0,487.4,LLG,3,3,0
106.6,9479.2,-9531.3,502.2,503.7,504.8,NO,0,0,0
-2.2,476.4,-474.9,4037.3,4073.1,4038.0,LLL,4,4,1
47.5,9562.8,-9526.0,489.1,485.4,501.5,NO,0,0,0
-6.1,2855.6,-9475.2,2007.6,2007.6,505.1,LL,2,2,0
35.6,9494.2,-9454.4,472.9,511.4,501.9,NO,0,0,0
37.0,9652.1,-9461.6,536.1,513.6,517.1,NO,0,0,0
-29.0,9478.3,-9512.5,474.9,516.5,497.6,NO,0,0,0
2.2,473.9,-474.5,4117.7,4072.6,3967.7,LLL,4,4,1
-5.8,9597.3,-9530.8,2504.9,472.4,503.5,LG,1,1,0
3.0,9596.1,-9526.0,2644.7,498.8,509.6,LG,1,1,0
-1.6,476.7,-476.1,4094.0,3813.5,4146.2,LLL,4,4,1
-2.2,957.0,-9553.1,2681.2,2484.4,483.0,LLG,3,3,0
-0.1,95.0,-95.2,4867.3,4957.3,5301.1,LLLG,5,5,1
4.7,943.1,-9614.5,3030.9,2517.6,482.4,LLG,3,3,0
-24.4,2845.0,-9497.1,1898.8,1977.8,481.0,LL,2,2,0
1.3,2862.3,-9578.4,2115.3,2141.1,497.9,LL,2,2,0
0.0,952.5,-9593.3,3052.9,2447.0,509.4,LLG,3,3,0
-30.2,9496.8,-9533.8,488.2,484.2,484.2,NO,0,0,0
-2.2,479.1,-477.4,4224.4,3856.4,3949.8,LLL,4,4,1
0.2,95.0,-95.1,4964.4,4666.1,5252.6,LLLG,5,5,1
-5.6,2870.4,-9549.2,2123.5,2028.4,514.6,LL,2,2,0
14.5,9481.3,-9472.5,514.8,490.4,502.2,NO,0,0,0
0.0,95.9,-95.7,5334.3,4896.1,5108.5,LLLG,5,5,1
-3.1,472.7,-475.9,4182.3,3983.7,3985.1,LLL,4,4,1
27.0,2857.4,-9464.9,1958.6,2048.1,456.8,LL,2,2,0
-3.7,9514.4,-9588.8,2582.2,506.1,498.0,LG,1,1,0
0.1,96.1,-94.6,5094.3,4839.5,4678.8,LLLG,5,5,1
-0.8,94.5,-94.8,5161.8,4893.2,4886.3,LLLG,5,5,1
-32.9,9514.6,-9517.9,515.5,463.4,493.4,NO,0,0,0
-106.7,9513.1,-9481.2,472.2,496.2,475.3,NO,0,0,0
-2.7,949.1,-9575.0,2804.5,2618.1,483.4,LLG,3,3,0
2.0,9500.6,-9570.7,481.8,499.1,518.0,NO,0,0,0
6.0,959.1,-9489.7,3120.6,2561.7,506.6,LLG,3,3,0
-0.2,9505.9,-9535.5,2420.0,488.0,543.5,LG,1,1,0
89.8,9660.4,-9490.7,501.3,488.9,498.3,NO,0,0,0
-2.8,474.2,-477.1,4276.7,3997.1,3902.5,LLL,4,4,1
-24.1,2857.3,-9529.6,1955.9,2041.2,483.6,LL,2,2,0
-4.4,481.7,-474.9,4027.2,4114.2,3819.8,LLL,4,4,1
-3.1,473.9,-477.0,3869.7,4073.2,3820.0,LLL,4,4,1
2.0,2856.6,-9605.8,2073.9,1925.2,482.0,LL,2,2,0
-13.1,2842.7,-9480.4,1988.5,1968.7,488.6,LL,2,2,0
-0.2,952.6,-9558.8,2870.5,2464.5,499.7,LLG,3,3,0
-16.2,9467.9,-9444.8,509.1,514.7,468.8,NO,0,0,0
-0.8,95.2,-94.7,4882.6,4983.9,4980.2,LLLG,5,5,1
-4.9,475.9,-478.2,3759.6,4009.3,3896.7,LLL,4,4,1
-7.4,9544.6,-9471.5,507.0,512.6,486.2,NO,0,0,0
0.9,471.9,-473.5,3793.3,4067.5,3878.0,LLL,4,4,1
-4.9,948.6,-9534.8,3037.4,2551.7,502.0,LLG,3,3,0
42.1,9576.7,-9558.3,520.3,466.4,487.5,NO,0,0,0
3.3,947.1,-9611.0,2995.2,2495.8,497.7,LLG,3,3,0
67.0,9577.5,-9491.8,465.4,505.4,492.2,NO,0,0,0
0.1,477.5,-473.4,4309.8,4018.9,3792.5,LLL,4,4,1
-2.2,9480.8,-9441.5,2610.5,470.9,481.0,LG,1,1,0
25.1,2871.3,-9539.2,1877.9,2175.6,508.3,LL,2,2,0
6.2,2861.9,-9564.4,2022.9,1983.8,504.4,LL,2,2,0
14.0,957.4,-9506.3,2938.8,2480.6,482.8,LLG,3,3,0
-0.8,95.4,-95.4,5284.4,5026.3,5013.8,LLLG,5,5,1
7.0,2848.8,-9557.3,2060.0,1835.4,506.5,LL,2,2,0
-5.9,9472.7,-9431.9,2457.8,479.8,522.0,LG,1,1,0
-0.8,9568.3,-9513.8,2511.5,460.1,517.1,LG,1,1,0
-7.3,964.5,-9583.8,2933.8,2499.2,489.1,LLG,3,3,0
-0.2,95.6,-95.5,5201.9,5251.3,4966.3,LLLG,5,5,1
3.0,476.2,-476.9,3984.2,4167.1,3999.5,LLL,4,4,1
-55.7,9595.6,-9456.9,489.7,507.1,494.6,NO,0,0,0
0.7,9495.7,-9569.0,2686.8,470.4,491.9,LG,1,1,0
-1.1,474.3,-478.5,4149.8,4000.5,3845.8,LLL,4,4,1
3.5,473.9,-475.3,3978.6,4057.2,3861.2,LLL,4,4,1
2.4,478.9,-476.4,4049.2,4121.9,3906.9,LLL,4,4,1
-0.7,9559.7,-9544.7,2670.0,523.3,461.8,LG,1,1,0
-0.0,477.8,-472.1,3921.3,3897.9,4038.9,LLL,4,4,1
4.6,2841.0,-9580.3,1921.1,1851.8,496.6,LL,2,2,0
1.3,480.7,-476.8,4054.3,3707.5,4066.4,LLL,4,4,1
7.1,2831.6,-9465.5,2090.6,1967.7,488.9,LL,2,2,0
25.8,9503.1,-9502.0,515.1,503.0,474.1,NO,0,0,0
-73.7,9559.6,-9483.4,492.1,484.1,460.5,NO,0,0,0
-9.6,475.2,-473.5,4074.2,3938.6,4040.7,LLL,4,4,1
12.6,9588.6,-9551.4,497.3,492.3,496.9,NO,0,0,0
-1.7,2855.4,-9528.7,1980.1,1963.7,536.8,LL,2,2,0
-0.5,94.8,-94.8,4906.7,5280.6,4853.9,LLLG,5,5,1
-4.2,2856.0,-9637.9,2025.0,1986.8,501.7,LL,2,2,0
-2.1,478.4,-478.1,4078.3,3864.4,3979.2,LLL,4,4,1
-1.7,950.8,-9531.6,2822.5,2481.6,490.3,LLG,3,3,0
-23.7,2837.9,-9544.2,1984.3,2056.6,505.3,LL,2,2,0
-0.9,958.4,-9479.0,2722.2,2454.8,482.7,LLG,3,3,0
-15.4,9633.8,-9477.8,498.1,536.6,495.5,NO,0,0,0
-40.3,9491.7,-9514.5,494.0,458.3,477.1,NO,0,0,0
-1.0,2875.0,-9496.2,1950.6,2151.7,545.5,LL,2,2,0
5.9,2859.8,-9493.1,1973.5,1947.4,517.0,LL,2,2,0
3.3,475.9,-474.5,4162.3,3977.3,3833.1,LLL,4,4,1
-1.6,2848.6,-9606.9,1962.2,2005.2,504.7,LL,2,2,0
63.0,9465.8,-9462.0,487.7,509.6,520.9,NO,0,0,0
5.0,9508.7,-9534.1,2562.2,487.3,494.6,LG,1,1,0
-10.4,2854.7,-9559.6,1899.1,1989.5,467.4,LL,2,2,0
-7.4,2911.8,-9461.9,2098.6,2049.5,510.4,LL,2,2,0
-0.2,94.4,-95.7,4888.3,5262.5,5050.7,LLLG,5,5,1
-0.5,94.4,-94.2,4702.5,5076.4,5333.8,LLLG,5,5,1
1.0,95.2,-95.3,4791.4,4938.7,5223.2,LLLG,5,5,1
0.3,96.8,-94.3,5408.6,5049.0,4902.8,LLLG,5,5,1
-20.1,9544.9,-9543.9,490.5,515.7,502.2,NO,0,0,0
-108.6,9514.5,-9505.6,516.2,551.8,488.8,NO,0,0,0
-93.1,9477.7,-9576.5,488.6,492.4,542.1,NO,0,0,0
-3.9,944.2,-9434.4,3020.9,2367.7,513.1,LLG,3,3,0
0.1,94.7,-94.4,4950.1,4880.7,5101.6,LLLG,5,5,1
-1.6,477.8,-476.5,3799.8,3873.9,3829.0,LLL,4,4,1
-4.4,9471.3,-9559.7,2578.8,533.3,483.3,LG,1,1,0
-20.7,9463.5,-9506.3,507.8,534.9,494.2,NO,0,0,0
34.0,9512.2,-9557.4,449.9,491.9,505.1,NO,0,0,0
1.3,479.4,-480.3,4302.2,3827.2,3955.5,LLL,4,4,1
3.8,2863.7,-9490.2,2085.7,2049.4,512.8,LL,2,2,0
-27.5,9495.1,-9515.4,503.0,498.3,551.4,NO,0,0,0
38.8,9592.5,-9523.7,497.6,517.2,501.4,NO,0,0,0
-5.2,2859.2,-9502.0,1933.5,2015.9,520.3,LL,2,2,0
5.4,953.6,-9457.2,3260.6,2463.9,468.9,LLG,3,3,0
-2.3,943.9,-9415.2,2876.7,2525.7,492.9,LLG,3,3,0
-0.2,95.0,-94.8,5020.9,5008.5,4668.7,LLLG,5,5,1
-2.8,479.1,-474.4,4088.1,3957.8,4097.7,LLL,4,4,1
-1.4,472.4,-474.8,4158.3,4061.8,4054.0,LLL,4,4,1
-22.9,9414.3,-9478.8,484.2,496.8,486.7,NO,0,0,0
0.2,475.8,-476.7,3879.6,4060.1,3981.4,LLL,4,4,1
0.1,9573.0,-9476.0,2454.1,498.8,496.4,LG,1,1,0
-0.1,94.8,-94.9,4903.8,4993.9,4937.2,LLLG,5,5,1
3.9,9606.2,-9485.2,2204.2,508.3,496.5,LG,1,1,0
2.2,9475.3,-9534.3,2648.6,517.2,510.1,LG,1,1,0
2.8,473.8,-478.3,4217.6,4062.9,3849.2,LLL,4,4,1
2.9,9513.9,-9495.8,2458.9,493.4,527.6,LG,1,1,0
3.8,2870.2,-9444.6,2094.3,2023.6,516.3,LL,2,2,0
-2.2,480.9,-475.2,4027.1,3871.9,4124.5,LLL,4,4,1
-5.3,948.8,-9459.8,3050.6,2481.1,494.7,LLG,3,3,0
2.0,9457.4,-9580.5,2558.4,510.9,518.0,LG,1,1,0
2.5,476.8,-478.2,4109.2,4068.7,3998.2,LLL,4,4,1
-1.6,961.6,-9496.2,2959.0,2499.1,483.2,LLG,3,3,0
1.1,477.8,-474.7,3904.1,3852.3,4218.4,LLL,4,4,1
0.7,476.8,-477.3,4127.4,3870.4,3843.7,LLL,4,4,1
-0.1,9581.4,-9499.7,2375.6,516.8,489.0,LG,1,1,0
-14.6,2856.0,-9546.8,1915.2,1932.3,525.0,LL,2,2,0
-0.3,475.6,-479.9,4062.3,3952.7,3911.0,LLL,4,4,1
-26.1,2872.8,-9615.2,2046.1,1866.6,516.8,LL,2,2,0
-98.0,9480.0,-9446.5,498.9,479.8,525.9,NO,0,0,0
-30.7,9569.8,-9506.5,485.0,507.3,500.4,NO,0,0,0
-83.3,9595.9,-9476.3,517.9,461.2,508.4,NO,0,0,0
-2.1,476.4,-477.3,4041.9,4027.8,4138.5,LLL,4,4,1
-4.2,9587.5,-9567.5,2521.3,502.1,475.5,LG,1,1,0
-1.5,476.2,-477.5,3894.0,4105.4,4271.2,LLL,4,4,1
3.5,940.3,-9577.4,3046.1,2420.7,490.6,LLG,3,3,0
-8.9,9482.1,-9501.7,495.0,500.3,521.9,NO,0,0,0
0.6,2868.2,-9507.5,1911.8,1978.0,478.4,LL,2,2,0
29.9,2878.6,-9544.2,1989.5,1877.0,484.7,LL,2,2,0
-64.5,9580.8,-9714.5,477.9,477.2,480.7,NO,0,0,0
-57.7,9516.5,-9513.6,493.3,511.7,503.7,NO,0,0,0
1.9,478.7,-479.1,4025.6,4072.3,3651.6,LLL,4,4,1
-0.6,94.9,-95.4,4724.5,4712.7,5294.9,LLLG,5,5,1
-3.1,477.2,-473.1,3889.4,3764.6,3906.2,LLL,4,4,1
-1.3,953.6,-9544.6,2807.5,2431.1,522.7,LLG,3,3,0
6.3,9540.8,-9503.3,2532.1,505.5,499.7,LG,1,1,0
-1.1,94.9,-95.9,4745.9,4900.6,5169.5,LLLG,5,5,1
-0.5,477.5,-476.0,3727.1,4037.7,4025.9,LLL,4,4,1
0.9,9548.4,-9504.4,2330.6,470.8,512.0,LG,1,1,0
0.6,476.6,-482.2,4085.9,3941.5,3910.4,LLL,4,4,1
58.5,9421.7,-9509.3,480.3,513.2,509.4,NO,0,0,0
-0.2,95.0,-94.1,4811.4,4701.0,5384.4,LLLG,5,5,1
3.2,9501.9,-9563.5,2560.5,490.4,517.1,LG,1,1,0
10.6,2850.7,-9521.7,2147.9,1857.7,468.8,LL,2,2,0
-89.0,9535.5,-9537.0,525.1,490.1,499.0,NO,0,0,0
0.3,9533.6,-9413.7,2612.5,482.4,474.2,LG,1,1,0
-4.3,474.8,-479.0,4141.1,4136.3,3933.9,LLL,4,4,1
0.3,948.4,-9589.0,2866.6,2556.3,520.8,LLG,3,3,0
-2.8,473.2,-477.5,4094.0,4130.9,3870.0,LLL,4,4,1
6.5,9562.6,-9518.1,520.5,467.4,496.5,NO,0,0,0
-3.5,956.7,-9517.5,2907.7,2328.2,493.5,LLG,3,3,0
-11.7,9435.3,-9514.3,518.4,488.8,512.4,NO,0,0,0
-0.9,9466.4,-9496.4,2404.9,511.3,478.4,LG,1,1,0
-51.2,9586.9,-9478.5,488.2,479.6,504.9,NO,0,0,0
-5.2,9503.4,-9543.0,2494.6,476.9,463.9,LG,1,1,0
-4.9,9550.3,-9543.0,2584.6,517.4,490.3,LG,1,1,0
-5.3,958.5,-9502.2,2965.5,2640.1,547.5,LLG,3,3,0
0.6,473.8,-477.9,3773.9,4315.3,3862.0,LLL,4,4,1
0.7,95.4,-94.7,5059.8,5017.7,5156.3,LLLG,5,5,1
-0.2,475.6,-476.8,3893.3,3853.5,4076.7,LLL,4,4,1
-10.2,2883.4,-9582.4,1963.9,1966.4,509.2,LL,2,2,0
11.1,2869.3,-9566.3,2025.4,1990.7,493.2,LL,2,2,0
-22.9,2841.1,-9574.7,1973.8,1977.8,501.1,LL,2,2,0
-3.3,475.4,-475.7,4236.1,3985.2,4276.4,LLL,4,4,1
-9.5,2862.0,-9477.8,2032.4,1948.3,501.2,LL,2,2,0
-2.5,9562.6,-9456.6,2497.0,511.2,520.6,LG,1,1,0
-0.5,96.4,-96.2,5090.2,5207.6,4740.7,LLLG,5,5,1
0.1,9528.5,-9475.5,2639.7,509.6,513.8,LG,1,1,0
-25.5,9506.4,-9645.4,505.4,498.6,486.8,NO,0,0,0
-10.8,9522.2,-9563.5,469.6,537.2,490.6,NO,0,0,0
-0.7,476.0,-475.4,3906.2,4189.2,4075.9,LLL,4,4,1
-8.5,2834.5,-9463.5,2118.4,1861.6,501.5,LL,2,2,0
-1.0,476.0,-477.2,3935.5,4190.1,3893.0,LLL,4,4,1
-49.3,9548.6,-9535.9,506.4,481.1,487.4,NO,0,0,0
-0.6,96.1,-94.3,5055.6,5025.2,5159.8,LLLG,5,5,1
-4.0,959.1,-9538.8,3116.3,2417.3,474.5,LLG,3,3,0
-72.6,9557.4,-9618.9,492.0,494.0,482.7,NO,0,0,0
-0.4,475.8,-479.7,4083.5,3934.3,4133.0,LLL,4,4,1
0.3,95.6,-95.1,4881.8,4994.1,4996.8,LLLG,5,5,1
-5.5,952.2,-9513.7,3072.3,2399.9,477.0,LLG,3,3,0
0.5,96.0,-95.0,4962.2,5179.0,5185.1,LLLG,5,5,1
-8.8,2862.4,-9539.2,1945.5,2070.6,529.7,LL,2,2,0
-2.5,946.1,-9569.2,2875.8,2439.6,476.1,LLG,3,3,0
2.9,9519.5,-9525.8,2607.7,517.4,490.6,LG,1,1,0
-79.7,9569.1,-9484.0,520.0,518.2,493.0,NO,0,0,0
-2.8,9521.5,-9520.7,2657.2,476.1,501.9,LG,1,1,0
0.9,94.9,-95.5,5111.3,4744.3,5298.3,LLLG,5,5,1
30.8,9589.7,-9553.9,499.7,466.1,485.2,NO,0,0,0
-15.6,9509.9,-9563.1,475.9,520.6,483.4,NO,0,0,0
3.7,475.4,-476.7,3979.1,3952.0,3998.3,LLL,4,4,1
-0.4,95.4,-95.5,5019.3,5015.9,4845.7,LLLG,5,5,1
3.4,9491.1,-9583.9,480.0,511.7,508.2,NO,0,0,0
-1.0,9588.8,-9475.8,506.1,486.0,524.1,NO,0,0,0
-1.1,95.1,-94.4,4890.1,5322.1,5082.8,LLLG,5,5,1
-6.5,959.7,-9462.8,3159.2,2669.4,485.2,LLG,3,3,0
109.3,9503.7,-9493.1,468.9,499.2,526.8,NO,0,0,0
-90.3,9678.1,-9574.5,492.8,489.5,513.6,NO,0,0,0
2.0,472.5,-477.5,3902.7,4133.5,4090.2,LLL,4,4,1
5.8,2868.8,-9524.7,2118.5,2043.4,472.7,LL,2,2,0
3.6,9499.6,-9604.6,2545.1,492.0,487.3,LG,1,1,0
0.1,9487.0,-9515.2,2560.6,495.9,483.8,LG,1,1,0
-38.0,9484.9,-9551.2,498.4,520.9,529.4,NO,0,0,0
-2.2,474.4,-477.6,3868.8,3843.5,3773.4,LLL,4,4,1
0.6,479.5,-474.3,3927.8,4135.4,4054.8,LLL,4,4,1
-24.3,2849.4,-9528.0,2162.6,1894.8,518.0,LL,2,2,0
-89.9,9555.1,-9521.1,492.7,469.7,485.8,NO,0,0,0
-1.7,480.4,-479.8,4115.1,4197.5,3922.5,LLL,4,4,1
10.2,2837.2,-9586.8,1764.4,2012.8,460.5,LL,2,2,0
-88.4,9515.5,-9531.5,509.0,494.2,485.7,NO,0,0,0
-18.6,2850.4,-9507.2,2000.5,2035.2,479.1,LL,2,2,0
4.0,9500.5,-9518.4,2593.4,479.3,515.5,LG,1,1,0
-0.7,96.3,-95.8,4872.5,4687.9,4807.6,LLLG,5,5,1
55.5,9507.3,-9520.5,506.9,513.7,520.1,NO,0,0,0
-0.9,949.4,-9512.6,3004.5,2508.8,507.9,LLG,3,3,0
-4.5,2826.9,-9469.8,2031.8,1953.7,481.1,LL,2,2,0
0.3,473.4,-476.3,3837.3,3883.1,3930.9,LLL,4,4,1
-17.1,9578.8,-9516.4,524.4,521.8,501.0,NO,0,0,0
4.9,472.8,-479.3,4099.8,3765.4,3720.6,LLL,4,4,1
4.8,9501.5,-9474.4,2442.7,488.3,519.9,LG,1,1,0
-34.1,9465.0,-9422.6,498.7,502.1,504.0,NO,0,0,0
51.4,9512.6,-9598.3,511.4,512.7,476.1,NO,0,0,0
-1.0,473.1,-479.8,3924.8,4003.0,4017.0,LLL,4,4,1
-0.7,95.2,-94.7,5006.3,5322.9,4476.4,LLLG,5,5,1
22.9,2867.2,-9606.2,1894.8,2108.4,467.0,LL,2,2,0
32.3,9601.4,-9497.3,472.6,488.9,503.2,NO,0,0,0
3.8,957.7,-9609.4,3021.1,2576.5,497.1,LLG,3,3,0
-1.4,479.7,-472.9,4045.0,4006.6,3681.7,LLL,4,4,1
2.9,2886.6,-9426.0,1941.0,2018.4,518.3,LL,2,2,0
-79.6,9564.1,-9494.9,482.4,496.5,523.2,NO,0,0,0
-0.0,94.6,-94.6,5042.4,5035.7,4967.5,LLLG,5,5,1
3.3,475.2,-474.8,3957.7,3868.6,3812.7,LLL,4,4,1
-3.3,953.2,-9493.4,3087.8,2505.9,478.5,LLG,3,3,0
9.3,9556.8,-9584.8,514.8,467.5,473.0,NO,0,0,0
1.8,950.9,-9524.0,2886.5,2422.8,495.4,LLG,3,3,0
5.0,955.7,-9642.8,2700.0,2498.3,505.5,LLG,3,3,0
-2.6,2865.7,-9533.8,2051.0,2169.3,495.4,LL,2,2,0
-24.5,9474.0,-9529.1,506.3,519.7,502.7,NO,0,0,0
0.3,95.7,-95.8,5180.8,5102.6,5474.5,LLLG,5,5,1
-39.6,9475.6,-9531.1,507.4,523.4,522.9,NO,0,0,0
55.3,9590.8,-9435.5,502.5,487.3,479.4,NO,0,0,0
-2.1,949.2,-9538.5,2771.9,2437.8,502.6,LLG,3,3,0
0.1,94.9,-95.4,5164.7,5019.9,5097.3,LLLG,5,5,1
4.8,960.5,-9496.9,2997.2,2534.6,509.1,LLG,3,3,0
-0.2,95.5,-95.1,5091.1,5313.5,4940.9,LLLG,5,5,1
2.0,2877.6,-9561.0,2095.9,1952.2,484.9,LL,2,2,0
0.6,95.5,-94.8,5383.2,4995.3,4997.5,LLLG,5,5,1
2.5,9610.6,-9563.4,2569.2,470.4,498.8,LG,1,1,0
2.8,475.1,-470.1,3947.2,4119.5,3897.8,LLL,4,4,1
-6.2,952.9,-9508.6,3183.9,2321.6,481.6,LLG,3,3,0
-0.8,477.0,-479.3,3958.3,3938.4,3949.8,LLL,4,4,1
-39.9,9452.1,-9520.2,486.2,466.8,504.1,NO,0,0,0
-6.7,2884.5,-9502.9,2127.9,1930.5,468.0,LL,2,2,0
-31.9,9584.8,-9578.5,484.3,507.4,501.6,NO,0,0,0
16.9,9484.0,-9567.4,503.8,483.8,544.0,NO,0,0,0
-1.2,96.0,-95.6,5048.1,5107.0,5146.1,LLLG,5,5,1
-1.0,473.8,-475.5,4297.3,3657.8,4121.2,LLL,4,4,1
18.4,2837.5,-9518.6,2005.1,1925.9,508.7,LL,2,2,0
2.7,9582.5,-9589.9,2524.1,499.8,529.3,LG,1,1,0
1.8,471.6,-474.3,4071.1,4206.2,4256.9,LLL,4,4,1
67.3,9558.8,-9500.1,525.0,516.9,510.2,NO,0,0,0
44.7,9513.5,-9480.1,463.0,485.2,530.6,NO,0,0,0
-0.4,95.5,-95.8,4883.3,4592.9,5037.1,LLLG,5,5,1
0.5,9556.1,-9497.3,2294.3,477.3,536.3,LG,1,1,0
-3.0,9467.8,-9512.6,2532.8,472.6,494.2,LG,1,1,0
-0.9,94.5,-94.9,5050.3,4769.2,5379.9,LLLG,5,5,1
49.2,9522.6,-9618.5,515.3,522.1,518.7,NO,0,0,0
3.0,9467.5,-9456.9,2543.8,523.5,519.8,LG,1,1,0
-10.1,951.3,-9454.8,2944.9,2572.8,515.0,LLG,3,3,0
-25.3,9503.7,-9472.1,489.5,513.4,494.1,NO,0,0,0
-0.1,477.5,-472.9,3771.4,3878.9,4159.0,LLL,4,4,1
9.1,9472.3,-9529.5,509.7,503.3,503.5,NO,0,0,0
1.2,2855.8,-9543.3,1859.0,1938.7,484.8,LL,2,2,0
2.1,9493.6,-9655.2,2546.3,517.8,498.8,LG,1,1,0
-0.7,9523.5,-9494.4,2497.8,507.6,511.4,LG,1,1,0
-1.2,948.0,-9421.3,3121.1,2514.6,529.8,LLG,3,3,0
-0.1,95.8,-95.1,5038.2,4716.5,4501.6,LLLG,5,5,1
-29.9,9611.1,-9466.1,512.3,513.0,488.5,NO,0,0,0
12.6,9524.9,-9480.9,499.7,472.2,487.9,NO,0,0,0
105.8,9412.4,-9567.7,474.3,519.6,496.0,NO,0,0,0
53.3,9553.2,-9635.4,513.1,463.4,544.1,NO,0,0,0
-37.0,9427.4,-9491.2,482.0,496.2,510.6,NO,0,0,0
-4.3,479.0,-475.2,3963.6,3937.7,3857.3,LLL,4,4,1
-12.3,2859.1,-9546.0,1946.9,2048.7,501.8,LL,2,2,0
-49.6,9552.7,-9544.6,511.6,495.2,496.7,NO,0,0,0
-2.8,2871.9,-9521.5,1992.0,2113.8,547.0,LL,2,2,0
0.3,94.8,-94.6,4891.2,4790.7,4969.4,LLLG,5,5,1
42.9,9511.1,-9488.6,483.8,478.1,508.2,NO,0,0,0
3.9,9397.0,-9532.6,521.9,461.0,500.1,NO,0,0,0
6.6,2853.6,-9485.9,1926.4,2029.2,500.5,LL,2,2,0
11.2,9558.5,-9536.6,500.4,499.1,512.0,NO,0,0,0
-13.8,2885.2,-9549.7,1966.5,1976.3,511.8,LL,2,2,0
4.9,9532.8,-9516.6,2437.9,501.2,495.0,LG,1,1,0
28.0,9474.2,-9554.1,504.9,479.9,482.5,NO,0,0,0
1.7,472.0,-475.6,4077.2,4006.3,4199.6,LLL,4,4,1
-24.9,2861.5,-9537.1,2082.3,2017.8,520.5,LL,2,2,0
-7.1,949.1,-9540.3,2966.8,2529.2,529.7,LLG,3,3,0
-1.9,952.4,-9508.5,3054.6,2560.0,457.3,LLG,3,3,0
-5.6,949.6,-9477.0,3060.9,2651.6,536.0,LLG,3,3,0
4.6,955.7,-9452.3,2868.1,2600.3,472.8,LLG,3,3,0
-3.4,949.8,-9396.9,2979.6,2467.9,496.4,LLG,3,3,0
-0.3,95.2,-94.8,5013.3,4898.4,4909.0,LLLG,5,5,1
-24.3,9499.3,-9526.1,510.8,499.2,513.7,NO,0,0,0
-1.5,478.5,-474.7,3947.8,3988.5,4452.1,LLL,4,4,1
-1.2,955.6,-9473.1,3168.0,2401.7,512.6,LLG,3,3,0
21.7,9531.7,-9548.8,477.6,486.7,519.3,NO,0,0,0
-2.3,480.0,-474.2,4075.0,3947.1,3913.9,LLL,4,4,1
6.9,9559.6,-9534.8,478.4,482.9,544.6,NO,0,0,0
-0.4,477.6,-480.4,3760.9,3967.5,4079.1,LLL,4,4,1
5.4,9419.8,-9469.1,494.3,469.9,475.8,NO,0,0,0
0.5,95.4,-95.5,5095.9,4981.2,4952.9,LLLG,5,5,1
-0.1,95.5,-95.2,5323.3,5204.9,4859.9,LLLG,5,5,1
-3.3,950.9,-9603.9,2847.3,2564.5,511.5,LLG,3,3,0
40.2,9550.7,-9512.4,502.2,513.1,506.8,NO,0,0,0
43.2,9519.2,-9479.4,496.6,512.5,480.9,NO,0,0,0
22.4,2846.2,-9509.1,1875.6,1865.0,535.7,LL,2,2,0
1.1,472.8,-481.1,3876.8,3952.5,4110.9,LLL,4,4,1
-16.7,9585.3,-9481.3,495.6,512.9,462.2,NO,0,0,0
0.2,95.3,-95.3,5011.7,5094.2,4830.6,LLLG,5,5,1
-13.6,2835.0,-9534.5,1994.3,1978.4,514.6,LL,2,2,0
-34.5,9477.1,-9520.6,469.1,493.7,495.6,NO,0,0,0
2.9,951.0,-9508.9,2951.2,2357.4,500.8,LLG,3,3,0
2.3,474.4,-476.1,3861.2,3660.8,3956.5,LLL,4,4,1
0.9,9531.6,-9441.0,2353.5,492.6,519.9,LG,1,1,0
0.3,95.3,-94.8,5055.4,4786.5,5029.0,LLLG,5,5,1
4.0,476.5,-476.8,3875.2,3859.4,4073.5,LLL,4,4,1
1.9,472.9,-474.6,3813.2,4146.2,4035.0,LLL,4,4,1
5.4,478.9,-476.1,4244.0,4054.1,4099.2,LLL,4,4,1
46.2,9546.5,-9587.6,489.5,518.6,507.3,NO,0,0,0
-10.8,9483.7,-9520.7,516.4,512.2,496.4,NO,0,0,0
32.6,9545.9,-9540.8,516.5,520.5,511.1,NO,0,0,0
0.0,95.5,-95.2,5128.5,5416.0,4461.1,LLLG,5,5,1
-8.6,956.0,-9572.2,3266.9,2432.7,527.8,LLG,3,3,0
-4.9,942.3,-9437.1,2931.9,2389.4,546.0,LLG,3,3,0
22.1,9489.5,-9519.0,507.7,444.7,458.9,NO,0,0,0
-1.0,2850.5,-9486.3,1972.2,1928.9,500.3,LL,2,2,0
-6.1,2853.6,-9526.5,1904.3,2003.3,502.0,LL,2,2,0
-5.2,2871.3,-9518.6,2146.1,2033.8,474.5,LL,2,2,0
-0.4,9545.4,-9558.8,2580.4,501.9,497.0,LG,1,1,0
-0.4,95.2,-95.5,4991.4,4865.9,5279.1,LLLG,5,5,1
-6.8,9571.8,-9514.0,487.3,489.4,516.5,NO,0,0,0
0.9,95.0,-95.1,5347.0,4994.3,5044.9,LLLG,5,5,1
-5.0,474.4,-476.8,3945.5,4016.9,4105.9,LLL,4,4,1
4.4,9526.1,-9526.4,2341.0,477.7,515.4,LG,1,1,0
-4.0,475.2,-481.8,3907.9,3997.4,3798.0,LLL,4,4,1
3.3,475.7,-478.1,3749.1,3897.0,3799.9,LLL,4,4,1
3.2,2866.8,-9533.8,1931.0,2069.2,526.3,LL,2,2,0
5.9,2871.4,-9507.4,2066.5,1913.4,505.9,LL,2,2,0
-11.4,2858.3,-9571.3,2022.9,1931.6,503.4,LL,2,2,0
64.1,9547.7,-9501.0,490.1,490.0,494.5,NO,0,0,0
-3.7,476.3,-474.3,4308.4,4205.5,3650.0,LLL,4,4,1
4.0,477.1,-475.0,3746.0,4078.4,3854.0,LLL,4,4,1
-3.4,476.1,-479.0,4013.4,4193.9,3958.3,LLL,4,4,1
0.7,95.0,-94.8,5106.3,4561.2,5026.8,LLLG,5,5,1
-4.4,960.5,-9503.9,3115.5,2563.2,476.8,LLG,3,3,0
0.4,95.8,-95.1,4829.1,5062.8,4925.1,LLLG,5,5,1
-0.7,94.5,-94.6,5492.4,5225.8,5088.6,LLLG,5,5,1
-4.4,2858.2,-9490.1,2017.2,2008.9,505.9,LL,2,2,0
48.8,9534.6,-9608.1,539.6,494.0,489.8,NO,0,0,0
-17.7,2861.0,-9520.3,2000.4,1940.0,511.2,LL,2,2,0
-6.3,2866.2,-9557.9,1925.0,1916.6,513.1,LL,2,2,0
-3.7,955.4,-9530.5,3176.6,2352.7,507.6,LLG,3,3,0
47.0,9500.3,-9478.8,480.4,514.8,483.8,NO,0,0,0
-47.5,9547.5,-9619.9,514.4,472.3,490.1,NO,0,0,0
41.6,9486.3,-9582.7,518.8,499.5,506.2,NO,0,0,0
5.0,2861.5,-9499.4,1978.6,2015.1,477.1,LL,2,2,0
-16.8,2865.4,-9555.7,1970.7,1961.7,530.0,LL,2,2,0
-0.2,95.9,-95.0,4908.5,5146.7,5027.8,LLLG,5,5,1
0.3,476.1,-473.6,3906.3,3736.7,4198.5,LLL,4,4,1
8.5,9543.0,-9490.7,2211.4,473.4,512.7,LG,1,1,0
-110.6,9550.0,-9505.1,508.5,532.7,505.0,NO,0,0,0
1.2,472.8,-476.3,3905.0,3769.3,3911.6,LLL,4,4,1
-0.7,94.5,-95.6,5258.5,5071.0,4959.5,LLLG,5,5,1
-2.1,9538.8,-9474.8,2525.8,504.0,534.5,LG,1,1,0
-61.4,9571.5,-9609.5,463.6,501.5,521.8,NO,0,0,0
-32.8,9508.6,-9480.4,478.4,504.4,444.8,NO,0,0,0
95.2,9477.3,-9479.9,532.8,523.0,504.7,NO,0,0,0
-1.9,9436.3,-9559.7,496.4,486.8,505.4,NO,0,0,0
21.1,9614.0,-9535.5,518.4,513.6,474.8,NO,0,0,0
-2.1,947.7,-9448.5,3069.9,2354.9,502.0,LLG,3,3,0
-1.8,479.5,-479.2,3773.9,3936.9,4072.1,LLL,4,4,1
-54.6,9394.9,-9546.2,527.1,462.0,486.8,NO,0,0,0
-0.4,95.4,-95.8,4582.7,4870.5,4701.6,LLLG,5,5,1
-2.6,474.5,-475.0,3843.6,4052.9,4046.3,LLL,4,4,1
4.3,2871.8,-9516.6,2006.3,1985.4,515.4,LL,2,2,0
-6.8,955.7,-9652.0,2986.3,2517.8,495.8,LLG,3,3,0
-73.0,9576.4,-9451.7,512.6,518.0,499.9,NO,0,0,0
-0.4,95.4,-96.0,5022.9,4847.6,5017.8,LLLG,5,5,1
34.3,9476.8,-9563.7,512.4,510.4,517.8,NO,0,0,0
19.8,9609.3,-9514.6,483.1,500.2,506.7,NO,0,0,0
3.0,9530.8,-9422.1,2433.7,482.3,505.8,LG,1,1,0
-0.2,479.8,-475.4,4267.4,3894.4,4059.6,LLL,4,4,1
17.9,2839.7,-9518.4,1942.0,1944.6,535.9,LL,2,2,0
0.1,96.9,-95.9,5111.8,4724.9,5188.6,LLLG,5,5,1
2.3,480.3,-475.6,3918.4,3528.5,4305.8,LLL,4,4,1
25.3,2843.0,-9466.7,2051.6,2156.7,510.7,LL,2,2,0
-3.1,9594.2,-9597.5,485.3,470.1,509.1,NO,0,0,0
2.2,2848.2,-9520.1,2047.6,2000.7,523.4,LL,2,2,0
2.2,2834.2,-9495.1,2083.2,2004.3,532.0,LL,2,2,0
5.4,9573.2,-9462.5,2364.6,530.5,506.3,LG,1,1,0
-2.6,942.7,-9525.4,3032.6,2438.2,507.2,LLG,3,3,0
1.3,953.4,-9475.6,2954.3,2688.0,540.5,LLG,3,3,0
0.6,94.8,-95.0,5073.6,4990.1,5012.3,LLLG,5,5,1
-2.9,9591.6,-9466.9,2490.5,481.8,497.3,LG,1,1,0
9.3,2837.6,-9474.1,1963.4,1903.5,493.9,LL,2,2,0
17.5,2872.4,-9572.7,2009.7,1917.2,480.9,LL,2,2,0
78.2,9554.1,-9447.8,510.2,502.1,475.3,NO,0,0,0
5.7,957.2,-9518.5,3051.8,2521.6,539.2,LLG,3,3,0
4.5,477.7,-478.2,3789.2,4031.7,3966.7,LLL,4,4,1
1.9,955.7,-9589.6,2849.8,2485.9,493.4,LLG,3,3,0
57.3,9507.9,-9563.7,488.6,468.3,505.6,NO,0,0,0
2.6,951.4,-9539.7,3038.6,2353.9,488.4,LLG,3,3,0
0.2,95.2,-95.1,5137.2,4763.0,5027.7,LLLG,5,5,1
-1.1,94.9,-95.2,4766.0,5065.2,5254.4,LLLG,5,5,1
3.4,9553.2,-9517.4,485.4,515.1,503.8,NO,0,0,0
-0.6,9513.7,-9586.8,509.8,494.2,497.1,NO,0,0,0
-1.2,476.9,-474.3,4037.2,4046.9,3736.8,LLL,4,4,1
0.3,94.8,-95.1,5120.5,4956.1,5126.6,LLLG,5,5,1
76.7,9550.0,-9557.8,536.1,505.6,499.3,NO,0,0,0
4.9,9537.5,-9551.7,527.4,470.0,493.0,NO,0,0,0
-0.9,474.0,-477.5,4309.0,4187.2,4003.8,LLL,4,4,1
0.0,474.4,-475.4,3812.4,4029.2,3762.6,LLL,4,4,1
5.1,9599.8,-9600.9,510.8,433.2,459.6,NO,0,0,0
4.5,475.0,-470.5,3931.1,4019.0,3901.6,LLL,4,4,1
3.9,475.4,-480.3,3972.9,4094.9,4003.9,LLL,4,4,1
-4.3,2856.6,-9543.6,2040.3,2015.4,520.8,LL,2,2,0
2.9,475.8,-473.1,4032.6,4235.8,4158.4,LLL,4,4,1
-1.1,953.8,-9507.2,3076.7,2551.2,506.7,LLG,3,3,0
3.1,943.8,-9531.5,3038.9,2675.2,515.4,LLG,3,3,0
1.7,476.0,-474.3,3948.8,4145.9,3998.7,LLL,4,4,1
4.7,2834.8,-9519.9,1953.8,1877.3,504.9,LL,2,2,0
-40.0,9581.0,-9589.9,456.5,483.9,490.8,NO,0,0,0
-6.3,2846.6,-9467.1,1927.4,1882.3,522.6,LL,2,2,0
6.3,9492.4,-9467.9,493.5,490.6,498.0,NO,0,0,0
1.8,479.7,-476.1,4160.4,3641.3,3646.4,LLL,4,4,1
-9.3,2883.9,-9514.3,1908.1,1842.0,494.0,LL,2,2,0
-15.1,2884.8,-9444.0,1969.9,1937.0,499.4,LL,2,2,0
-0.5,2859.3,-9466.8,1987.6,2086.8,469.6,LL,2,2,0
-4.6,2890.1,-9513.6,2137.0,2022.3,528.7,LL,2,2,0
-1.6,474.3,-472.6,3905.3,3967.1,4084.3,LLL,4,4,1
2.6,9496.0,-9550.0,2484.1,496.5,510.9,LG,1,1,0
-0.6,477.8,-478.7,4134.8,3849.3,3703.5,LLL,4,4,1
-35.0,2838.0,-9573.3,2070.7,2102.0,490.0,LL,2,2,0
-10.4,9534.4,-9515.1,475.7,475.9,508.5,NO,0,0,0
91.3,9552.7,-9532.6,536.5,488.3,504.2,NO,0,0,0
1.6,2850.1,-9693.6,1946.2,2001.0,507.0,LL,2,2,0
-8.3,9643.5,-9468.1,485.0,511.8,497.0,NO,0,0,0
17.4,9465.7,-9511.2,469.7,502.3,504.0,NO,0,0,0
-18.0,2847.7,-9593.0,1970.1,2119.9,472.3,LL,2,2,0
27.0,9507.1,-9576.6,547.5,523.2,510.6,NO,0,0,0
23.1,2854.9,-9458.5,1975.1,2076.3,458.5,LL,2,2,0
0.1,954.3,-9537.6,2839.4,2556.7,477.3,LLG,3,3,0
2.6,474.2,-476.4,3950.9,3922.0,4124.4,LLL,4,4,1
-3.3,476.4,-478.0,3995.7,4198.4,4160.2,LLL,4,4,1
-1.6,9531.4,-9510.8,2552.5,523.1,525.6,LG,1,1,0
25.3,9471.0,-9542.9,471.0,501.6,482.8,NO,0,0,0
-64.7,9461.7,-9479.3,500.2,472.0,514.4,NO,0,0,0
1.2,957.6,-9561.1,2965.5,2343.4,502.2,LLG,3,3,0
0.1,94.9,-96.2,5457.3,4971.8,4986.1,LLLG,5,5,1
2.6,2857.3,-9567.7,2063.8,1963.5,508.4,LL,2,2,0
12.7,2841.3,-9524.2,2031.1,1958.3,534.5,LL,2,2,0
0.1,95.6,-95.0,5167.5,5111.0,5178.6,LLLG,5,5,1
-24.5,2851.1,-9620.3,2031.1,1921.6,512.3,LL,2,2,0
0.3,94.5,-95.2,5010.6,4826.9,4791.1,LLLG,5,5,1
-54.1,9529.9,-9580.6,510.5,481.6,536.4,NO,0,0,0
-2.1,953.4,-9534.6,2961.8,2691.1,506.6,LLG,3,3,0
65.1,9514.1,-9516.8,475.3,515.3,522.2,NO,0,0,0
1.5,473.9,-474.9,4186.1,3734.8,3949.2,LLL,4,4,1
-2.8,472.9,-475.5,4027.8,3967.5,3961.9,LLL,4,4,1
9.0,2878.1,-9563.7,1938.7,2022.5,508.0,LL,2,2,0
0.1,95.1,-95.4,5102.3,5088.1,4762.7,LLLG,5,5,1
-1.8,474.2,-477.3,3698.3,4040.3,4181.8,LLL,4,4,1
-8.6,9544.5,-9474.8,2614.3,466.2,502.1,LG,1,1,0
-19.2,9538.2,-9485.5,494.0,511.1,490.7,NO,0,0,0
-0.1,94.4,-94.8,4780.5,5090.4,4932.7,LLLG,5,5,1
-7.7,9608.0,-9425.2,532.9,472.2,501.7,NO,0,0,0
-0.0,95.4,-95.6,5089.5,5239.2,4924.7,LLLG,5,5,1
-2.2,957.3,-9554.6,3100.7,2525.0,484.1,LLG,3,3,0
5.8,954.5,-9530.7,2819.6,2433.7,482.5,LLG,3,3,0
11.5,9546.1,-9526.1,474.7,502.0,493.5,NO,0,0,0
22.8,9535.2,-9632.5,507.0,486.7,502.2,NO,0,0,0
7.3,9541.7,-9520.0,514.0,478.5,462.8,NO,0,0,0
-3.4,957.3,-9543.3,2970.7,2492.0,503.5,LLG,3,3,0
-14.9,9513.9,-9554.8,519.7,495.8,479.6,NO,0,0,0
-25.6,9479.2,-9452.1,467.1,477.7,492.8,NO,0,0,0
-0.0,94.9,-96.3,5212.7,4679.5,5398.0,LLLG,5,5,1
-7.8,953.2,-9578.3,2995.7,2494.4,491.6,LLG,3,3,0
-4.3,950.1,-9482.3,2949.8,2424.1,526.0,LLG,3,3,0
-1.0,94.9,-95.0,5136.9,5037.1,5036.8,LLLG,5,5,1
-11.0,2848.4,-9610.7,1879.2,1895.4,503.3,LL,2,2,0
-0.4,9467.6,-9513.2,2343.4,519.3,509.6,LG,1,1,0
0.3,96.0,-94.7,5272.2,5053.3,5101.1,LLLG,5,5,1
-1.3,471.3,-478.2,3839.5,4202.5,4223.0,LLL,4,4,1
15.8,2898.3,-9502.3,1862.1,2029.3,499.3,LL,2,2,0
0.4,957.3,-9559.0,2956.8,2639.9,507.4,LLG,3,3,0
-69.1,9495.2,-9501.4,494.8,439.4,466.9,NO,0,0,0
-0.8,95.4,-95.0,4719.6,4778.5,5171.0,LLLG,5,5,1
-0.2,95.9,-95.7,4913.3,4708.2,4681.0,LLLG,5,5,1
-141.9,9584.1,-9514.1,491.6,550.0,483.8,NO,0,0,0
-37.3,9476.4,-9601.0,519.8,514.5,522.9,NO,0,0,0
13.6,2855.4,-9519.5,2044.8,2115.0,501.8,LL,2,2,0
0.3,94.7,-95.4,5066.1,4602.7,4997.2,LLLG,5,5,1
4.1,9592.5,-9510.5,464.8,472.8,518.8,NO,0,0,0
34.3,9572.6,-9501.1,472.4,487.3,527.2,NO,0,0,0
-9.5,2881.4,-9535.2,1994.5,2026.9,490.6,LL,2,2,0
-34.9,9552.9,-9662.4,459.3,506.4,503.0,NO,0,0,0
6.1,954.4,-9576.1,2910.5,2394.2,438.4,LLG,3,3,0
-0.3,476.6,-476.2,4008.0,4037.1,4292.9,LLL,4,4,1
-0.7,95.6,-95.8,5036.5,4954.2,5036.0,LLLG,5,5,1
-8.9,953.1,-9511.3,2954.2,2650.5,487.5,LLG,3,3,0
-0.8,95.0,-94.9,4588.9,5048.2,5064.4,LLLG,5,5,1
-0.3,95.2,-95.6,4963.3,4736.5,5072.9,LLLG,5,5,1
-2.6,2855.4,-9557.8,2181.7,1911.3,502.4,LL,2,2,0
0.1,478.0,-475.1,3958.8,4198.8,4057.6,LLL,4,4,1
0.0,949.3,-9557.7,3009.1,2611.1,529.8,LLG,3,3,0
-3.2,2842.0,-9622.7,1928.5,1964.5,507.3,LL,2,2,0
-0.8,472.5,-470.2,4238.1,3664.5,3731.0,LLL,4,4,1
9.5,2877.7,-9482.1,1982.1,2069.5,470.7,LL,2,2,0
-0.4,95.6,-95.4,5026.6,5675.9,5242.0,LLLG,5,5,1
-10.1,9451.8,-9512.5,495.6,510.2,498.3,NO,0,0,0
22.2,9534.5,-9461.5,461.6,503.5,490.0,NO,0,0,0
-65.3,9552.4,-9417.0,485.8,505.0,492.1,NO,0,0,0
-3.0,2829.1,-9591.2,2021.4,2011.8,484.4,LL,2,2,0
4.9,477.7,-477.1,4150.4,3929.4,3930.5,LLL,4,4,1
-4.1,939.1,-9567.6,2955.3,2482.1,478.6,LLG,3,3,0
7.4,2854.3,-9544.3,2078.1,2092.7,504.4,LL,2,2,0
-0.4,95.3,-95.7,4997.6,4913.3,5050.7,LLLG,5,5,1
-2.3,941.7,-9504.1,3097.4,2478.3,480.7,LLG,3,3,0
-31.8,9515.8,-9561.9,528.1,508.4,508.1,NO,0,0,0
0.8,480.6,-476.5,3780.0,4071.1,4118.0,LLL,4,4,1
-100.4,9508.0,-9534.0,472.0,497.5,474.3,NO,0,0,0
4.2,9521.7,-9526.8,2548.8,478.0,502.9,LG,1,1,0
6.5,947.8,-9507.0,3050.3,2410.4,502.9,LLG,3,3,0
115.3,9443.7,-9533.6,512.2,506.9,507.0,NO,0,0,0
2.7,951.5,-9597.7,2856.9,2460.8,500.4,LLG,3,3,0
2.4,472.2,-471.4,4058.4,4040.7,4339.8,LLL,4,4,1
-101.4,9536.3,-9560.2,491.3,492.0,535.0,NO,0,0,0
-25.4,9576.5,-9486.2,556.3,489.6,503.7,NO,0,0,0
-17.6,9537.6,-9509.2,491.3,505.1,479.2,NO,0,0,0
-0.6,95.2,-95.6,5293.2,4769.4,5300.1,LLLG,5,5,1
-2.9,9466.0,-9446.7,2380.9,490.6,514.7,LG,1,1,0
-9.2,9471.9,-9584.6,521.8,477.2,486.7,NO,0,0,0
6.1,9537.5,-9500.0,490.2,463.5,498.3,NO,0,0,0
1.1,9539.5,-9548.4,2510.3,530.4,524.3,LG,1,1,0
7.3,9562.0,-9563.9,500.9,484.3,520.1,NO,0,0,0
24.1,2836.3,-9636.0,2015.4,1989.2,458.8,LL,2,2,0
2.9,477.1,-480.8,4181.6,4489.0,3873.1,LLL,4,4,1
4.7,9508.6,-9602.8,2617.4,509.3,493.0,LG,1,1,0
26.1,9551.7,-9456.4,512.9,497.1,452.9,NO,0,0,0
54.7,9516.2,-9523.8,477.7,510.4,491.4,NO,0,0,0
12.7,2850.8,-9636.3,1972.8,2116.2,508.9,LL,2,2,0
0.2,95.6,-95.9,4657.7,4832.1,4940.4,LLLG,5,5,1
-72.4,9569.5,-9547.0,511.1,475.2,522.2,NO,0,0,0
17.7,9613.3,-9549.1,513.1,492.3,504.9,NO,0,0,0
3.8,9459.7,-9525.8,2470.1,499.3,509.4,LG,1,1,0
-2.3,470.6,-478.3,4293.2,4142.7,3911.1,LLL,4,4,1
-1.1,95.6,-95.2,5192.1,4853.9,5146.2,LLLG,5,5,1
-0.7,946.9,-9567.7,2989.3,2565.7,486.1,LLG,3,3,0
-11.0,9492.8,-9516.6,491.7,478.5,499.9,NO,0,0,0
0.1,95.2,-95.5,5170.7,5020.9,4914.5,LLLG,5,5,1
0.6,480.2,-478.3,4284.6,3976.9,4061.8,LLL,4,4,1
-1.8,957.1,-9554.0,3008.7,2379.6,485.1,LLG,3,3,0
-3.1,478.9,-474.9,4014.2,4039.5,3899.3,LLL,4,4,1
0.6,946.2,-9515.7,3101.6,2379.5,473.4,LLG,3,3,0
4.1,478.2,-472.2,3931.7,3787.8,3940.6,LLL,4,4,1
1.8,951.6,-9572.4,2965.5,2463.2,535.1,LLG,3,3,0
-1.3,95.8,-95.6,4595.5,4863.9,5117.8,LLLG,5,5,1
-45.2,9533.8,-9560.7,465.7,494.2,507.1,NO,0,0,0
-4.6,476.1,-474.8,3663.8,3925.6,4078.8,LLL,4,4,1
-23.5,9532.9,-9471.9,493.8,514.8,544.6,NO,0,0,0
-3.1,474.8,-476.9,3781.6,4022.1,4086.1,LLL,4,4,1
-51.0,9517.8,-9524.3,498.1,518.1,487.3,NO,0,0,0
6.5,9504.8,-9494.5,2601.0,501.0,526.6,LG,1,1,0
12.4,959.0,-9523.3,2816.8,2562.6,491.0,LLG,3,3,0
27.3,2890.4,-9547.9,1835.1,1894.6,466.4,LL,2,2,0
0.4,95.5,-94.6,4766.8,4733.7,5411.1,LLLG,5,5,1
0.3,474.6,-474.9,3714.8,4114.3,3878.9,LLL,4,4,1
2.5,477.4,-475.9,3855.6,4063.6,3976.1,LLL,4,4,1
0.0,95.1,-95.9,4857.1,4744.2,5033.3,LLLG,5,5,1
-9.3,2837.7,-9457.5,2007.6,2131.5,528.9,LL,2,2,0
-0.5,94.3,-95.5,4922.7,5176.4,5080.4,LLLG,5,5,1
6.8,2858.1,-9452.4,1945.5,1934.5,484.3,LL,2,2,0
-0.9,475.2,-479.3,3788.9,3826.8,4134.3,LLL,4,4,1
59.8,9515.6,-9469.5,485.4,507.3,478.4,NO,0,0,0
3.8,476.7,-476.4,4058.2,4023.3,4027.1,LLL,4,4,1
-109.0,9494.1,-9560.1,490.2,510.2,481.4,NO,0,0,0
-0.5,2880.6,-9519.0,1845.4,2095.3,480.7,LL,2,2,0
-61.0,9493.9,-9449.0,466.8,478.4,510.6,NO,0,0,0
73.9,9484.4,-9512.7,509.9,477.5,463.4,NO,0,0,0
56.9,9528.2,-9564.1,492.4,522.3,523.6,NO,0,0,0
-26.3,9559.1,-9615.9,506.9,479.5,500.1,NO,0,0,0
-4.0,956.7,-9543.3,3130.2,2532.6,488.1,LLG,3,3,0
1.1,475.8,-475.2,4157.2,4078.2,3970.8,LLL,4,4,1
-0.0,473.9,-475.0,3863.1,4173.4,3971.1,LLL,4,4,1
-5.5,958.2,-9567.8,3060.1,2448.7,479.6,LLG,3,3,0
-8.3,9532.7,-9469.9,2443.4,503.4,520.0,LG,1,1,0
-2.1,475.7,-476.7,4111.0,4178.8,3937.2,LLL,4,4,1
-60.1,9440.4,-9495.2,512.0,491.9,469.4,NO,0,0,0
1.2,478.0,-477.5,4219.4,3990.4,3822.4,LLL,4,4,1
-22.8,9529.0,-9519.8,518.7,482.9,471.8,NO,0,0,0
-1.0,477.1,-475.0,4211.5,4184.4,3781.3,LLL,4,4,1
-4.5,2858.4,-9658.5,2014.8,2044.4,490.3,LL,2,2,0
-3.3,2865.4,-9573.3,2001.9,1971.8,498.2,LL,2,2,0
1.4,949.1,-9549.2,3072.1,2534.9,492.7,LLG,3,3,0
25.4,9478.6,-9516.1,497.1,491.9,529.9,NO,0,0,0
4.1,946.5,-9475.6,2848.0,2418.9,494.6,LLG,3,3,0
4.2,9562.8,-9583.0,2494.4,470.7,500.1,LG,1,1,0
-40.1,9470.7,-9573.3,491.0,470.1,476.5,NO,0,0,0
33.5,9546.0,-9529.2,468.6,492.9,477.9,NO,0,0,0
8.1,9522.7,-9525.1,491.2,524.3,511.9,NO,0,0,0
1.4,477.8,-474.3,4160.4,3859.5,4015.9,LLL,4,4,1
-1.7,474.7,-476.7,4150.0,3904.4,3780.5,LLL,4,4,1
1.1,9626.6,-9573.4,2396.8,483.1,496.8,LG,1,1,0
13.2,2860.0,-9546.1,2009.3,2068.6,541.5,LL,2,2,0
-35.5,9558.6,-9526.8,543.4,496.1,496.3,NO,0,0,0
-47.6,9553.3,-9544.3,497.9,508.3,484.5,NO,0,0,0
5.9,947.0,-9533.7,3071.2,2586.2,462.8,LLG,3,3,0
-8.3,955.4,-9571.8,3003.1,2550.2,477.4,LLG,3,3,0
37.6,9552.9,-9573.5,464.2,482.8,499.7,NO,0,0,0
6.5,955.2,-9482.1,2800.2,2335.6,502.8,LLG,3,3,0
-1.1,478.5,-472.3,3997.0,4114.4,3887.5,LLL,4,4,1
6.9,2851.0,-9554.8,1925.3,1947.6,488.7,LL,2,2,0
-3.9,9491.0,-9593.8,491.7,491.0,513.3,NO,0,0,0
20.8,9390.8,-9513.5,449.2,541.4,526.3,NO,0,0,0
-10.4,959.2,-9547.3,2996.3,2691.4,503.3,LLG,3,3,0
-2.1,474.8,-479.2,3863.0,4055.5,4019.7,LLL,4,4,1
-56.1,9568.5,-9508.9,482.0,523.7,496.1,NO,0,0,0
-1.6,477.0,-476.3,4042.4,3836.5,3905.7,LLL,4,4,1
7.9,9571.8,-9523.4,2516.0,501.9,481.4,LG,1,1,0
1.2,944.9,-9520.0,3080.1,2656.7,499.6,LLG,3,3,0
18.0,9475.3,-9527.8,468.9,507.2,481.5,NO,0,0,0
-60.0,9437.5,-9587.1,516.2,500.0,495.6,NO,0,0,0
0.6,476.7,-472.6,3951.1,4198.4,3923.3,LLL,4,4,1
-6.0,2861.2,-9542.0,2084.2,1959.4,454.8,LL,2,2,0
-10.3,961.6,-9560.4,3206.8,2463.6,509.1,LLG,3,3,0
-20.9,2845.2,-9612.8,1864.6,1976.8,492.8,LL,2,2,0
18.5,2854.6,-9609.7,2103.9,2025.3,524.7,LL,2,2,0
-0.7,9459.1,-9499.6,2348.3,496.5,491.2,LG,1,1,0
34.2,9541.5,-9496.1,506.9,556.5,469.0,NO,0,0,0
-0.7,95.5,-95.5,4698.4,4689.2,4721.7,LLLG,5,5,1
7.2,954.7,-9566.2,2960.4,2612.3,526.3,LLG,3,3,0
-2.5,474.9,-473.5,4137.7,4014.5,4124.0,LLL,4,4,1
-10.3,9562.7,-9459.2,502.4,492.7,495.7,NO,0,0,0
10.0,953.3,-9484.9,3015.7,2256.9,527.2,LLG,3,3,0
4.1,9517.5,-9595.4,2596.2,507.2,498.4,LG,1,1,0
3.1,9533.1,-9577.3,503.5,520.5,477.6,NO,0,0,0
-0.7,480.8,-474.8,4264.8,3843.6,4051.4,LLL,4,4,1
1.8,958.0,-9520.6,2906.4,2393.8,493.3,LLG,3,3,0
9.0,947.1,-9469.9,2876.0,2394.4,486.6,LLG,3,3,0
0.3,95.2,-94.9,4979.2,4850.4,5048.4,LLLG,5,5,1
12.5,2835.5,-9493.5,1990.5,1831.6,486.9,LL,2,2,0
3.0,9535.1,-9408.6,2432.6,518.9,491.7,LG,1,1,0
-4.2,476.7,-475.2,4170.7,3953.9,3999.3,LLL,4,4,1
57.7,9591.8,-9553.1,460.2,520.7,518.1,NO,0,0,0
-25.5,9513.4,-9481.7,490.6,503.8,514.2,NO,0,0,0
-11.7,2848.7,-9562.8,1943.7,1991.7,534.1,LL,2,2,0
-89.0,9501.4,-9541.3,474.1,466.3,491.4,NO,0,0,0
-0.2,95.6,-94.8,4630.8,5113.3,5151.9,LLLG,5,5,1
-2.8,477.4,-477.7,3995.4,3988.1,4213.9,LLL,4,4,1
-0.1,95.0,-95.2,4842.0,4881.4,4992.8,LLLG,5,5,1
1.8,480.4,-477.1,4219.1,4112.0,4095.7,LLL,4,4,1
-116.8,9625.1,-9502.9,520.1,523.2,504.4,NO,0,0,0
0.7,954.7,-9513.5,3292.6,2537.9,486.2,LLG,3,3,0
8.1,947.3,-9511.7,3285.4,2465.4,464.1,LLG,3,3,0
-10.0,965.4,-9486.8,2891.4,2478.4,490.9,LLG,3,3,0
-0.9,472.9,-477.1,3856.1,4060.6,4030.6,LLL,4,4,1
-83.8,9507.3,-9447.1,487.0,507.7,494.1,NO,0,0,0
41.8,9526.0,-9632.3,481.0,521.5,556.3,NO,0,0,0
0.8,9533.9,-9527.7,2597.1,484.7,509.4,LG,1,1,0
-10.3,949.6,-9496.6,3078.1,2520.5,519.6,LLG,3,3,0
-4.0,9447.8,-9542.3,511.9,502.8,468.7,NO,0,0,0
1.5,9488.3,-9652.2,2530.0,489.5,509.6,LG,1,1,0
-6.2,950.4,-9481.5,2900.2,2672.9,520.8,LLG,3,3,0
-0.3,471.6,-477.7,3871.8,4110.3,4095.7,LLL,4,4,1
-36.5,9554.7,-9597.2,511.9,509.0,524.1,NO,0,0,0
-1.3,95.6,-95.4,4974.2,4849.4,4902.9,LLLG,5,5,1
53.5,9422.5,-9555.3,466.8,485.7,513.0,NO,0,0,0
27.0,9516.5,-9550.4,520.8,522.9,475.9,NO,0,0,0
-11.5,2857.2,-9559.7,1981.4,2093.3,519.7,LL,2,2,0
-1.5,2862.7,-9466.4,1985.5,2162.9,491.3,LL,2,2,0
-8.9,9518.7,-9539.8,2592.4,528.8,503.3,LG,1,1,0
-0.3,95.1,-94.5,4995.3,5071.7,5171.3,LLLG,5,5,1
0.5,471.2,-473.8,3902.7,4036.1,4233.0,LLL,4,4,1
14.1,2878.2,-9558.1,1939.4,1984.2,469.2,LL,2,2,0
3.2,2855.2,-9528.9,2087.6,2001.3,505.4,LL,2,2,0
-3.4,479.7,-472.3,3762.0,3928.7,4159.9,LLL,4,4,1
-0.1,95.3,-94.8,4857.9,4853.7,5420.0,LLLG,5,5,1
9.7,952.6,-9535.7,2945.9,2711.1,497.8,LLG,3,3,0
-21.5,9534.7,-9592.2,483.8,482.1,511.9,NO,0,0,0
-0.8,950.8,-9551.1,2951.0,2846.9,502.8,LLG,3,3,0
-3.4,950.3,-9485.3,2972.9,2609.8,485.2,LLG,3,3,0
76.9,9523.7,-9569.8,531.1,525.3,524.0,NO,0,0,0
2.0,952.3,-9453.7,2935.3,2553.9,501.4,LLG,3,3,0
-0.6,954.5,-9563.3,2781.8,2137.1,506.0,LLG,3,3,0
-91.9,9539.6,-9368.1,492.5,488.6,513.7,NO,0,0,0
-4.0,477.2,-474.5,3867.4,4091.2,3926.7,LLL,4,4,1
-108.4,9542.0,-9545.1,502.7,490.5,547.6,NO,0,0,0
28.2,9499.8,-9579.8,496.5,529.5,515.1,NO,0,0,0
14.8,2878.4,-9482.8,1850.3,1957.8,519.8,LL,2,2,0
79.9,9488.8,-9614.3,528.4,492.2,512.0,NO,0,0,0
-166.6,9619.4,-9509.5,497.5,498.6,509.6,NO,0,0,0
-0.2,95.5,-95.0,4794.5,5443.2,4788.2,LLLG,5,5,1
14.5,2846.5,-9507.9,1981.0,2069.8,502.8,LL,2,2,0
1.1,474.6,-475.0,3720.4,3944.9,3882.2,LLL,4,4,1
37.6,9584.8,-9517.4,510.8,491.4,492.6,NO,0,0,0
0.0,94.9,-95.8,5213.2,5118.9,4967.1,LLLG,5,5,1
38.5,9472.5,-9513.9,486.7,482.6,476.1,NO,0,0,0
-35.1,9532.1,-9484.2,513.7,521.8,501.3,NO,0,0,0
0.3,479.8,-478.1,4047.3,3970.0,3951.2,LLL,4,4,1
0.5,95.9,-95.5,4988.0,4696.3,4969.0,LLLG,5,5,1
15.5,9630.2,-9499.4,496.4,542.3,509.6,NO,0,0,0
1.0,471.9,-476.6,4311.3,3967.3,4066.7,LLL,4,4,1
-5.6,9499.4,-9534.9,2384.2,524.2,516.4,LG,1,1,0
12.7,9545.5,-9532.6,482.7,504.2,494.9,NO,0,0,0
-1.0,480.4,-477.2,3877.8,4228.7,3872.4,LLL,4,4,1
0.4,95.7,-95.3,5067.6,4703.1,4935.2,LLLG,5,5,1
0.1,954.7,-9496.3,2945.6,2310.6,560.7,LLG,3,3,0
11.0,2850.2,-9495.1,2083.3,2016.3,479.1,LL,2,2,0
-156.9,9582.3,-9452.3,500.8,533.5,490.4,NO,0,0,0
47.9,9570.5,-9526.9,498.6,504.5,505.1,NO,0,0,0
-20.6,9443.2,-9538.7,460.7,487.1,525.6,NO,0,0,0
-0.0,95.5,-95.2,4854.6,5114.2,4738.0,LLLG,5,5,1
10.9,9533.5,-9429.6,530.2,523.7,492.4,NO,0,0,0
-25.8,2837.9,-9618.6,2053.7,1901.8,537.7,LL,2,2,0
-3.7,9540.6,-9546.5,2467.4,511.6,536.1,LG,1,1,0
2.0,474.8,-475.6,4020.9,4003.7,3836.8,LLL,4,4,1
-0.3,94.9,-94.4,5165.1,5023.2,4957.9,LLLG,5,5,1
-10.4,9537.8,-9475.0,511.3,497.2,527.3,NO,0,0,0
0.2,477.5,-472.4,3735.9,4163.6,4245.9,LLL,4,4,1
1.3,953.3,-9504.3,3139.8,2540.9,508.3,LLG,3,3,0
28.9,9521.0,-9474.7,476.8,499.9,450.5,NO,0,0,0
4.1,9420.4,-9674.3,2566.0,474.0,506.5,LG,1,1,0
-7.3,953.3,-9574.7,2920.7,2489.4,473.8,LLG,3,3,0
55.6,9476.8,-9572.1,459.4,470.0,504.6,NO,0,0,0
-0.1,94.9,-95.5,5039.6,5234.4,4938.3,LLLG,5,5,1
1.0,2857.6,-9543.9,1808.4,2119.1,479.7,LL,2,2,0
-0.4,474.5,-478.0,4087.8,4011.3,4021.2,LLL,4,4,1
0.7,967.0,-9476.7,2999.4,2476.2,517.1,LLG,3,3,0
63.2,9518.6,-9533.4,522.6,500.9,519.8,NO,0,0,0
51.0,9654.2,-9565.3,496.5,472.3,573.7,NO,0,0,0
-27.1,9434.6,-9577.3,456.6,469.5,508.4,NO,0,0,0
2.3,474.5,-476.5,3847.6,3813.5,4035.2,LLL,4,4,1
-5.6,951.2,-9532.4,3028.1,2474.9,534.2,LLG,3,3,0
32.1,2881.7,-9566.5,1854.6,2003.1,509.4,LL,2,2,0
14.5,2862.5,-9563.5,2070.8,2071.1,491.1,LL,2,2,0
9.6,9616.8,-9565.8,2479.3,487.8,502.0,LG,1,1,0
0.4,94.8,-95.6,4947.2,4612.9,4841.7,LLLG,5,5,1
0.3,95.7,-95.1,4884.0,4593.7,5053.1,LLLG,5,5,1
-5.0,479.5,-474.7,3910.7,3765.0,3999.7,LLL,4,4,1
-7.4,948.6,-9514.8,2921.5,2512.5,495.6,LLG,3,3,0
2.4,475.7,-473.5,4020.1,4208.9,4028.9,LLL,4,4,1
-6.8,951.0,-9656.8,3128.4,2453.5,469.5,LLG,3,3,0
-70.5,9487.7,-9618.4,462.1,494.9,478.4,NO,0,0,0
1.7,473.1,-476.3,3960.5,4093.8,3896.4,LLL,4,4,1
-1.0,9476.1,-9410.1,2578.0,518.4,495.2,LG,1,1,0
5.1,951.2,-9546.6,3045.0,2416.2,497.2,LLG,3,3,0
-1.7,477.4,-475.9,4021.0,3931.6,4130.4,LLL,4,4,1
3.3,480.3,-475.8,3874.7,3954.9,3866.0,LLL,4,4,1
-1.3,474.3,-474.8,4074.8,4021.9,4064.1,LLL,4,4,1
55.3,9583.9,-9549.0,475.7,492.8,497.8,NO,0,0,0
-21.5,2889.0,-9430.2,1983.1,1884.2,527.9,LL,2,2,0
-13.0,9544.7,-9511.4,554.1,510.4,512.7,NO,0,0,0
0.3,95.6,-96.3,4732.2,4681.4,5187.3,LLLG,5,5,1
-7.1,948.1,-9429.2,3017.0,2496.9,532.0,LLG,3,3,0
-131.2,9521.8,-9520.2,523.9,488.1,504.0,NO,0,0,0
6.6,951.2,-9498.7,3112.7,2618.4,494.3,LLG,3,3,0
6.7,2833.1,-9485.7,1986.7,1890.7,486.4,LL,2,2,0
52.8,9477.4,-9553.9,491.4,523.4,513.8,NO,0,0,0
4.7,9530.3,-9491.5,471.6,505.2,492.0,NO,0,0,0
101.6,9520.5,-9575.2,514.7,535.6,451.6,NO,0,0,0
4.4,475.9,-479.1,4038.7,3980.2,4027.9,LLL,4,4,1
-10.5,2864.9,-9480.6,1980.7,2137.9,480.0,LL,2,2,0
0.9,95.4,-95.3,4714.3,5188.6,4979.9,LLLG,5,5,1
-2.1,474.8,-477.9,4091.0,4075.9,4014.6,LLL,4,4,1
-11.1,9427.5,-9499.8,502.2,493.4,504.7,NO,0,0,0
-38.5,9506.3,-9482.6,504.7,506.0,538.0,NO,0,0,0
4.4,472.5,-475.8,4023.9,3901.7,3983.3,LLL,4,4,1
-1.4,9584.2,-9528.4,2729.2,530.4,511.7,LG,1,1,0
-0.4,95.1,-94.6,4986.4,4855.9,5038.0,LLLG,5,5,1
-9.4,2869.1,-9625.8,2103.8,2067.5,512.9,LL,2,2,0
1.2,481.5,-480.4,3710.9,3936.4,4068.0,LLL,4,4,1
2.2,959.6,-9558.0,2906.5,2429.3,522.8,LLG,3,3,0
-0.0,479.7,-472.9,4132.2,3814.6,4052.9,LLL,4,4,1
-1.5,478.1,-480.6,4180.6,3918.8,4102.5,LLL,4,4,1
43.4,9518.5,-9535.8,457.5,485.1,541.2,NO,0,0,0
-0.3,95.5,-95.3,4921.9,5110.0,5164.3,LLLG,5,5,1
-5.1,2862.2,-9481.0,2041.9,2017.3,500.1,LL,2,2,0
-1.0,2876.1,-9496.2,2051.2,1997.8,520.5,LL,2,2,0
10.6,951.6,-9512.2,2951.4,2439.9,512.0,LLG,3,3,0
-0.4,9540.6,-9477.3,2225.1,481.0,471.0,LG,1,1,0
3.9,949.5,-9509.1,3096.9,2617.2,514.2,LLG,3,3,0
-0.1,481.4,-473.5,4047.6,4147.3,4059.1,LLL,4,4,1
105.3,9514.6,-9500.0,520.3,520.5,499.4,NO,0,0,0
-1.6,9486.6,-9573.5,2607.5,494.9,502.1,LG,1,1,0
-63.0,9558.5,-9461.3,481.1,504.7,504.0,NO,0,0,0
-2.2,472.4,-474.7,4150.3,3830.0,4015.1,LLL,4,4,1
1.9,477.6,-477.7,4247.9,3881.7,3938.4,LLL,4,4,1
-52.2,9476.8,-9554.6,501.7,485.2,495.1,NO,0,0,0
82.0,9521.1,-9516.7,534.3,476.5,506.1,NO,0,0,0
-27.0,9517.3,-9587.9,486.2,485.3,511.1,NO,0,0,0
3.0,9546.3,-9531.3,502.7,488.1,504.7,NO,0,0,0
0.2,478.7,-482.2,4242.1,4143.6,4162.0,LLL,4,4,1
-9.8,960.1,-9546.3,3086.9,2583.9,524.7,LLG,3,3,0
0.4,9552.8,-9540.1,2562.0,511.9,510.9,LG,1,1,0
99.1,9551.7,-9568.4,501.9,502.1,464.3,NO,0,0,0
0.2,95.3,-95.4,4730.2,5241.3,4912.4,LLLG,5,5,1
4.2,9379.9,-9560.8,2503.1,521.3,504.7,LG,1,1,0
-0.7,94.9,-94.9,5033.0,5260.5,4994.7,LLLG,5,5,1
7.0,9455.9,-9526.9,480.3,510.0,495.2,NO,0,0,0
-42.1,9586.2,-9498.7,496.0,491.0,516.2,NO,0,0,0
-11.4,2890.8,-9442.1,2074.5,1941.9,476.3,LL,2,2,0
-0.3,94.8,-95.0,5003.1,5173.0,4824.0,LLLG,5,5,1
4.3,9463.7,-9552.3,2486.6,513.4,530.4,LG,1,1,0
1.6,476.7,-473.5,3853.2,4099.5,4211.2,LLL,4,4,1
38.6,2868.2,-9575.9,2047.0,1941.2,534.4,LL,2,2,0
70.6,9508.6,-9471.9,526.6,457.9,499.8,NO,0,0,0
0.2,478.8,-477.7,3987.6,3931.9,4102.5,LLL,4,4,1
1.0,9481.8,-9497.9,2459.7,506.9,525.0,LG,1,1,0
-2.8,9597.0,-9510.5,2589.4,479.0,481.2,LG,1,1,0
-14.1,9501.3,-9601.3,445.9,481.5,506.0,NO,0,0,0
2.7,955.1,-9429.7,3133.6,2528.9,540.6,LLG,3,3,0
2.6,9476.5,-9542.8,493.4,513.4,518.5,NO,0,0,0
34.2,9635.6,-9520.3,489.5,478.9,523.3,NO,0,0,0
3.1,962.4,-9503.9,2999.6,2586.9,481.9,LLG,3,3,0
1.3,477.3,-476.6,4274.3,3655.1,3906.7,LLL,4,4,1
1.9,952.9,-9553.2,3064.6,2434.9,486.9,LLG,3,3,0
11.2,2847.4,-9526.2,1941.9,1978.5,485.5,LL,2,2,0
16.7,9440.8,-9509.2,509.8,503.3,548.0,NO,0,0,0
-9.2,2848.6,-9500.5,2196.1,2026.7,515.2,LL,2,2,0
0.2,959.4,-9541.9,2894.2,2531.4,460.8,LLG,3,3,0
5.9,9504.7,-9507.0,2640.7,468.6,488.4,LG,1,1,0
-1.3,477.3,-476.3,3967.8,4338.0,4028.3,LLL,4,4,1
3.5,9590.7,-9526.4,2548.0,551.7,492.3,LG,1,1,0
0.4,95.1,-95.1,4960.0,4818.3,5063.7,LLLG,5,5,1
55.6,9555.9,-9523.4,504.3,520.8,503.0,NO,0,0,0
-11.2,9517.7,-9559.1,489.4,486.3,509.3,NO,0,0,0
-3.4,9596.5,-9532.7,458.0,511.2,491.8,NO,0,0,0
1.0,477.2,-474.9,3841.5,4072.8,3810.7,LLL,4,4,1
-1.3,474.0,-476.1,4010.6,4003.6,4048.0,LLL,4,4,1
3.9,476.9,-475.8,4114.9,4021.1,3741.9,LLL,4,4,1
1.1,2868.3,-9495.8,2020.9,2020.1,483.0,LL,2,2,0
-3.5,962.8,-9655.1,2990.1,2631.9,484.8,LLG,3,3,0
-0.1,474.4,-474.5,3812.5,4151.0,3760.1,LLL,4,4,1
-78.8,9448.2,-9428.4,493.3,509.8,505.9,NO,0,0,0
10.3,2864.1,-9425.6,2081.4,2006.1,487.7,LL,2,2,0
9.1,2879.4,-9446.2,1946.2,2062.9,485.5,LL,2,2,0
-49.4,9548.9,-9556.1,501.5,526.1,505.6,NO,0,0,0
52.3,9608.1,-9467.9,532.2,506.6,500.2,NO,0,0,0
-4.2,9553.9,-9455.1,2576.9,513.8,476.2,LG,1,1,0
-107.9,9421.9,-9557.5,501.0,524.7,502.6,NO,0,0,0
50.5,9641.0,-9490.1,499.5,461.8,470.3,NO,0,0,0
0.1,95.5,-95.1,4979.3,5001.2,4625.7,LLLG,5,5,1
77.8,9452.7,-9453.6,484.2,513.4,502.0,NO,0,0,0
0.6,476.4,-476.7,3995.8,4212.8,3922.3,LLL,4,4,1
-64.4,9540.4,-9596.7,474.1,549.6,486.4,NO,0,0,0
-6.6,477.3,-482.0,3954.1,4002.3,3998.0,LLL,4,4,1
2.5,475.3,-474.1,4061.6,4168.4,3868.4,LLL,4,4,1
-2.2,963.9,-9523.2,3174.8,2565.0,499.5,LLG,3,3,0
-1.0,949.5,-9464.6,3000.4,2384.0,507.6,LLG,3,3,0
-1.3,477.9,-477.3,3981.3,4263.2,3941.0,LLL,4,4,1
-1.4,95.3,-95.4,5068.8,4945.3,5076.2,LLLG,5,5,1
0.2,94.6,-94.5,4694.2,5010.8,4825.1,LLLG,5,5,1
-9.7,2860.9,-9469.5,2073.9,1841.9,484.8,LL,2,2,0
32.6,9537.0,-9521.4,484.4,507.3,521.1,NO,0,0,0
-5.4,9451.0,-9475.7,2575.6,507.4,528.5,LG,1,1,0
-15.4,2855.3,-9585.6,2045.3,2089.5,514.7,LL,2,2,0
-53.3,9538.7,-9422.4,468.5,509.3,517.6,NO,0,0,0
21.1,9508.1,-9568.1,512.5,476.0,498.1,NO,0,0,0
24.4,2868.0,-9464.3,2160.9,2006.9,561.1,LL,2,2,0
1.6,474.4,-476.7,4070.3,3870.5,3906.5,LLL,4,4,1
-2.6,480.5,-474.6,4026.8,3865.7,3812.8,LLL,4,4,1
-57.7,9663.9,-9507.4,505.6,532.6,477.2,NO,0,0,0
10.2,2857.3,-9536.9,2040.0,1901.1,540.6,LL,2,2,0
68.7,9521.1,-9519.2,504.0,503.8,515.1,NO,0,0,0
-2.2,951.1,-9467.7,2838.0,2710.2,504.1,LLG,3,3,0
-34.9,9497.9,-9533.4,530.3,507.3,527.2,NO,0,0,0
-70.0,9555.6,-9561.0,510.9,538.2,478.9,NO,0,0,0
-18.3,9519.4,-9419.4,519.9,542.0,512.8,NO,0,0,0
5.5,9459.4,-9461.3,543.6,535.2,522.9,NO,0,0,0
-4.6,475.8,-475.7,4263.9,3964.4,4122.1,LLL,4,4,1
-1.5,94.3,-94.4,5148.1,4668.9,5118.8,LLLG,5,5,1
4.6,956.6,-9559.1,2984.2,2321.6,497.2,LLG,3,3,0
-10.6,9549.3,-9439.7,491.8,533.5,509.7,NO,0,0,0
-2.1,9496.7,-9591.5,2570.6,514.6,545.5,LG,1,1,0
2.0,474.3,-475.5,3980.5,4215.4,3857.4,LLL,4,4,1
-61.2,9527.0,-9601.3,496.3,486.0,449.5,NO,0,0,0
-18.1,9531.6,-9484.3,459.3,519.0,529.8,NO,0,0,0
-11.5,9416.5,-9549.5,2618.1,539.7,501.3,LG,1,1,0
-11.3,9464.8,-9445.2,501.8,530.3,489.8,NO,0,0,0
56.9,9525.9,-9532.9,493.7,464.6,515.4,NO,0,0,0
-3.1,948.9,-9489.2,3082.0,2583.5,465.0,LLG,3,3,0
0.3,94.7,-95.8,4955.5,5073.9,4744.6,LLLG,5,5,1
1.6,474.3,-473.7,4283.1,3889.4,3733.2,LLL,4,4,1
14.4,2866.5,-9564.3,1960.4,1914.1,511.5,LL,2,2,0
0.4,94.1,-95.7,4690.7,4836.3,4984.2,LLLG,5,5,1
-30.0,9539.2,-9521.5,502.7,497.4,495.9,NO,0,0,0
50.2,9454.7,-9538.1,507.3,483.3,496.2,NO,0,0,0
-0.3,95.4,-94.7,4920.1,4756.7,4895.0,LLLG,5,5,1
-7.1,9493.3,-9488.7,493.9,496.6,477.7,NO,0,0,0
-0.0,9520.3,-9568.3,2655.5,518.1,535.7,LG,1,1,0
5.2,2869.7,-9553.3,2005.9,1966.6,496.1,LL,2,2,0
0.5,95.7,-95.5,4997.0,5253.9,4736.3,LLLG,5,5,1
-8.7,954.7,-9481.3,2852.9,2430.1,479.2,LLG,3,3,0
-27.5,2850.2,-9480.3,2009.9,2077.3,489.5,LL,2,2,0
102.9,9473.5,-9525.7,485.3,526.4,487.0,NO,0,0,0
4.0,471.7,-475.7,3917.2,3608.6,3953.0,LLL,4,4,1
85.2,9507.2,-9504.0,501.6,518.3,495.3,NO,0,0,0
9.1,2860.5,-9556.1,2050.4,1901.6,525.9,LL,2,2,0
0.5,95.7,-96.1,4584.1,5230.6,4910.8,LLLG,5,5,1
-22.8,2854.8,-9370.3,2034.8,1982.3,512.6,LL,2,2,0
-8.2,943.9,-9527.7,2793.3,2406.0,484.5,LLG,3,3,0
7.0,2862.9,-9550.1,2020.4,2021.6,496.2,LL,2,2,0
0.3,94.7,-95.1,5107.8,5090.6,5170.5,LLLG,5,5,1
3.9,476.8,-472.9,3769.1,3923.8,4015.3,LLL,4,4,1
38.6,9503.5,-9504.2,510.4,492.2,504.6,NO,0,0,0
-0.9,958.7,-9559.2,3164.7,2609.0,462.1,LLG,3,3,0
-3.1,9495.5,-9445.5,2572.3,493.0,462.7,LG,1,1,0
-0.2,95.8,-95.3,5077.1,4986.0,5242.4,LLLG,5,5,1
-86.3,9510.0,-9442.5,492.4,482.8,517.3,NO,0,0,0
-1.0,476.4,-475.7,3877.0,3863.6,4012.8,LLL,4,4,1
-0.4,476.7,-476.3,3744.7,4380.1,3985.1,LLL,4,4,1
6.7,9502.4,-9545.9,2620.8,465.6,483.8,LG,1,1,0
-82.2,9510.1,-9546.2,485.6,501.7,506.6,NO,0,0,0
-0.7,475.9,-473.7,3764.9,4140.9,3961.6,LLL,4,4,1
94.7,9466.1,-9549.5,507.8,508.5,512.9,NO,0,0,0
81.8,9509.4,-9591.6,528.0,493.5,495.3,NO,0,0,0
0.1,951.6,-9575.1,2861.5,2451.7,517.4,LLG,3,3,0
-12.3,2822.2,-9474.1,2006.5,1963.7,495.7,LL,2,2,0
-12.9,9544.5,-9503.9,541.1,519.8,505.6,NO,0,0,0
4.0,949.3,-9499.4,3211.3,2478.4,478.8,LLG,3,3,0
-1.3,474.0,-475.2,3900.2,3883.2,3944.3,LLL,4,4,1
114.6,9520.7,-9534.5,518.5,516.5,473.1,NO,0,0,0
0.3,95.1,-95.9,4795.9,4730.8,5280.1,LLLG,5,5,1
-103.8,9478.5,-9582.2,494.0,458.8,504.0,NO,0,0,0
16.6,2880.4,-9580.3,1997.5,1926.0,501.8,LL,2,2,0
46.6,9527.9,-9573.0,492.1,514.7,503.6,NO,0,0,0
1.2,477.5,-477.1,3982.2,3979.7,3832.9,LLL,4,4,1
-0.0,96.1,-95.2,5160.1,5104.8,5411.4,LLLG,5,5,1
0.7,955.9,-9462.1,3034.9,2587.2,511.1,LLG,3,3,0
-24.7,9490.2,-9653.6,540.5,514.5,497.3,NO,0,0,0
-3.6,956.1,-9482.5,3036.7,2526.8,510.6,LLG,3,3,0
1.0,469.1,-478.4,3980.6,3890.3,3599.0,LLL,4,4,1
-23.4,2857.1,-9531.6,1847.7,1936.1,468.7,LL,2,2,0
1.0,95.1,-95.3,5027.3,5037.7,5557.3,LLLG,5,5,1
-30.9,9549.5,-9461.8,512.2,483.0,493.7,NO,0,0,0
1.2,950.9,-9506.7,3119.5,2410.7,493.7,LLG,3,3,0
-3.1,2859.5,-9540.4,2023.4,1916.7,506.9,LL,2,2,0
5.2,956.6,-9595.9,2986.6,2394.2,533.9,LLG,3,3,0
-0.6,94.8,-95.5,4979.2,4859.8,4894.6,LLLG,5,5,1
0.2,9443.2,-9488.4,2664.2,504.9,501.7,LG,1,1,0
3.6,9557.9,-9436.0,465.6,509.5,517.3,NO,0,0,0
25.1,2876.2,-9485.4,2009.7,2127.9,489.4,LL,2,2,0
-4.7,9521.5,-9454.6,2528.6,499.7,507.4,LG,1,1,0
5.4,480.4,-474.3,4101.1,3921.1,4038.3,LLL,4,4,1
1.5,9521.0,-9537.4,2592.4,517.7,509.2,LG,1,1,0
-16.0,2872.4,-9525.5,1897.8,2046.5,520.1,LL,2,2,0
-0.7,94.6,-95.4,4875.9,4951.5,5202.1,LLLG,5,5,1
-10.2,2872.0,-9471.7,2004.0,2046.1,496.0,LL,2,2,0
-4.9,9499.9,-9531.9,2538.6,496.2,523.2,LG,1,1,0
2.6,952.0,-9518.3,2943.6,2620.3,504.2,LLG,3,3,0
0.7,475.3,-478.3,3806.3,3766.5,4184.5,LLL,4,4,1
-25.0,9572.4,-9586.8,476.9,506.5,493.4,NO,0,0,0
-0.8,474.8,-474.9,3940.0,4165.8,3918.6,LLL,4,4,1
-7.9,2872.0,-9514.1,1929.4,2125.1,507.4,LL,2,2,0
-0.9,474.0,-477.0,4066.1,3949.6,4053.4,LLL,4,4,1
68.3,9465.0,-9574.6,483.2,524.1,493.4,NO,0,0,0
-26.4,9488.5,-9495.4,490.7,493.2,501.0,NO,0,0,0
0.6,95.6,-95.1,5244.9,4771.1,5450.4,LLLG,5,5,1
-30.9,9593.9,-9505.4,538.9,497.5,501.1,NO,0,0,0
-32.0,9537.9,-9492.8,505.9,496.0,505.4,NO,0,0,0
-0.9,2875.9,-9465.0,2139.4,1969.0,465.5,LL,2,2,0
-15.9,9471.4,-9572.8,475.8,495.1,512.7,NO,0,0,0
58.5,9528.2,-9492.3,516.6,487.0,500.9,NO,0,0,0
0.8,956.2,-9568.6,3182.7,2571.2,489.8,LLG,3,3,0
7.8,950.5,-9492.5,3049.9,2458.1,456.8,LLG,3,3,0
-52.4,9624.5,-9511.4,497.0,476.5,525.8,NO,0,0,0
42.5,9619.1,-9510.8,495.3,491.8,487.6,NO,0,0,0
8.2,9534.2,-9587.5,2579.9,495.3,498.6,LG,1,1,0
3.4,478.6,-473.3,3991.3,4101.8,4082.3,LLL,4,4,1
77.1,9538.4,-9473.3,480.1,506.0,473.1,NO,0,0,0
0.7,946.9,-9470.6,3111.9,2597.4,515.4,LLG,3,3,0
0.4,96.3,-95.8,4847.7,5285.6,5123.8,LLLG,5,5,1
-60.5,9527.0,-9551.7,472.7,526.5,494.0,NO,0,0,0
15.0,2862.5,-9520.6,1987.1,2111.1,483.7,LL,2,2,0
-0.1,95.8,-95.7,4880.5,4965.6,5195.3,LLLG,5,5,1
-71.7,9536.3,-9475.2,503.0,457.4,486.7,NO,0,0,0
-52.5,9535.7,-9486.9,508.6,506.0,484.8,NO,0,0,0
-3.2,478.7,-473.1,3797.3,3869.9,3993.7,LLL,4,4,1
3.6,9458.0,-9490.9,2502.8,508.5,462.5,LG,1,1,0
-3.4,954.7,-9586.3,2958.6,2466.8,500.8,LLG,3,3,0
-45.7,9568.3,-9545.9,497.1,496.8,534.8,NO,0,0,0
-1.0,477.8,-479.6,3620.5,3815.2,4020.8,LLL,4,4,1
74.4,9523.2,-9534.5,492.4,510.1,498.0,NO,0,0,0
5.1,953.2,-9536.6,3079.4,2506.6,517.7,LLG,3,3,0
1.9,9499.2,-9568.7,500.5,505.5,501.5,NO,0,0,0
-4.4,9404.3,-9547.5,2439.1,473.5,491.5,LG,1,1,0
-2.5,9469.3,-9495.3,2559.8,511.0,498.5,LG,1,1,0
-2.0,478.6,-476.3,4102.6,3798.4,3751.4,LLL,4,4,1
-19.3,9562.3,-9471.1,528.7,512.3,444.4,NO,0,0,0
65.9,9472.9,-9533.0,515.5,528.3,472.8,NO,0,0,0
-7.4,9585.0,-9504.3,2515.3,501.8,485.9,LG,1,1,0
-0.3,477.2,-474.4,3993.6,3630.8,3998.4,LLL,4,4,1
2.2,949.1,-9491.1,3310.8,2473.1,505.1,LLG,3,3,0
-12.9,2856.4,-9527.0,1972.3,2058.2,489.8,LL,2,2,0
-0.8,951.1,-9524.7,2818.7,2465.1,499.8,LLG,3,3,0
-0.1,94.7,-95.0,4842.0,5155.6,4929.0,LLLG,5,5,1
4.2,952.9,-9494.8,2775.3,2566.7,450.7,LLG,3,3,0
-26.5,2853.9,-9573.7,2011.2,1925.2,500.0,LL,2,2,0
-3.6,957.9,-9547.5,3303.6,2373.8,520.1,LLG,3,3,0
-3.5,476.5,-472.3,3853.6,4219.1,4075.9,LLL,4,4,1
2.6,475.6,-479.0,4112.4,4076.6,4002.5,LLL,4,4,1
3.4,2831.9,-9474.3,1958.7,2013.5,503.2,LL,2,2,0
-0.2,95.8,-95.8,4846.9,4802.6,4691.2,LLLG,5,5,1
0.3,477.2,-478.8,4018.8,4039.9,3932.9,LLL,4,4,1
-1.3,477.4,-477.5,4004.1,4154.9,3992.6,LLL,4,4,1
-14.8,2863.1,-9547.2,1953.6,1823.3,509.3,LL,2,2,0
5.9,944.0,-9519.7,2928.4,2327.3,502.3,LLG,3,3,0
-6.2,957.6,-9457.6,3097.0,2548.6,478.2,LLG,3,3,0
1.4,477.6,-474.7,4330.5,4077.4,4095.0,LLL,4,4,1
0.3,95.2,-95.1,4981.7,5401.3,4902.4,LLLG,5,5,1
-6.8,961.0,-9475.7,2836.8,2449.3,523.5,LLG,3,3,0
-0.5,955.4,-9537.3,3120.0,2614.5,505.6,LLG,3,3,0
-48.7,9479.4,-9554.1,474.1,490.5,474.7,NO,0,0,0
2.5,476.2,-478.4,4201.0,3870.0,4021.6,LLL,4,4,1
100.4,9581.7,-9492.3,475.8,434.4,486.5,NO,0,0,0
-6.9,9551.7,-9539.2,2422.9,485.5,516.2,LG,1,1,0
7.2,474.7,-478.9,4147.2,4052.2,4138.1,LLL,4,4,1
22.4,9432.3,-9495.8,512.0,491.1,494.8,NO,0,0,0
0.5,9546.3,-9489.2,501.6,480.3,485.2,NO,0,0,0
-32.4,9432.1,-9563.0,479.2,453.8,504.1,NO,0,0,0
5.1,2868.0,-9477.2,1839.3,1998.6,491.6,LL,2,2,0
6.6,950.7,-9515.2,3081.0,2676.1,506.0,LLG,3,3,0
3.7,9495.5,-9499.5,2535.1,489.8,520.6,LG,1,1,0
2.4,473.6,-475.2,3810.6,4205.7,3906.9,LLL,4,4,1
3.1,2852.5,-9575.5,1977.1,1994.3,498.5,LL,2,2,0
-0.8,95.2,-95.8,4864.1,5051.8,5074.3,LLLG,5,5,1
1.3,953.2,-9535.1,2917.7,2437.9,470.2,LLG,3,3,0
0.1,478.3,-475.1,4128.4,3984.8,4103.2,LLL,4,4,1
-76.7,9581.2,-9549.5,479.6,476.6,516.6,NO,0,0,0
17.7,2863.3,-9573.0,1994.3,2050.8,510.8,LL,2,2,0
-16.4,2869.4,-9388.3,2061.2,1920.7,487.0,LL,2,2,0
2.9,943.7,-9460.4,3020.0,2433.8,497.1,LLG,3,3,0
1.4,9546.3,-9467.0,2392.6,509.8,490.5,LG,1,1,0
-0.6,477.0,-477.5,3867.8,3861.8,4014.8,LLL,4,4,1
-1.5,473.6,-474.0,3891.7,4071.9,4064.3,LLL,4,4,1
2.6,478.8,-474.2,3942.1,4069.8,3885.7,LLL,4,4,1
22.3,9557.3,-9557.3,485.2,523.6,510.6,NO,0,0,0
-32.3,9521.2,-9545.8,476.6,493.8,482.2,NO,0,0,0
-73.2,9492.1,-9518.3,508.0,518.9,541.8,NO,0,0,0
-1.9,476.0,-471.8,3983.5,4050.5,3907.2,LLL,4,4,1
0.6,472.1,-478.1,3626.8,4032.5,3928.5,LLL,4,4,1
20.1,9572.6,-9511.0,490.6,495.6,512.2,NO,0,0,0
-0.2,95.2,-95.5,4981.0,5394.8,5073.2,LLLG,5,5,1
7.7,9607.5,-9582.8,2454.8,494.3,475.1,LG,1,1,0
5.3,955.0,-9572.3,3190.4,2351.0,467.0,LLG,3,3,0
-0.2,9392.9,-9531.4,477.2,522.2,507.0,NO,0,0,0
-8.1,2849.3,-9511.6,2130.8,1970.4,503.5,LL,2,2,0
-0.5,956.6,-9545.8,3004.5,2461.7,496.2,LLG,3,3,0
-0.8,479.2,-477.0,3662.2,3949.1,4050.1,LLL,4,4,1
10.8,9515.8,-9516.2,528.4,484.9,518.7,NO,0,0,0
66.6,9556.1,-9598.2,484.6,469.3,522.0,NO,0,0,0
0.2,94.3,-95.7,5366.0,4769.2,4951.7,LLLG,5,5,1
0.1,94.6,-95.0,4852.8,4825.9,5096.0,LLLG,5,5,1
0.8,96.2,-96.4,4912.4,4720.6,5063.5,LLLG,5,5,1
-2.3,954.3,-9571.1,3015.9,2627.9,507.4,LLG,3,3,0
20.9,2868.8,-9406.3,2014.7,1974.0,508.3,LL,2,2,0
-26.5,2838.4,-9550.3,2062.0,2132.7,498.2,LL,2,2,0
-2.5,950.3,-9519.3,3044.1,2349.1,479.6,LLG,3,3,0
-3.2,9530.2,-9467.9,2375.3,500.4,506.6,LG,1,1,0
-47.9,9563.9,-9489.8,498.9,488.1,520.8,NO,0,0,0
23.5,2864.4,-9477.1,1979.8,1919.6,498.0,LL,2,2,0
-4.6,471.0,-473.0,4045.8,3783.9,4189.6,LLL,4,4,1
-3.1,2836.0,-9575.5,2135.7,1869.3,533.6,LL,2,2,0
1.1,478.1,-473.7,3911.6,4002.0,4168.9,LLL,4,4,1
3.7,478.0,-475.0,4125.0,3940.3,3764.6,LLL,4,4,1
-85.0,9541.2,-9517.2,461.8,463.6,494.2,NO,0,0,0
0.2,95.0,-95.1,5115.6,4774.9,4867.6,LLLG,5,5,1
-2.5,476.8,-470.1,4040.9,4262.5,4034.4,LLL,4,4,1
13.2,2834.6,-9567.1,2111.3,2050.5,543.1,LL,2,2,0
-0.1,9593.2,-9475.4,503.6,492.7,510.8,NO,0,0,0
0.1,94.7,-94.6,5231.4,5270.4,5223.0,LLLG,5,5,1
100.4,9502.0,-9627.9,500.8,491.2,494.4,NO,0,0,0
-14.7,2848.7,-9516.0,1916.5,2054.6,487.0,LL,2,2,0
-1.1,957.7,-9583.7,3277.5,2597.9,495.6,LLG,3,3,0
16.4,9558.9,-9511.5,511.6,516.2,507.1,NO,0,0,0
-68.2,9577.8,-9597.3,494.8,497.9,485.0,NO,0,0,0
1.7,2848.5,-9636.0,1875.1,1962.3,483.7,LL,2,2,0
64.3,9496.5,-9509.5,481.8,490.5,519.6,NO,0,0,0
113.5,9514.7,-9541.6,513.8,479.4,494.1,NO,0,0,0
-0.2,479.4,-476.1,4171.4,3845.3,3868.5,LLL,4,4,1
5.6,956.3,-9533.7,2900.8,2406.3,499.9,LLG,3,3,0
-0.2,95.2,-95.2,5053.2,4950.4,5323.4,LLLG,5,5,1
2.8,942.7,-9518.8,2921.5,2367.2,484.5,LLG,3,3,0
56.3,9541.2,-9565.7,510.9,518.4,530.3,NO,0,0,0
-0.0,9565.9,-9508.3,2493.9,524.0,508.7,LG,1,1,0
-2.8,9411.0,-9497.1,482.2,516.9,507.3,NO,0,0,0
-11.1,955.5,-9480.7,3063.7,2675.0,457.7,LLG,3,3,0
-3.7,472.4,-480.7,4142.0,4027.6,4321.3,LLL,4,4,1
1.7,481.1,-473.4,3998.3,3992.8,3963.7,LLL,4,4,1
-19.8,9553.6,-9474.6,497.4,522.4,525.9,NO,0,0,0
0.2,96.8,-94.0,4876.3,4964.1,4818.2,LLLG,5,5,1
0.3,957.0,-9492.5,3085.0,2418.4,491.0,LLG,3,3,0
-0.0,96.1,-95.7,5261.4,5045.8,4660.1,LLLG,5,5,1
62.1,9676.6,-9494.6,495.4,513.3,531.9,NO,0,0,0
33.8,9490.5,-9577.2,490.3,509.0,549.8,NO,0,0,0
-0.7,476.9,-478.1,4052.7,3799.9,4187.0,LLL,4,4,1
-37.3,9570.0,-9517.9,498.5,498.5,501.1,NO,0,0,0
-0.4,480.8,-480.3,3953.3,4075.6,4033.2,LLL,4,4,1
27.2,2864.6,-9548.5,2011.4,1935.9,517.1,LL,2,2,0
0.3,480.7,-475.9,3920.0,4112.5,4250.1,LLL,4,4,1
-9.7,9499.5,-9452.2,501.4,460.3,503.5,NO,0,0,0
5.6,9508.0,-9545.5,2463.1,506.5,497.1,LG,1,1,0
-0.2,94.9,-96.1,4554.4,5257.7,4828.6,LLLG,5,5,1
1.8,481.6,-476.7,3821.1,3958.1,4037.8,LLL,4,4,1
20.0,2839.9,-9526.5,1981.9,1997.7,505.9,LL,2,2,0
-2.8,2856.5,-9541.6,2065.6,1962.4,530.7,LL,2,2,0
6.7,9640.7,-9539.9,519.7,500.9,503.5,NO,0,0,0
2.4,474.9,-473.5,4087.2,3866.3,4106.0,LLL,4,4,1
15.8,9621.1,-9540.5,505.2,482.6,497.4,NO,0,0,0
16.6,2837.4,-9581.1,2053.7,2013.0,521.8,LL,2,2,0
-11.6,2860.1,-9536.9,2000.7,2120.6,524.5,LL,2,2,0
-2.1,9533.2,-9551.8,521.3,519.9,513.5,NO,0,0,0
-3.1,9577.0,-9504.2,2466.2,520.0,478.7,LG,1,1,0
-5.9,477.7,-474.9,3834.7,4058.7,3694.2,LLL,4,4,1
6.5,2858.0,-9506.8,1861.6,2011.3,492.3,LL,2,2,0
7.0,2852.4,-9512.9,2093.8,2071.0,489.2,LL,2,2,0
2.5,9498.5,-9625.7,472.1,536.1,508.4,NO,0,0,0
5.5,2854.7,-9542.6,1978.7,1954.4,489.2,LL,2,2,0
-6.9,9512.5,-9493.9,2447.1,492.8,480.6,LG,1,1,0
-7.4,2851.9,-9536.1,2117.0,1977.2,498.8,LL,2,2,0
0.2,95.5,-95.0,4863.4,5211.0,4653.0,LLLG,5,5,1
-1.6,474.3,-473.3,4107.0,4083.0,3853.4,LLL,4,4,1
-6.7,946.0,-9572.6,3055.6,2377.4,477.1,LLG,3,3,0
-14.5,9559.5,-9475.9,481.9,504.5,482.1,NO,0,0,0
-0.1,96.1,-94.4,5001.5,5098.5,5380.2,LLLG,5,5,1
15.4,2864.0,-9541.8,2079.0,1924.1,533.7,LL,2,2,0
-0.7,477.1,-472.3,3828.3,4040.6,4140.2,LLL,4,4,1
2.0,473.5,-474.5,3908.5,3871.5,3830.0,LLL,4,4,1
-2.9,479.6,-475.0,3893.1,3983.2,3549.7,LLL,4,4,1
-1.3,476.2,-472.2,3944.6,4001.4,4262.2,LLL,4,4,1
1.3,95.3,-95.8,5037.0,5237.1,5097.1,LLLG,5,5,1
5.9,960.4,-9545.1,2993.4,2472.4,513.2,LLG,3,3,0
-0.1,476.5,-475.4,3993.9,3809.7,3853.3,LLL,4,4,1
9.4,951.2,-9636.4,2945.3,2293.1,483.2,LLG,3,3,0
-5.2,2872.3,-9564.7,1987.1,2245.5,498.1,LL,2,2,0
-2.5,471.6,-477.9,4051.5,4064.6,3874.6,LLL,4,4,1
-0.1,95.2,-94.8,5087.9,5279.0,4833.0,LLLG,5,5,1
2.3,9512.7,-9511.6,2299.9,496.8,473.6,LG,1,1,0
-0.4,479.3,-480.0,3759.7,3884.9,4135.0,LLL,4,4,1
0.1,95.4,-95.0,5070.9,4983.6,4853.6,LLLG,5,5,1
1.8,948.2,-9526.8,2992.1,2656.9,490.1,LLG,3,3,0
-2.0,9492.3,-9597.3,480.3,482.5,491.1,NO,0,0,0
0.0,95.3,-95.3,5033.3,5161.8,5134.1,LLLG,5,5,1
-1.2,475.1,-476.9,4095.1,4015.7,4181.7,LLL,4,4,1
75.0,9543.6,-9460.0,482.9,502.0,535.0,NO,0,0,0
0.5,95.4,-95.2,5047.9,5193.9,4989.7,LLLG,5,5,1
0.2,475.8,-477.9,4283.2,3861.3,3841.5,LLL,4,4,1
5.2,9460.6,-9520.3,480.9,501.8,494.3,NO,0,0,0
-0.9,94.0,-95.3,5044.4,4812.3,4953.3,LLLG,5,5,1
30.7,9561.1,-9447.5,490.2,477.9,485.7,NO,0,0,0
1.1,2876.6,-9555.8,1944.5,2118.3,474.6,LL,2,2,0
56.3,9577.4,-9563.4,504.7,527.0,498.9,NO,0,0,0
1.3,477.3,-476.6,3995.9,3943.7,4066.3,LLL,4,4,1
-14.7,2858.7,-9458.2,2054.4,1966.3,469.8,LL,2,2,0
0.8,477.7,-474.1,3904.7,4029.3,3762.8,LLL,4,4,1
3.3,9532.4,-9573.7,476.1,499.0,475.6,NO,0,0,0
4.0,9552.0,-9514.8,2561.0,546.1,463.2,LG,1,1,0
1.5,476.1,-474.6,4066.8,4081.7,4310.7,LLL,4,4,1
4.8,2848.2,-9560.6,2080.3,2101.7,497.8,LL,2,2,0
3.2,2835.0,-9557.5,2063.7,2028.5,507.1,LL,2,2,0
2.1,9503.3,-9480.0,2626.2,500.9,496.8,LG,1,1,0
-0.4,2869.3,-9591.8,1910.1,1948.2,503.4,LL,2,2,0
-0.1,2848.0,-9572.7,2034.5,1854.2,495.4,LL,2,2,0
2.2,949.4,-9581.8,2977.2,2764.0,497.7,LLG,3,3,0
-1.1,473.9,-476.3,4007.5,3949.0,3977.6,LLL,4,4,1
-36.5,9559.4,-9555.0,509.5,496.0,438.9,NO,0,0,0
-1.6,472.8,-483.0,4151.9,3849.2,4040.9,LLL,4,4,1
41.0,9573.5,-9506.4,503.6,473.9,470.4,NO,0,0,0
-4.0,2853.5,-9554.2,1922.6,1847.1,511.5,LL,2,2,0
0.5,477.0,-476.2,4088.4,3890.4,3938.6,LLL,4,4,1
-5.4,9524.3,-9561.5,2488.1,490.0,520.6,LG,1,1,0
14.5,9507.5,-9538.5,513.0,462.2,463.1,NO,0,0,0
-1.7,478.9,-474.0,3962.9,4267.2,3740.5,LLL,4,4,1
-50.8,9442.8,-9567.4,507.9,492.3,506.1,NO,0,0,0
0.9,949.8,-9539.0,2746.0,2568.9,500.3,LLG,3,3,0
11.2,9562.6,-9486.1,475.9,495.8,497.0,NO,0,0,0
-24.8,9572.1,-9509.8,534.2,511.3,510.6,NO,0,0,0
-73.2,9475.4,-9566.5,500.1,483.2,505.0,NO,0,0,0
0.5,476.2,-477.5,4126.6,4031.2,3932.0,LLL,4,4,1
0.3,95.3,-95.8,4828.5,4770.4,4769.8,LLLG,5,5,1
-0.9,9470.7,-9593.8,2405.4,538.2,490.1,LG,1,1,0
-0.5,476.4,-476.7,4016.1,3879.3,4078.2,LLL,4,4,1
12.9,2879.6,-9629.7,1973.2,1986.7,485.2,LL,2,2,0
-11.6,2872.8,-9515.1,1964.8,2166.7,477.2,LL,2,2,0
-4.0,9520.4,-9513.6,2459.7,511.4,496.6,LG,1,1,0
-0.7,944.7,-9486.8,3180.9,2467.2,483.6,LLG,3,3,0
-33.8,2857.8,-9465.1,1862.3,2080.1,512.4,LL,2,2,0
-0.2,482.0,-476.3,4158.1,3978.1,4018.3,LLL,4,4,1
-0.4,94.5,-95.3,5040.5,5005.6,5064.5,LLLG,5,5,1
-1.9,9521.0,-9569.7,2475.7,522.8,511.3,LG,1,1,0
-17.5,9548.4,-9493.1,546.0,512.9,480.4,NO,0,0,0
-101.5,9566.3,-9458.2,529.8,482.7,496.0,NO,0,0,0
6.4,953.9,-9458.0,2794.6,2425.5,498.3,LLG,3,3,0
-1.6,9477.8,-9544.3,2415.0,495.3,480.3,LG,1,1,0
-1.9,2843.2,-9579.5,2026.4,2024.9,478.3,LL,2,2,0
-0.1,477.9,-473.3,4084.9,4239.6,4239.5,LLL,4,4,1
0.7,96.3,-95.5,4809.8,4755.8,4717.7,LLLG,5,5,1
0.8,471.8,-475.0,4226.8,3846.5,4053.9,LLL,4,4,1
-1.5,476.5,-472.0,3875.4,4007.0,4408.3,LLL,4,4,1
-2.8,473.9,-476.1,3791.7,3939.3,3970.3,LLL,4,4,1
84.6,9575.7,-9572.3,525.1,510.1,486.9,NO,0,0,0
1.8,476.4,-476.6,4123.4,4141.5,3937.1,LLL,4,4,1
20.7,9542.6,-9503.8,490.8,494.2,489.9,NO,0,0,0
26.2,9526.5,-9563.5,518.2,493.8,460.3,NO,0,0,0
17.5,2853.6,-9615.9,1956.9,2101.5,511.3,LL,2,2,0
-25.8,9531.4,-9573.9,489.7,511.2,523.7,NO,0,0,0
-81.8,9626.2,-9542.5,498.0,482.2,495.7,NO,0,0,0
-0.0,94.9,-95.2,5075.2,4763.4,5075.5,LLLG,5,5,1
6.8,966.9,-9571.4,3044.2,2543.4,484.8,LLG,3,3,0
-78.6,9530.7,-9476.5,451.9,487.8,495.9,NO,0,0,0
12.2,9550.7,-9580.0,471.4,463.7,515.3,NO,0,0,0
15.3,2853.1,-9572.2,2034.2,1903.2,487.8,LL,2,2,0
2.1,951.5,-9591.6,3066.7,2516.8,488.1,LLG,3,3,0
-25.8,9588.0,-9510.6,504.5,477.4,479.9,NO,0,0,0
-16.6,2837.4,-9494.8,1818.8,2000.6,514.4,LL,2,2,0
-47.9,9556.5,-9558.8,486.1,510.9,490.9,NO,0,0,0
72.1,9517.2,-9456.8,536.1,523.0,543.7,NO,0,0,0
0.8,95.6,-94.9,5231.0,5051.3,5052.6,LLLG,5,5,1
-2.3,2867.0,-9549.7,2046.8,2013.4,518.1,LL,2,2,0
9.1,9602.5,-9642.9,440.9,451.1,496.5,NO,0,0,0
-29.3,9545.9,-9593.8,509.9,498.0,499.8,NO,0,0,0
-21.8,9556.1,-9556.4,511.5,494.8,473.5,NO,0,0,0
-3.4,9416.5,-9549.2,496.9,498.4,514.1,NO,0,0,0
-2.1,475.4,-478.6,3546.0,3961.4,4213.5,LLL,4,4,1
-2.0,475.7,-474.0,4025.2,4097.2,4098.6,LLL,4,4,1
3.3,954.4,-9415.3,2847.0,2287.1,492.3,LLG,3,3,0
-33.9,9413.9,-9535.1,504.1,494.3,483.1,NO,0,0,0
0.8,95.1,-94.5,4998.7,4864.3,4708.9,LLLG,5,5,1
6.1,9475.5,-9663.1,535.8,516.1,509.2,NO,0,0,0
-0.3,478.7,-476.9,3817.1,4318.5,4216.1,LLL,4,4,1
-14.2,2849.4,-9548.1,2125.6,2034.3,511.0,LL,2,2,0
-0.1,951.5,-9598.1,2954.5,2414.9,484.7,LLG,3,3,0
-2.6,474.1,-476.5,3952.3,4057.0,3947.8,LLL,4,4,1
-5.5,2854.2,-9501.1,2039.3,2098.0,521.4,LL,2,2,0
6.1,955.3,-9512.2,2863.5,2656.2,556.6,LLG,3,3,0
-0.3,955.9,-9586.8,2880.5,2633.7,507.2,LLG,3,3,0
-18.7,9529.0,-9473.5,473.0,539.1,508.0,NO,0,0,0
107.9,9535.8,-9468.1,498.0,498.3,502.6,NO,0,0,0
18.4,2852.8,-9556.4,1905.7,1895.9,502.7,LL,2,2,0
0.5,95.3,-94.5,5077.2,5025.6,5099.1,LLLG,5,5,1
-53.5,9452.0,-9500.4,484.8,475.1,519.1,NO,0,0,0
-45.6,9451.0,-9524.1,484.9,489.9,473.9,NO,0,0,0
-12.2,9421.6,-9464.5,2472.0,475.6,499.5,LG,1,1,0
-27.4,2838.7,-9504.1,2020.9,2082.5,486.0,LL,2,2,0
0.3,94.8,-94.4,5122.1,5486.8,4876.5,LLLG,5,5,1
-1.0,9462.3,-9542.5,2442.8,470.3,507.6,LG,1,1,0
3.2,9573.1,-9499.1,2312.5,498.8,501.5,LG,1,1,0
13.3,2858.8,-9561.2,1996.7,2074.8,500.0,LL,2,2,0
1.2,479.3,-476.0,3875.6,4060.6,4193.0,LLL,4,4,1
-64.7,9466.5,-9523.7,492.6,504.0,513.5,NO,0,0,0
-11.8,9507.6,-9537.3,492.3,477.7,533.8,NO,0,0,0
-4.0,947.1,-9598.7,2967.1,2311.2,462.0,LLG,3,3,0
-0.1,95.6,-95.9,4857.2,4774.9,5335.9,LLLG,5,5,1
-3.6,948.3,-9465.0,3075.7,2465.2,479.7,LLG,3,3,0
82.4,9494.4,-9617.5,483.9,514.6,511.6,NO,0,0,0
-119.0,9536.6,-9539.8,504.2,510.5,509.2,NO,0,0,0
5.3,471.4,-476.7,3871.7,4252.9,4188.1,LLL,4,4,1
-11.1,9520.7,-9470.2,499.4,493.2,487.8,NO,0,0,0
-0.9,474.9,-475.5,4122.5,3934.5,4209.5,LLL,4,4,1
-6.1,474.9,-473.2,3882.6,4111.6,4051.2,LLL,4,4,1
44.0,9622.6,-9566.7,503.7,497.6,465.3,NO,0,0,0
-0.5,94.9,-95.4,5301.8,4864.9,4735.7,LLLG,5,5,1
-8.5,9494.2,-9510.0,2580.4,514.9,509.4,LG,1,1,0
-18.2,2857.6,-9564.8,2038.2,2030.9,499.4,LL,2,2,0
-0.3,9596.6,-9585.5,504.0,515.5,507.7,NO,0,0,0
-1.9,951.8,-9578.9,3079.0,2445.6,492.4,LLG,3,3,0
26.1,9455.1,-9459.7,531.0,537.6,504.2,NO,0,0,0
1.5,9490.9,-9535.3,2565.6,516.3,501.2,LG,1,1,0
2.5,9530.0,-9521.9,2497.6,458.5,472.9,LG,1,1,0
6.6,2869.4,-9500.6,1993.0,2040.0,512.2,LL,2,2,0
-13.2,9566.8,-9516.9,478.1,488.0,473.7,NO,0,0,0
-4.5,9461.7,-9473.4,2518.6,511.9,515.4,LG,1,1,0
-9.1,2852.1,-9433.3,2075.8,2106.0,522.9,LL,2,2,0
9.5,9458.8,-9584.3,2453.8,524.1,488.4,LG,1,1,0
29.5,2843.6,-9582.8,2162.7,2108.2,486.6,LL,2,2,0
-2.9,955.4,-9470.8,3170.5,2597.2,515.6,LLG,3,3,0
0.8,2884.5,-9556.1,1970.6,1973.0,481.1,LL,2,2,0
-0.7,95.4,-95.5,4744.1,5017.0,5107.9,LLLG,5,5,1
-0.3,95.0,-95.5,4940.0,4761.1,5044.9,LLLG,5,5,1
-3.4,474.3,-477.9,4061.8,4107.1,3877.1,LLL,4,4,1
16.9,9550.4,-9502.2,473.5,483.3,505.2,NO,0,0,0
1.2,946.7,-9590.3,3217.3,2405.5,479.3,LLG,3,3,0
20.0,2871.0,-9502.1,1967.4,1903.6,550.2,LL,2,2,0
4.9,945.0,-9435.0,3023.3,2505.9,476.0,LLG,3,3,0
1.0,9513.6,-9531.8,2528.4,517.4,475.0,LG,1,1,0
-25.3,2816.8,-9532.1,2068.5,2035.0,549.7,LL,2,2,0
84.3,9617.9,-9515.9,498.7,486.9,513.6,NO,0,0,0
-66.2,9596.7,-9523.1,516.6,502.1,503.0,NO,0,0,0
39.4,2863.3,-9581.6,1853.7,1920.8,525.6,LL,2,2,0
2.9,9513.7,-9566.1,2417.5,504.3,480.4,LG,1,1,0
1.6,479.0,-478.5,3545.6,4225.9,3929.3,LLL,4,4,1
0.0,475.9,-477.4,4147.8,4151.7,4057.6,LLL,4,4,1
-2.3,474.5,-478.3,4114.8,4324.8,3999.1,LLL,4,4,1
-45.7,9585.1,-9463.3,486.5,491.2,500.3,NO,0,0,0
-8.9,9541.2,-9514.7,479.8,454.6,502.4,NO,0,0,0
-3.1,951.6,-9526.2,2968.2,2539.1,494.5,LLG,3,3,0
23.9,9551.9,-9518.5,496.6,490.0,474.1,NO,0,0,0
6.3,2902.1,-9540.0,1862.3,2020.4,528.5,LL,2,2,0
8.5,2857.3,-9544.1,2017.7,2006.7,489.4,LL,2,2,0
-6.3,9521.8,-9629.9,2628.6,501.0,498.4,LG,1,1,0
-0.8,94.9,-95.2,4820.5,5309.5,4696.7,LLLG,5,5,1
-63.5,9461.3,-9478.7,474.4,491.1,495.4,NO,0,0,0
-64.1,9550.3,-9587.7,509.0,503.5,492.8,NO,0,0,0
1.2,476.6,-476.1,3963.4,4233.6,4271.3,LLL,4,4,1
-14.2,9488.9,-9500.3,478.3,478.5,497.5,NO,0,0,0
-0.5,476.2,-478.2,4108.0,3862.7,3824.1,LLL,4,4,1
2.5,478.3,-477.7,3966.2,3942.8,3917.3,LLL,4,4,1
99.4,9532.6,-9528.1,502.1,484.7,508.4,NO,0,0,0
-1.5,9503.5,-9574.4,486.2,508.4,529.3,NO,0,0,0
-4.6,2888.2,-9490.4,2041.6,2132.4,539.8,LL,2,2,0
1.0,479.9,-473.2,4064.4,3886.5,3973.7,LLL,4,4,1
3.1,477.7,-472.9,3668.6,3892.7,4091.1,LLL,4,4,1
38.2,9511.4,-9525.3,500.7,493.0,513.3,NO,0,0,0
31.8,2856.9,-9497.4,2060.2,2077.5,501.3,LL,2,2,0
49.1,9556.7,-9485.1,485.0,484.8,532.6,NO,0,0,0
6.9,947.7,-9523.3,2924.7,2633.9,490.1,LLG,3,3,0
0.7,95.4,-95.6,5024.3,4692.2,4800.0,LLLG,5,5,1
28.3,9527.7,-9565.5,496.3,522.7,506.2,NO,0,0,0
119.7,9514.9,-9538.3,489.6,500.5,526.6,NO,0,0,0
-55.5,9497.0,-9627.7,492.6,501.1,511.1,NO,0,0,0
-5.0,948.3,-9559.4,2934.5,2629.9,506.9,LLG,3,3,0
4.6,9566.0,-9553.2,2364.2,532.8,490.4,LG,1,1,0
1.9,478.0,-475.3,4106.1,4069.0,4149.8,LLL,4,4,1
15.8,9508.6,-9551.3,480.8,514.9,493.9,NO,0,0,0
1.6,954.7,-9552.3,3132.8,2298.6,498.9,LLG,3,3,0
11.4,9560.0,-9530.5,496.4,545.4,517.8,NO,0,0,0
5.8,2872.1,-9491.3,2026.0,1997.8,496.0,LL,2,2,0
-6.1,474.4,-478.2,4170.3,4098.4,3556.7,LLL,4,4,1
10.5,9534.2,-9524.9,546.6,480.7,524.1,NO,0,0,0
1.1,9391.6,-9556.6,2499.1,544.2,518.8,LG,1,1,0
32.9,9528.9,-9453.7,511.1,499.4,506.4,NO,0,0,0
4.0,2857.5,-9481.1,1953.2,1947.5,462.4,LL,2,2,0
-0.2,94.7,-96.0,4948.3,5181.6,5520.7,LLLG,5,5,1
3.4,476.9,-473.3,4184.7,3934.2,4232.9,LLL,4,4,1
18.7,9599.3,-9516.0,520.9,513.7,466.4,NO,0,0,0
76.9,9500.1,-9485.2,499.7,457.5,469.5,NO,0,0,0
-3.4,479.2,-477.0,3682.0,4035.7,4121.9,LLL,4,4,1
5.2,947.0,-9579.5,3088.6,2228.2,500.9,LLG,3,3,0
-1.5,9426.7,-9482.8,2473.5,485.5,452.7,LG,1,1,0
-0.6,479.0,-475.1,3922.3,3832.1,3969.7,LLL,4,4,1
-41.1,9523.8,-9506.9,496.6,519.3,497.7,NO,0,0,0
-5.5,958.9,-9576.7,2960.6,2490.0,489.5,LLG,3,3,0
13.8,2877.0,-9556.4,1962.0,1944.2,502.0,LL,2,2,0
0.4,94.9,-95.4,4819.6,5017.3,4736.2,LLLG,5,5,1
-1.1,948.1,-9490.2,2877.1,2552.2,509.1,LLG,3,3,0
6.6,9556.6,-9516.5,2674.8,457.7,515.0,LG,1,1,0
0.4,95.5,-94.7,5195.2,4661.8,5000.3,LLLG,5,5,1
-2.5,946.5,-9538.3,2976.4,2461.6,491.3,LLG,3,3,0
29.8,2838.3,-9537.3,1975.6,1853.1,493.4,LL,2,2,0
-34.3,9392.7,-9509.3,501.8,479.7,520.8,NO,0,0,0
-16.6,9504.4,-9573.0,516.1,555.7,475.7,NO,0,0,0
0.5,475.0,-476.1,4349.1,3985.4,3986.0,LLL,4,4,1
-3.9,2846.1,-9515.8,2070.8,2096.4,488.8,LL,2,2,0
-0.2,9543.2,-9525.4,2382.9,499.7,504.9,LG,1,1,0
-0.3,94.9,-95.7,5031.6,5092.9,4935.6,LLLG,5,5,1
54.1,9480.7,-9604.7,513.9,522.2,494.7,NO,0,0,0
2.1,472.7,-474.6,4160.0,4010.6,3757.3,LLL,4,4,1
-20.6,9489.7,-9427.4,502.1,517.2,502.3,NO,0,0,0
19.1,2879.2,-9612.8,1841.5,2056.1,516.5,LL,2,2,0
14.6,9503.3,-9510.2,507.0,493.0,496.4,NO,0,0,0
-27.6,2864.7,-9545.7,2164.8,1984.1,483.2,LL,2,2,0
3.7,951.0,-9525.4,2925.5,2514.1,508.3,LLG,3,3,0
84.9,9511.6,-9627.5,477.9,521.3,495.4,NO,0,0,0
-0.6,95.1,-96.1,5090.7,5171.4,4828.3,LLLG,5,5,1
3.2,949.7,-9601.2,3176.0,2675.8,494.4,LLG,3,3,0
1.4,954.8,-9558.4,3003.2,2436.5,497.9,LLG,3,3,0
-1.3,9594.7,-9579.4,501.2,504.0,484.4,NO,0,0,0
3.8,965.1,-9454.3,2998.3,2430.0,512.6,LLG,3,3,0
-11.2,9480.8,-9583.7,509.0,513.9,483.7,NO,0,0,0
-0.7,9526.5,-9508.6,2571.9,499.4,504.3,LG,1,1,0
-94.4,9467.2,-9473.0,505.7,514.4,478.4,NO,0,0,0
17.4,2834.8,-9590.6,1951.4,2238.2,518.4,LL,2,2,0
2.4,479.2,-475.7,4353.2,3970.8,3623.0,LLL,4,4,1
1.8,474.8,-473.0,4071.8,3803.1,3717.0,LLL,4,4,1
0.6,95.8,-95.5,5434.7,5094.4,5276.4,LLLG,5,5,1
-2.3,9578.6,-9501.3,500.4,493.5,481.6,NO,0,0,0
0.2,94.9,-94.8,4801.5,5226.0,5430.4,LLLG,5,5,1
-58.2,9515.5,-9479.6,485.2,514.7,473.1,NO,0,0,0
-1.3,957.1,-9474.0,3095.2,2440.0,509.7,LLG,3,3,0
-5.3,2869.4,-9485.9,1969.0,2008.4,492.7,LL,2,2,0
-0.7,942.3,-9575.3,2876.4,2606.9,510.6,LLG,3,3,0
12.8,9494.5,-9583.6,477.9,490.6,518.2,NO,0,0,0
9.4,957.6,-9506.8,2635.0,2364.2,543.3,LLG,3,3,0
-39.1,2852.3,-9505.2,1990.9,1957.3,501.1,LL,2,2,0
-1.1,9520.1,-9496.9,2527.0,532.5,532.0,LG,1,1,0
1.0,95.0,-94.8,5021.1,4950.2,4670.7,LLLG,5,5,1
1.4,474.2,-470.5,3972.5,4035.2,4252.9,LLL,4,4,1
19.4,2855.4,-9431.2,1982.9,2090.3,478.4,LL,2,2,0
18.3,9497.1,-9599.7,488.6,521.7,477.0,NO,0,0,0
31.7,2823.9,-9597.7,2037.6,1929.6,485.7,LL,2,2,0
-14.8,9567.0,-9609.2,460.7,508.1,485.2,NO,0,0,0
1.0,9460.6,-9472.7,2473.3,503.0,478.1,LG,1,1,0
-9.5,2872.3,-9537.1,2073.0,2089.0,506.2,LL,2,2,0
-0.8,474.1,-475.2,3820.2,4108.6,3786.1,LLL,4,4,1
1.1,474.3,-477.7,3959.0,3961.4,4150.0,LLL,4,4,1
-7.6,958.5,-9639.7,3102.0,2602.8,501.6,LLG,3,3,0
0.8,95.2,-94.6,5205.6,5093.9,5184.4,LLLG,5,5,1
1.7,9549.1,-9616.5,2501.0,481.9,479.7,LG,1,1,0
0.3,96.3,-95.7,5132.2,4707.4,4977.4,LLLG,5,5,1
13.6,2844.8,-9446.1,1950.6,1851.6,538.8,LL,2,2,0
10.2,949.2,-9555.2,2978.6,2452.4,517.1,LLG,3,3,0
-23.9,9494.1,-9511.5,474.8,514.1,461.2,NO,0,0,0
7.4,2852.2,-9554.8,2031.6,1978.3,524.6,LL,2,2,0
-5.8,957.1,-9454.7,3103.0,2472.9,509.3,LLG,3,3,0
6.3,956.1,-9521.8,3069.4,2494.5,424.3,LLG,3,3,0
1.2,955.8,-9505.8,3264.3,2517.6,484.5,LLG,3,3,0
-12.5,9431.4,-9503.4,474.4,504.4,495.4,NO,0,0,0
1.3,2852.5,-9587.1,2033.7,1926.7,535.8,LL,2,2,0
0.3,475.6,-477.1,3850.1,3856.1,4084.0,LLL,4,4,1
-4.4,2866.5,-9535.9,1978.9,2066.0,499.4,LL,2,2,0
-0.1,2832.0,-9529.3,1989.6,1937.1,468.3,LL,2,2,0
-28.6,9514.0,-9507.1,492.8,533.1,511.5,NO,0,0,0
1.0,950.2,-9529.5,3006.3,2563.2,467.7,LLG,3,3,0
-16.2,946.9,-9513.1,3068.1,2433.4,505.8,LLG,3,3,0
-0.6,95.2,-95.5,5334.2,5082.9,5049.8,LLLG,5,5,1
21.6,9442.7,-9409.9,489.6,534.1,500.2,NO,0,0,0
8.3,961.3,-9489.4,3151.3,2478.8,501.4,LLG,3,3,0
-14.8,2849.7,-9580.5,1989.8,2096.9,495.4,LL,2,2,0
-129.8,9540.1,-9496.2,507.1,499.0,495.6,NO,0,0,0
56.4,9454.9,-9523.0,496.3,489.5,517.2,NO,0,0,0
4.8,475.6,-479.8,4079.1,4006.4,3919.5,LLL,4,4,1
78.7,9521.3,-9473.8,500.0,518.1,522.8,NO,0,0,0
30.0,2865.0,-9541.1,1977.2,2097.3,482.4,LL,2,2,0
1.2,472.2,-475.6,4201.3,4016.6,3946.2,LLL,4,4,1
-1.6,948.3,-9519.5,3146.5,2412.5,488.0,LLG,3,3,0
0.1,953.8,-9590.7,3123.9,2574.0,497.6,LLG,3,3,0
2.0,2853.4,-9554.4,2054.5,2026.2,482.6,LL,2,2,0
-0.6,94.5,-95.4,5015.3,5072.8,5055.6,LLLG,5,5,1
39.0,9544.7,-9491.7,514.8,454.0,530.8,NO,0,0,0
-2.3,475.1,-474.6,4243.9,3911.5,3756.7,LLL,4,4,1
-0.5,9561.6,-9591.3,2630.6,514.2,516.4,LG,1,1,0
12.0,964.9,-9575.8,2877.5,2354.8,478.2,LLG,3,3,0
-2.7,477.3,-474.0,3949.2,4148.9,3845.7,LLL,4,4,1
8.6,948.7,-9542.0,2905.9,2499.1,528.1,LLG,3,3,0
0.4,94.9,-95.4,5077.1,4856.8,5204.6,LLLG,5,5,1
10.5,2878.9,-9540.8,1954.5,1981.2,505.8,LL,2,2,0
0.3,9532.2,-9453.4,2565.6,482.7,507.2,LG,1,1,0
-0.7,9579.6,-9507.5,2532.9,500.8,487.4,LG,1,1,0
13.4,9517.0,-9546.1,552.2,535.5,481.3,NO,0,0,0
-4.4,9545.4,-9527.7,2527.9,530.0,517.5,LG,1,1,0
2.9,954.5,-9594.4,2982.7,2492.2,487.2,LLG,3,3,0
-4.6,956.3,-9488.5,3100.1,2416.8,500.0,LLG,3,3,0
-38.0,9575.1,-9542.7,516.1,508.4,510.0,NO,0,0,0
2.1,946.7,-9397.7,3128.3,2669.2,502.5,LLG,3,3,0
-19.1,9517.2,-9543.6,476.2,503.3,495.9,NO,0,0,0
2.3,9502.0,-9566.8,2588.9,523.6,487.1,LG,1,1,0
0.5,9529.9,-9587.8,2512.9,531.3,457.4,LG,1,1,0
1.6,474.9,-475.8,4075.5,3902.8,3922.5,LLL,4,4,1
-7.9,954.9,-9557.2,3038.0,2433.3,506.1,LLG,3,3,0
-2.8,9589.7,-9547.0,2382.3,499.7,491.3,LG,1,1,0
-6.0,9568.0,-9513.6,2384.4,480.9,493.0,LG,1,1,0
8.6,2859.4,-9504.2,1900.7,2105.8,474.5,LL,2,2,0
-2.5,959.6,-9476.9,3056.8,2557.7,490.0,LLG,3,3,0
-12.1,9547.2,-9529.0,493.7,488.4,491.4,NO,0,0,0
15.7,9461.8,-9556.3,496.9,550.0,495.2,NO,0,0,0
13.9,9498.6,-9637.8,479.2,502.4,551.6,NO,0,0,0
4.3,479.6,-474.6,3724.8,4029.0,3985.9,LLL,4,4,1
39.9,9544.4,-9577.8,478.6,531.3,483.7,NO,0,0,0
-0.6,94.2,-95.3,4779.1,4754.4,5014.8,LLLG,5,5,1
19.1,9443.8,-9512.2,540.8,510.4,481.9,NO,0,0,0
-1.1,95.5,-95.4,5197.8,4873.3,4711.9,LLLG,5,5,1
3.4,2876.6,-9546.7,2048.8,1964.6,483.5,LL,2,2,0
-0.6,2865.0,-9407.6,2062.6,1899.6,477.7,LL,2,2,0
-0.0,951.5,-9473.7,2886.0,2538.8,529.2,LLG,3,3,0
2.5,2851.1,-9570.9,2034.2,1953.8,498.7,LL,2,2,0
-0.6,957.2,-9526.7,3071.9,2470.8,505.2,LLG,3,3,0
-1.4,958.5,-9494.6,3163.5,2503.9,489.0,LLG,3,3,0
4.1,953.1,-9446.7,3111.1,2569.2,492.8,LLG,3,3,0
1.8,475.2,-478.0,4286.6,3986.9,3884.8,LLL,4,4,1
1.0,95.3,-94.6,4937.1,4887.5,5217.8,LLLG,5,5,1
-83.2,9580.5,-9515.9,510.9,528.3,445.1,NO,0,0,0
65.1,9657.3,-9445.3,486.9,530.4,516.6,NO,0,0,0
6.3,951.9,-9454.0,2833.0,2533.5,474.1,LLG,3,3,0
-7.2,951.0,-9545.2,2941.6,2613.7,543.7,LLG,3,3,0
79.0,9517.4,-9590.2,499.5,510.1,517.4,NO,0,0,0
-23.6,9524.0,-9591.6,512.5,477.7,508.3,NO,0,0,0
3.0,475.8,-476.9,4200.9,3929.7,4195.7,LLL,4,4,1
-55.2,9450.4,-9561.7,472.5,516.8,472.7,NO,0,0,0
-4.9,2869.4,-9584.0,2022.7,2067.4,512.6,LL,2,2,0
-8.3,955.0,-9556.3,3001.4,2391.4,486.9,LLG,3,3,0
8.0,9440.0,-9487.3,534.1,484.3,477.6,NO,0,0,0
14.2,2852.8,-9412.1,2015.5,1988.3,480.6,LL,2,2,0
-57.5,9481.2,-9573.6,498.6,484.6,482.6,NO,0,0,0
8.2,9604.4,-9484.7,2611.1,500.2,530.1,LG,1,1,0
-67.5,9479.9,-9614.0,483.8,470.2,457.8,NO,0,0,0
-3.5,950.6,-9556.0,3182.5,2470.9,505.7,LLG,3,3,0
3.4,950.7,-9474.6,3161.0,2380.6,470.0,LLG,3,3,0
-0.0,475.1,-472.4,3933.1,3967.8,4159.2,LLL,4,4,1
-40.2,9605.7,-9518.8,495.3,472.5,504.3,NO,0,0,0
1.7,473.5,-475.4,4019.7,4120.5,4023.8,LLL,4,4,1
0.9,2888.9,-9585.2,1943.9,2167.4,507.0,LL,2,2,0
10.2,952.8,-9535.4,2903.3,2481.2,490.4,LLG,3,3,0
4.3,944.8,-9447.0,2918.3,2508.0,520.5,LLG,3,3,0
-2.9,9585.9,-9543.9,2588.0,517.8,488.4,LG,1,1,0
77.7,9532.0,-9562.2,486.7,523.4,499.2,NO,0,0,0
-13.6,956.6,-9577.4,2982.2,2576.7,472.6,LLG,3,3,0
0.0,9487.1,-9549.4,537.4,487.2,529.1,NO,0,0,0
1.6,950.2,-9583.2,3228.5,2473.8,538.4,LLG,3,3,0
0.0,474.2,-475.4,4179.0,4034.3,4025.9,LLL,4,4,1
0.9,94.6,-95.0,4894.1,4893.9,4683.3,LLLG,5,5,1
-0.9,475.7,-478.4,3912.0,3897.5,3896.8,LLL,4,4,1
1.4,9497.7,-9557.1,2522.6,509.9,485.0,LG,1,1,0
32.6,9427.5,-9489.8,530.5,488.2,513.9,NO,0,0,0
-69.5,9541.7,-9578.2,535.0,519.3,481.0,NO,0,0,0
22.9,2861.6,-9597.2,2170.1,2007.5,481.2,LL,2,2,0
-11.5,9567.0,-9456.3,485.5,516.5,482.2,NO,0,0,0
2.2,2870.5,-9502.1,1926.1,1966.7,499.6,LL,2,2,0
6.4,9564.5,-9511.6,461.8,507.2,509.4,NO,0,0,0
1.6,2856.6,-9612.5,2188.1,2009.3,483.6,LL,2,2,0
11.2,9479.9,-9527.2,512.1,502.7,500.3,NO,0,0,0
-0.5,955.1,-9642.6,3017.5,2440.7,480.9,LLG,3,3,0
6.0,9556.6,-9508.0,513.9,470.4,508.3,NO,0,0,0
2.1,9528.4,-9487.2,2426.6,511.5,489.0,LG,1,1,0
-22.7,9518.3,-9525.7,510.2,496.7,493.5,NO,0,0,0
-1.3,479.1,-475.9,4167.3,3801.2,4149.7,LLL,4,4,1
3.8,966.0,-9509.3,3143.9,2506.5,509.6,LLG,3,3,0
1.3,473.8,-475.7,3895.0,3815.1,3790.7,LLL,4,4,1
3.6,950.8,-9551.2,3004.8,2520.8,514.5,LLG,3,3,0
-2.2,956.3,-9544.1,2941.6,2500.9,523.1,LLG,3,3,0
-7.2,9615.1,-9471.1,2501.7,499.3,505.0,LG,1,1,0
-0.5,479.8,-474.3,3673.1,3692.2,4082.1,LLL,4,4,1
-3.0,9534.7,-9579.8,521.3,464.6,515.5,NO,0,0,0
5.6,2875.1,-9476.6,2039.1,1868.2,550.1,LL,2,2,0
-0.6,9557.2,-9483.0,2503.4,515.3,512.3,LG,1,1,0
-12.9,2865.5,-9526.4,1869.1,1929.7,518.7,LL,2,2,0
4.6,473.3,-481.5,3842.1,3895.2,3969.7,LLL,4,4,1
-3.7,480.6,-478.8,4097.1,3978.3,4040.6,LLL,4,4,1
-3.9,2850.0,-9553.0,1968.5,1944.5,488.9,LL,2,2,0
35.2,2819.3,-9526.0,1866.4,2105.7,506.7,LL,2,2,0
64.8,9432.7,-9493.2,513.0,475.9,494.8,NO,0,0,0
3.3,2858.7,-9508.7,2098.8,2068.6,510.3,LL,2,2,0
3.6,959.1,-9468.3,2883.5,2364.8,534.2,LLG,3,3,0
15.2,2855.8,-9542.6,1950.4,2071.2,515.7,LL,2,2,0
-94.5,9539.7,-9542.0,554.9,504.8,480.6,NO,0,0,0
0.3,2844.7,-9428.5,2109.7,1952.6,489.4,LL,2,2,0
8.0,9663.2,-9517.1,517.4,519.1,494.4,NO,0,0,0
1.1,475.4,-479.0,3746.8,3966.1,4252.3,LLL,4,4,1
-2.6,474.7,-471.1,3973.0,4057.7,4205.1,LLL,4,4,1
-1.5,9533.6,-9517.1,2360.0,516.3,509.4,LG,1,1,0
30.0,9442.4,-9517.8,533.2,467.5,477.0,NO,0,0,0
9.0,2841.7,-9462.2,1883.7,1956.0,497.3,LL,2,2,0
-2.3,950.8,-9411.9,2954.8,2520.5,487.5,LLG,3,3,0
1.5,475.4,-479.5,4135.8,3917.7,3968.8,LLL,4,4,1
-0.2,95.7,-95.3,5022.8,5139.4,5167.1,LLLG,5,5,1
2.2,474.4,-474.3,4178.3,4026.8,3851.6,LLL,4,4,1
-2.7,479.4,-475.6,3943.3,4132.9,4226.0,LLL,4,4,1
10.9,9501.5,-9515.4,485.4,481.0,522.9,NO,0,0,0
-0.2,476.6,-480.3,4227.0,3930.8,3833.8,LLL,4,4,1
-2.6,952.4,-9570.6,3025.8,2509.6,502.8,LLG,3,3,0
35.1,2857.3,-9465.5,1895.9,1930.5,473.9,LL,2,2,0
41.9,9509.2,-9513.6,545.4,479.2,489.1,NO,0,0,0
-1.5,9520.4,-9541.4,2409.5,502.9,477.9,LG,1,1,0
-5.5,9495.7,-9535.0,2520.3,512.5,448.3,LG,1,1,0
-0.3,477.5,-477.2,3844.1,4000.6,3914.2,LLL,4,4,1
1.6,9565.1,-9557.5,2480.8,518.9,499.1,LG,1,1,0
49.1,9467.5,-9566.5,498.7,507.8,498.4,NO,0,0,0
-17.2,2864.0,-9496.2,1913.9,2005.5,536.4,LL,2,2,0
-47.7,9543.2,-9517.8,507.4,504.5,502.5,NO,0,0,0
118.2,9563.6,-9565.8,516.1,497.8,479.2,NO,0,0,0
-1.4,957.1,-9520.4,3013.1,2498.7,512.6,LLG,3,3,0
-61.6,9512.1,-9552.5,535.3,477.3,506.4,NO,0,0,0
6.5,950.3,-9540.8,3042.6,2344.4,503.1,LLG,3,3,0
-2.5,949.4,-9480.0,3111.5,2631.2,481.8,LLG,3,3,0
0.2,949.8,-9536.4,3111.4,2392.5,494.2,LLG,3,3,0
-7.0,956.2,-9534.3,2918.0,2306.3,507.3,LLG,3,3,0
-26.7,2869.5,-9445.6,2098.9,2191.1,496.1,LL,2,2,0
3.6,473.8,-477.4,4294.5,3945.0,4047.9,LLL,4,4,1
-1.7,475.3,-473.9,4078.2,3990.7,4074.1,LLL,4,4,1
-31.8,9502.6,-9501.1,525.9,527.6,502.9,NO,0,0,0
1.9,475.3,-475.9,4072.6,4124.8,4187.4,LLL,4,4,1
0.8,95.4,-95.1,4821.7,4892.8,5376.1,LLLG,5,5,1
-0.9,9480.7,-9632.8,2506.0,509.0,481.2,LG,1,1,0
3.1,2861.6,-9568.9,1964.2,1965.7,457.8,LL,2,2,0
0.0,94.8,-95.7,5067.5,4671.4,4793.6,LLLG,5,5,1
5.2,476.8,-474.4,3914.9,4214.3,3969.0,LLL,4,4,1
39.5,9528.8,-9493.9,473.0,532.6,498.5,NO,0,0,0
3.3,949.7,-9434.6,2828.4,2554.5,477.3,LLG,3,3,0
-7.7,953.5,-9517.1,3152.0,2446.1,517.3,LLG,3,3,0
-8.6,2885.5,-9655.3,2078.5,1930.0,502.4,LL,2,2,0
0.4,94.9,-95.9,5044.2,4760.8,5069.8,LLLG,5,5,1
-0.9,479.0,-475.9,4176.4,4081.7,3898.3,LLL,4,4,1
-18.7,2880.4,-9525.1,2055.8,1887.1,509.3,LL,2,2,0
65.9,9548.6,-9489.1,493.2,522.3,511.1,NO,0,0,0
4.2,474.6,-476.0,4064.0,4313.2,4115.0,LLL,4,4,1
-4.1,954.0,-9524.3,2918.9,2687.2,477.6,LLG,3,3,0
2.4,9561.8,-9439.6,2531.5,485.0,519.2,LG,1,1,0
90.2,9509.3,-9485.1,508.8,481.0,532.8,NO,0,0,0
-4.4,9488.0,-9520.8,2606.9,490.2,492.5,LG,1,1,0
-39.7,9509.1,-9581.8,463.6,516.7,505.6,NO,0,0,0
-3.4,9556.7,-9511.7,2314.3,490.4,506.1,LG,1,1,0
0.2,95.4,-95.0,5519.7,5023.1,4916.5,LLLG,5,5,1
-0.4,475.8,-473.6,4162.9,4068.6,3925.4,LLL,4,4,1
18.2,9488.4,-9482.5,499.1,501.9,476.7,NO,0,0,0
-4.4,2851.5,-9542.1,2041.4,1946.9,516.7,LL,2,2,0
-2.2,2849.5,-9567.5,2076.5,2076.2,517.6,LL,2,2,0
3.7,9465.5,-9457.8,2469.7,520.8,482.1,LG,1,1,0
-17.1,9508.4,-9624.1,484.7,511.0,507.3,NO,0,0,0
-17.1,9467.4,-9474.6,505.0,533.6,504.8,NO,0,0,0
-9.1,2866.7,-9550.4,2023.6,2005.2,495.7,LL,2,2,0
0.3,95.1,-96.0,5006.8,5391.9,4787.6,LLLG,5,5,1
-16.8,9522.0,-9662.3,513.1,517.6,490.4,NO,0,0,0
5.3,2850.8,-9572.2,1984.1,1976.7,489.9,LL,2,2,0
-71.5,9562.8,-9581.0,497.8,514.9,490.7,NO,0,0,0
1.5,475.7,-474.9,3971.3,4059.9,4067.8,LLL,4,4,1
6.8,9531.6,-9513.3,518.0,510.2,504.1,NO,0,0,0
0.7,477.4,-475.8,3888.7,4276.8,3893.9,LLL,4,4,1
-2.0,9511.7,-9422.7,495.6,472.7,503.9,NO,0,0,0
-19.5,9616.2,-9587.4,492.9,476.2,522.5,NO,0,0,0
-124.2,9570.0,-9487.3,505.8,495.1,485.7,NO,0,0,0
-2.1,473.9,-474.9,4175.3,4320.9,4064.4,LLL,4,4,1
20.0,2877.4,-9571.7,1932.4,1892.3,521.7,LL,2,2,0
21.4,9491.7,-9528.2,495.2,503.5,491.7,NO,0,0,0
1.4,947.8,-9478.1,3070.3,2470.6,495.1,LLG,3,3,0
9.5,2849.1,-9548.0,1932.4,2050.1,448.7,LL,2,2,0
29.4,2864.3,-9524.6,2000.4,2074.0,521.9,LL,2,2,0
-25.8,9616.3,-9588.1,514.2,483.5,472.6,NO,0,0,0
-49.8,9405.0,-9505.9,499.0,539.6,525.6,NO,0,0,0
-3.0,478.7,-473.5,4035.8,4208.4,3945.9,LLL,4,4,1
49.8,9422.6,-9515.1,545.1,502.5,510.5,NO,0,0,0
1.3,473.9,-474.9,4106.3,4050.3,3890.3,LLL,4,4,1
-70.7,9552.0,-9489.9,512.5,535.5,507.2,NO,0,0,0
0.4,95.0,-95.3,5175.1,4942.5,4786.9,LLLG,5,5,1
-50.2,9582.8,-9471.3,475.0,515.7,511.5,NO,0,0,0
-4.2,952.3,-9422.7,2830.0,2580.7,519.6,LLG,3,3,0
4.6,474.2,-471.0,3900.8,3888.6,3871.2,LLL,4,4,1
2.1,479.1,-476.7,4172.7,4102.1,3936.1,LLL,4,4,1
-0.2,475.3,-474.1,4208.9,4112.0,4024.6,LLL,4,4,1
-35.0,2850.9,-9559.8,1905.4,2086.8,533.1,LL,2,2,0
-2.7,9495.6,-9480.5,2563.6,495.7,542.0,LG,1,1,0
-0.6,948.9,-9530.4,2894.7,2395.9,532.5,LLG,3,3,0
49.7,9591.3,-9455.5,520.6,508.5,510.2,NO,0,0,0
80.5,9558.3,-9499.8,449.5,509.9,502.5,NO,0,0,0
-53.3,9541.8,-9469.9,506.0,516.1,483.5,NO,0,0,0
0.4,95.3,-95.7,4441.4,4982.7,5135.6,LLLG,5,5,1
2.5,953.0,-9463.3,2937.7,2454.8,485.0,LLG,3,3,0
-1.8,9572.0,-9445.1,2512.4,477.6,501.9,LG,1,1,0
0.5,95.5,-95.2,4721.4,4711.1,5022.3,LLLG,5,5,1
1.6,9461.0,-9563.0,2588.0,468.1,490.2,LG,1,1,0
1.3,478.4,-476.1,4031.5,3989.9,4149.7,LLL,4,4,1
0.1,95.7,-95.6,5107.6,4707.9,5291.3,LLLG,5,5,1
6.6,2847.3,-9608.4,1945.4,2073.5,524.3,LL,2,2,0
18.6,2863.2,-9569.8,1980.1,2061.4,480.6,LL,2,2,0
-21.2,2840.4,-9500.7,2105.6,1954.3,515.0,LL,2,2,0
-1.2,9486.9,-9532.7,468.4,511.7,493.7,NO,0,0,0
16.6,9526.2,-9631.6,483.7,518.0,518.5,NO,0,0,0
8.6,9559.4,-9612.8,2549.7,493.6,533.1,LG,1,1,0
-9.6,2854.5,-9568.0,2136.6,2013.1,488.3,LL,2,2,0
-0.5,95.1,-94.4,5038.8,4944.6,5223.0,LLLG,5,5,1
-8.8,476.7,-475.0,3801.7,3942.3,4311.6,LLL,4,4,1
-0.2,96.0,-95.4,4998.3,4799.5,5244.9,LLLG,5,5,1
4.6,944.8,-9530.5,2940.7,2581.4,523.5,LLG,3,3,0
5.3,954.6,-9456.6,3150.1,2389.8,503.8,LLG,3,3,0
-5.4,9528.6,-9496.6,2389.6,517.2,454.5,LG,1,1,0
-3.1,476.5,-472.7,4015.8,3602.6,4087.9,LLL,4,4,1
74.4,9600.4,-9551.1,485.3,491.6,510.6,NO,0,0,0
-5.8,9509.9,-9539.6,2417.6,510.0,494.4,LG,1,1,0
0.3,475.0,-479.4,3987.6,4142.6,4059.5,LLL,4,4,1
1.3,475.8,-480.1,3883.2,4152.9,4158.0,LLL,4,4,1
-5.0,9471.5,-9470.2,2599.3,476.9,504.4,LG,1,1,0
11.7,2884.8,-9516.9,2152.8,2019.1,465.0,LL,2,2,0
-2.7,948.2,-9436.7,3209.3,2790.8,498.2,LLG,3,3,0
3.7,954.1,-9560.0,2867.7,2405.5,493.6,LLG,3,3,0
2.1,477.3,-477.8,4120.0,3948.8,3930.0,LLL,4,4,1
0.8,9617.0,-9482.2,2539.5,469.9,508.5,LG,1,1,0
-2.9,475.7,-475.9,4075.4,3850.8,3960.9,LLL,4,4,1
-0.1,95.2,-95.8,4916.2,4849.0,4431.0,LLLG,5,5,1
54.9,9573.4,-9574.5,483.2,526.6,486.5,NO,0,0,0
-132.0,9492.7,-9506.0,515.1,473.6,485.7,NO,0,0,0
-1.5,475.6,-476.6,3882.4,3804.3,4152.7,LLL,4,4,1
-1.4,477.9,-478.8,3999.2,3898.5,4276.3,LLL,4,4,1
-55.9,9533.2,-9548.1,510.6,485.8,514.8,NO,0,0,0
-28.4,9468.5,-9520.7,500.9,521.0,513.3,NO,0,0,0
-16.4,9523.3,-9531.7,530.3,487.0,492.0,NO,0,0,0
0.7,95.3,-95.1,4935.4,5128.1,5322.9,LLLG,5,5,1
-0.2,95.2,-95.0,5413.2,5159.9,4923.7,LLLG,5,5,1
-100.8,9545.7,-9566.6,501.8,533.3,497.9,NO,0,0,0
-3.7,9599.2,-9520.3,2692.1,497.8,482.3,LG,1,1,0
-31.1,9601.9,-9539.3,540.6,465.8,520.9,NO,0,0,0
2.0,474.3,-479.1,3777.4,4029.2,3979.5,LLL,4,4,1
-24.1,9503.8,-9538.9,484.0,535.3,490.3,NO,0,0,0
53.0,9568.5,-9457.8,509.2,493.4,500.5,NO,0,0,0
3.1,478.5,-476.7,4090.7,3809.1,3988.0,LLL,4,4,1
59.9,9543.0,-9651.5,484.4,481.8,544.2,NO,0,0,0
-3.6,476.8,-477.0,4182.5,4019.1,3845.8,LLL,4,4,1
-11.4,9501.3,-9508.3,496.4,506.7,496.8,NO,0,0,0
2.5,474.0,-478.5,4200.0,4084.3,3876.7,LLL,4,4,1
-26.3,9573.5,-9499.4,514.3,494.7,519.2,NO,0,0,0
-11.0,2860.8,-9513.9,1895.4,1982.3,505.3,LL,2,2,0
-5.8,941.1,-9520.6,2873.1,2412.1,505.2,LLG,3,3,0
-1.9,947.0,-9526.7,2948.2,2353.8,488.7,LLG,3,3,0
0.9,952.8,-9462.6,3055.7,2468.7,510.4,LLG,3,3,0
-1.7,2852.9,-9469.2,1969.4,1975.9,511.4,LL,2,2,0
2.4,9499.3,-9409.1,492.5,505.4,493.8,NO,0,0,0
-46.5,9422.5,-9583.6,508.2,513.0,523.6,NO,0,0,0
-75.2,9577.8,-9523.2,488.2,516.3,486.0,NO,0,0,0
0.1,94.5,-95.0,4858.5,4987.1,4938.2,LLLG,5,5,1
1.3,478.1,-473.4,4068.6,3959.2,4025.5,LLL,4,4,1
-0.3,95.8,-96.7,5101.1,4880.0,5117.2,LLLG,5,5,1
-19.0,9465.8,-9640.9,478.7,497.0,529.3,NO,0,0,0
-4.9,9535.8,-9563.8,2689.3,477.9,519.9,LG,1,1,0
5.6,950.5,-9643.8,2952.0,2410.2,506.2,LLG,3,3,0
1.9,475.0,-474.2,4003.5,4252.9,4017.0,LLL,4,4,1
-124.1,9573.6,-9554.7,515.4,469.0,533.5,NO,0,0,0
3.9,9557.4,-9468.5,2400.1,489.6,496.5,LG,1,1,0
-30.2,9461.9,-9568.6,510.0,476.0,481.8,NO,0,0,0
-19.7,2847.1,-9542.6,2074.2,2082.2,495.5,LL,2,2,0
-15.9,9555.6,-9473.2,468.5,503.4,534.9,NO,0,0,0
-31.6,2858.2,-9531.4,1971.3,1936.5,526.6,LL,2,2,0
1.6,947.4,-9534.6,2814.6,2426.7,521.4,LLG,3,3,0
-7.9,9599.3,-9522.2,2583.8,491.6,498.7,LG,1,1,0
11.5,2866.4,-9453.4,2088.0,1933.1,522.8,LL,2,2,0
158.2,9558.3,-9533.5,518.7,511.3,470.8,NO,0,0,0
-5.9,958.6,-9530.4,2787.3,2548.0,505.1,LLG,3,3,0
1.5,942.7,-9582.6,2940.6,2702.7,522.8,LLG,3,3,0
0.9,95.5,-95.6,4657.1,5075.8,5173.8,LLLG,5,5,1
-0.4,479.8,-478.0,3962.2,3826.5,3865.7,LLL,4,4,1
30.8,2881.3,-9559.6,2106.4,2045.0,515.3,LL,2,2,0
12.0,9619.0,-9608.3,530.8,519.6,470.4,NO,0,0,0
1.1,9573.9,-9512.9,2479.4,492.8,490.4,LG,1,1,0
-0.1,473.7,-469.9,4125.7,3917.4,3780.4,LLL,4,4,1
-52.4,9509.3,-9541.0,490.4,497.9,514.4,NO,0,0,0
0.7,940.9,-9496.1,2973.9,2530.3,498.2,LLG,3,3,0
13.3,2852.4,-9515.1,1949.7,1948.9,482.3,LL,2,2,0
-0.2,481.5,-481.6,3835.5,3989.5,3946.6,LLL,4,4,1
8.4,951.0,-9580.0,3195.2,2687.3,483.1,LLG,3,3,0
-0.4,481.4,-473.6,4318.1,4029.2,3810.0,LLL,4,4,1
7.4,954.6,-9578.1,3285.5,2378.8,498.7,LLG,3,3,0
-0.5,474.8,-474.7,4195.0,4052.5,4157.4,LLL,4,4,1
39.5,9553.1,-9530.6,512.4,511.1,498.9,NO,0,0,0
-53.4,9544.7,-9660.1,429.4,540.9,504.7,NO,0,0,0
-107.8,9605.9,-9430.3,510.4,467.9,507.2,NO,0,0,0
7.2,2863.8,-9515.9,2068.0,2006.3,502.2,LL,2,2,0
1.1,955.0,-9529.5,3001.2,2301.1,507.4,LLG,3,3,0
-4.0,953.8,-9583.1,3040.0,2599.6,504.5,LLG,3,3,0
5.4,476.2,-478.1,3890.6,3982.1,4050.7,LLL,4,4,1
-11.5,2868.4,-9643.6,1985.7,2113.3,507.5,LL,2,2,0
-6.6,9487.9,-9483.4,527.2,494.7,507.7,NO,0,0,0
-7.0,2863.0,-9542.0,2035.0,2032.1,473.7,LL,2,2,0
91.8,9506.1,-9560.6,474.5,471.5,510.0,NO,0,0,0
0.1,95.9,-95.7,5057.8,4811.3,4804.1,LLLG,5,5,1
7.1,949.1,-9576.7,3363.6,2417.9,504.4,LLG,3,3,0
2.4,474.2,-473.7,3920.7,3910.9,4045.2,LLL,4,4,1
1.3,9570.3,-9570.1,480.0,492.3,485.2,NO,0,0,0
0.5,9531.7,-9575.9,481.3,494.0,512.5,NO,0,0,0
-0.4,9490.8,-9484.5,2383.3,521.8,505.2,LG,1,1,0
-2.5,960.0,-9549.2,2950.5,2664.1,539.6,LLG,3,3,0
9.4,2860.5,-9563.5,1961.2,2094.5,504.8,LL,2,2,0
4.1,960.6,-9467.4,3056.9,2654.1,513.0,LLG,3,3,0
-0.0,947.9,-9585.4,3148.0,2421.0,485.5,LLG,3,3,0
0.7,9422.7,-9513.6,2469.7,470.5,499.2,LG,1,1,0
-6.4,953.7,-9492.9,2902.0,2416.3,498.3,LLG,3,3,0
-2.8,477.5,-477.4,3751.7,4199.5,3802.9,LLL,4,4,1
-0.7,476.8,-473.4,4027.0,4246.2,3790.8,LLL,4,4,1
8.7,9512.6,-9462.8,2602.9,515.6,510.2,LG,1,1,0
-0.1,94.8,-94.4,4977.2,5388.4,5324.8,LLLG,5,5,1
12.4,2869.4,-9566.8,2082.7,1918.2,523.6,LL,2,2,0
-0.1,94.8,-95.4,5109.8,4706.8,5048.8,LLLG,5,5,1
-0.1,95.1,-95.0,5084.3,5034.2,5432.7,LLLG,5,5,1
6.6,9528.1,-9582.9,507.6,473.4,486.2,NO,0,0,0
19.4,2845.1,-9567.1,1946.9,1922.2,489.9,LL,2,2,0
6.0,957.1,-9445.7,2843.5,2454.4,541.0,LLG,3,3,0
-0.5,477.3,-475.2,4124.0,4088.5,4037.6,LLL,4,4,1
-1.3,478.1,-481.6,4140.5,3896.3,4063.6,LLL,4,4,1
-27.4,2836.4,-9485.7,2132.6,2120.9,477.4,LL,2,2,0
-6.9,2871.2,-9464.8,1835.0,2044.7,469.3,LL,2,2,0
-2.8,478.7,-474.6,3994.5,3875.2,3811.5,LLL,4,4,1
-22.6,9434.3,-9491.5,492.2,461.1,531.4,NO,0,0,0
85.9,9504.8,-9617.2,517.5,471.4,491.3,NO,0,0,0
1.3,472.9,-477.4,4108.4,4126.0,3712.6,LLL,4,4,1
51.5,9508.7,-9487.2,515.6,502.6,501.1,NO,0,0,0
-5.6,947.8,-9553.3,2934.4,2542.1,499.0,LLG,3,3,0
3.4,9441.8,-9525.2,526.1,483.3,499.4,NO,0,0,0
-3.2,945.0,-9491.0,3006.6,2592.2,525.4,LLG,3,3,0
3.8,477.5,-478.4,3902.7,3905.4,3841.3,LLL,4,4,1
68.2,9592.0,-9557.7,500.2,504.7,514.9,NO,0,0,0
-5.4,2885.0,-9498.3,2003.9,2065.9,487.9,LL,2,2,0
-8.7,935.5,-9490.0,2982.5,2318.7,481.0,LLG,3,3,0
17.5,9481.0,-9458.1,495.5,487.1,493.8,NO,0,0,0
82.0,9591.9,-9538.8,509.5,523.1,497.4,NO,0,0,0
0.6,476.6,-478.3,4123.5,3933.0,3870.6,LLL,4,4,1
-0.3,95.2,-95.3,5151.7,4842.1,5270.8,LLLG,5,5,1
63.4,9559.1,-9619.3,533.1,499.3,474.6,NO,0,0,0
-1.9,960.6,-9525.7,2784.3,2523.0,479.9,LLG,3,3,0
14.4,9533.1,-9577.6,509.1,498.1,507.9,NO,0,0,0
-0.5,478.0,-472.1,3867.1,4038.4,4113.2,LLL,4,4,1
-0.5,95.6,-95.4,5297.0,5132.3,5180.3,LLLG,5,5,1
5.9,9492.2,-9491.2,2440.1,509.3,479.7,LG,1,1,0
0.6,478.5,-478.8,3772.3,3982.6,4299.8,LLL,4,4,1
20.3,9623.8,-9467.0,501.8,495.7,488.4,NO,0,0,0
2.0,953.9,-9574.9,2946.3,2322.1,483.3,LLG,3,3,0
-0.2,478.3,-477.8,4159.6,3960.1,3852.8,LLL,4,4,1
-37.7,9570.8,-9515.9,513.1,522.6,483.8,NO,0,0,0
0.1,472.1,-476.2,3824.4,3943.2,4042.1,LLL,4,4,1
-57.2,9540.6,-9518.9,475.3,505.2,534.4,NO,0,0,0
-21.9,2862.0,-9485.9,1986.1,1952.5,517.0,LL,2,2,0
-2.0,955.8,-9528.2,2943.3,2406.2,471.1,LLG,3,3,0
-23.4,2853.5,-9462.8,2063.2,1973.5,496.6,LL,2,2,0
-5.7,953.0,-9498.4,3185.2,2467.2,463.0,LLG,3,3,0
-0.4,9616.4,-9487.1,2467.9,517.0,513.5,LG,1,1,0
-11.4,2840.0,-9496.7,2090.4,2016.0,506.8,LL,2,2,0
-22.5,9518.5,-9586.8,493.0,480.7,513.5,NO,0,0,0
-1.1,948.8,-9488.0,3021.3,2315.4,506.0,LLG,3,3,0
109.9,9477.0,-9559.3,515.4,485.9,487.2,NO,0,0,0
0.3,94.9,-95.0,5180.7,4844.1,5078.8,LLLG,5,5,1
0.6,477.0,-471.6,4280.5,3862.9,3881.4,LLL,4,4,1
0.0,474.5,-478.1,3892.9,4070.5,4239.7,LLL,4,4,1
2.7,9543.3,-9541.8,2375.2,474.0,521.3,LG,1,1,0
-16.1,9555.6,-9523.8,476.5,496.8,497.2,NO,0,0,0
8.0,9576.5,-9478.8,2403.6,502.3,534.7,LG,1,1,0
0.3,95.6,-94.8,5167.5,4914.2,5219.9,LLLG,5,5,1
-0.6,2878.3,-9480.2,1992.9,2053.6,505.4,LL,2,2,0
4.5,952.7,-9469.9,2858.6,2309.8,443.0,LLG,3,3,0
4.1,957.5,-9477.7,3043.5,2709.1,498.9,LLG,3,3,0
1.7,475.0,-477.1,3783.9,4262.7,4101.9,LLL,4,4,1
-39.6,9426.9,-9539.8,497.0,483.3,513.9,NO,0,0,0
6.3,9555.0,-9522.6,511.0,471.0,484.9,NO,0,0,0
-7.1,9465.7,-9399.5,495.6,524.3,496.3,NO,0,0,0
-1.4,477.5,-478.3,4005.2,4039.3,4007.0,LLL,4,4,1
-23.8,9595.8,-9535.3,509.3,478.1,492.2,NO,0,0,0
39.1,9544.2,-9637.6,476.1,506.7,537.9,NO,0,0,0
0.1,94.8,-95.5,4747.8,4645.3,4885.8,LLLG,5,5,1
1.9,2851.8,-9527.5,2013.1,1929.2,491.8,LL,2,2,0
20.2,2847.5,-9574.1,1835.5,2029.9,507.9,LL,2,2,0
2.7,476.2,-474.2,4367.8,4192.2,4110.9,LLL,4,4,1
7.8,9521.5,-9578.0,453.6,496.3,498.6,NO,0,0,0
2.7,479.8,-477.0,3930.9,4065.1,4012.8,LLL,4,4,1
96.7,9555.6,-9498.8,490.8,520.4,481.3,NO,0,0,0
-5.1,951.6,-9484.6,2950.8,2217.5,533.9,LLG,3,3,0
0.6,96.0,-95.8,5550.3,4790.0,5229.9,LLLG,5,5,1
6.1,949.1,-9555.1,2907.9,2436.5,512.7,LLG,3,3,0
-6.1,958.4,-9521.4,2987.9,2422.9,488.2,LLG,3,3,0
39.4,9543.0,-9492.0,486.1,489.0,520.2,NO,0,0,0
5.1,479.5,-479.9,3868.5,4132.3,3910.8,LLL,4,4,1
-0.1,94.8,-95.8,4736.7,5286.0,4895.7,LLLG,5,5,1
3.9,9585.9,-9560.7,2471.3,495.7,499.0,LG,1,1,0
0.8,471.8,-475.6,4017.3,4091.0,4238.1,LLL,4,4,1
1.5,9453.1,-9622.3,2424.4,510.6,491.6,LG,1,1,0
-47.9,9524.6,-9565.3,508.7,513.1,505.8,NO,0,0,0
-7.4,957.3,-9505.2,2994.4,2465.2,541.1,LLG,3,3,0
24.0,2854.1,-9505.5,1973.3,1996.2,502.0,LL,2,2,0
1.4,478.4,-478.7,3885.9,3896.4,3838.3,LLL,4,4,1
-33.2,9610.2,-9580.4,486.3,521.5,496.5,NO,0,0,0
-14.9,2850.9,-9534.6,2055.0,2079.5,499.3,LL,2,2,0
7.7,2865.5,-9533.0,2078.1,1944.2,501.0,LL,2,2,0
0.0,94.9,-96.0,5143.7,4848.3,4952.8,LLLG,5,5,1
-4.1,9581.3,-9565.1,510.8,521.8,495.7,NO,0,0,0
0.3,94.7,-95.4,4807.5,5000.6,4716.2,LLLG,5,5,1
-7.2,2841.4,-9547.8,1909.2,2054.1,527.4,LL,2,2,0
-1.5,955.8,-9507.6,3204.6,2541.9,504.4,LLG,3,3,0
-41.5,9463.1,-9638.5,530.5,495.7,482.2,NO,0,0,0
4.1,9554.3,-9609.0,2606.9,505.2,535.5,LG,1,1,0
5.2,962.6,-9549.8,3014.0,2526.6,497.0,LLG,3,3,0
6.3,9574.8,-9530.7,495.4,512.6,525.3,NO,0,0,0
10.3,2870.0,-9521.9,1944.7,1998.3,508.6,LL,2,2,0
-0.7,951.5,-9516.7,3104.2,2471.6,494.8,LLG,3,3,0
5.4,948.1,-9581.9,3124.2,2441.5,486.7,LLG,3,3,0
-36.5,9536.7,-9622.8,487.4,520.6,483.2,NO,0,0,0
-17.4,9551.7,-9550.6,510.1,545.9,493.8,NO,0,0,0
-0.6,479.5,-475.2,4043.1,4204.5,3979.5,LLL,4,4,1
38.7,9488.0,-9500.2,487.5,467.4,488.0,NO,0,0,0
-149.8,9571.7,-9569.0,484.8,488.1,472.9,NO,0,0,0
17.9,9474.0,-9561.6,485.8,488.0,494.7,NO,0,0,0
1.6,480.5,-476.7,4021.2,3978.0,3925.0,LLL,4,4,1
5.0,9516.5,-9499.5,482.3,472.5,471.1,NO,0,0,0
-4.9,2837.0,-9401.3,2009.0,1997.0,521.6,LL,2,2,0
1.2,477.7,-475.9,4055.3,4166.2,4337.8,LLL,4,4,1
2.4,474.5,-472.1,4052.6,4024.8,4360.4,LLL,4,4,1
1.5,9461.6,-9463.5,2660.3,507.7,518.1,LG,1,1,0
-2.2,958.9,-9479.5,3000.5,2448.3,500.8,LLG,3,3,0
15.1,9437.0,-9533.0,528.2,498.6,490.0,NO,0,0,0
-48.0,9693.7,-9517.9,496.7,502.3,484.1,NO,0,0,0
13.1,2831.1,-9498.7,1892.3,1794.8,489.5,LL,2,2,0
-19.7,2843.9,-9487.9,1989.6,1990.9,491.9,LL,2,2,0
-1.6,9491.7,-9529.8,2549.8,514.3,540.7,LG,1,1,0
15.2,949.5,-9551.4,3069.8,2588.2,496.5,LLG,3,3,0
74.7,9459.4,-9569.7,489.3,523.4,518.5,NO,0,0,0
-1.3,477.3,-479.4,4215.1,3884.2,4351.7,LLL,4,4,1
1.1,9624.4,-9485.4,2540.6,547.1,492.7,LG,1,1,0
-1.8,953.7,-9543.7,2852.5,2310.9,511.1,LLG,3,3,0
0.9,475.1,-477.7,4189.8,4063.4,4239.3,LLL,4,4,1
29.6,9493.3,-9565.5,512.5,507.0,490.0,NO,0,0,0
-26.3,9496.1,-9518.8,485.3,543.9,476.8,NO,0,0,0
-10.7,947.8,-9496.2,3236.9,2461.8,502.0,LLG,3,3,0
-16.3,9546.1,-9456.3,529.0,472.8,527.2,NO,0,0,0
-0.7,472.4,-478.0,3975.9,4018.9,4209.2,LLL,4,4,1
-2.3,476.8,-476.4,4055.7,4042.8,4167.8,LLL,4,4,1
-3.9,9548.3,-9529.1,507.6,516.5,519.4,NO,0,0,0
0.0,94.9,-95.3,4954.6,5217.3,4985.7,LLLG,5,5,1
3.8,9526.6,-9477.5,2499.3,497.5,513.5,LG,1,1,0
3.0,477.3,-475.3,4031.3,4023.7,3701.0,LLL,4,4,1
-0.3,94.7,-95.2,4818.7,4774.5,4755.6,LLLG,5,5,1
1.1,95.8,-96.0,5159.1,4816.9,4738.2,LLLG,5,5,1
-1.0,475.3,-478.4,3873.0,3979.4,3870.6,LLL,4,4,1
2.5,2851.6,-9542.8,2010.2,2064.9,491.5,LL,2,2,0
0.7,474.6,-479.4,4134.9,3972.0,4014.4,LLL,4,4,1
-21.7,9553.5,-9537.6,483.1,504.2,454.3,NO,0,0,0
-29.4,2856.8,-9574.0,2030.6,1958.5,498.4,LL,2,2,0
-18.6,2874.6,-9579.4,2049.3,1962.8,455.9,LL,2,2,0
1.4,474.9,-474.2,4032.2,3974.1,4338.7,LLL,4,4,1
-1.6,475.2,-474.3,3566.0,3995.3,4262.4,LLL,4,4,1
0.9,9562.6,-9558.4,2421.3,505.1,490.3,LG,1,1,0
4.6,946.4,-9570.3,2891.8,2558.2,494.6,LLG,3,3,0
63.3,9557.3,-9495.7,478.8,494.3,516.8,NO,0,0,0
-13.4,9554.0,-9507.5,2611.4,514.0,503.7,LG,1,1,0
-97.8,9565.9,-9532.2,470.4,465.6,454.3,NO,0,0,0
-0.8,473.0,-478.0,4058.2,3972.5,3948.2,LLL,4,4,1
-1.6,474.6,-475.4,4018.1,3798.8,4030.2,LLL,4,4,1
-2.1,477.0,-474.2,3943.1,3929.0,4063.8,LLL,4,4,1
-0.4,94.8,-95.9,5074.9,5285.0,4986.1,LLLG,5,5,1
-0.4,95.1,-96.3,4935.2,4944.6,4961.6,LLLG,5,5,1
3.5,957.6,-9552.4,2967.0,2296.4,528.7,LLG,3,3,0
-1.7,2859.9,-9592.3,1982.6,2077.8,532.5,LL,2,2,0
24.0,9498.1,-9492.5,505.4,532.3,527.7,NO,0,0,0
8.4,955.8,-9511.7,3006.2,2663.0,495.8,LLG,3,3,0
-1.4,475.5,-477.7,3843.8,3825.0,3920.8,LLL,4,4,1
-55.7,9480.9,-9482.6,564.3,523.4,486.9,NO,0,0,0
-78.5,9422.9,-9499.8,529.0,512.4,501.8,NO,0,0,0
66.6,9527.0,-9512.3,489.3,519.9,474.8,NO,0,0,0
-56.7,9555.5,-9500.3,491.1,474.7,515.7,NO,0,0,0
2.8,480.0,-475.5,4186.8,3723.4,3756.3,LLL,4,4,1
-24.3,2852.0,-9589.0,2006.3,1954.4,488.9,LL,2,2,0
-50.4,9503.2,-9520.6,474.2,500.3,484.0,NO,0,0,0
-0.4,9506.9,-9529.6,2469.1,498.7,507.1,LG,1,1,0
-1.9,473.4,-478.4,3961.7,4088.0,4272.4,LLL,4,4,1
-0.1,95.4,-95.3,5224.0,4788.7,4907.1,LLLG,5,5,1
-31.8,9492.5,-9518.7,522.5,496.4,506.6,NO,0,0,0
27.4,2849.0,-9456.3,1903.5,2038.0,473.4,LL,2,2,0
-28.1,2852.6,-9406.4,2025.1,1983.2,516.5,LL,2,2,0
0.3,953.6,-9532.7,2769.4,2573.8,448.7,LLG,3,3,0
3.5,2869.3,-9525.0,2093.2,1889.9,501.2,LL,2,2,0
-0.2,476.8,-475.9,3918.7,4155.5,4114.4,LLL,4,4,1
0.6,9622.8,-9579.6,2488.2,499.8,520.9,LG,1,1,0
70.5,9628.2,-9527.2,496.5,480.7,494.8,NO,0,0,0
-6.4,9508.6,-9567.3,2531.7,472.0,518.1,LG,1,1,0
-5.3,947.4,-9556.7,2908.6,2397.1,512.8,LLG,3,3,0
-7.2,956.4,-9493.8,3073.2,2640.4,508.1,LLG,3,3,0
5.1,476.8,-475.0,4171.7,4041.9,4103.4,LLL,4,4,1
-3.5,474.9,-479.9,4072.4,3880.9,4129.3,LLL,4,4,1
3.6,950.4,-9521.0,2992.4,2524.9,493.9,LLG,3,3,0
4.2,9503.2,-9565.0,2443.9,507.1,507.2,LG,1,1,0
9.3,2869.4,-9586.3,1946.2,2095.8,486.7,LL,2,2,0
-17.5,9518.1,-9474.4,522.6,483.3,427.4,NO,0,0,0
-21.8,2858.7,-9429.6,2023.0,2163.8,468.3,LL,2,2,0
2.6,473.7,-478.3,3891.7,3693.9,4114.5,LLL,4,4,1
0.3,9500.5,-9599.7,499.3,463.7,508.6,NO,0,0,0
-15.7,9458.8,-9481.8,466.3,470.4,486.3,NO,0,0,0
-8.3,9520.6,-9491.0,482.7,501.0,509.1,NO,0,0,0
2.7,477.4,-473.3,4050.1,3900.4,4157.9,LLL,4,4,1
1.3,955.6,-9578.6,2988.3,2458.4,498.2,LLG,3,3,0
19.6,2850.9,-9569.5,2093.2,1936.3,498.2,LL,2,2,0
0.3,477.9,-476.1,3716.5,3937.9,3896.1,LLL,4,4,1
0.8,478.4,-478.3,3982.6,3594.9,3940.8,LLL,4,4,1
-23.3,9549.2,-9509.4,531.9,498.5,504.3,NO,0,0,0
85.6,9469.9,-9547.2,529.5,494.2,481.8,NO,0,0,0
79.9,9569.4,-9464.2,500.6,495.6,469.8,NO,0,0,0
2.9,475.9,-476.5,4218.6,4107.1,4112.3,LLL,4,4,1
-17.3,2872.5,-9529.4,2013.4,2060.9,490.8,LL,2,2,0
-1.2,474.8,-474.5,3975.0,3955.8,3940.9,LLL,4,4,1
2.1,9561.2,-9496.4,464.5,523.9,494.5,NO,0,0,0
-57.6,9439.8,-9480.7,553.1,504.2,506.4,NO,0,0,0
-16.5,9542.8,-9515.2,467.9,471.8,531.6,NO,0,0,0
-9.4,2832.1,-9566.5,2022.0,1914.1,471.0,LL,2,2,0
17.7,2874.7,-9536.6,1997.0,1942.1,503.7,LL,2,2,0
-0.3,95.5,-94.8,4905.4,4948.0,4919.8,LLLG,5,5,1
-10.8,9494.9,-9399.1,498.8,502.7,502.1,NO,0,0,0
3.2,958.7,-9505.1,3085.1,2593.0,483.7,LLG,3,3,0
1.3,9508.8,-9567.4,2610.7,514.1,461.9,LG,1,1,0
4.3,960.5,-9422.0,2789.4,2523.9,529.8,LLG,3,3,0
1.6,953.2,-9480.5,2891.3,2506.2,465.2,LLG,3,3,0
-4.8,2857.4,-9473.0,1936.9,1984.9,503.9,LL,2,2,0
-4.3,2842.6,-9515.5,1878.0,1879.8,522.0,LL,2,2,0
2.3,479.1,-475.9,4374.9,3884.7,4088.6,LLL,4,4,1
-35.0,9453.6,-9512.5,520.6,500.2,488.1,NO,0,0,0
14.4,9468.9,-9492.3,493.5,516.1,499.6,NO,0,0,0
-0.8,954.9,-9520.6,2869.6,2412.3,513.5,LLG,3,3,0
-1.7,9543.5,-9502.8,2635.5,506.2,507.7,LG,1,1,0
-0.1,2885.3,-9487.6,2100.3,1989.4,494.3,LL,2,2,0
0.2,2870.5,-9527.6,1919.3,1905.1,541.9,LL,2,2,0
1.1,964.9,-9509.3,2866.8,2526.5,512.7,LLG,3,3,0
6.1,9498.7,-9614.9,2555.2,534.8,462.3,LG,1,1,0
0.9,95.6,-95.3,5216.8,4995.8,4875.6,LLLG,5,5,1
38.2,9480.0,-9497.7,528.8,498.9,502.0,NO,0,0,0
-6.9,967.5,-9524.3,2800.2,2608.3,471.2,LLG,3,3,0
5.5,2874.1,-9513.3,2100.5,2056.7,485.2,LL,2,2,0
67.2,9513.3,-9532.1,505.3,495.9,475.3,NO,0,0,0
0.9,951.7,-9487.8,2979.3,2453.4,480.1,LLG,3,3,0
-0.8,95.6,-94.7,5290.0,4819.3,5283.5,LLLG,5,5,1
-123.9,9434.3,-9471.1,538.5,487.2,516.3,NO,0,0,0
35.7,9497.3,-9535.3,484.8,504.1,421.1,NO,0,0,0
-2.2,954.8,-9520.1,3086.1,2584.3,499.1,LLG,3,3,0
-22.3,9550.4,-9604.0,500.4,508.5,505.8,NO,0,0,0
-13.4,9674.8,-9456.4,489.8,499.4,527.5,NO,0,0,0
-0.0,94.5,-95.1,5108.8,4741.8,5034.9,LLLG,5,5,1
-58.9,9585.6,-9537.7,508.7,505.7,491.4,NO,0,0,0
-13.1,2853.5,-9529.5,1965.6,2042.5,495.3,LL,2,2,0
-9.6,953.1,-9517.6,3029.9,2576.3,543.4,LLG,3,3,0
2.6,955.6,-9485.1,3197.4,2598.6,483.6,LLG,3,3,0
-6.5,948.3,-9526.2,3142.0,2634.6,549.3,LLG,3,3,0
2.1,2858.5,-9475.1,2067.7,1917.4,524.4,LL,2,2,0
0.8,471.9,-481.5,4019.9,4065.0,4022.1,LLL,4,4,1
-1.1,9545.6,-9555.7,2635.9,484.7,509.4,LG,1,1,0
4.6,949.7,-9468.8,2873.6,2280.4,506.7,LLG,3,3,0
-13.8,2866.9,-9590.1,2087.2,2011.8,484.6,LL,2,2,0
-2.8,474.4,-478.4,3894.4,3960.6,4116.9,LLL,4,4,1
2.7,9578.1,-9544.0,484.5,523.3,521.0,NO,0,0,0
25.6,9543.2,-9434.2,491.8,487.1,472.6,NO,0,0,0
12.2,9594.1,-9520.7,2629.4,507.3,516.6,LG,1,1,0
16.0,2864.1,-9541.9,1971.6,2122.1,509.6,LL,2,2,0
2.1,476.7,-478.7,4480.6,4183.0,3652.2,LLL,4,4,1
12.2,2905.6,-9530.5,2036.0,2052.8,486.1,LL,2,2,0
0.2,942.4,-9525.1,2989.8,2311.8,507.6,LLG,3,3,0
0.1,474.1,-473.2,3935.9,4125.3,4229.4,LLL,4,4,1
0.2,95.4,-95.1,5323.4,4923.0,5210.3,LLLG,5,5,1
52.2,9498.7,-9536.1,522.9,489.8,515.7,NO,0,0,0
102.7,9518.7,-9523.0,509.8,458.3,524.6,NO,0,0,0
-24.7,9566.7,-9461.6,537.6,502.3,494.3,NO,0,0,0
0.7,9607.9,-9561.6,2371.8,499.9,508.7,LG,1,1,0
48.5,9550.5,-9558.1,552.7,532.2,511.8,NO,0,0,0
-0.6,479.3,-477.2,3770.5,4143.6,4027.4,LLL,4,4,1
-0.2,94.9,-95.2,4849.9,4456.5,5015.0,LLLG,5,5,1
22.0,9508.4,-9480.0,483.7,490.0,503.1,NO,0,0,0
-0.0,94.4,-94.5,4904.3,4813.5,5138.0,LLLG,5,5,1
-59.9,9467.4,-9523.1,519.9,495.4,475.2,NO,0,0,0
0.5,944.4,-9403.4,3015.5,2464.3,495.6,LLG,3,3,0
0.4,473.2,-476.5,3849.7,4045.6,4221.2,LLL,4,4,1
1.1,9550.7,-9517.7,509.6,515.5,533.7,NO,0,0,0
-11.6,9569.5,-9598.2,528.7,509.0,503.3,NO,0,0,0
0.9,949.9,-9546.3,3124.6,2479.3,513.9,LLG,3,3,0
-38.9,9481.9,-9535.9,500.2,488.8,458.4,NO,0,0,0
42.2,9505.0,-9545.2,491.1,518.6,482.7,NO,0,0,0
0.1,471.6,-474.5,3966.8,4008.8,3963.4,LLL,4,4,1
-1.6,475.7,-476.5,3754.5,4120.1,4077.9,LLL,4,4,1
0.2,95.4,-94.5,4854.7,5233.5,4899.4,LLLG,5,5,1
-0.0,473.0,-473.4,3719.6,4109.0,3945.4,LLL,4,4,1
-0.3,95.5,-96.0,4862.3,4990.8,5105.0,LLLG,5,5,1
0.1,958.1,-9459.5,3041.1,2344.6,517.3,LLG,3,3,0
-22.3,9515.1,-9511.4,491.4,497.6,499.8,NO,0,0,0
0.1,94.7,-95.2,4999.0,5032.3,4873.9,LLLG,5,5,1
6.9,953.9,-9543.6,2919.2,2718.3,501.1,LLG,3,3,0
-1.4,473.5,-476.4,3930.4,3850.8,4016.9,LLL,4,4,1
-0.7,947.6,-9560.9,2946.8,2447.5,515.0,LLG,3,3,0
3.3,475.1,-476.2,4241.7,4245.7,4187.1,LLL,4,4,1
-5.2,9483.3,-9553.5,500.8,504.0,506.3,NO,0,0,0
-3.6,2858.7,-9563.4,2045.7,2066.8,505.6,LL,2,2,0
2.2,2844.0,-9545.3,1946.4,1888.6,490.0,LL,2,2,0
23.3,9434.1,-9455.7,484.4,487.7,498.4,NO,0,0,0
-72.0,9558.6,-9534.6,503.8,507.4,511.6,NO,0,0,0
-8.3,952.8,-9480.4,3039.9,2345.0,483.8,LLG,3,3,0
14.1,2863.4,-9529.7,2001.2,2044.9,463.7,LL,2,2,0
-0.7,949.9,-9584.5,3036.4,2427.6,482.7,LLG,3,3,0
-1.4,479.3,-477.8,4241.2,4217.4,4050.8,LLL,4,4,1
-1.8,471.3,-476.4,3889.0,3969.3,3993.5,LLL,4,4,1
-0.9,477.5,-479.6,3989.8,4068.3,4070.9,LLL,4,4,1
-0.8,473.9,-475.5,4157.8,3973.8,3612.2,LLL,4,4,1
2.1,950.5,-9565.3,3090.2,2626.9,495.7,LLG,3,3,0
-1.0,482.1,-477.2,3925.3,4007.6,3894.0,LLL,4,4,1
66.9,9533.3,-9506.1,450.1,512.4,504.0,NO,0,0,0
56.0,9475.4,-9529.6,517.4,501.3,530.1,NO,0,0,0
-1.5,476.1,-476.4,4086.7,3679.9,3924.7,LLL,4,4,1
1.0,9458.4,-9652.4,2645.7,527.2,513.2,LG,1,1,0
0.3,2864.1,-9540.9,2025.1,2071.7,510.1,LL,2,2,0
29.5,9448.6,-9571.7,502.1,486.5,470.7,NO,0,0,0
-6.2,480.0,-472.0,3931.8,3675.7,3896.7,LLL,4,4,1
21.6,2842.7,-9503.9,1962.4,2083.1,495.9,LL,2,2,0
65.0,9555.5,-9511.9,519.3,493.1,502.1,NO,0,0,0
-21.0,9432.0,-9516.3,482.5,498.9,519.8,NO,0,0,0
11.5,2879.9,-9556.7,1896.3,1928.5,532.7,LL,2,2,0
-0.2,94.7,-95.7,4500.8,4662.4,4923.5,LLLG,5,5,1
0.5,478.2,-480.0,4096.8,3973.0,3908.3,LLL,4,4,1
-4.9,2868.9,-9462.2,1991.8,1985.0,490.4,LL,2,2,0
-11.0,9474.8,-9559.4,492.5,534.4,509.7,NO,0,0,0
22.9,9488.3,-9469.9,487.5,467.9,478.0,NO,0,0,0
-1.1,475.1,-477.8,3956.3,3997.7,4267.0,LLL,4,4,1
0.2,95.2,-95.5,5278.4,5526.4,4813.7,LLLG,5,5,1
-26.0,9479.1,-9535.6,505.8,510.8,508.9,NO,0,0,0
27.2,9491.9,-9517.2,505.4,485.5,516.3,NO,0,0,0
-9.2,2843.4,-9507.6,2058.8,2109.3,495.6,LL,2,2,0
-35.1,9558.4,-9512.2,506.3,538.5,491.6,NO,0,0,0
-45.2,2865.7,-9567.4,1880.0,2066.1,499.0,LL,2,2,0
-3.1,9568.4,-9585.7,2378.6,478.7,505.6,LG,1,1,0
-79.3,9533.4,-9627.4,505.2,534.1,502.8,NO,0,0,0
0.8,944.5,-9620.8,2955.7,2257.0,480.1,LLG,3,3,0
-39.8,9620.7,-9538.4,515.1,482.2,506.1,NO,0,0,0
-2.4,952.3,-9558.2,3046.1,2382.7,510.2,LLG,3,3,0
-0.2,95.4,-95.0,5164.2,4957.5,5013.1,LLLG,5,5,1
2.4,474.5,-471.1,4009.6,4246.6,3982.6,LLL,4,4,1
74.9,9574.0,-9487.0,498.2,512.6,482.7,NO,0,0,0
-3.1,2835.7,-9491.7,2012.8,1913.8,489.3,LL,2,2,0
17.5,2873.5,-9491.1,1883.7,2156.8,498.2,LL,2,2,0
3.2,952.6,-9494.9,2905.6,2451.1,541.8,LLG,3,3,0
0.7,474.0,-475.6,4004.3,4016.9,3923.7,LLL,4,4,1
3.7,2855.8,-9505.1,2058.8,1977.7,477.8,LL,2,2,0
7.9,947.9,-9588.0,3109.0,2444.2,466.5,LLG,3,3,0
2.1,948.5,-9532.9,2804.2,2547.7,490.2,LLG,3,3,0
-7.6,2846.3,-9554.7,1998.3,1916.6,483.8,LL,2,2,0
-5.4,948.7,-9495.0,2955.4,2545.7,476.1,LLG,3,3,0
-5.6,476.5,-475.4,4182.0,3745.3,4409.8,LLL,4,4,1
-0.6,9576.5,-9480.3,2389.3,456.7,500.3,LG,1,1,0
-22.3,9572.1,-9488.7,491.4,498.5,543.0,NO,0,0,0
-26.0,9585.4,-9463.2,505.8,506.6,467.1,NO,0,0,0
0.5,95.1,-95.3,4998.5,5322.6,4554.4,LLLG,5,5,1
-28.4,9554.1,-9598.4,482.1,512.5,493.0,NO,0,0,0
9.8,9456.3,-9539.8,462.0,479.8,491.7,NO,0,0,0
14.4,2840.1,-9470.4,2043.3,1952.8,515.6,LL,2,2,0
-0.0,95.5,-96.0,5386.3,5139.7,5020.2,LLLG,5,5,1
1.5,2856.2,-9565.0,2158.3,1987.5,522.3,LL,2,2,0
-5.2,964.0,-9529.0,2921.8,2497.3,498.8,LLG,3,3,0
-64.6,9577.3,-9548.4,489.9,521.9,521.3,NO,0,0,0
0.5,94.7,-95.5,5009.1,5141.5,5079.4,LLLG,5,5,1
-64.2,9520.2,-9529.0,499.7,518.2,493.9,NO,0,0,0
18.7,9551.5,-9555.9,496.7,535.0,502.5,NO,0,0,0
-0.8,95.2,-94.5,5032.7,4951.0,5302.3,LLLG,5,5,1
1.5,475.7,-474.6,4154.0,3893.1,4054.0,LLL,4,4,1
1.5,473.5,-481.9,4033.8,3967.1,3908.1,LLL,4,4,1
48.6,9456.8,-9506.2,493.5,490.2,491.5,NO,0,0,0
1.6,474.5,-471.7,4115.3,3856.3,3968.3,LLL,4,4,1
31.5,9488.9,-9480.6,511.0,483.2,513.7,NO,0,0,0
-12.5,2865.1,-9582.2,1992.9,2027.4,482.8,LL,2,2,0
-1.6,952.3,-9519.5,3044.2,2320.7,513.1,LLG,3,3,0
1.6,477.3,-476.1,4155.1,3733.0,4213.4,LLL,4,4,1
1.3,948.4,-9461.1,2920.2,2601.0,529.7,LLG,3,3,0
1.4,9577.8,-9597.5,2441.2,485.5,494.0,LG,1,1,0
4.6,474.2,-475.6,4146.7,4223.9,3900.6,LLL,4,4,1
0.9,95.3,-95.0,4896.0,4917.9,5080.8,LLLG,5,5,1
30.8,9479.9,-9542.2,489.4,487.5,514.6,NO,0,0,0
72.8,9440.9,-9508.7,489.9,472.9,516.8,NO,0,0,0
0.5,476.0,-471.8,3944.7,4058.7,4104.0,LLL,4,4,1
2.1,953.1,-9445.3,2984.4,2646.0,523.0,LLG,3,3,0
0.8,474.0,-477.0,4119.6,3763.8,3958.1,LLL,4,4,1
-1.4,2868.2,-9518.2,1997.7,1903.3,513.0,LL,2,2,0
-3.4,480.3,-479.7,3777.6,3830.4,3974.0,LLL,4,4,1
46.5,9543.3,-9504.2,499.9,506.8,509.3,NO,0,0,0
-2.1,953.1,-9514.8,3006.9,2515.7,498.7,LLG,3,3,0
-8.5,946.9,-9613.1,2891.4,2568.3,528.3,LLG,3,3,0
-2.0,476.0,-474.4,4037.2,3770.5,4104.2,LLL,4,4,1
0.7,477.1,-475.8,3937.6,3916.0,4115.9,LLL,4,4,1
0.2,95.4,-94.8,5176.9,5114.4,5143.4,LLLG,5,5,1
-43.6,2871.2,-9514.3,2029.2,1934.6,522.4,LL,2,2,0
-2.7,2848.1,-9516.0,2096.4,1911.3,479.4,LL,2,2,0
-1.0,478.0,-479.1,4075.3,4011.4,4003.7,LLL,4,4,1
0.1,94.9,-95.3,5189.8,5068.2,4797.3,LLLG,5,5,1
1.7,2873.5,-9562.6,2013.0,1956.1,479.3,LL,2,2,0
-10.9,9532.1,-9535.7,535.7,503.2,458.7,NO,0,0,0
0.9,473.1,-477.9,4002.0,3889.2,3847.1,LLL,4,4,1
-121.0,9526.7,-9483.3,506.9,490.5,518.3,NO,0,0,0
-1.0,94.3,-95.2,5100.5,4840.6,4926.4,LLLG,5,5,1
28.7,9629.6,-9557.0,505.8,534.2,514.4,NO,0,0,0
-23.4,2852.3,-9482.9,2073.3,1870.2,500.1,LL,2,2,0
34.1,9537.6,-9527.1,499.3,518.3,505.6,NO,0,0,0
-2.9,9508.6,-9612.1,2316.9,496.1,501.4,LG,1,1,0
11.2,9485.0,-9602.6,2575.7,505.0,501.9,LG,1,1,0
0.2,94.4,-94.8,5044.0,4948.2,5140.7,LLLG,5,5,1
-1.2,475.5,-477.0,4183.0,4250.2,3818.0,LLL,4,4,1
105.3,9492.4,-9476.3,519.4,510.8,479.4,NO,0,0,0
-11.7,952.5,-9491.2,3001.0,2387.6,475.3,LLG,3,3,0
0.8,479.8,-474.7,4130.4,4017.5,3840.6,LLL,4,4,1
-0.3,95.3,-95.4,4910.1,5181.4,5037.2,LLLG,5,5,1
-0.0,942.0,-9475.3,3252.6,2519.9,493.9,LLG,3,3,0
8.2,958.1,-9525.5,2967.5,2574.2,495.8,LLG,3,3,0
10.4,9496.9,-9509.3,507.8,511.6,489.1,NO,0,0,0
39.6,9541.5,-9590.5,509.7,504.4,539.1,NO,0,0,0
5.1,956.5,-9530.2,2860.8,2559.5,539.1,LLG,3,3,0
23.4,2855.6,-9524.3,2109.2,2063.9,476.1,LL,2,2,0
29.0,9434.5,-9633.4,489.8,488.8,455.7,NO,0,0,0
-23.7,2870.9,-9559.7,2053.9,1937.8,527.7,LL,2,2,0
-0.2,476.1,-476.5,3901.0,3770.7,4088.7,LLL,4,4,1
-19.6,9502.9,-9587.1,497.2,529.4,482.7,NO,0,0,0
-84.9,9506.1,-9579.3,556.0,507.0,531.1,NO,0,0,0
6.0,961.0,-9530.1,2876.4,2633.3,504.7,LLG,3,3,0
4.0,478.7,-479.2,4290.7,4132.2,3860.2,LLL,4,4,1
8.4,953.8,-9513.1,3108.3,2456.5,492.3,LLG,3,3,0
-12.8,2873.1,-9488.3,1970.1,2129.5,501.1,LL,2,2,0
23.0,2846.4,-9563.0,1991.2,1887.8,513.5,LL,2,2,0
-70.5,9434.7,-9510.8,490.4,475.2,491.5,NO,0,0,0
6.4,951.6,-9500.4,2960.9,2500.9,516.5,LLG,3,3,0
-1.7,963.2,-9603.6,3068.4,2550.2,511.1,LLG,3,3,0
-115.5,9612.3,-9566.0,503.6,490.8,491.2,NO,0,0,0
-0.2,9582.9,-9520.3,2597.4,504.2,491.7,LG,1,1,0
28.3,9471.2,-9555.5,510.4,476.4,495.3,NO,0,0,0
1.1,95.1,-95.8,4746.1,4959.5,5253.3,LLLG,5,5,1
39.3,9511.8,-9563.1,491.7,489.8,499.7,NO,0,0,0
-3.1,475.5,-474.8,3826.4,3989.8,3980.0,LLL,4,4,1
-18.6,9613.0,-9565.9,487.0,484.9,509.1,NO,0,0,0
4.3,476.2,-475.0,4011.8,4071.4,4291.2,LLL,4,4,1
-0.6,473.9,-474.8,4068.2,4120.4,4236.0,LLL,4,4,1
60.2,9466.7,-9461.0,477.5,495.5,482.9,NO,0,0,0
-65.3,9471.8,-9486.5,531.5,487.3,494.5,NO,0,0,0
1.7,479.3,-474.4,4220.3,3882.8,3686.1,LLL,4,4,1
49.0,9466.9,-9571.8,494.1,486.0,479.8,NO,0,0,0
-8.4,474.0,-476.8,4056.2,3997.5,3956.5,LLL,4,4,1
-69.0,9589.0,-9464.2,479.9,499.6,497.0,NO,0,0,0
5.6,9595.7,-9507.5,486.2,497.8,534.2,NO,0,0,0
21.9,9512.5,-9618.7,493.1,472.4,485.1,NO,0,0,0
75.8,9541.6,-9451.7,499.8,496.5,494.0,NO,0,0,0
0.1,94.5,-95.9,5388.4,4990.8,4775.7,LLLG,5,5,1
1.8,958.5,-9505.4,2926.9,2342.1,486.3,LLG,3,3,0
6.8,9607.1,-9463.4,2585.1,472.3,516.2,LG,1,1,0
1.3,9589.3,-9549.0,2307.5,479.2,479.4,LG,1,1,0
81.0,9555.7,-9506.0,513.3,515.3,485.3,NO,0,0,0
-2.1,958.5,-9535.4,2833.7,2447.4,502.9,LLG,3,3,0
3.5,950.3,-9506.5,2974.8,2579.5,512.9,LLG,3,3,0
-5.8,2844.0,-9517.2,2067.1,1876.7,452.8,LL,2,2,0
6.8,2847.2,-9544.0,1956.4,1977.4,482.1,LL,2,2,0
3.7,956.7,-9513.9,3001.5,2557.9,505.0,LLG,3,3,0
-12.9,2848.8,-9472.6,1896.8,1995.2,497.4,LL,2,2,0
6.7,9515.0,-9476.5,514.6,491.0,506.5,NO,0,0,0
0.1,95.8,-95.0,5499.8,4995.9,5164.7,LLLG,5,5,1
1.1,95.5,-95.6,5044.0,5206.5,4910.9,LLLG,5,5,1
68.9,9501.7,-9489.0,511.6,505.7,487.4,NO,0,0,0
-0.8,477.6,-477.2,3784.2,3924.7,4197.3,LLL,4,4,1
-12.2,9558.1,-9520.6,502.1,509.4,508.8,NO,0,0,0
-76.1,9393.9,-9452.1,480.7,491.0,499.1,NO,0,0,0
18.6,2849.7,-9445.4,1997.5,1974.1,502.8,LL,2,2,0
1.8,946.4,-9556.6,3008.1,2552.7,471.7,LLG,3,3,0
47.8,9550.0,-9534.1,474.4,512.0,502.4,NO,0,0,0
-6.9,943.2,-9451.7,3038.4,2578.6,490.8,LLG,3,3,0
26.4,9418.7,-9625.5,463.5,526.4,509.2,NO,0,0,0
-8.5,2873.8,-9591.4,1923.6,2104.1,530.7,LL,2,2,0
-2.6,954.9,-9537.8,3020.3,2566.7,470.4,LLG,3,3,0
-1.2,95.2,-95.9,5045.9,4939.3,4801.8,LLLG,5,5,1
2.3,9572.2,-9453.9,473.6,534.9,519.0,NO,0,0,0
-13.3,2851.0,-9497.0,2040.5,2071.9,506.4,LL,2,2,0
-0.5,94.9,-95.1,4959.7,4932.2,4812.6,LLLG,5,5,1
-57.8,9448.5,-9554.0,477.3,493.7,523.6,NO,0,0,0
-4.1,479.2,-477.0,3836.0,4024.8,4031.5,LLL,4,4,1
-0.6,95.5,-95.8,4871.4,4945.1,5087.1,LLLG,5,5,1
6.9,9490.4,-9621.7,2547.1,488.8,505.9,LG,1,1,0
-5.6,945.2,-9592.1,3125.5,2495.0,498.8,LLG,3,3,0
25.0,9584.4,-9638.9,460.8,492.6,504.0,NO,0,0,0
55.3,9611.0,-9474.0,517.0,488.3,498.8,NO,0,0,0
2.6,478.6,-477.4,4089.6,4276.9,3846.4,LLL,4,4,1
-3.7,478.6,-472.4,4018.3,4175.9,4181.6,LLL,4,4,1
-3.4,478.7,-477.4,3909.6,3682.8,4110.0,LLL,4,4,1
4.8,2857.5,-9429.0,1839.9,1975.8,500.0,LL,2,2,0
-84.2,9466.3,-9522.2,481.2,511.2,493.3,NO,0,0,0
6.7,948.8,-9486.8,3081.0,2591.5,495.1,LLG,3,3,0
-1.4,477.1,-475.2,3880.1,4076.0,3891.0,LLL,4,4,1
-20.4,9451.3,-9555.8,492.2,510.4,486.3,NO,0,0,0
38.7,9546.4,-9557.2,503.6,505.0,506.1,NO,0,0,0
0.9,952.8,-9441.3,2841.8,2548.7,502.1,LLG,3,3,0
-160.0,9573.5,-9571.6,496.2,505.9,478.3,NO,0,0,0
-1.9,474.6,-475.4,3905.4,4020.2,4113.6,LLL,4,4,1
-39.8,9466.2,-9476.8,513.4,518.3,499.1,NO,0,0,0
-6.7,961.6,-9515.3,3162.0,2561.1,531.4,LLG,3,3,0
10.6,954.2,-9572.1,3183.1,2468.3,486.0,LLG,3,3,0
6.2,957.1,-9557.4,2941.2,2484.4,496.9,LLG,3,3,0
4.6,2846.8,-9505.5,2018.5,2010.7,545.9,LL,2,2,0
-14.8,2851.5,-9562.5,2019.2,2024.2,484.1,LL,2,2,0
-20.6,2849.9,-9465.8,1908.5,1911.2,524.6,LL,2,2,0
-4.3,9452.4,-9496.2,485.2,491.2,480.5,NO,0,0,0
5.2,950.6,-9519.4,2982.0,2544.1,485.4,LLG,3,3,0
-0.9,9598.7,-9431.3,2546.2,489.8,511.2,LG,1,1,0
3.1,2846.4,-9566.7,1931.5,2149.9,509.4,LL,2,2,0
-11.5,9569.4,-9508.2,490.2,525.2,511.9,NO,0,0,0
19.0,9564.6,-9513.6,521.5,523.8,487.4,NO,0,0,0
-0.4,94.6,-95.6,4810.6,4946.8,4887.5,LLLG,5,5,1
0.1,95.6,-95.2,4823.8,4542.3,5216.5,LLLG,5,5,1
4.6,954.9,-9485.4,2976.8,2439.2,500.5,LLG,3,3,0
-0.2,94.6,-95.8,5209.0,4986.6,5177.9,LLLG,5,5,1
2.4,965.2,-9526.6,2915.3,2608.2,480.4,LLG,3,3,0
-15.8,2865.7,-9582.1,1906.6,1952.2,495.5,LL,2,2,0
78.0,9496.7,-9558.2,515.4,526.4,524.1,NO,0,0,0
-3.8,953.3,-9625.2,3170.1,2384.5,483.3,LLG,3,3,0
1.3,476.9,-475.0,3636.6,3930.8,4045.0,LLL,4,4,1
3.3,476.9,-475.9,4073.9,4136.6,3902.8,LLL,4,4,1
-13.6,2865.6,-9630.6,2009.6,1933.6,530.0,LL,2,2,0
-0.2,94.0,-95.4,5089.5,4748.3,4906.1,LLLG,5,5,1
9.6,2851.7,-9536.1,2001.2,2083.9,514.4,LL,2,2,0
-0.2,9492.2,-9559.4,2320.9,506.6,510.2,LG,1,1,0
7.3,9523.4,-9505.4,535.8,440.4,474.0,NO,0,0,0
-0.8,958.3,-9495.6,2892.3,2516.9,490.8,LLG,3,3,0
8.0,952.1,-9492.6,3039.1,2493.0,501.0,LLG,3,3,0
-1.9,481.5,-473.4,4043.5,4008.6,4245.5,LLL,4,4,1
60.1,9482.6,-9504.3,493.5,480.4,517.4,NO,0,0,0
1.9,474.6,-479.5,3891.9,4078.8,3756.1,LLL,4,4,1
6.8,950.1,-9480.3,3024.1,2435.4,481.8,LLG,3,3,0
-1.3,478.0,-474.5,3671.8,3896.3,4037.0,LLL,4,4,1
-0.6,95.2,-94.7,5244.7,5186.8,4787.8,LLLG,5,5,1
14.1,2855.2,-9515.7,1835.3,2177.2,485.9,LL,2,2,0
0.5,94.7,-94.4,5024.9,4815.4,5065.6,LLLG,5,5,1
0.2,476.4,-474.1,3888.4,4072.5,4137.2,LLL,4,4,1
-0.1,477.8,-477.6,3820.7,4111.8,4065.4,LLL,4,4,1
2.5,477.4,-474.3,4075.0,3936.6,4050.9,LLL,4,4,1
-2.0,952.8,-9547.6,3001.9,2516.9,489.0,LLG,3,3,0
4.3,472.9,-474.7,4312.3,4080.6,3877.8,LLL,4,4,1
1.3,471.8,-479.1,4207.7,4262.8,3999.3,LLL,4,4,1
56.9,9528.2,-9523.6,510.2,493.8,489.8,NO,0,0,0
6.1,9512.2,-9478.4,2628.8,545.3,468.6,LG,1,1,0
-18.2,9515.6,-9484.6,507.6,516.1,525.9,NO,0,0,0
-64.1,9611.0,-9515.6,487.0,514.9,473.5,NO,0,0,0
-1.4,478.1,-474.9,4087.2,3635.5,4167.4,LLL,4,4,1
0.7,95.2,-95.1,4759.3,4514.4,4907.8,LLLG,5,5,1
-14.9,2857.3,-9524.3,1953.8,2016.1,506.2,LL,2,2,0
-20.5,2857.3,-9507.4,1979.0,2056.5,478.6,LL,2,2,0
-0.1,95.8,-95.4,4978.9,5042.3,4918.5,LLLG,5,5,1
3.0,9588.1,-9584.1,2392.6,494.1,462.9,LG,1,1,0
1.1,473.0,-475.3,4093.9,4178.2,4135.1,LLL,4,4,1
-4.3,9465.3,-9565.9,2583.3,486.6,465.5,LG,1,1,0
-2.8,473.1,-476.1,3873.9,3805.3,3926.0,LLL,4,4,1
-18.2,9478.0,-9561.1,505.2,507.8,511.2,NO,0,0,0
2.9,957.0,-9549.2,3093.9,2412.9,506.0,LLG,3,3,0
38.4,9572.0,-9484.6,498.0,494.3,480.7,NO,0,0,0
-2.7,476.8,-478.3,3709.7,3868.7,4085.9,LLL,4,4,1
-0.8,94.9,-95.9,5021.3,5083.7,4721.2,LLLG,5,5,1
19.8,9544.2,-9567.5,494.1,501.5,513.6,NO,0,0,0
-101.8,9483.7,-9478.2,521.6,499.5,449.2,NO,0,0,0
21.7,9592.1,-9493.9,514.3,509.0,484.7,NO,0,0,0
-17.5,2848.2,-9492.1,2001.2,1916.8,464.5,LL,2,2,0
-1.2,477.0,-479.6,4025.1,3606.3,3806.2,LLL,4,4,1
-10.4,9576.6,-9504.3,504.3,473.4,543.6,NO,0,0,0
-6.8,953.0,-9668.4,2913.6,2338.2,508.8,LLG,3,3,0
-2.7,477.3,-476.4,4040.9,4095.1,4137.5,LLL,4,4,1
34.7,9502.5,-9600.4,535.0,471.6,475.9,NO,0,0,0
2.1,475.6,-474.1,4255.3,3990.6,4020.1,LLL,4,4,1
0.0,95.7,-95.5,5206.7,4900.6,4935.5,LLLG,5,5,1
4.9,2853.7,-9519.5,1966.6,1983.0,496.0,LL,2,2,0
6.4,476.2,-478.3,3941.8,4258.8,3819.2,LLL,4,4,1
5.1,948.3,-9601.8,2955.4,2454.4,509.7,LLG,3,3,0
2.4,472.0,-480.5,4032.6,4144.1,4085.4,LLL,4,4,1
6.6,955.4,-9552.4,3063.8,2292.8,498.2,LLG,3,3,0
3.0,481.6,-473.7,4065.0,3896.9,3884.0,LLL,4,4,1
-3.6,951.9,-9534.3,3249.6,2322.3,493.7,LLG,3,3,0
-18.3,9492.4,-9493.8,478.4,501.0,508.4,NO,0,0,0
-4.0,952.3,-9546.9,2832.5,2566.1,524.7,LLG,3,3,0
-0.1,478.4,-473.6,3991.9,4021.1,4163.0,LLL,4,4,1
-36.1,9548.7,-9585.8,532.1,514.5,491.6,NO,0,0,0
0.3,953.4,-9507.0,3037.2,2480.7,505.4,LLG,3,3,0
-46.6,9555.0,-9573.8,483.3,487.8,517.7,NO,0,0,0
3.2,9545.2,-9500.0,493.1,514.5,504.5,NO,0,0,0
-3.8,9667.0,-9528.4,2572.2,510.0,489.7,LG,1,1,0
10.8,2872.2,-9500.2,1956.5,2017.2,480.4,LL,2,2,0
-3.2,473.7,-475.0,4111.9,3983.3,4086.1,LLL,4,4,1
-24.9,2858.2,-9538.1,2095.7,1948.5,514.2,LL,2,2,0
-1.6,953.7,-9512.3,3048.1,2359.6,483.1,LLG,3,3,0
8.5,949.2,-9530.8,3002.3,2572.3,479.4,LLG,3,3,0
-13.1,9604.5,-9528.9,518.9,469.3,505.5,NO,0,0,0
-10.3,9463.6,-9551.1,2500.7,460.8,468.3,LG,1,1,0
-11.8,2866.6,-9457.1,2114.1,1934.7,507.0,LL,2,2,0
8.8,964.2,-9551.2,2856.8,2387.1,485.9,LLG,3,3,0
12.1,957.2,-9523.0,3198.4,2572.5,538.4,LLG,3,3,0
7.2,9509.4,-9529.5,480.7,492.3,489.9,NO,0,0,0
-3.7,474.8,-475.3,4225.7,3926.0,3706.7,LLL,4,4,1
0.1,95.2,-94.7,4930.0,4789.0,4857.4,LLLG,5,5,1
-26.8,9573.2,-9526.1,485.3,489.9,491.4,NO,0,0,0
3.9,2858.2,-9514.3,1894.2,2041.4,498.5,LL,2,2,0
-1.3,948.3,-9658.2,2776.2,2670.1,497.0,LLG,3,3,0
2.2,951.0,-9494.6,2957.5,2523.6,466.9,LLG,3,3,0
6.4,9527.5,-9527.8,2434.5,494.7,503.8,LG,1,1,0
-9.1,9474.2,-9527.4,504.6,516.6,473.1,NO,0,0,0
-9.0,945.8,-9436.9,2983.4,2433.7,471.1,LLG,3,3,0
-55.0,9485.4,-9569.2,519.8,527.1,494.9,NO,0,0,0
-21.8,9489.3,-9517.4,518.9,523.2,482.4,NO,0,0,0
-0.2,96.0,-95.1,5090.4,4988.7,5113.9,LLLG,5,5,1
-14.0,2850.9,-9480.4,2098.9,2019.4,500.6,LL,2,2,0
0.6,95.3,-95.6,4837.8,5090.1,4951.0,LLLG,5,5,1
17.0,2864.6,-9587.5,1932.1,1990.0,504.5,LL,2,2,0
-38.9,9602.5,-9514.2,481.7,532.1,505.9,NO,0,0,0
-5.0,9545.8,-9595.5,495.2,496.6,476.0,NO,0,0,0
43.5,9564.5,-9437.0,518.2,501.4,525.3,NO,0,0,0
-2.0,9513.9,-9571.8,2587.5,480.6,496.3,LG,1,1,0
9.7,9502.2,-9438.8,509.4,530.2,473.0,NO,0,0,0
2.9,950.5,-9618.7,3163.8,2629.0,496.4,LLG,3,3,0
-49.8,9472.9,-9450.5,492.0,474.5,503.2,NO,0,0,0
6.5,9581.1,-9554.2,2504.9,476.9,471.1,LG,1,1,0
-24.5,2839.5,-9561.4,2140.7,1973.4,508.7,LL,2,2,0
4.4,9586.1,-9506.2,509.2,530.2,529.9,NO,0,0,0
2.8,473.3,-475.6,4177.1,4092.0,4004.3,LLL,4,4,1
-1.0,475.9,-477.8,4302.8,4262.8,3975.4,LLL,4,4,1
1.1,478.9,-475.2,3796.2,3725.1,4166.0,LLL,4,4,1
-1.1,477.6,-471.5,4440.4,3991.0,3895.6,LLL,4,4,1
55.8,9491.9,-9480.5,487.3,454.8,465.8,NO,0,0,0
-41.9,9526.1,-9536.5,522.9,508.5,517.4,NO,0,0,0
-1.5,476.1,-473.4,3848.2,3792.3,3959.2,LLL,4,4,1
-0.2,94.9,-96.0,4919.0,5008.8,4928.4,LLLG,5,5,1
-3.0,958.0,-9524.6,2835.6,2483.8,503.9,LLG,3,3,0
-13.8,9507.5,-9469.9,490.7,514.6,515.3,NO,0,0,0
22.4,2840.4,-9607.5,2038.9,1951.1,502.3,LL,2,2,0
3.7,476.8,-471.3,3680.2,4000.0,4210.2,LLL,4,4,1
-0.9,9572.0,-9553.9,489.3,503.0,538.7,NO,0,0,0
0.2,95.2,-94.4,5388.5,5209.7,5130.8,LLLG,5,5,1
19.9,9604.6,-9482.5,488.5,500.2,472.6,NO,0,0,0
-0.0,95.4,-94.8,5007.3,5106.5,4916.2,LLLG,5,5,1
-3.6,475.7,-474.4,4127.9,3869.1,4097.5,LLL,4,4,1
47.8,9537.5,-9467.4,515.5,491.5,498.2,NO,0,0,0
5.7,476.7,-473.8,3816.6,3769.8,3966.0,LLL,4,4,1
-12.0,945.4,-9458.1,2982.2,2379.0,461.6,LLG,3,3,0
7.4,2873.6,-9541.2,2047.1,2096.6,501.7,LL,2,2,0
7.0,958.3,-9605.9,2794.1,2640.5,508.6,LLG,3,3,0
-14.0,2850.7,-9442.1,1923.6,2140.3,503.7,LL,2,2,0
0.3,475.5,-477.7,4192.0,4066.5,3962.3,LLL,4,4,1
-68.1,9557.0,-9482.8,502.6,484.5,444.7,NO,0,0,0
-14.9,2877.3,-9557.7,1968.6,1999.8,460.0,LL,2,2,0
1.5,473.2,-475.9,3886.7,4021.5,4010.2,LLL,4,4,1
-61.5,9516.7,-9490.0,477.0,493.2,493.6,NO,0,0,0
3.0,473.6,-478.9,4084.3,4047.3,3880.4,LLL,4,4,1
0.1,947.6,-9499.8,2682.0,2551.0,547.8,LLG,3,3,0
-7.5,9521.4,-9591.0,2465.4,477.3,465.6,LG,1,1,0
5.9,9484.9,-9559.9,450.2,483.1,519.4,NO,0,0,0
-2.0,477.8,-476.8,3753.7,3755.6,4136.2,LLL,4,4,1
19.3,9529.1,-9516.6,515.0,499.9,458.6,NO,0,0,0
-0.2,95.5,-96.1,4672.9,4578.3,5048.6,LLLG,5,5,1
0.2,961.4,-9516.9,3075.5,2382.1,507.1,LLG,3,3,0
-0.6,94.4,-95.4,5254.7,4980.8,4562.1,LLLG,5,5,1
0.2,96.4,-95.2,4830.8,4988.2,4911.0,LLLG,5,5,1
-3.0,957.0,-9438.4,2735.9,2664.4,457.7,LLG,3,3,0
-27.2,9483.1,-9585.2,490.5,508.1,492.8,NO,0,0,0
8.8,964.2,-9589.2,3033.4,2489.2,481.6,LLG,3,3,0
5.8,9482.2,-9426.5,447.4,493.8,488.3,NO,0,0,0
-43.4,9548.9,-9477.9,470.5,493.6,527.5,NO,0,0,0
-0.4,94.8,-95.9,4973.0,5216.6,4997.6,LLLG,5,5,1
27.1,2877.0,-9518.1,2130.4,1956.8,506.3,LL,2,2,0
40.5,9457.9,-9520.5,497.7,468.7,522.9,NO,0,0,0
-0.1,476.1,-479.7,4158.2,3611.4,3818.6,LLL,4,4,1
1.8,476.5,-481.6,4224.1,4005.1,4114.4,LLL,4,4,1
-44.6,9442.7,-9518.7,522.3,507.8,488.8,NO,0,0,0
3.3,955.2,-9546.8,2784.7,2546.4,480.5,LLG,3,3,0
2.5,2855.7,-9474.4,1980.5,2009.5,508.6,LL,2,2,0
5.0,2843.8,-9460.2,2130.4,2037.2,470.4,LL,2,2,0
12.6,9566.2,-9590.1,528.8,469.8,506.8,NO,0,0,0
-1.6,946.7,-9492.4,2919.1,2369.4,523.0,LLG,3,3,0
0.1,95.9,-95.5,5069.5,4950.4,5019.9,LLLG,5,5,1
3.0,959.3,-9504.6,3015.5,2526.9,517.9,LLG,3,3,0
-4.2,473.7,-476.2,3654.2,4146.6,4086.8,LLL,4,4,1
-2.8,475.5,-475.8,3780.6,3848.7,3836.7,LLL,4,4,1
-0.8,953.8,-9476.6,3215.0,2381.8,473.8,LLG,3,3,0
-6.7,2879.0,-9500.8,1938.1,2036.6,490.8,LL,2,2,0
0.3,95.8,-96.3,4782.5,4736.1,5002.6,LLLG,5,5,1
-6.5,946.1,-9501.1,3119.2,2377.2,527.6,LLG,3,3,0
1.2,948.5,-9507.4,3140.0,2431.3,481.0,LLG,3,3,0
1.3,473.1,-480.9,4143.2,3996.7,4101.2,LLL,4,4,1
-59.8,9543.3,-9519.8,475.3,465.7,500.2,NO,0,0,0
-0.7,95.1,-95.1,5111.5,4848.8,4781.3,LLLG,5,5,1
3.9,475.3,-475.6,3815.4,4137.5,4001.3,LLL,4,4,1
2.4,475.3,-476.4,3821.8,4004.2,3886.7,LLL,4,4,1
25.9,9516.3,-9415.1,513.1,538.7,471.4,NO,0,0,0
36.3,9508.8,-9479.4,527.0,497.5,520.4,NO,0,0,0
2.0,477.6,-473.9,4083.6,3841.7,4058.5,LLL,4,4,1
2.5,473.9,-473.3,3824.7,4146.8,4043.4,LLL,4,4,1
-10.0,9526.1,-9507.2,517.8,534.1,488.7,NO,0,0,0
48.3,9511.7,-9524.1,533.7,495.9,483.7,NO,0,0,0
-54.9,9489.1,-9574.4,506.7,516.1,462.0,NO,0,0,0
7.4,9521.6,-9451.7,2509.5,503.6,487.0,LG,1,1,0
6.4,962.9,-9580.2,2938.0,2555.9,486.3,LLG,3,3,0
-5.1,955.8,-9623.2,3079.4,2422.6,477.3,LLG,3,3,0
0.7,96.3,-95.1,5095.3,5124.5,4895.8,LLLG,5,5,1
41.4,9449.8,-9450.4,497.2,507.3,522.4,NO,0,0,0
-2.8,475.1,-471.1,3917.9,3878.3,4092.0,LLL,4,4,1
-8.7,2841.8,-9602.6,2038.4,1977.4,510.9,LL,2,2,0
-0.7,474.0,-475.5,3969.6,4090.2,4120.3,LLL,4,4,1
-10.9,2856.0,-9480.8,1865.6,2109.9,513.5,LL,2,2,0
-3.9,476.2,-474.1,4264.1,3982.0,3945.1,LLL,4,4,1
5.4,9598.8,-9468.9,490.9,520.9,478.7,NO,0,0,0
-5.1,474.9,-476.0,4086.7,3775.6,3774.3,LLL,4,4,1
4.0,946.6,-9427.1,3124.6,2278.9,526.4,LLG,3,3,0
1.8,947.8,-9504.6,3168.4,2644.2,520.7,LLG,3,3,0
14.0,2841.2,-9528.4,1811.1,1894.4,528.4,LL,2,2,0
0.6,94.8,-95.4,4708.6,5169.3,5119.1,LLLG,5,5,1
5.3,955.6,-9556.1,3002.7,2555.4,507.6,LLG,3,3,0
4.8,946.4,-9413.3,3188.4,2567.8,467.0,LLG,3,3,0
-36.3,9580.1,-9619.7,485.2,548.3,524.8,NO,0,0,0
-3.7,9514.5,-9579.2,480.0,522.7,512.2,NO,0,0,0
3.2,2880.6,-9560.5,2004.6,1915.0,543.2,LL,2,2,0
-114.0,9656.5,-9579.5,496.0,500.3,518.7,NO,0,0,0
-15.8,9549.4,-9544.4,495.0,490.3,481.0,NO,0,0,0
2.9,2869.7,-9450.6,2043.5,1986.5,496.9,LL,2,2,0
0.2,96.7,-95.9,4753.8,4593.8,5086.5,LLLG,5,5,1
16.3,9542.8,-9533.0,510.7,514.4,507.5,NO,0,0,0
-3.0,948.8,-9560.7,2829.5,2570.3,510.0,LLG,3,3,0
34.7,9476.6,-9524.2,481.7,517.8,505.2,NO,0,0,0
4.3,9522.1,-9488.2,2486.3,494.4,503.9,LG,1,1,0
-6.1,2818.9,-9550.0,1949.7,1956.4,501.1,LL,2,2,0
10.9,9626.2,-9554.6,510.3,511.5,471.3,NO,0,0,0
76.3,9585.1,-9433.6,502.5,529.1,504.4,NO,0,0,0
-57.4,9525.6,-9604.8,461.0,500.8,519.3,NO,0,0,0
19.1,2874.4,-9490.0,1860.5,1948.6,483.9,LL,2,2,0
1.7,9496.8,-9535.8,2583.9,483.2,501.0,LG,1,1,0
5.4,9492.8,-9549.2,481.3,485.6,487.3,NO,0,0,0
-6.8,2836.8,-9556.7,2080.5,1973.2,513.7,LL,2,2,0
16.6,2869.8,-9506.2,1932.7,2232.4,485.6,LL,2,2,0
-2.4,9439.5,-9590.8,2653.8,511.9,475.4,LG,1,1,0
39.4,9506.2,-9591.2,498.5,464.6,474.8,NO,0,0,0
-86.4,9557.5,-9484.9,547.5,489.1,497.3,NO,0,0,0
-48.5,9553.4,-9520.5,508.1,501.4,522.3,NO,0,0,0
-0.7,474.2,-476.8,4054.2,3921.2,3922.0,LLL,4,4,1
-10.9,947.8,-9440.9,2857.1,2528.6,476.3,LLG,3,3,0
1.3,473.7,-472.2,4318.1,4110.7,4192.0,LLL,4,4,1
0.4,955.6,-9511.0,3021.7,2396.6,495.2,LLG,3,3,0
-0.4,477.7,-479.2,3997.0,3879.1,3929.1,LLL,4,4,1
10.1,9576.9,-9544.0,2511.4,480.6,539.0,LG,1,1,0
1.3,953.6,-9502.2,2799.0,2409.4,488.3,LLG,3,3,0
-2.3,479.7,-478.1,3843.2,4210.8,4270.5,LLL,4,4,1
5.9,2836.9,-9682.2,2012.4,2032.9,504.8,LL,2,2,0
63.1,9555.1,-9542.9,486.9,497.9,502.7,NO,0,0,0
12.6,9445.4,-9466.3,2453.6,496.1,488.7,LG,1,1,0
62.1,9545.6,-9503.0,507.3,514.1,464.2,NO,0,0,0
-0.6,475.2,-475.9,4205.5,4009.9,4078.5,LLL,4,4,1
0.4,9505.1,-9508.5,2474.4,506.1,501.7,LG,1,1,0
0.1,95.4,-95.2,4636.3,5077.4,4985.9,LLLG,5,5,1
-2.6,477.5,-477.3,4016.1,3905.7,3942.0,LLL,4,4,1
-3.1,9459.6,-9512.0,461.9,496.5,506.0,NO,0,0,0
-0.6,95.6,-95.5,5082.4,4967.0,5150.2,LLLG,5,5,1
2.9,473.4,-477.9,3996.5,3995.9,3744.6,LLL,4,4,1
-58.5,9477.4,-9453.3,512.8,482.2,553.4,NO,0,0,0
7.7,943.2,-9495.1,3139.5,2453.9,460.9,LLG,3,3,0
-2.6,476.8,-479.5,3951.0,3779.4,3859.4,LLL,4,4,1
-74.6,9528.6,-9481.8,490.8,484.3,471.8,NO,0,0,0
-8.8,2849.3,-9495.4,2018.3,2086.7,488.0,LL,2,2,0
-2.8,473.8,-473.8,3930.8,3866.2,3863.7,LLL,4,4,1
4.2,9542.9,-9523.3,2344.6,528.4,528.1,LG,1,1,0
6.7,9524.8,-9516.2,502.9,502.4,475.7,NO,0,0,0
-47.0,9572.5,-9485.5,497.8,529.9,514.9,NO,0,0,0
-1.5,476.3,-474.8,3946.2,3970.3,4185.5,LLL,4,4,1
0.1,95.6,-94.5,4750.5,4987.0,4991.1,LLLG,5,5,1
1.6,948.3,-9550.7,2958.9,2343.6,493.0,LLG,3,3,0
-0.9,94.5,-96.0,4571.5,4823.0,4901.5,LLLG,5,5,1
4.4,9491.4,-9610.4,2491.4,452.1,533.4,LG,1,1,0
2.1,474.4,-478.8,3882.8,4175.7,3958.3,LLL,4,4,1
1.4,947.0,-9563.7,3179.1,2455.7,517.6,LLG,3,3,0
-0.7,95.1,-95.3,5141.0,5010.5,5184.8,LLLG,5,5,1
8.8,2854.3,-9587.5,2133.0,2008.7,511.5,LL,2,2,0
17.5,2849.5,-9498.7,1973.1,2058.7,487.8,LL,2,2,0
7.4,949.7,-9514.1,2922.4,2476.5,486.5,LLG,3,3,0
-45.6,9540.0,-9576.7,496.1,494.1,462.1,NO,0,0,0
-17.6,2868.5,-9510.8,1906.3,1776.1,474.5,LL,2,2,0
3.5,9530.7,-9548.8,2670.6,526.7,476.4,LG,1,1,0
1.4,955.3,-9529.3,2875.2,2485.8,500.8,LLG,3,3,0
-0.3,95.3,-95.2,5353.5,5038.5,5185.5,LLLG,5,5,1
-0.3,95.3,-95.5,4863.8,4650.0,4825.5,LLLG,5,5,1
-0.7,9555.3,-9415.0,2383.5,543.9,496.5,LG,1,1,0
-0.1,94.0,-94.8,5173.7,4959.1,5083.3,LLLG,5,5,1
-0.1,95.5,-95.4,5187.6,5118.1,4972.3,LLLG,5,5,1
2.0,956.8,-9442.7,3070.9,2584.1,517.8,LLG,3,3,0
45.1,9557.3,-9498.2,479.2,512.4,509.1,NO,0,0,0
-7.9,2840.4,-9522.0,1959.3,1890.8,540.9,LL,2,2,0
7.1,946.8,-9497.2,2929.8,2476.2,555.6,LLG,3,3,0
19.7,9573.6,-9472.6,502.8,474.9,524.8,NO,0,0,0
3.6,474.7,-471.5,3638.7,3947.7,4075.1,LLL,4,4,1
4.0,954.4,-9593.2,2892.2,2352.8,476.1,LLG,3,3,0
-3.0,9493.5,-9600.9,2463.2,499.9,493.1,LG,1,1,0
51.5,9548.0,-9577.0,523.4,538.1,468.0,NO,0,0,0
-0.2,94.2,-94.5,4761.6,5174.5,5476.8,LLLG,5,5,1
2.2,960.4,-9485.3,3131.5,2631.5,473.3,LLG,3,3,0
0.1,478.9,-478.9,3937.5,4059.6,4184.0,LLL,4,4,1
112.3,9518.8,-9508.8,499.2,492.8,492.1,NO,0,0,0
-2.8,9511.7,-9520.3,2299.3,508.2,491.1,LG,1,1,0
-3.5,9464.4,-9600.1,520.8,460.4,459.6,NO,0,0,0
6.1,951.4,-9533.1,3093.1,2450.9,512.5,LLG,3,3,0
-3.4,479.3,-477.9,3983.7,3989.1,3944.6,LLL,4,4,1
-60.9,9531.3,-9521.7,533.8,486.1,479.5,NO,0,0,0
-2.6,479.2,-475.3,4138.5,3987.6,4302.1,LLL,4,4,1
-0.8,471.7,-476.0,3887.8,3812.1,4195.2,LLL,4,4,1
1.6,9515.2,-9560.4,2625.4,457.6,535.9,LG,1,1,0
-35.7,9509.7,-9541.7,503.0,503.6,507.6,NO,0,0,0
2.2,9484.7,-9586.1,490.8,518.7,513.4,NO,0,0,0
-4.1,9603.4,-9572.0,2415.1,509.6,526.0,LG,1,1,0
0.9,950.6,-9597.9,2914.2,2524.2,506.9,LLG,3,3,0
-8.9,950.4,-9474.6,3089.6,2508.7,501.9,LLG,3,3,0
-39.7,9535.8,-9501.4,531.3,487.7,518.7,NO,0,0,0
-3.1,9549.6,-9560.5,491.6,469.8,486.3,NO,0,0,0
2.0,2831.4,-9520.2,2165.5,2055.4,512.2,LL,2,2,0
-55.8,9441.8,-9579.5,482.8,467.4,506.1,NO,0,0,0
-0.1,94.8,-94.8,5377.0,4798.7,5151.4,LLLG,5,5,1
96.9,9518.6,-9492.6,511.5,503.4,513.3,NO,0,0,0
4.0,477.3,-476.6,4028.3,3833.0,4025.7,LLL,4,4,1
0.3,94.9,-95.1,5400.4,4995.3,5029.6,LLLG,5,5,1
3.3,476.4,-477.0,3965.2,3841.9,3807.3,LLL,4,4,1
6.6,951.6,-9545.6,2960.8,2450.7,471.7,LLG,3,3,0
29.4,9563.5,-9558.7,530.1,517.7,495.6,NO,0,0,0
3.6,9600.4,-9435.2,2331.5,496.8,491.0,LG,1,1,0
2.0,949.7,-9491.3,2971.1,2162.5,510.7,LLG,3,3,0
-11.9,946.5,-9539.5,2975.2,2573.4,489.3,LLG,3,3,0
0.2,477.8,-482.0,3686.7,4224.3,4291.4,LLL,4,4,1
-5.5,9572.3,-9589.7,533.7,515.6,490.1,NO,0,0,0
4.5,9568.3,-9444.3,2534.3,490.5,483.6,LG,1,1,0
5.9,9468.5,-9490.3,2540.0,497.7,503.2,LG,1,1,0
2.7,9616.3,-9515.9,2433.2,463.7,523.2,LG,1,1,0
2.0,478.6,-474.8,4062.1,4014.9,4126.3,LLL,4,4,1
18.2,2841.7,-9524.8,1996.4,2061.6,509.0,LL,2,2,0
1.7,9555.8,-9645.5,2513.2,518.0,495.6,LG,1,1,0
-2.5,953.3,-9562.9,3057.3,2456.2,485.3,LLG,3,3,0
-2.7,477.0,-472.8,4158.1,4276.2,3832.5,LLL,4,4,1
4.5,9525.9,-9550.0,2499.2,513.1,493.6,LG,1,1,0
-0.1,943.1,-9521.7,2730.1,2544.1,519.2,LLG,3,3,0
7.9,942.4,-9504.9,2750.6,2370.0,489.7,LLG,3,3,0
-2.2,478.8,-478.0,4046.0,3755.6,4012.6,LLL,4,4,1
-3.1,9551.7,-9571.9,2439.0,506.9,499.6,LG,1,1,0
9.5,2862.1,-9509.3,2044.9,2092.0,497.9,LL,2,2,0
-18.8,2858.6,-9606.0,1981.4,1873.1,514.1,LL,2,2,0
-0.7,480.2,-477.6,4004.6,4398.7,4160.8,LLL,4,4,1
-60.9,9514.0,-9483.1,469.2,517.1,482.4,NO,0,0,0
8.1,9534.0,-9573.6,2626.1,512.7,510.0,LG,1,1,0
-1.1,2849.3,-9507.7,2022.6,1965.3,461.7,LL,2,2,0
0.3,95.1,-95.5,5226.0,5081.1,4998.7,LLLG,5,5,1
1.3,9546.8,-9508.7,480.7,479.2,485.0,NO,0,0,0
-65.0,9630.1,-9511.4,512.6,504.1,512.8,NO,0,0,0
0.2,472.4,-477.6,4050.4,4168.6,3975.6,LLL,4,4,1
40.1,9513.7,-9498.8,496.2,479.3,496.1,NO,0,0,0
-0.1,95.4,-95.5,5058.2,5084.2,5221.8,LLLG,5,5,1
-28.8,2862.4,-9546.3,2001.3,2104.0,520.4,LL,2,2,0
30.2,9477.6,-9551.0,478.8,507.9,484.1,NO,0,0,0
-6.8,960.0,-9526.9,3145.4,2593.7,465.0,LLG,3,3,0
-51.3,9537.4,-9589.9,503.8,528.2,531.0,NO,0,0,0
-75.9,9538.6,-9572.2,532.2,492.1,487.4,NO,0,0,0
0.8,95.6,-95.6,4808.9,4720.6,5064.8,LLLG,5,5,1
9.2,9419.1,-9473.7,2582.2,506.2,479.7,LG,1,1,0
10.6,2865.2,-9429.3,1994.4,1898.0,513.7,LL,2,2,0
-4.2,474.2,-477.2,4019.4,3683.2,3930.9,LLL,4,4,1
5.4,2854.3,-9548.4,1994.3,2089.1,513.4,LL,2,2,0
0.0,9495.6,-9462.7,2470.0,493.5,516.6,LG,1,1,0
4.1,2852.8,-9493.7,1999.3,2103.7,471.1,LL,2,2,0
35.4,9557.7,-9482.6,468.1,483.8,513.6,NO,0,0,0
2.6,9573.6,-9595.1,481.5,489.6,446.3,NO,0,0,0
1.4,9588.7,-9535.0,530.3,532.8,516.7,NO,0,0,0
-2.0,9587.5,-9538.9,2540.7,487.7,542.9,LG,1,1,0
-1.3,475.1,-477.8,3953.7,3959.9,3904.0,LLL,4,4,1
44.6,9502.0,-9549.3,496.7,512.8,494.3,NO,0,0,0
-1.1,94.9,-95.8,4823.5,4585.5,4924.7,LLLG,5,5,1
82.7,9546.5,-9511.9,444.0,494.3,506.2,NO,0,0,0
41.0,9579.5,-9516.6,526.2,478.1,480.4,NO,0,0,0
-0.5,9513.6,-9608.2,2428.3,518.6,496.8,LG,1,1,0
6.9,950.3,-9536.7,3050.5,2510.8,523.0,LLG,3,3,0
-2.4,951.5,-9445.0,3110.0,2454.8,538.5,LLG,3,3,0
-53.5,9561.9,-9438.4,511.9,491.8,490.7,NO,0,0,0
12.2,9508.7,-9486.5,512.1,524.3,494.5,NO,0,0,0
14.5,2821.1,-9520.9,1999.0,1902.9,494.4,LL,2,2,0
-0.2,9603.2,-9507.5,2696.5,518.1,554.9,LG,1,1,0
0.2,95.2,-96.1,4773.0,5033.9,5047.5,LLLG,5,5,1
3.1,949.8,-9567.9,3099.1,2446.1,523.6,LLG,3,3,0
-7.7,9586.2,-9510.3,2504.0,484.0,481.8,LG,1,1,0
-0.7,9490.4,-9576.7,2511.4,486.8,491.8,LG,1,1,0
-3.2,2854.4,-9534.2,1995.1,1972.7,482.7,LL,2,2,0
0.9,955.3,-9468.0,3115.0,2530.4,555.2,LLG,3,3,0
-0.4,478.3,-477.3,3932.0,3996.3,4289.6,LLL,4,4,1
4.0,9433.4,-9479.0,506.6,492.4,513.6,NO,0,0,0
4.7,952.0,-9534.2,3143.7,2563.6,509.6,LLG,3,3,0
0.3,95.0,-94.9,5141.4,4964.8,4749.8,LLLG,5,5,1
19.3,9498.7,-9554.0,504.5,497.0,513.0,NO,0,0,0
-4.3,956.7,-9489.8,2930.1,2613.5,522.6,LLG,3,3,0
0.5,95.1,-95.1,4924.6,4732.8,4832.7,LLLG,5,5,1
1.7,477.4,-476.1,4085.7,4014.1,4112.1,LLL,4,4,1
3.0,9520.1,-9563.9,2455.4,508.0,522.3,LG,1,1,0
28.1,9505.3,-9608.5,509.4,494.1,508.2,NO,0,0,0
15.9,9613.4,-9633.8,484.3,524.3,516.2,NO,0,0,0
-26.2,9483.5,-9566.6,491.6,508.3,476.8,NO,0,0,0
-21.3,2862.0,-9617.5,1977.5,2009.5,504.9,LL,2,2,0
2.8,478.0,-475.5,4148.6,3849.2,4111.3,LLL,4,4,1
-1.3,475.0,-477.2,4103.2,4111.3,3966.2,LLL,4,4,1
-1.4,9583.9,-9539.6,2438.3,493.9,469.4,LG,1,1,0
-1.7,477.8,-478.0,4308.6,3964.6,3818.5,LLL,4,4,1
11.7,2850.6,-9562.8,2072.4,1895.3,478.9,LL,2,2,0
-20.8,9520.7,-9490.5,496.3,493.8,457.1,NO,0,0,0
0.6,95.6,-95.8,4903.2,4779.5,4492.3,LLLG,5,5,1
2.4,2845.0,-9484.8,1933.7,2005.2,471.6,LL,2,2,0
-0.9,959.8,-9538.7,2871.4,2513.2,488.7,LLG,3,3,0
-5.9,952.5,-9510.4,2841.2,2408.1,496.5,LLG,3,3,0
0.2,949.3,-9657.1,2968.5,2439.0,486.3,LLG,3,3,0
103.7,9497.3,-9511.1,504.2,477.6,509.1,NO,0,0,0
-0.8,940.4,-9535.8,2922.1,2648.6,502.3,LLG,3,3,0
-1.5,939.5,-9420.5,2928.4,2501.9,517.5,LLG,3,3,0
-3.4,946.1,-9577.6,2984.1,2720.7,506.0,LLG,3,3,0
-30.1,2836.7,-9378.2,2073.9,1935.0,520.5,LL,2,2,0
6.1,9507.9,-9547.1,2672.2,506.1,485.7,LG,1,1,0
2.4,961.1,-9462.8,3081.3,2592.5,509.7,LLG,3,3,0
0.2,95.5,-95.1,5251.6,5403.0,4946.3,LLLG,5,5,1
-16.4,2838.0,-9524.9,2023.0,2008.1,526.5,LL,2,2,0
-9.0,2872.3,-9555.7,2064.5,1909.5,485.0,LL,2,2,0
-2.2,9536.0,-9486.8,526.0,502.3,511.8,NO,0,0,0
-3.6,479.0,-473.1,4070.3,3969.4,4089.7,LLL,4,4,1
33.4,9495.4,-9589.9,537.3,494.5,505.9,NO,0,0,0
-4.0,957.8,-9545.8,3014.8,2478.2,502.9,LLG,3,3,0
25.1,2853.6,-9638.1,1943.7,2031.8,530.6,LL,2,2,0
4.9,9561.8,-9554.9,2490.7,507.8,505.7,LG,1,1,0
5.7,9620.7,-9464.7,460.0,487.5,511.9,NO,0,0,0
5.6,2861.4,-9568.4,1939.9,1900.0,517.1,LL,2,2,0
-37.0,9570.5,-9623.2,532.3,512.6,467.0,NO,0,0,0
0.2,472.9,-473.0,3980.4,4094.3,4043.9,LLL,4,4,1
8.7,9548.8,-9562.6,2507.3,490.4,511.9,LG,1,1,0
-40.0,9562.0,-9499.1,488.9,508.3,503.2,NO,0,0,0
-0.4,473.1,-480.2,3958.8,4143.0,4011.9,LLL,4,4,1
-4.5,9505.8,-9532.0,2644.2,525.9,516.4,LG,1,1,0
1.5,959.2,-9569.1,3011.5,2503.3,482.7,LLG,3,3,0
-15.5,2867.2,-9618.9,2049.0,2089.3,468.4,LL,2,2,0
0.5,96.0,-95.3,5130.6,5143.4,4908.2,LLLG,5,5,1
-72.9,9459.5,-9473.8,514.0,469.5,497.9,NO,0,0,0
21.7,9485.7,-9496.6,521.8,503.3,514.1,NO,0,0,0
-94.8,9510.4,-9617.4,471.1,475.9,494.0,NO,0,0,0
-1.9,2879.1,-9548.4,2038.0,1872.2,503.1,LL,2,2,0
0.1,95.5,-94.3,4905.6,5098.9,5342.6,LLLG,5,5,1
-55.1,9506.5,-9501.2,520.7,494.1,510.6,NO,0,0,0
-1.3,9541.9,-9461.6,2515.6,515.0,520.1,LG,1,1,0
0.1,2831.3,-9487.6,1879.6,1954.3,519.1,LL,2,2,0
5.2,476.2,-475.5,4301.5,4003.4,3887.3,LLL,4,4,1
56.9,9584.1,-9591.8,483.8,487.4,503.5,NO,0,0,0
-52.1,9500.1,-9584.8,496.4,483.1,513.6,NO,0,0,0
1.0,958.3,-9460.5,3108.1,2415.3,526.7,LLG,3,3,0
2.8,953.3,-9486.9,2959.4,2306.5,523.9,LLG,3,3,0
-0.7,94.9,-95.8,5230.4,4868.8,4926.0,LLLG,5,5,1
-0.1,475.4,-475.7,3605.8,3994.2,3704.3,LLL,4,4,1
-0.4,476.3,-471.9,4023.4,3881.7,4312.6,LLL,4,4,1
-4.1,9488.5,-9625.9,2519.8,506.8,523.2,LG,1,1,0
-0.1,9538.6,-9553.9,2628.2,533.4,490.1,LG,1,1,0
3.3,469.0,-479.1,4206.9,3968.3,3918.6,LLL,4,4,1
-3.2,2862.1,-9473.7,2098.3,2038.8,488.4,LL,2,2,0
8.1,2881.1,-9569.5,2025.8,1990.7,499.1,LL,2,2,0
-3.2,2851.8,-9451.8,1906.1,1910.1,509.0,LL,2,2,0
0.6,477.0,-477.6,4093.8,4229.6,3982.9,LLL,4,4,1
13.3,9583.4,-9484.9,524.6,439.7,543.6,NO,0,0,0
-1.1,9560.9,-9518.3,488.7,476.9,528.7,NO,0,0,0
-2.2,478.2,-475.1,4184.7,4034.5,4087.7,LLL,4,4,1
1.2,943.9,-9540.1,3014.0,2457.0,499.8,LLG,3,3,0
-20.1,2872.5,-9498.4,1971.1,2049.6,490.4,LL,2,2,0
2.9,948.2,-9518.7,2959.5,2452.9,484.2,LLG,3,3,0
-3.6,941.8,-9549.1,2683.5,2400.6,500.1,LLG,3,3,0
-1.4,9481.3,-9535.5,2461.7,457.7,493.9,LG,1,1,0
18.0,9547.7,-9553.2,476.8,500.1,508.1,NO,0,0,0
-0.5,9521.7,-9475.0,488.5,510.7,499.3,NO,0,0,0
6.0,9482.0,-9541.3,2534.0,486.4,531.8,LG,1,1,0
-8.1,952.8,-9574.7,2985.9,2377.1,526.4,LLG,3,3,0
-0.1,95.2,-94.6,4790.2,4938.8,4912.6,LLLG,5,5,1
-6.3,2846.8,-9473.0,2020.2,2122.7,481.2,LL,2,2,0
-23.6,9609.8,-9584.2,505.3,546.8,521.5,NO,0,0,0
74.4,9541.9,-9588.4,501.3,503.9,518.9,NO,0,0,0
90.7,9515.2,-9479.1,503.7,499.5,508.0,NO,0,0,0
-0.5,475.0,-480.5,4145.0,3809.6,4007.0,LLL,4,4,1
-85.0,9543.4,-9502.5,478.1,521.5,514.3,NO,0,0,0
-0.1,477.1,-474.7,4101.5,3994.0,3950.5,LLL,4,4,1
-1.3,954.5,-9484.5,3059.9,2310.3,499.2,LLG,3,3,0
27.3,9518.1,-9522.0,504.6,518.2,519.6,NO,0,0,0
8.9,9576.7,-9532.9,2629.3,524.0,473.1,LG,1,1,0
43.5,9471.9,-9601.8,502.8,495.5,497.7,NO,0,0,0
-12.2,954.2,-9501.3,3042.1,2433.4,529.8,LLG,3,3,0
51.9,9481.1,-9569.6,497.3,495.7,507.8,NO,0,0,0
-0.9,479.2,-475.0,4059.4,4208.4,4171.7,LLL,4,4,1
6.2,473.7,-477.0,4124.2,4103.9,4205.5,LLL,4,4,1
-0.5,951.0,-9529.1,2885.9,2656.9,490.3,LLG,3,3,0
0.6,94.8,-94.8,4831.5,5050.3,5045.7,LLLG,5,5,1
-0.1,477.6,-478.7,4009.4,3925.9,3713.6,LLL,4,4,1
77.7,9569.3,-9567.8,507.2,483.8,534.1,NO,0,0,0
-2.8,469.6,-472.9,3911.2,4187.5,4023.5,LLL,4,4,1
-4.6,2828.2,-9440.7,1990.6,1967.1,504.8,LL,2,2,0
-1.6,481.1,-471.0,4249.6,4119.5,3857.0,LLL,4,4,1
-2.2,478.2,-479.0,3991.4,3912.4,3949.2,LLL,4,4,1
0.5,94.5,-96.2,4570.9,4914.0,4525.8,LLLG,5,5,1
-68.3,9519.6,-9478.5,504.2,493.9,519.0,NO,0,0,0
1.3,472.6,-476.2,4203.1,3928.1,3867.6,LLL,4,4,1
-36.6,9539.9,-9559.1,475.0,467.9,541.8,NO,0,0,0
9.0,2878.2,-9590.0,1994.9,1912.0,479.1,LL,2,2,0
-22.1,2848.0,-9599.6,2018.9,2048.0,512.6,LL,2,2,0
1.6,949.6,-9638.5,3067.8,2556.8,495.2,LLG,3,3,0
-90.4,9502.8,-9539.2,494.1,494.5,531.5,NO,0,0,0
2.4,954.9,-9481.4,3133.1,2388.8,503.8,LLG,3,3,0
-8.8,2866.9,-9622.6,1964.5,1950.8,499.7,LL,2,2,0
-4.0,955.5,-9394.0,2977.1,2613.8,470.3,LLG,3,3,0
-1.9,476.5,-478.6,3669.9,3963.1,3949.6,LLL,4,4,1
-62.1,9472.0,-9511.4,504.9,495.1,518.2,NO,0,0,0
-0.2,94.9,-95.2,5377.8,4744.7,4710.8,LLLG,5,5,1
-2.4,479.3,-478.3,4168.8,3942.1,3927.8,LLL,4,4,1
-2.7,945.7,-9444.5,2819.0,2622.1,488.7,LLG,3,3,0
-3.9,9435.2,-9508.3,2550.0,481.6,511.9,LG,1,1,0
1.3,481.2,-476.4,3831.8,4091.1,4149.7,LLL,4,4,1
-2.7,474.6,-477.1,4156.1,4102.0,3963.6,LLL,4,4,1
52.0,9623.3,-9441.4,472.4,526.1,525.8,NO,0,0,0
45.7,9588.9,-9490.2,508.9,493.6,502.0,NO,0,0,0
11.5,2871.0,-9449.2,2090.1,2110.9,507.8,LL,2,2,0
0.6,474.9,-477.6,3604.6,3967.9,4263.0,LLL,4,4,1
1.5,476.1,-476.5,3835.8,4191.2,4017.1,LLL,4,4,1
1.8,9556.4,-9513.6,2418.1,489.0,489.6,LG,1,1,0
-65.9,9556.5,-9494.3,510.5,494.2,495.1,NO,0,0,0
-2.6,9569.9,-9548.8,501.1,503.2,499.6,NO,0,0,0
0.7,95.2,-96.8,4718.2,4886.2,5365.5,LLLG,5,5,1
2.4,9523.0,-9520.1,463.8,511.9,507.8,NO,0,0,0
1.2,479.2,-475.9,3730.9,4308.7,4093.6,LLL,4,4,1
11.0,9506.5,-9485.7,2460.0,484.6,529.9,LG,1,1,0
-75.3,9521.6,-9529.9,501.6,472.4,539.7,NO,0,0,0
3.2,2863.3,-9521.8,2104.8,2016.1,481.4,LL,2,2,0
0.6,474.8,-475.9,4082.1,3952.4,3784.0,LLL,4,4,1
-8.9,9501.9,-9545.3,509.1,513.7,448.5,NO,0,0,0
42.0,2862.1,-9569.6,2062.6,2047.1,490.0,LL,2,2,0
-4.7,2848.5,-9434.4,2022.5,2059.4,485.2,LL,2,2,0
0.4,95.6,-95.0,5198.1,5029.0,4882.3,LLLG,5,5,1
11.1,948.1,-9537.7,2963.0,2504.3,478.5,LLG,3,3,0
-1.3,477.4,-470.0,3730.6,3831.4,3861.7,LLL,4,4,1
-0.5,474.7,-475.1,4047.6,4060.6,4043.6,LLL,4,4,1
0.1,472.6,-474.3,4026.8,4072.3,4126.9,LLL,4,4,1
-73.8,9607.5,-9539.8,462.0,485.6,503.5,NO,0,0,0
-2.7,474.6,-475.6,4077.4,3903.3,3951.0,LLL,4,4,1
4.3,9576.1,-9527.8,2460.8,519.5,537.4,LG,1,1,0
1.1,473.1,-478.0,4029.3,3903.9,4280.2,LLL,4,4,1
8.2,939.1,-9502.0,2911.9,2392.1,467.0,LLG,3,3,0
-0.6,9595.7,-9503.0,521.7,512.5,476.1,NO,0,0,0
4.9,953.2,-9573.2,3068.5,2559.9,489.6,LLG,3,3,0
-9.6,2859.7,-9520.5,1879.0,2031.9,537.6,LL,2,2,0
-12.4,9538.5,-9602.7,497.1,498.8,516.0,NO,0,0,0
0.8,478.2,-476.8,4048.8,3936.5,3872.4,LLL,4,4,1
18.4,9606.3,-9513.8,510.2,471.4,522.7,NO,0,0,0
79.6,9633.8,-9556.4,506.5,481.9,475.6,NO,0,0,0
13.6,2816.3,-9541.4,1960.4,2042.3,466.4,LL,2,2,0
-0.9,95.3,-95.3,5301.8,4670.4,5069.5,LLLG,5,5,1
-3.6,940.6,-9494.1,2919.5,2478.2,479.9,LLG,3,3,0
-1.9,9476.4,-9467.7,2403.9,512.8,514.5,LG,1,1,0
-25.0,2858.5,-9518.9,2092.5,2043.6,522.3,LL,2,2,0
-1.1,953.6,-9450.8,3005.6,2551.9,483.0,LLG,3,3,0
0.9,470.9,-476.6,4066.5,4229.0,3873.1,LLL,4,4,1
49.2,9473.5,-9526.6,484.4,485.9,519.6,NO,0,0,0
161.0,9487.5,-9485.0,493.7,513.1,499.5,NO,0,0,0
1.7,954.8,-9492.2,3108.2,2501.3,491.9,LLG,3,3,0
-1.1,958.2,-9536.8,2790.1,2366.5,503.7,LLG,3,3,0
79.6,9574.4,-9572.8,493.8,478.2,511.0,NO,0,0,0
2.1,476.1,-477.1,4128.2,3887.4,3936.0,LLL,4,4,1
52.3,9585.1,-9463.4,511.1,530.9,522.9,NO,0,0,0
-13.0,9574.8,-9517.2,2501.7,501.7,545.2,LG,1,1,0
5.2,478.5,-475.0,3826.7,4104.6,4005.5,LLL,4,4,1
0.6,95.4,-95.5,4914.9,4926.8,5071.9,LLLG,5,5,1
-2.5,478.2,-472.0,3971.7,3873.3,4295.5,LLL,4,4,1
7.0,475.3,-479.4,4070.2,4060.7,3710.5,LLL,4,4,1
50.0,9585.8,-9524.8,453.3,495.9,482.7,NO,0,0,0
-43.8,9478.2,-9515.3,497.6,528.3,550.4,NO,0,0,0
0.7,96.0,-95.7,4909.8,5081.2,4736.5,LLLG,5,5,1
31.1,2855.2,-9509.6,1998.5,1914.0,531.8,LL,2,2,0
-0.9,94.3,-96.7,5026.2,5242.3,4836.3,LLLG,5,5,1
-1.1,9571.7,-9443.9,479.7,510.8,471.3,NO,0,0,0
12.4,9481.7,-9500.1,501.9,485.5,494.2,NO,0,0,0
2.4,476.4,-474.3,3870.6,3814.2,3799.8,LLL,4,4,1
0.2,95.6,-95.0,4682.9,4867.5,4707.8,LLLG,5,5,1
-14.0,2855.2,-9517.2,2035.1,1850.9,511.2,LL,2,2,0
3.5,2863.3,-9505.4,1872.9,1935.6,496.8,LL,2,2,0
-1.1,477.2,-477.2,3880.8,4245.1,4049.9,LLL,4,4,1
0.6,472.7,-474.9,4248.8,3814.3,3858.5,LLL,4,4,1
-2.1,948.2,-9550.1,3109.0,2410.1,492.0,LLG,3,3,0
1.9,475.6,-477.2,3980.7,4179.8,3747.0,LLL,4,4,1
36.4,9476.1,-9587.8,518.8,490.0,474.3,NO,0,0,0
-47.2,9579.8,-9499.4,541.6,517.8,500.7,NO,0,0,0
19.8,9523.8,-9533.3,536.4,483.6,503.0,NO,0,0,0
22.5,2860.3,-9583.3,1700.3,2143.6,503.2,LL,2,2,0
0.9,2861.5,-9515.6,1921.2,1911.7,507.2,LL,2,2,0
-48.6,9522.9,-9508.4,500.9,460.6,473.0,NO,0,0,0
-6.0,9465.9,-9496.4,540.9,521.8,478.9,NO,0,0,0
-72.1,9462.0,-9502.7,521.2,525.9,482.1,NO,0,0,0
-0.3,95.2,-95.5,4860.1,4845.7,5140.3,LLLG,5,5,1
-0.8,477.8,-473.7,4065.0,3811.7,4354.0,LLL,4,4,1
22.8,9450.8,-9522.0,497.4,505.2,487.7,NO,0,0,0
6.9,949.8,-9547.4,3100.3,2495.7,519.3,LLG,3,3,0
-89.5,9537.4,-9547.1,492.2,501.0,529.6,NO,0,0,0
4.3,947.5,-9562.5,2975.1,2594.5,512.4,LLG,3,3,0
-75.2,9558.0,-9557.5,483.8,484.4,498.0,NO,0,0,0
13.0,9431.1,-9564.4,491.8,525.2,503.1,NO,0,0,0
51.7,9529.3,-9517.3,491.7,495.8,530.9,NO,0,0,0
-41.0,9510.3,-9618.4,502.5,464.6,509.2,NO,0,0,0
-32.0,9541.0,-9457.7,493.5,534.5,499.4,NO,0,0,0
-8.2,9506.0,-9620.1,514.3,517.1,487.3,NO,0,0,0
1.2,478.1,-478.0,4058.4,4215.6,3997.8,LLL,4,4,1
19.8,2880.7,-9582.6,2108.8,1982.7,475.0,LL,2,2,0
-0.2,943.1,-9453.2,3057.1,2573.8,507.4,LLG,3,3,0
-27.1,9554.7,-9539.1,474.5,505.3,518.4,NO,0,0,0
-38.0,9598.3,-9474.9,470.3,515.9,477.9,NO,0,0,0
-0.2,95.4,-94.8,5369.8,4891.5,5094.4,LLLG,5,5,1
-0.8,2847.5,-9434.5,1927.0,2065.4,517.4,LL,2,2,0
0.5,95.4,-94.7,5197.9,5053.7,4761.0,LLLG,5,5,1
-1.0,470.4,-475.2,4060.3,4172.5,3861.2,LLL,4,4,1
3.4,479.9,-475.7,3988.7,3807.0,3900.5,LLL,4,4,1
-63.0,9541.1,-9488.6,506.5,497.0,525.5,NO,0,0,0
-4.5,477.9,-480.6,4103.0,4042.6,3806.3,LLL,4,4,1
-2.1,9586.9,-9528.2,2312.9,506.4,484.7,LG,1,1,0
-0.6,480.2,-479.5,4190.9,4126.8,3753.8,LLL,4,4,1
27.6,9476.6,-9554.4,498.3,499.2,496.9,NO,0,0,0
-0.8,9572.6,-9585.0,2615.3,472.9,475.6,LG,1,1,0
-4.7,477.6,-473.6,4120.8,4050.5,4081.9,LLL,4,4,1
78.8,9482.5,-9452.8,468.2,480.5,519.8,NO,0,0,0
3.7,9509.0,-9535.5,2505.3,508.2,530.1,LG,1,1,0
6.6,2869.3,-9603.5,2068.4,1955.5,521.1,LL,2,2,0
73.4,9568.7,-9542.8,491.3,488.7,513.9,NO,0,0,0
-43.9,9485.0,-9580.1,548.3,485.5,512.6,NO,0,0,0
-2.1,473.7,-476.4,3765.0,3967.5,3980.1,LLL,4,4,1
7.2,954.3,-9442.1,3217.6,2581.2,515.6,LLG,3,3,0
-1.7,473.4,-478.1,4063.8,3927.9,3752.7,LLL,4,4,1
63.7,9525.3,-9508.9,498.1,512.5,524.4,NO,0,0,0
109.8,9575.0,-9406.2,531.2,535.6,511.5,NO,0,0,0
-5.1,947.7,-9445.7,2986.5,2579.8,549.7,LLG,3,3,0
0.2,479.2,-475.5,3769.6,4051.8,3941.3,LLL,4,4,1
-1.0,9519.0,-9521.1,2487.8,488.7,486.7,LG,1,1,0
0.4,9521.3,-9568.6,2564.3,497.5,495.6,LG,1,1,0
4.2,951.0,-9602.9,2918.8,2360.6,527.6,LLG,3,3,0
-22.7,9448.9,-9606.5,492.8,491.6,540.0,NO,0,0,0
-43.3,9655.0,-9618.3,474.5,506.7,506.8,NO,0,0,0
-14.6,2845.8,-9578.7,2216.4,2115.5,512.0,LL,2,2,0
-0.6,95.7,-95.6,5355.4,4791.1,4984.4,LLLG,5,5,1
0.7,95.6,-95.2,4818.5,5358.5,4996.6,LLLG,5,5,1
0.3,473.4,-474.9,3918.4,3850.6,3981.3,LLL,4,4,1
6.3,949.6,-9536.5,2785.6,2609.0,514.8,LLG,3,3,0
-8.3,9576.9,-9443.3,474.5,468.6,504.5,NO,0,0,0
22.4,2869.3,-9556.8,1976.3,2022.0,509.7,LL,2,2,0
0.1,94.2,-94.8,4830.8,5284.5,4709.6,LLLG,5,5,1
12.2,2856.7,-9542.8,2002.2,1980.4,518.4,LL,2,2,0
-8.3,2892.4,-9549.7,1982.0,2079.8,499.5,LL,2,2,0
-2.5,481.7,-473.8,3926.6,3939.6,4238.0,LLL,4,4,1
87.9,9504.3,-9528.8,504.9,504.7,526.7,NO,0,0,0
-9.0,2840.5,-9513.7,2121.3,1862.4,505.2,LL,2,2,0
-15.3,2830.0,-9500.6,2060.0,1973.2,479.7,LL,2,2,0
3.5,476.3,-478.0,3879.2,3913.1,3894.3,LLL,4,4,1
-2.0,9472.0,-9544.3,2488.9,500.6,506.5,LG,1,1,0
7.3,2867.6,-9452.5,2008.1,2001.5,489.6,LL,2,2,0
2.4,946.6,-9537.3,2952.4,2520.1,514.7,LLG,3,3,0
0.8,9600.5,-9636.3,2500.9,477.3,494.0,LG,1,1,0
-1.0,95.6,-95.1,4867.7,4919.2,4815.3,LLLG,5,5,1
14.2,9448.7,-9507.2,491.4,484.3,474.3,NO,0,0,0
-6.9,954.2,-9512.2,3069.6,2542.0,503.8,LLG,3,3,0
-0.9,474.9,-481.0,3668.6,3993.1,3855.3,LLL,4,4,1
-0.2,95.1,-95.0,5063.9,5290.8,5004.3,LLLG,5,5,1
-1.5,95.0,-95.4,5025.4,4697.6,5165.5,LLLG,5,5,1
-1.1,954.0,-9562.7,2882.4,2356.5,480.4,LLG,3,3,0
-7.7,9509.0,-9501.7,523.0,519.0,546.5,NO,0,0,0
2.8,477.9,-479.5,3832.2,4072.3,3847.9,LLL,4,4,1
0.3,94.9,-95.9,5017.7,4964.1,4894.1,LLLG,5,5,1
-13.7,9544.7,-9504.5,452.0,481.7,491.5,NO,0,0,0
-7.4,9457.5,-9545.2,2586.2,486.7,520.0,LG,1,1,0
-39.2,9598.2,-9549.7,492.2,485.6,537.4,NO,0,0,0
29.7,9497.6,-9485.1,512.8,464.3,536.3,NO,0,0,0
13.5,9671.5,-9515.3,503.7,492.2,498.7,NO,0,0,0
11.5,9530.9,-9445.8,505.8,485.7,513.2,NO,0,0,0
52.1,9508.0,-9577.4,502.7,474.0,501.4,NO,0,0,0
24.4,9524.3,-9468.4,501.5,499.1,517.5,NO,0,0,0
-53.4,9498.0,-9486.9,486.0,508.4,487.4,NO,0,0,0
-4.1,9507.8,-9525.0,499.6,463.1,492.3,NO,0,0,0
5.6,957.3,-9500.7,2985.8,2475.3,497.7,LLG,3,3,0
67.3,9468.5,-9462.5,488.5,499.7,466.9,NO,0,0,0
-31.1,2853.1,-9497.8,1947.0,1921.5,514.3,LL,2,2,0
3.6,471.5,-474.0,3826.7,3992.2,3675.6,LLL,4,4,1
-15.0,2852.8,-9504.1,1920.5,1978.2,492.7,LL,2,2,0
-31.5,9608.0,-9599.7,510.3,500.7,493.2,NO,0,0,0
-5.2,472.0,-476.4,4358.4,3708.9,3958.3,LLL,4,4,1
-0.1,95.2,-94.6,5100.0,4704.4,4793.0,LLLG,5,5,1
-6.0,955.4,-9530.6,3018.6,2602.4,524.0,LLG,3,3,0
-6.7,2860.3,-9566.4,2067.3,1950.1,557.1,LL,2,2,0
-7.1,2874.8,-9576.3,2040.2,1953.6,514.0,LL,2,2,0
-51.3,9529.8,-9435.7,470.2,496.0,508.2,NO,0,0,0
-11.4,9461.9,-9473.1,507.3,489.9,478.7,NO,0,0,0
1.6,477.0,-477.8,3811.1,3908.5,3692.4,LLL,4,4,1
2.9,947.8,-9585.4,2956.7,2595.1,516.0,LLG,3,3,0
-1.6,9570.3,-9461.9,2597.9,532.3,463.3,LG,1,1,0
-1.2,477.6,-480.0,4009.7,4137.8,4060.4,LLL,4,4,1
0.0,95.4,-95.0,4956.8,4938.4,4847.4,LLLG,5,5,1
2.0,9525.2,-9506.1,2428.2,497.3,548.1,LG,1,1,0
-13.1,2870.5,-9550.7,1984.7,1973.3,531.6,LL,2,2,0
24.6,2825.2,-9509.4,2128.6,1936.8,507.1,LL,2,2,0
-12.4,2841.3,-9556.4,1933.9,1841.8,490.0,LL,2,2,0
0.4,95.9,-95.7,4972.1,4991.0,4877.6,LLLG,5,5,1
11.1,2866.7,-9512.2,2002.6,1982.9,488.4,LL,2,2,0
46.9,9439.0,-9562.5,497.8,507.6,512.0,NO,0,0,0
5.3,479.6,-477.1,4183.3,4110.5,4300.2,LLL,4,4,1
1.0,951.9,-9548.7,2952.2,2516.1,496.7,LLG,3,3,0
4.2,476.0,-473.7,4128.0,4074.5,4161.6,LLL,4,4,1
-74.4,9573.6,-9470.2,477.4,521.6,512.0,NO,0,0,0
2.7,474.9,-477.7,4203.4,3803.6,3853.8,LLL,4,4,1
3.4,9509.7,-9500.1,472.5,471.6,510.8,NO,0,0,0
-26.1,9562.3,-9485.3,508.9,478.1,497.6,NO,0,0,0
-18.1,2862.4,-9527.2,2200.6,2189.8,488.0,LL,2,2,0
-2.6,948.7,-9509.5,3002.5,2648.0,470.1,LLG,3,3,0
-46.4,9545.4,-9563.8,513.9,488.9,532.6,NO,0,0,0
-26.7,9497.1,-9472.8,502.2,509.0,508.4,NO,0,0,0
6.0,2848.6,-9485.4,1929.7,2055.7,482.0,LL,2,2,0
-0.9,474.0,-474.4,3865.5,3925.5,4057.5,LLL,4,4,1
-69.5,9530.1,-9498.2,500.3,488.7,501.1,NO,0,0,0
-84.0,9545.1,-9572.1,487.1,507.2,511.1,NO,0,0,0
-6.0,951.0,-9474.0,3006.8,2502.8,507.6,LLG,3,3,0
0.3,954.6,-9639.2,2930.1,2363.9,528.3,LLG,3,3,0
32.0,9575.6,-9515.0,509.4,516.4,495.6,NO,0,0,0
-17.9,9602.2,-9537.4,532.7,455.0,478.8,NO,0,0,0
-11.2,2854.5,-9537.4,1900.4,1925.7,515.3,LL,2,2,0
-104.8,9666.7,-9556.8,522.2,473.3,482.7,NO,0,0,0
2.0,477.7,-479.6,3771.5,4131.9,4304.9,LLL,4,4,1
1.7,475.8,-476.6,4171.6,4186.5,4148.0,LLL,4,4,1
-50.5,9467.6,-9520.8,535.8,491.4,499.3,NO,0,0,0
5.2,9540.9,-9528.5,2371.9,480.8,521.2,LG,1,1,0
-3.7,478.5,-475.9,3988.7,3924.0,4039.2,LLL,4,4,1
0.3,475.6,-477.1,3807.7,4031.3,3969.9,LLL,4,4,1
-4.5,477.2,-477.3,4222.5,4126.4,4003.2,LLL,4,4,1
3.7,474.5,-476.2,3952.4,4062.8,4083.0,LLL,4,4,1
15.5,9508.6,-9523.1,517.3,475.0,472.6,NO,0,0,0
0.4,95.8,-94.9,5054.3,4924.8,4895.5,LLLG,5,5,1
1.7,477.1,-473.5,3800.8,4218.5,4361.5,LLL,4,4,1
-8.1,948.1,-9455.7,3116.4,2367.8,478.1,LLG,3,3,0
71.1,9565.6,-9413.8,502.6,521.5,462.7,NO,0,0,0
1.6,473.6,-476.6,3997.8,3765.9,4255.7,LLL,4,4,1
-3.0,2864.2,-9457.9,2060.0,1839.0,495.9,LL,2,2,0
-93.5,9517.3,-9482.4,485.9,476.0,506.2,NO,0,0,0
0.5,95.2,-95.8,4729.0,5328.1,5406.8,LLLG,5,5,1
-5.0,477.3,-477.7,4014.1,4059.4,3982.2,LLL,4,4,1
12.0,9536.2,-9414.3,491.7,511.5,476.5,NO,0,0,0
0.5,474.7,-482.3,4184.9,4194.3,3869.8,LLL,4,4,1
-41.3,9509.2,-9585.6,451.9,499.3,475.3,NO,0,0,0
-74.6,9532.9,-9510.8,522.9,499.1,502.3,NO,0,0,0
-1.1,957.0,-9506.7,3105.2,2393.4,483.0,LLG,3,3,0
1.2,95.4,-95.5,5335.4,4832.8,5431.6,LLLG,5,5,1
-0.1,95.3,-95.8,4851.2,5160.6,4932.4,LLLG,5,5,1
1.9,955.1,-9586.4,3027.6,2491.9,496.2,LLG,3,3,0
-0.2,96.3,-94.6,4910.0,4970.2,4786.4,LLLG,5,5,1
3.5,2858.5,-9559.6,2036.9,2026.3,541.8,LL,2,2,0
-70.0,9490.5,-9584.9,497.7,501.0,521.8,NO,0,0,0
6.3,9542.3,-9468.8,520.8,502.4,487.3,NO,0,0,0
-3.9,483.2,-479.5,3797.6,3825.5,3686.2,LLL,4,4,1
1.6,961.0,-9499.6,2911.4,2584.2,481.0,LLG,3,3,0
4.3,952.0,-9527.9,3032.1,2545.2,488.0,LLG,3,3,0
32.1,2855.1,-9569.7,2024.2,1971.6,497.3,LL,2,2,0
32.2,9604.3,-9477.4,502.0,514.5,518.8,NO,0,0,0
2.7,476.4,-478.3,4110.6,4066.3,3959.4,LLL,4,4,1
-1.5,951.6,-9510.4,2934.2,2593.0,509.0,LLG,3,3,0
41.9,9630.9,-9462.7,495.1,507.1,480.3,NO,0,0,0
-2.8,961.4,-9524.4,2941.9,2480.4,505.0,LLG,3,3,0
-13.5,9586.8,-9551.1,2334.3,523.4,483.5,LG,1,1,0
15.0,2859.0,-9542.2,2135.3,2011.8,476.1,LL,2,2,0
-0.6,474.6,-473.6,3940.6,3725.1,3836.2,LLL,4,4,1
-32.7,9546.9,-9569.4,493.6,510.2,488.5,NO,0,0,0
18.1,9477.4,-9616.8,481.7,490.3,509.4,NO,0,0,0
-28.7,9534.4,-9565.4,498.9,534.9,488.3,NO,0,0,0
0.1,472.7,-477.4,3885.8,3669.7,3925.8,LLL,4,4,1
21.7,9504.9,-9511.4,493.3,492.4,472.6,NO,0,0,0
-7.5,2853.1,-9453.3,2082.6,2080.4,483.5,LL,2,2,0
-78.9,9465.8,-9581.1,502.5,488.4,482.7,NO,0,0,0
-1.6,956.0,-9551.1,2961.7,2509.0,520.2,LLG,3,3,0
-10.7,9603.3,-9512.8,523.3,506.8,482.3,NO,0,0,0
-23.6,2860.1,-9471.8,1938.5,2096.5,503.5,LL,2,2,0
7.2,2836.1,-9574.5,1966.6,1977.2,503.8,LL,2,2,0
0.4,95.0,-95.9,4901.5,5123.5,5039.7,LLLG,5,5,1
1.4,9584.4,-9471.2,2514.6,510.1,466.4,LG,1,1,0
-1.2,473.1,-477.8,3842.4,4170.1,3679.8,LLL,4,4,1
2.0,953.6,-9600.8,2877.1,2552.6,513.2,LLG,3,3,0
-8.0,9520.8,-9439.1,496.4,509.0,457.9,NO,0,0,0
53.2,9586.5,-9637.5,490.0,477.2,516.5,NO,0,0,0
13.5,2882.4,-9557.8,2026.8,2053.1,518.7,LL,2,2,0
-17.1,2873.8,-9631.7,2083.3,1967.5,492.8,LL,2,2,0
1.8,481.3,-477.4,3879.7,3813.1,4009.1,LLL,4,4,1
36.5,9526.7,-9541.8,505.0,490.9,494.0,NO,0,0,0
-1.6,475.4,-477.2,3845.3,4048.2,4219.4,LLL,4,4,1
-88.6,9500.4,-9551.6,513.7,520.4,478.7,NO,0,0,0
1.8,9560.6,-9491.5,2650.5,509.4,493.5,LG,1,1,0
-70.9,9583.8,-9530.7,496.0,513.1,519.2,NO,0,0,0
-0.9,478.6,-477.1,3942.5,3949.2,4064.7,LLL,4,4,1
-0.4,476.3,-482.3,4194.5,4034.2,4137.0,LLL,4,4,1
-21.1,9457.6,-9542.3,526.4,493.7,513.7,NO,0,0,0
-101.7,9495.4,-9538.2,505.0,502.7,476.2,NO,0,0,0
7.9,9456.0,-9605.3,508.7,486.5,477.0,NO,0,0,0
1.0,956.2,-9499.0,2914.6,2329.1,476.0,LLG,3,3,0
-2.0,480.8,-479.9,4270.5,3905.3,4113.1,LLL,4,4,1
-32.0,9507.8,-9579.9,492.6,499.8,496.2,NO,0,0,0
38.2,9608.4,-9584.2,491.3,483.0,483.6,NO,0,0,0
5.2,2865.3,-9531.4,1870.2,2085.4,513.5,LL,2,2,0
-1.3,2850.6,-9584.1,1925.5,2112.2,503.0,LL,2,2,0
5.0,9571.9,-9521.6,2693.7,517.0,468.4,LG,1,1,0
1.7,475.6,-476.6,3806.5,3986.9,4197.2,LLL,4,4,1
-0.7,958.3,-9492.5,3079.2,2387.7,532.2,LLG,3,3,0
-1.4,9421.7,-9523.8,2329.0,473.0,510.2,LG,1,1,0
1.0,476.0,-473.5,4085.5,3831.9,4170.2,LLL,4,4,1
0.3,94.9,-95.6,5196.1,5240.8,5069.2,LLLG,5,5,1
4.1,476.4,-476.1,4058.8,3954.0,3918.2,LLL,4,4,1
0.7,9535.3,-9601.0,2376.0,487.7,507.5,LG,1,1,0
3.9,473.3,-476.1,3795.2,4015.3,4020.2,LLL,4,4,1
-4.7,9506.1,-9483.3,2594.9,455.4,494.3,LG,1,1,0
2.1,952.1,-9569.3,3076.0,2355.9,563.0,LLG,3,3,0
2.2,2844.2,-9450.3,2056.9,1830.4,520.3,LL,2,2,0
73.6,9565.3,-9535.8,487.0,508.8,496.3,NO,0,0,0
1.5,2867.4,-9600.4,2036.9,2020.8,508.8,LL,2,2,0
3.2,945.7,-9446.3,2938.3,2585.2,494.8,LLG,3,3,0
-15.1,2842.6,-9556.8,2046.8,1950.2,506.6,LL,2,2,0
3.8,478.9,-476.4,4028.9,3750.2,4165.1,LLL,4,4,1
-28.6,9642.9,-9447.8,484.0,495.3,509.8,NO,0,0,0
0.3,9425.6,-9503.3,2459.5,494.1,459.0,LG,1,1,0
-11.8,2847.1,-9509.3,2045.7,2017.6,472.0,LL,2,2,0
1.0,946.2,-9455.0,3148.8,2496.9,504.9,LLG,3,3,0
-4.5,473.9,-479.5,4303.0,3920.0,3998.8,LLL,4,4,1
-9.4,2841.8,-9535.8,1729.3,1941.9,511.9,LL,2,2,0
0.3,950.4,-9523.4,2998.1,2602.8,507.8,LLG,3,3,0
1.3,478.2,-469.5,3972.5,3979.4,3882.4,LLL,4,4,1
-5.6,950.3,-9524.2,2916.6,2445.9,545.6,LLG,3,3,0
39.6,9615.2,-9504.0,499.2,541.4,504.7,NO,0,0,0
-5.1,477.6,-482.3,3902.4,4065.8,3703.7,LLL,4,4,1
-2.4,475.0,-477.0,3837.1,4021.0,3975.0,LLL,4,4,1
0.7,94.6,-96.0,4926.7,4987.7,4990.6,LLLG,5,5,1
6.2,9511.0,-9530.8,2516.0,487.9,489.3,LG,1,1,0
-8.3,2834.5,-9526.0,2107.0,1975.5,510.2,LL,2,2,0
-22.7,9489.5,-9519.7,477.2,497.6,487.1,NO,0,0,0
-5.3,9464.3,-9464.9,2429.8,492.1,461.3,LG,1,1,0
0.6,474.2,-479.2,3964.5,3805.8,3831.9,LLL,4,4,1
-4.2,9484.5,-9460.4,2463.8,482.9,488.3,LG,1,1,0
-1.1,472.8,-476.3,3871.0,4118.2,3950.4,LLL,4,4,1
99.8,9548.2,-9510.2,482.3,507.0,499.5,NO,0,0,0
33.5,9424.4,-9492.4,501.5,538.1,512.6,NO,0,0,0
6.2,9507.5,-9511.7,2452.2,524.8,525.8,LG,1,1,0
-7.3,2846.7,-9545.8,1944.9,1948.8,493.0,LL,2,2,0
2.7,2859.7,-9472.7,1960.1,1951.3,478.3,LL,2,2,0
4.6,9520.3,-9491.3,513.9,537.3,512.4,NO,0,0,0
0.7,476.8,-475.2,4147.8,4004.5,4234.0,LLL,4,4,1
17.7,2865.1,-9502.9,1938.6,1847.9,474.7,LL,2,2,0
-13.1,9524.0,-9534.9,2558.6,499.3,512.3,LG,1,1,0
36.1,9469.1,-9540.0,472.8,523.6,521.3,NO,0,0,0
-0.8,95.0,-95.6,4750.6,4834.3,4740.0,LLLG,5,5,1
1.8,477.8,-481.6,4137.0,3742.3,4015.1,LLL,4,4,1
-14.8,2849.6,-9453.1,1927.1,2148.1,502.6,LL,2,2,0
-1.0,95.6,-94.9,4909.8,5046.5,5195.1,LLLG,5,5,1
-3.7,9517.4,-9578.8,2547.7,525.0,498.7,LG,1,1,0
9.5,2861.7,-9473.5,1967.1,2001.2,494.8,LL,2,2,0
0.8,95.6,-95.2,5161.4,5048.7,4679.0,LLLG,5,5,1
-13.7,9557.5,-9484.3,487.2,485.4,478.5,NO,0,0,0
30.0,2872.6,-9568.3,2142.4,2100.6,501.8,LL,2,2,0
-108.8,9593.3,-9555.3,506.5,469.5,458.3,NO,0,0,0
-0.9,94.9,-94.9,4641.6,4962.1,5051.7,LLLG,5,5,1
3.7,9595.0,-9469.1,524.0,515.1,509.6,NO,0,0,0
-6.9,9425.7,-9539.7,467.1,486.6,524.8,NO,0,0,0
-21.2,9592.1,-9522.8,492.1,509.9,524.6,NO,0,0,0
-0.7,472.7,-476.7,4035.1,3934.9,3776.5,LLL,4,4,1
1.2,476.5,-476.9,3863.4,3757.4,4121.6,LLL,4,4,1
3.9,477.7,-469.2,3743.0,4145.0,3810.4,LLL,4,4,1
-3.3,9459.7,-9612.6,512.8,489.0,436.0,NO,0,0,0
-56.7,9553.1,-9478.8,469.0,498.8,497.1,NO,0,0,0
-0.6,9552.4,-9479.0,2369.8,512.7,461.1,LG,1,1,0
-3.3,945.1,-9617.0,3129.5,2427.7,511.6,LLG,3,3,0
-3.3,947.1,-9533.5,2945.4,2384.1,504.6,LLG,3,3,0
0.1,96.1,-95.5,5491.7,5185.6,5182.2,LLLG,5,5,1
1.4,478.7,-472.4,4022.6,3755.0,3875.4,LLL,4,4,1
-0.2,95.1,-95.7,4911.8,5120.9,5044.0,LLLG,5,5,1
72.9,9513.5,-9556.9,508.9,458.9,500.6,NO,0,0,0
-5.6,9485.4,-9555.8,2507.2,509.7,489.4,LG,1,1,0
1.6,9556.4,-9506.1,2541.5,527.2,510.3,LG,1,1,0
2.4,472.7,-481.6,4011.8,4407.8,3860.3,LLL,4,4,1
4.4,951.9,-9491.2,2767.7,2633.4,470.2,LLG,3,3,0
0.3,478.5,-476.6,3918.9,4279.9,3924.0,LLL,4,4,1
8.1,9470.8,-9645.5,2660.2,503.9,504.6,LG,1,1,0
16.5,9626.7,-9519.5,487.0,513.9,510.6,NO,0,0,0
1.9,945.0,-9563.6,2790.6,2569.8,512.1,LLG,3,3,0
-28.8,2879.5,-9515.8,2057.2,2100.2,488.7,LL,2,2,0
-1.4,9534.5,-9469.9,2574.4,486.7,499.2,LG,1,1,0
36.8,9495.6,-9534.4,503.5,505.4,512.7,NO,0,0,0
0.7,95.6,-95.2,4961.4,4908.4,4856.5,LLLG,5,5,1
-8.6,945.7,-9538.1,3126.3,2682.9,478.5,LLG,3,3,0
-4.1,477.1,-474.2,3946.4,3992.4,4048.9,LLL,4,4,1
1.3,2829.3,-9536.9,1953.4,2010.5,487.2,LL,2,2,0
-0.1,95.7,-95.2,5004.2,5047.0,4779.1,LLLG,5,5,1
4.5,472.9,-479.6,4076.0,4079.6,3970.3,LLL,4,4,1
-12.7,2888.2,-9568.0,2038.3,1907.8,502.0,LL,2,2,0
1.0,474.3,-478.5,4259.4,3750.4,4181.5,LLL,4,4,1
-3.4,949.9,-9586.0,3108.7,2467.6,491.6,LLG,3,3,0
5.3,951.8,-9520.3,3139.0,2528.1,480.1,LLG,3,3,0
-53.4,9492.5,-9518.1,494.0,500.6,520.6,NO,0,0,0
-39.0,9570.5,-9538.6,495.5,508.5,503.2,NO,0,0,0
15.0,9493.6,-9496.9,491.6,508.9,510.2,NO,0,0,0
34.7,9572.4,-9546.3,503.1,501.6,480.6,NO,0,0,0
-7.7,2871.8,-9526.0,2018.1,2140.7,479.7,LL,2,2,0
-4.2,956.8,-9555.6,3229.4,2666.6,523.4,LLG,3,3,0
-40.4,9586.7,-9562.0,502.4,505.4,492.9,NO,0,0,0
-0.4,475.0,-475.0,4319.7,3837.1,3848.3,LLL,4,4,1
7.1,9564.6,-9562.2,2550.8,506.6,493.6,LG,1,1,0
22.6,2852.8,-9476.5,2009.3,1908.2,501.5,LL,2,2,0
-4.1,949.9,-9517.4,3031.8,2690.9,511.9,LLG,3,3,0
29.0,9561.2,-9559.6,482.6,503.4,505.8,NO,0,0,0
10.8,2829.9,-9506.7,1978.5,2081.1,487.2,LL,2,2,0
-5.6,9524.7,-9527.7,527.8,492.0,527.6,NO,0,0,0
-16.4,9497.0,-9518.1,537.6,500.9,481.9,NO,0,0,0
11.5,2845.4,-9519.6,1876.5,1787.8,508.3,LL,2,2,0
-72.0,9477.2,-9544.2,478.9,528.4,486.5,NO,0,0,0
0.9,474.5,-476.9,4056.3,4224.4,4224.6,LLL,4,4,1
11.5,9471.2,-9513.8,2576.8,519.2,470.2,LG,1,1,0
-4.4,2860.2,-9526.6,2058.3,2030.5,479.0,LL,2,2,0
-0.0,96.2,-95.1,5395.5,4870.2,5040.9,LLLG,5,5,1
1.4,479.6,-475.6,3937.5,4138.6,4201.7,LLL,4,4,1
0.2,95.1,-95.0,5175.1,4695.7,4884.2,LLLG,5,5,1
-40.4,9458.3,-9564.0,493.1,515.8,497.7,NO,0,0,0
-30.8,2862.5,-9559.9,1888.7,1999.7,492.1,LL,2,2,0
66.1,9479.7,-9504.8,502.7,510.7,509.8,NO,0,0,0
-57.7,9578.7,-9677.3,510.5,478.8,546.9,NO,0,0,0
1.5,474.8,-476.8,3862.1,3950.8,3928.7,LLL,4,4,1
-8.7,957.5,-9576.4,2833.6,2537.1,529.9,LLG,3,3,0
-5.3,475.5,-474.1,4141.3,3882.6,3820.1,LLL,4,4,1
6.6,2872.3,-9462.7,1930.4,2156.8,485.8,LL,2,2,0
-0.2,956.1,-9549.1,2980.5,2543.0,468.3,LLG,3,3,0
0.5,96.0,-95.2,4845.3,5091.0,5177.1,LLLG,5,5,1
62.9,9518.2,-9496.3,510.4,486.3,482.1,NO,0,0,0
-9.3,9578.6,-9542.0,495.5,474.3,504.0,NO,0,0,0
-14.7,9590.8,-9530.5,518.2,483.2,522.0,NO,0,0,0
-2.8,9585.8,-9515.5,513.2,491.4,500.7,NO,0,0,0
1.2,473.7,-474.3,3927.8,3919.5,4065.0,LLL,4,4,1
13.2,2843.5,-9590.8,2001.1,1917.6,520.4,LL,2,2,0
-2.1,478.3,-473.8,3816.4,4143.4,4110.2,LLL,4,4,1
24.6,9505.5,-9555.9,483.0,494.3,494.7,NO,0,0,0
-8.3,946.5,-9525.0,3063.1,2369.7,531.5,LLG,3,3,0
2.7,964.1,-9531.6,3167.9,2429.7,499.2,LLG,3,3,0
-3.4,953.5,-9481.0,2898.5,2614.6,512.9,LLG,3,3,0
0.1,478.1,-477.5,3910.9,4069.7,3850.0,LLL,4,4,1
-3.6,476.2,-476.1,4002.8,4101.3,4160.5,LLL,4,4,1
22.4,2884.4,-9483.7,2014.5,2098.5,519.1,LL,2,2,0
-5.9,2878.6,-9545.4,2123.8,1991.3,492.2,LL,2,2,0
63.6,9526.7,-9524.4,492.7,491.8,525.7,NO,0,0,0
-2.6,477.9,-473.3,3857.0,4025.1,4236.7,LLL,4,4,1
2.2,959.5,-9636.1,2865.4,2376.3,531.1,LLG,3,3,0
5.0,9388.0,-9483.1,503.7,476.0,511.0,NO,0,0,0
1.7,2854.3,-9466.9,2076.0,1923.4,450.0,LL,2,2,0
0.8,95.3,-95.6,4853.1,5000.0,5024.9,LLLG,5,5,1
-5.5,955.6,-9534.0,3024.1,2498.1,485.8,LLG,3,3,0
19.5,9486.3,-9567.3,503.1,501.2,495.0,NO,0,0,0
-1.1,476.1,-477.2,4056.6,3897.8,4104.0,LLL,4,4,1
3.1,475.3,-476.9,3993.4,4081.8,3806.2,LLL,4,4,1
0.2,960.5,-9459.9,3121.7,2596.6,504.0,LLG,3,3,0
-2.1,2864.6,-9531.3,1986.1,2063.4,504.2,LL,2,2,0
31.9,9525.2,-9527.2,490.8,525.1,508.8,NO,0,0,0
-10.7,9589.0,-9565.1,2506.7,512.8,517.1,LG,1,1,0
2.8,9620.8,-9536.6,2549.6,498.4,509.5,LG,1,1,0
-2.7,9541.2,-9558.1,2495.9,510.1,506.7,LG,1,1,0
39.7,9520.6,-9523.2,502.0,491.9,470.7,NO,0,0,0
-54.8,9421.7,-9540.8,509.0,462.1,497.5,NO,0,0,0
-11.3,953.9,-9507.8,3193.9,2573.8,503.9,LLG,3,3,0
7.7,951.4,-9498.3,3217.6,2499.7,508.1,LLG,3,3,0
-46.9,9489.0,-9542.9,529.7,513.1,529.8,NO,0,0,0
-0.3,95.7,-95.6,4776.5,4946.3,4781.6,LLLG,5,5,1
1.6,9549.0,-9618.1,2524.3,490.1,481.2,LG,1,1,0
14.4,2859.2,-9479.4,1996.2,2004.2,496.5,LL,2,2,0
0.9,480.6,-478.3,3868.5,3992.3,4097.3,LLL,4,4,1
-6.0,2860.7,-9608.0,2031.5,1974.7,511.9,LL,2,2,0
-6.9,940.4,-9601.0,2870.0,2407.7,496.7,LLG,3,3,0
13.9,2837.3,-9484.4,2058.0,2021.4,510.3,LL,2,2,0
0.2,477.3,-475.5,4176.5,3930.5,4219.7,LLL,4,4,1
93.6,9526.5,-9507.7,490.1,499.6,488.2,NO,0,0,0
2.8,474.0,-476.0,4056.0,4015.9,4054.4,LLL,4,4,1
-0.2,477.9,-473.4,4110.1,3879.5,4192.7,LLL,4,4,1
0.3,471.9,-482.4,3804.8,4203.9,3934.2,LLL,4,4,1
21.3,9585.8,-9451.5,493.3,519.9,537.1,NO,0,0,0
11.7,2843.8,-9484.6,1971.9,2052.8,522.0,LL,2,2,0
-20.4,2856.9,-9581.4,2014.9,2063.9,462.5,LL,2,2,0
35.2,9573.4,-9451.6,498.3,499.3,489.0,NO,0,0,0
-84.7,9498.4,-9529.6,495.7,496.5,508.0,NO,0,0,0
-33.4,9551.6,-9633.1,491.3,515.5,496.3,NO,0,0,0
-3.7,948.2,-9479.2,3031.7,2580.6,463.9,LLG,3,3,0
-108.0,9501.7,-9531.2,502.5,477.2,488.4,NO,0,0,0
-0.0,95.0,-95.0,4808.4,5123.7,4845.1,LLLG,5,5,1
-5.0,9542.7,-9529.4,2417.8,516.7,512.5,LG,1,1,0
-4.9,956.5,-9554.2,3198.8,2653.9,512.5,LLG,3,3,0
-11.8,9587.8,-9592.7,490.6,483.0,489.8,NO,0,0,0
-18.2,2855.9,-9526.9,1920.8,2281.5,474.3,LL,2,2,0
-4.5,475.1,-475.1,3958.8,3907.5,4110.4,LLL,4,4,1
-1.1,476.6,-479.3,4082.5,4095.4,3880.8,LLL,4,4,1
2.7,477.3,-477.3,3939.3,3562.1,3807.4,LLL,4,4,1
-26.3,2851.2,-9566.3,2154.7,2065.5,486.4,LL,2,2,0
-2.9,479.7,-478.7,3892.8,3694.6,4174.5,LLL,4,4,1
-13.0,2850.3,-9561.9,2012.4,1920.8,575.6,LL,2,2,0
-1.0,477.8,-473.3,4271.1,4128.6,4025.5,LLL,4,4,1
0.2,94.8,-95.3,4872.5,4936.8,5196.1,LLLG,5,5,1
-25.7,9520.6,-9586.4,486.4,496.9,526.2,NO,0,0,0
0.2,95.6,-94.6,5034.5,4987.3,4806.9,LLLG,5,5,1
-2.4,477.4,-477.5,3907.9,3802.9,3784.0,LLL,4,4,1
-11.0,9484.2,-9560.7,470.1,513.8,483.4,NO,0,0,0
3.4,946.6,-9391.5,3294.9,2569.7,483.0,LLG,3,3,0
-24.7,9571.2,-9544.3,511.6,521.9,488.5,NO,0,0,0
-86.7,9535.3,-9507.5,505.8,502.4,470.1,NO,0,0,0
53.2,9531.8,-9562.2,497.3,483.4,506.2,NO,0,0,0
-5.4,2826.0,-9425.3,2030.3,2062.7,534.7,LL,2,2,0
61.6,9532.3,-9583.8,528.3,493.1,494.4,NO,0,0,0
-0.2,95.2,-96.1,5325.2,4992.3,4918.0,LLLG,5,5,1
20.0,2848.7,-9485.5,1976.8,1942.3,469.3,LL,2,2,0
-0.6,95.6,-95.9,5102.4,5259.2,5148.2,LLLG,5,5,1
-95.7,9539.2,-9569.2,517.4,466.7,525.6,NO,0,0,0
15.9,2853.9,-9577.3,1955.1,1992.3,495.9,LL,2,2,0
1.6,952.2,-9640.2,3085.2,2546.4,468.5,LLG,3,3,0
4.6,9475.6,-9500.8,2436.3,517.0,529.5,LG,1,1,0
-0.3,95.1,-95.5,5049.2,4881.7,5137.2,LLLG,5,5,1
13.6,9542.2,-9523.1,481.4,500.3,484.6,NO,0,0,0
-2.5,9559.8,-9517.3,2442.5,516.1,511.7,LG,1,1,0
-0.3,94.5,-95.0,5220.5,5153.1,4815.6,LLLG,5,5,1
0.1,94.8,-95.7,4940.1,4792.2,4855.8,LLLG,5,5,1
-11.2,9536.5,-9550.0,2644.9,500.2,529.3,LG,1,1,0
-8.8,2868.8,-9583.4,2010.0,2006.0,482.2,LL,2,2,0
3.6,945.4,-9538.1,2846.7,2423.6,491.2,LLG,3,3,0
0.8,9569.4,-9418.2,2520.9,478.6,471.6,LG,1,1,0
1.8,473.1,-477.5,3996.1,4085.2,3784.6,LLL,4,4,1
0.7,476.1,-475.3,4020.1,4162.3,3845.8,LLL,4,4,1
-0.9,95.7,-95.4,5108.9,5155.9,5041.6,LLLG,5,5,1
-24.6,9633.7,-9505.0,511.8,504.0,534.5,NO,0,0,0
51.7,9523.3,-9533.1,493.5,504.0,519.6,NO,0,0,0
0.9,951.0,-9521.3,3049.3,2402.1,487.1,LLG,3,3,0
19.8,2857.6,-9457.0,1951.5,1913.1,574.8,LL,2,2,0
-10.3,9608.1,-9479.8,518.1,529.2,454.3,NO,0,0,0
29.1,2859.8,-9546.3,1854.1,2002.2,522.8,LL,2,2,0
45.1,9497.4,-9487.3,484.9,515.5,512.1,NO,0,0,0
-39.9,9520.2,-9527.3,527.1,499.5,490.8,NO,0,0,0
-6.9,9611.4,-9546.9,520.8,497.4,514.1,NO,0,0,0
-2.8,953.6,-9504.7,3096.8,2489.2,483.1,LLG,3,3,0
19.6,2847.9,-9505.5,1927.8,2057.8,516.1,LL,2,2,0
-8.7,9503.3,-9599.5,494.3,518.3,514.3,NO,0,0,0
-21.3,9555.6,-9495.0,494.2,480.6,487.9,NO,0,0,0
1.6,476.6,-480.5,4201.2,3879.9,3926.7,LLL,4,4,1
-0.3,951.6,-9447.4,2781.6,2427.5,491.6,LLG,3,3,0
5.0,9600.9,-9501.6,2365.1,493.8,491.9,LG,1,1,0
7.2,952.0,-9550.3,3031.7,2432.0,496.4,LLG,3,3,0
39.0,9544.1,-9520.4,497.1,505.9,496.5,NO,0,0,0
8.3,2869.4,-9489.6,2098.7,1895.2,504.2,LL,2,2,0
1.8,472.7,-476.0,4219.1,4094.5,4193.3,LLL,4,4,1
-26.7,2863.4,-9543.1,1798.6,2084.8,472.4,LL,2,2,0
0.7,480.1,-477.1,4046.5,4053.4,4206.9,LLL,4,4,1
-71.6,9510.7,-9472.5,494.3,494.0,528.3,NO,0,0,0
-42.7,9546.2,-9514.6,494.6,478.0,483.8,NO,0,0,0
-3.7,478.2,-475.9,3783.3,4145.2,3893.8,LLL,4,4,1
-2.0,942.9,-9491.6,2919.8,2520.1,506.6,LLG,3,3,0
52.7,9559.9,-9590.5,474.6,494.7,516.5,NO,0,0,0
2.1,953.4,-9450.9,2963.1,2380.1,492.2,LLG,3,3,0
-8.3,957.5,-9526.1,2808.6,2575.5,490.0,LLG,3,3,0
63.7,9500.4,-9512.7,477.1,492.8,510.2,NO,0,0,0
-2.7,478.1,-479.5,4057.0,4230.4,3940.7,LLL,4,4,1
70.3,9586.0,-9519.2,506.3,470.2,500.9,NO,0,0,0
0.3,95.2,-94.9,5112.9,4814.8,5131.9,LLLG,5,5,1
-1.0,2850.3,-9571.1,1937.1,2023.6,508.7,LL,2,2,0
-0.4,94.8,-94.0,5102.2,4768.0,5055.8,LLLG,5,5,1
-81.5,9465.6,-9554.4,481.9,502.3,449.4,NO,0,0,0
-1.3,477.7,-478.6,4259.1,3938.7,4139.0,LLL,4,4,1
0.1,958.6,-9552.1,3086.6,2194.0,514.1,LLG,3,3,0
-23.9,2856.9,-9550.1,2008.1,2108.3,536.6,LL,2,2,0
-37.8,9509.0,-9491.8,487.0,477.7,531.5,NO,0,0,0
-7.9,2868.3,-9551.4,1963.8,1964.9,529.7,LL,2,2,0
-12.0,2806.4,-9495.1,2098.2,2072.0,525.5,LL,2,2,0
3.1,9592.9,-9555.2,516.8,448.7,506.0,NO,0,0,0
3.2,482.1,-476.7,4301.1,4029.9,3897.4,LLL,4,4,1
-97.5,9605.3,-9563.9,505.5,525.1,521.3,NO,0,0,0
17.3,2855.5,-9582.3,2133.8,2023.7,529.4,LL,2,2,0
-13.3,2856.1,-9599.7,1985.7,1980.3,491.1,LL,2,2,0
1.3,476.9,-471.2,4212.7,4168.8,4083.8,LLL,4,4,1
-8.3,949.6,-9461.3,2828.7,2459.7,506.9,LLG,3,3,0
-0.7,95.4,-95.7,4731.3,4928.8,4596.4,LLLG,5,5,1
-0.9,95.2,-96.0,4817.4,4676.1,5033.2,LLLG,5,5,1
21.2,2862.6,-9515.9,2035.7,1976.2,512.5,LL,2,2,0
7.6,2864.4,-9551.5,1934.1,2117.8,477.8,LL,2,2,0
4.8,946.4,-9590.5,3119.6,2430.3,467.2,LLG,3,3,0
4.2,478.7,-477.0,4129.5,4248.8,3961.7,LLL,4,4,1
0.5,475.4,-476.0,4162.0,4131.2,3597.3,LLL,4,4,1
-25.2,2855.4,-9590.5,1906.0,1912.4,518.0,LL,2,2,0
-4.5,9510.0,-9566.7,2609.3,499.1,503.1,LG,1,1,0
-105.5,9513.3,-9454.9,461.7,477.5,465.8,NO,0,0,0
4.5,9512.0,-9541.9,2633.9,495.6,498.9,LG,1,1,0
-2.5,2861.3,-9502.2,1983.5,1894.1,520.8,LL,2,2,0
16.4,9519.1,-9596.5,517.5,526.3,510.1,NO,0,0,0
0.2,95.8,-94.5,4881.8,4880.2,4867.5,LLLG,5,5,1
2.0,9472.0,-9524.7,2598.3,510.2,500.6,LG,1,1,0
-3.8,9535.8,-9621.3,510.8,530.6,476.9,NO,0,0,0
51.5,9602.2,-9560.4,517.8,509.3,473.9,NO,0,0,0
69.7,9462.4,-9541.7,489.0,487.9,519.3,NO,0,0,0
-2.0,474.5,-472.1,4077.1,3769.5,3975.9,LLL,4,4,1
7.8,9540.4,-9500.4,2426.4,502.9,507.5,LG,1,1,0
110.7,9520.2,-9536.4,482.3,478.3,511.3,NO,0,0,0
-0.7,474.8,-477.6,4030.4,3822.9,3616.1,LLL,4,4,1
0.2,95.9,-94.4,5647.7,4684.9,5077.9,LLLG,5,5,1
-3.8,9480.2,-9501.8,483.7,527.6,491.9,NO,0,0,0
-0.3,476.4,-477.0,3829.8,3976.3,3879.3,LLL,4,4,1
-1.1,2833.0,-9554.3,2084.4,2011.7,477.3,LL,2,2,0
0.0,952.0,-9479.0,3121.3,2587.8,466.1,LLG,3,3,0
2.0,9511.4,-9573.2,2274.4,488.3,502.7,LG,1,1,0
53.6,9524.7,-9569.8,515.5,517.3,512.8,NO,0,0,0
3.9,951.8,-9459.8,2913.0,2430.9,510.5,LLG,3,3,0
-2.7,9530.8,-9540.8,2516.3,494.4,468.8,LG,1,1,0
-22.9,9526.1,-9580.0,497.1,485.3,486.9,NO,0,0,0
11.6,9525.1,-9542.3,500.0,531.6,496.7,NO,0,0,0
-0.3,94.6,-96.3,4894.9,5019.7,4868.0,LLLG,5,5,1
2.6,9537.5,-9555.3,2515.6,499.7,520.5,LG,1,1,0
22.8,2833.1,-9500.0,2123.8,2064.9,536.0,LL,2,2,0
3.6,479.5,-473.5,4009.8,4405.0,4075.2,LLL,4,4,1
30.3,2875.8,-9565.2,2077.1,2014.8,510.4,LL,2,2,0
9.1,9460.2,-9513.2,2432.0,502.2,495.7,LG,1,1,0
-3.5,471.5,-476.1,4195.6,3906.1,4091.3,LLL,4,4,1
39.1,9386.0,-9542.1,464.3,508.6,530.0,NO,0,0,0
-36.6,9473.2,-9522.6,511.6,485.7,513.9,NO,0,0,0
1.5,2860.2,-9574.2,1965.4,2050.2,493.8,LL,2,2,0
44.4,9572.4,-9581.1,496.7,487.4,508.5,NO,0,0,0
17.4,2835.9,-9507.8,1964.4,2018.3,527.9,LL,2,2,0
-5.4,947.8,-9479.1,3059.1,2531.9,485.4,LLG,3,3,0
-0.9,95.5,-95.1,5167.4,5072.6,5046.6,LLLG,5,5,1
-61.9,9517.7,-9528.5,509.4,502.6,481.6,NO,0,0,0
3.1,9566.1,-9438.2,504.9,467.7,514.7,NO,0,0,0
-1.8,9517.0,-9538.7,2604.7,462.5,468.1,LG,1,1,0
-56.2,9481.5,-9482.2,481.4,516.8,495.4,NO,0,0,0
-0.8,476.7,-478.2,4028.8,4306.4,3978.2,LLL,4,4,1
-3.0,9495.6,-9539.8,2544.6,525.1,471.4,LG,1,1,0
27.1,9453.9,-9486.1,493.9,534.0,510.7,NO,0,0,0
0.6,479.3,-474.9,4029.4,3909.1,4176.9,LLL,4,4,1
2.9,476.8,-480.1,3911.3,3921.8,3759.9,LLL,4,4,1
-2.4,9526.8,-9507.0,2490.1,498.6,499.5,LG,1,1,0
2.9,954.0,-9537.3,3066.5,2471.9,512.4,LLG,3,3,0
-31.3,9466.7,-9634.1,505.1,489.2,507.1,NO,0,0,0
34.2,9506.2,-9570.0,452.6,510.7,474.6,NO,0,0,0
4.6,2867.6,-9550.7,2001.8,1979.5,512.1,LL,2,2,0
-14.7,2854.9,-9601.9,1980.9,1996.9,504.5,LL,2,2,0
-2.0,2837.8,-9584.5,1980.4,2009.3,504.3,LL,2,2,0
-43.9,9544.1,-9619.8,519.5,464.0,494.8,NO,0,0,0
-0.6,94.8,-94.9,5002.4,5311.3,4750.7,LLLG,5,5,1
65.6,9596.0,-9516.9,489.4,504.3,525.5,NO,0,0,0
0.7,94.8,-95.9,4814.5,5267.7,4979.2,LLLG,5,5,1
-3.2,946.3,-9491.4,2964.6,2424.1,486.8,LLG,3,3,0
-22.2,9488.0,-9503.3,506.2,477.5,523.3,NO,0,0,0
-4.7,2868.0,-9557.4,2077.5,2024.8,513.2,LL,2,2,0
2.9,9497.0,-9578.4,2618.6,492.7,496.4,LG,1,1,0
-2.5,475.1,-476.7,4010.7,3771.6,4036.4,LLL,4,4,1
-42.2,9551.0,-9524.8,481.5,527.9,504.7,NO,0,0,0
-3.1,962.2,-9543.6,2990.3,2610.1,508.4,LLG,3,3,0
0.8,951.8,-9515.3,2981.9,2510.0,469.8,LLG,3,3,0
7.1,2890.7,-9560.0,1984.9,1903.0,466.9,LL,2,2,0
145.9,9511.2,-9562.0,521.0,524.0,481.9,NO,0,0,0
-3.1,9603.7,-9549.0,508.1,494.8,486.1,NO,0,0,0
-6.7,953.6,-9608.2,3038.5,2352.2,488.1,LLG,3,3,0
-0.2,95.7,-95.1,4985.3,4889.3,5064.7,LLLG,5,5,1
-6.7,9477.4,-9514.9,2568.6,440.6,501.9,LG,1,1,0
-49.3,9591.2,-9444.6,518.9,513.9,478.5,NO,0,0,0
13.0,9533.8,-9583.9,499.0,516.2,499.9,NO,0,0,0
3.3,947.1,-9485.7,2975.9,2452.1,503.1,LLG,3,3,0
0.9,477.3,-479.2,4265.5,4258.9,4068.6,LLL,4,4,1
0.6,960.8,-9524.6,2826.6,2406.5,483.8,LLG,3,3,0
5.2,2864.9,-9605.0,1988.7,2136.2,506.8,LL,2,2,0
30.4,9507.7,-9565.1,538.8,508.7,511.6,NO,0,0,0
-3.2,470.6,-475.9,3941.1,4144.4,4156.7,LLL,4,4,1
7.7,957.6,-9510.0,3050.6,2480.1,512.4,LLG,3,3,0
71.7,9546.3,-9504.9,482.7,505.1,541.2,NO,0,0,0
-6.0,9535.9,-9537.9,2554.9,504.1,474.6,LG,1,1,0
-0.1,95.3,-94.6,4671.0,4762.2,4759.8,LLLG,5,5,1
-24.9,2869.6,-9508.8,1863.6,2035.5,488.9,LL,2,2,0
-18.0,2850.9,-9556.3,2016.2,1856.7,505.5,LL,2,2,0
-36.0,9450.3,-9575.7,484.8,479.2,514.1,NO,0,0,0
-0.8,478.1,-479.6,4350.6,4311.8,3972.2,LLL,4,4,1
2.1,477.1,-476.7,3984.2,3976.1,4071.7,LLL,4,4,1
1.0,478.9,-477.9,4200.4,3955.1,3963.7,LLL,4,4,1
3.3,9514.8,-9613.8,2527.9,502.3,507.0,LG,1,1,0
0.2,95.2,-95.4,5248.1,4992.9,4883.9,LLLG,5,5,1
58.8,9564.6,-9552.4,497.5,443.9,471.5,NO,0,0,0
7.9,2845.9,-9561.3,1948.5,1973.4,505.0,LL,2,2,0
-16.2,9549.3,-9581.3,481.7,558.0,491.4,NO,0,0,0
-3.4,956.3,-9637.1,2940.7,2299.7,534.9,LLG,3,3,0
21.6,9585.8,-9520.2,517.0,526.2,507.7,NO,0,0,0
0.6,9550.7,-9686.9,509.5,494.6,497.8,NO,0,0,0
-13.6,9510.7,-9505.5,487.1,492.3,492.3,NO,0,0,0
-0.4,94.5,-95.3,4964.5,4915.3,4752.6,LLLG,5,5,1
-2.6,945.5,-9517.8,3078.5,2555.2,510.1,LLG,3,3,0
10.6,9454.0,-9539.1,485.3,514.7,481.4,NO,0,0,0
2.3,9499.8,-9485.5,2435.6,482.9,475.2,LG,1,1,0
2.0,9537.9,-9564.9,2509.1,496.4,521.9,LG,1,1,0
-0.1,94.4,-94.9,5116.3,5169.1,5134.1,LLLG,5,5,1
0.2,95.4,-95.1,5038.9,5094.9,4955.6,LLLG,5,5,1
13.9,9446.9,-9579.6,506.0,483.7,489.6,NO,0,0,0
2.3,958.7,-9610.5,3043.8,2475.9,519.5,LLG,3,3,0
-25.4,9552.7,-9512.3,495.3,457.1,499.5,NO,0,0,0
-1.0,95.1,-96.0,5073.7,4951.6,4977.5,LLLG,5,5,1
4.9,949.7,-9524.4,2958.9,2631.2,506.4,LLG,3,3,0
3.3,473.2,-476.5,4039.5,3897.9,3862.6,LLL,4,4,1
-26.1,2851.3,-9420.6,2019.1,1932.7,505.3,LL,2,2,0
2.1,474.5,-478.9,4215.5,3889.7,3824.8,LLL,4,4,1
0.2,95.8,-94.9,4545.0,5014.5,4958.7,LLLG,5,5,1
-20.4,9571.1,-9531.8,500.3,492.2,518.4,NO,0,0,0
-4.6,2870.5,-9492.0,2007.6,2078.4,541.5,LL,2,2,0
20.3,9510.1,-9561.2,493.6,502.1,489.5,NO,0,0,0
15.7,2849.9,-9612.1,2046.9,1965.2,463.4,LL,2,2,0
16.2,2864.1,-9506.1,1801.1,1975.0,507.5,LL,2,2,0
-1.3,2838.7,-9590.7,1899.7,2063.8,523.1,LL,2,2,0
-3.0,479.7,-478.4,3912.9,4193.5,3839.8,LLL,4,4,1
-0.0,95.1,-95.6,4768.7,4898.5,4513.9,LLLG,5,5,1
-1.0,475.2,-480.0,3997.9,3856.6,3842.4,LLL,4,4,1
7.3,947.9,-9513.9,3007.6,2450.4,495.0,LLG,3,3,0
-0.9,476.9,-475.9,3922.9,3825.0,3849.0,LLL,4,4,1
-3.2,9564.5,-9552.0,510.4,506.3,528.7,NO,0,0,0
-4.1,9508.1,-9484.2,2484.9,486.4,515.8,LG,1,1,0
-1.2,950.0,-9457.1,2986.4,2649.3,518.7,LLG,3,3,0
2.5,473.8,-474.2,4092.6,4141.6,4233.8,LLL,4,4,1
-70.8,9462.7,-9509.2,520.8,486.5,499.8,NO,0,0,0
-1.0,9544.4,-9554.4,2403.9,493.6,499.4,LG,1,1,0
58.2,9491.0,-9584.1,524.6,483.0,490.9,NO,0,0,0
1.5,953.6,-9628.9,3021.8,2443.9,529.0,LLG,3,3,0
-30.2,9469.3,-9526.8,470.3,523.4,477.9,NO,0,0,0
-24.9,9451.8,-9581.0,488.4,520.2,484.2,NO,0,0,0
-1.1,959.9,-9534.5,3131.4,2297.8,489.1,LLG,3,3,0
5.0,2843.6,-9562.0,2032.3,2007.3,502.4,LL,2,2,0
-82.6,9592.0,-9527.6,544.9,520.8,500.8,NO,0,0,0
0.1,95.6,-94.7,5146.7,5318.8,5121.0,LLLG,5,5,1
1.4,2860.1,-9556.6,1919.2,2145.3,477.7,LL,2,2,0
-1.7,477.2,-475.2,4129.8,4026.7,3936.9,LLL,4,4,1
-0.2,9548.0,-9414.9,2422.4,482.0,495.1,LG,1,1,0
0.5,94.6,-95.3,4907.4,5087.4,4779.3,LLLG,5,5,1
-2.7,474.3,-476.7,3925.0,3585.3,4151.1,LLL,4,4,1
1.3,2851.0,-9540.0,1967.4,1991.8,529.4,LL,2,2,0
-4.7,2878.1,-9529.9,1940.6,2084.8,519.3,LL,2,2,0
23.1,9464.9,-9506.8,466.1,482.6,532.6,NO,0,0,0
2.2,476.2,-475.2,4158.5,4033.6,3867.5,LLL,4,4,1
-13.8,2854.7,-9554.8,1962.6,1956.2,541.3,LL,2,2,0
-2.3,473.7,-481.7,3807.7,4229.6,4145.3,LLL,4,4,1
-1.2,471.7,-478.7,3843.3,3798.7,4128.2,LLL,4,4,1
4.4,476.4,-482.0,4077.1,3885.5,3987.7,LLL,4,4,1
-0.6,95.0,-95.7,5016.0,5088.3,4947.6,LLLG,5,5,1
-0.6,95.2,-96.4,5255.9,4752.8,5011.5,LLLG,5,5,1
31.8,2860.1,-9536.3,2085.5,2008.2,505.1,LL,2,2,0
-31.9,9574.5,-9458.8,490.3,500.3,488.6,NO,0,0,0
-11.4,963.8,-9497.7,2958.9,2481.2,524.3,LLG,3,3,0
-95.2,9587.7,-9432.5,491.3,491.2,466.3,NO,0,0,0
0.8,95.7,-95.1,4870.8,5659.0,4684.7,LLLG,5,5,1
1.0,2880.4,-9630.9,1989.0,2073.4,521.3,LL,2,2,0
0.0,470.9,-475.4,4152.6,4355.0,4178.0,LLL,4,4,1
0.1,95.5,-94.5,4964.9,5005.7,5124.0,LLLG,5,5,1
3.4,942.7,-9518.2,2900.9,2494.4,497.6,LLG,3,3,0
-3.7,475.9,-474.4,3917.0,3917.5,4006.2,LLL,4,4,1
3.1,2853.9,-9609.3,2086.7,1977.7,487.1,LL,2,2,0
-6.7,475.3,-476.9,3831.3,3657.5,3990.4,LLL,4,4,1
-0.2,477.3,-473.3,3937.6,4041.4,4019.7,LLL,4,4,1
13.1,2847.4,-9470.1,2028.3,1963.4,501.6,LL,2,2,0
0.1,9469.6,-9513.3,2413.0,515.2,518.7,LG,1,1,0
-0.5,95.3,-95.8,5080.8,4850.1,4945.2,LLLG,5,5,1
-3.1,476.9,-476.1,3846.3,4208.3,3900.4,LLL,4,4,1
5.6,2855.0,-9510.2,1859.9,2025.3,493.0,LL,2,2,0
-10.9,2851.0,-9500.8,2010.4,1975.2,507.4,LL,2,2,0
6.6,959.9,-9559.0,2980.2,2472.7,468.7,LLG,3,3,0
-1.4,953.4,-9492.0,3034.9,2417.5,506.3,LLG,3,3,0
-4.2,9552.6,-9447.2,2603.1,492.2,505.5,LG,1,1,0
16.8,2861.9,-9566.2,2062.0,2056.7,484.5,LL,2,2,0
-0.0,95.5,-95.3,5255.8,4878.1,5279.8,LLLG,5,5,1
16.7,2855.6,-9523.5,1943.8,1971.5,519.3,LL,2,2,0
3.6,9540.0,-9475.9,2501.6,519.1,493.4,LG,1,1,0
3.0,472.4,-476.5,3874.7,3916.9,3729.0,LLL,4,4,1
7.1,966.6,-9566.5,2962.9,2538.9,513.7,LLG,3,3,0
0.1,95.4,-94.7,4660.2,5188.4,4922.3,LLLG,5,5,1
-48.0,9484.1,-9432.2,521.6,520.9,489.1,NO,0,0,0
1.4,948.6,-9501.1,3003.9,2413.9,483.4,LLG,3,3,0
-32.5,9452.5,-9556.7,486.1,524.1,522.5,NO,0,0,0
0.3,946.7,-9443.0,2947.6,2648.1,447.8,LLG,3,3,0
-90.2,9551.3,-9513.5,477.9,502.2,486.9,NO,0,0,0
1.8,472.5,-475.6,3929.1,4055.0,3852.0,LLL,4,4,1
-0.8,477.6,-476.2,4050.9,4302.4,4107.3,LLL,4,4,1
3.0,478.2,-481.7,4139.4,4466.5,4055.9,LLL,4,4,1
-16.9,2865.1,-9521.1,1966.1,1965.2,527.8,LL,2,2,0
80.0,9522.4,-9583.4,503.1,541.3,508.3,NO,0,0,0
-0.8,476.3,-479.5,4097.7,3824.0,3623.6,LLL,4,4,1
13.0,2840.1,-9611.9,1995.1,2043.6,483.0,LL,2,2,0
1.0,478.7,-477.8,4110.8,3912.4,3694.3,LLL,4,4,1
46.6,9445.9,-9408.0,504.9,466.3,519.0,NO,0,0,0
-2.6,9561.5,-9534.8,2528.6,503.3,492.2,LG,1,1,0
-12.1,2870.6,-9457.0,2045.8,1980.4,484.9,LL,2,2,0
0.5,95.9,-95.4,4792.8,4928.3,5187.1,LLLG,5,5,1
0.5,9546.2,-9573.4,2506.4,490.5,523.2,LG,1,1,0
-24.9,2897.2,-9545.4,2007.0,1973.7,510.6,LL,2,2,0
-0.6,480.4,-474.6,4428.5,3940.4,3906.4,LLL,4,4,1
86.0,9550.3,-9503.2,516.1,489.0,535.7,NO,0,0,0
18.0,9561.5,-9495.2,492.4,521.0,483.9,NO,0,0,0
-2.0,476.7,-474.7,4179.4,4154.4,3851.4,LLL,4,4,1
1.3,9610.5,-9526.8,2552.1,467.9,515.1,LG,1,1,0
-21.0,9498.1,-9612.5,463.3,488.9,459.0,NO,0,0,0
-5.4,2845.7,-9599.0,1955.3,2078.5,491.0,LL,2,2,0
1.2,480.1,-475.4,4039.9,4048.4,3810.0,LLL,4,4,1
-5.3,950.6,-9571.0,2945.1,2397.3,514.5,LLG,3,3,0
2.3,958.3,-9508.9,3021.0,2543.1,499.0,LLG,3,3,0
-0.6,96.0,-95.5,5275.4,5097.3,4558.4,LLLG,5,5,1
-1.6,477.2,-475.6,3931.0,4177.9,4331.9,LLL,4,4,1
52.4,9507.2,-9547.4,515.3,508.1,500.1,NO,0,0,0
110.9,9586.6,-9623.2,454.6,474.1,490.3,NO,0,0,0
29.1,9579.2,-9642.5,516.0,489.0,483.4,NO,0,0,0
4.7,2849.7,-9488.4,1874.5,1924.9,498.2,LL,2,2,0
-93.2,9531.5,-9607.7,527.9,514.2,508.4,NO,0,0,0
-2.9,959.9,-9472.4,2850.6,2680.1,467.3,LLG,3,3,0
-19.4,2849.6,-9528.0,2074.9,1953.2,483.1,LL,2,2,0
2.8,964.1,-9585.0,2993.7,2435.9,517.8,LLG,3,3,0
-4.4,950.3,-9525.8,2890.8,2469.1,493.5,LLG,3,3,0
-37.0,9453.5,-9591.2,470.6,471.0,498.9,NO,0,0,0
-0.4,94.7,-95.6,4889.0,4554.1,5181.3,LLLG,5,5,1
0.3,478.3,-477.4,3995.5,4035.0,3839.2,LLL,4,4,1
-4.4,2848.2,-9581.0,2029.1,1981.3,503.6,LL,2,2,0
-15.1,2864.3,-9484.9,2101.0,1940.5,511.6,LL,2,2,0
-12.7,2854.1,-9592.1,1935.8,1984.6,499.4,LL,2,2,0
0.5,95.6,-95.7,4875.8,5212.4,4697.6,LLLG,5,5,1
0.1,95.1,-94.9,4889.5,5018.5,5026.1,LLLG,5,5,1
38.2,9509.4,-9585.4,497.3,460.8,496.1,NO,0,0,0
4.7,948.9,-9577.7,2954.5,2600.7,501.3,LLG,3,3,0
-2.7,955.4,-9553.4,3082.1,2661.5,534.3,LLG,3,3,0
-0.3,9664.9,-9557.4,476.6,473.5,507.4,NO,0,0,0
1.3,478.0,-479.7,4076.6,4185.6,3795.3,LLL,4,4,1
1.3,475.6,-475.9,3935.9,3947.1,4095.3,LLL,4,4,1
-9.7,2857.2,-9490.7,2041.1,1981.7,506.2,LL,2,2,0
-2.4,2854.4,-9579.1,1893.4,1992.3,561.5,LL,2,2,0
-18.1,2842.8,-9508.1,1849.1,1988.5,513.8,LL,2,2,0
-11.1,2832.6,-9483.2,1946.9,1929.4,472.3,LL,2,2,0
1.2,472.8,-478.1,4068.9,3887.3,4006.9,LLL,4,4,1
4.5,9618.5,-9481.4,2560.0,486.8,486.3,LG,1,1,0
48.7,9527.5,-9563.0,460.0,530.5,507.9,NO,0,0,0
-44.5,9582.8,-9536.8,510.3,471.5,527.1,NO,0,0,0
8.2,9536.8,-9514.3,489.0,496.9,500.8,NO,0,0,0
0.3,479.0,-473.6,4147.7,4117.0,4027.5,LLL,4,4,1
47.5,9491.4,-9547.7,517.8,529.0,503.7,NO,0,0,0
-4.0,2891.8,-9587.1,2057.4,1879.4,484.5,LL,2,2,0
-0.4,9568.7,-9611.7,2607.2,497.1,501.6,LG,1,1,0
8.3,9582.3,-9521.1,2412.9,516.5,529.5,LG,1,1,0
1.3,952.7,-9541.5,3094.6,2462.9,469.7,LLG,3,3,0
27.1,9495.9,-9509.7,524.0,521.9,489.2,NO,0,0,0
-5.1,2835.2,-9527.1,1941.1,1999.1,491.5,LL,2,2,0
4.4,9488.6,-9530.1,523.0,468.4,515.4,NO,0,0,0
-25.5,2868.7,-9488.4,2054.3,1959.6,509.0,LL,2,2,0
0.7,94.7,-95.3,5061.2,5086.5,5189.8,LLLG,5,5,1
-97.5,9528.9,-9485.0,470.4,495.7,493.2,NO,0,0,0
4.8,2860.1,-9553.8,1969.7,1949.4,492.9,LL,2,2,0
1.7,471.2,-470.9,3946.5,4013.1,4354.7,LLL,4,4,1
0.1,95.5,-94.9,5108.0,4658.0,5124.6,LLLG,5,5,1
1.8,473.2,-479.1,4011.0,4178.9,4174.1,LLL,4,4,1
-55.3,9582.7,-9529.0,513.2,492.5,517.4,NO,0,0,0
99.2,9527.9,-9530.1,511.5,532.8,507.3,NO,0,0,0
-3.2,477.6,-473.2,3864.9,3935.7,4416.4,LLL,4,4,1
0.5,95.3,-95.8,5554.3,5008.9,5443.1,LLLG,5,5,1
-84.9,9455.6,-9481.9,468.0,515.6,497.7,NO,0,0,0
1.4,950.5,-9586.5,2977.0,2540.0,461.1,LLG,3,3,0
22.9,9500.9,-9561.9,505.0,501.2,506.1,NO,0,0,0
6.1,2851.7,-9506.2,2048.3,2056.7,486.9,LL,2,2,0
85.4,9548.9,-9517.1,488.5,512.7,499.1,NO,0,0,0
0.0,95.9,-95.1,5297.5,5084.3,4468.4,LLLG,5,5,1
-25.5,2867.8,-9567.7,1967.5,1948.7,505.9,LL,2,2,0
44.2,9459.2,-9672.5,508.9,488.2,536.7,NO,0,0,0
0.2,9490.7,-9609.7,488.8,487.6,499.5,NO,0,0,0
4.6,954.0,-9466.4,3067.9,2499.8,480.6,LLG,3,3,0
10.0,2851.6,-9479.7,1977.4,2022.5,491.9,LL,2,2,0
-0.7,94.7,-95.6,4658.6,5021.7,4851.0,LLLG,5,5,1
-1.1,478.8,-476.0,3865.1,3851.0,3912.7,LLL,4,4,1
-7.1,958.2,-9479.4,3058.7,2656.6,481.1,LLG,3,3,0
-17.9,2861.5,-9430.1,2155.3,2063.1,495.9,LL,2,2,0
109.7,9547.0,-9552.4,511.2,473.2,520.2,NO,0,0,0
76.6,9482.7,-9597.5,503.5,487.7,532.7,NO,0,0,0
61.4,9507.4,-9452.7,503.0,527.2,476.6,NO,0,0,0
37.8,9513.4,-9430.0,493.7,513.0,498.6,NO,0,0,0
-0.3,475.9,-477.2,4032.0,3880.2,3927.7,LLL,4,4,1
-4.7,476.3,-475.6,3868.9,3938.8,3917.1,LLL,4,4,1
10.2,950.9,-9517.7,3158.8,2616.4,507.6,LLG,3,3,0
14.7,2870.3,-9517.2,1992.6,2027.5,494.9,LL,2,2,0
2.2,471.0,-477.2,3827.2,4004.9,3873.3,LLL,4,4,1
6.5,946.7,-9399.6,2878.6,2703.4,505.1,LLG,3,3,0
26.2,9578.3,-9430.2,519.2,481.1,479.9,NO,0,0,0
6.1,956.9,-9529.5,3066.9,2376.0,487.2,LLG,3,3,0
-0.9,951.1,-9461.4,3193.5,2495.5,494.3,LLG,3,3,0
8.9,2853.9,-9502.3,2009.3,1944.4,520.5,LL,2,2,0
-61.0,9554.1,-9519.7,467.1,496.1,458.2,NO,0,0,0
0.4,95.5,-94.4,5187.1,4534.0,4730.9,LLLG,5,5,1
67.3,9520.2,-9475.6,525.1,498.3,506.0,NO,0,0,0
-1.1,94.8,-94.6,4905.1,5078.6,5086.8,LLLG,5,5,1
-6.6,947.6,-9474.7,3110.8,2378.7,503.0,LLG,3,3,0
-1.8,474.2,-476.0,4326.0,3852.8,4150.1,LLL,4,4,1
4.6,9493.9,-9554.0,2638.0,500.9,513.0,LG,1,1,0
-18.1,9514.6,-9476.2,466.0,502.2,501.2,NO,0,0,0
-8.4,2859.9,-9507.5,2049.0,1952.1,508.5,LL,2,2,0
-2.2,473.9,-477.8,4043.9,3576.0,4233.6,LLL,4,4,1
-2.5,950.9,-9453.8,3102.3,2646.4,503.2,LLG,3,3,0
-17.6,9557.8,-9563.9,524.9,500.1,476.1,NO,0,0,0
0.6,2871.3,-9491.3,1907.0,1881.0,500.4,LL,2,2,0
6.4,477.0,-476.3,4021.0,4194.9,3833.2,LLL,4,4,1
21.5,9477.6,-9527.9,517.4,472.0,511.7,NO,0,0,0
-6.0,9522.2,-9461.4,2413.5,489.7,470.6,LG,1,1,0
0.6,949.9,-9539.0,2944.3,2718.8,504.3,LLG,3,3,0
1.1,94.3,-95.5,5039.7,5245.2,4926.6,LLLG,5,5,1
-10.7,9526.3,-9482.6,478.9,462.9,471.3,NO,0,0,0
-32.5,9575.8,-9456.9,512.5,495.6,500.5,NO,0,0,0
-0.1,9427.9,-9481.4,498.6,504.6,505.1,NO,0,0,0
22.5,9539.3,-9496.8,496.8,485.7,499.5,NO,0,0,0
-74.5,9524.7,-9541.2,484.6,503.1,478.8,NO,0,0,0
-3.0,2846.1,-9566.0,1863.1,2126.6,511.2,LL,2,2,0
-8.7,9567.4,-9512.1,522.7,493.6,482.1,NO,0,0,0
0.3,95.2,-96.5,4732.9,5235.3,5157.1,LLLG,5,5,1
4.4,949.6,-9532.1,2918.2,2388.1,514.1,LLG,3,3,0
-0.1,957.3,-9552.1,2886.3,2478.8,504.3,LLG,3,3,0
0.3,95.7,-95.0,4723.7,4908.3,4854.0,LLLG,5,5,1
4.0,943.1,-9533.0,3101.5,2593.8,505.4,LLG,3,3,0
0.1,473.3,-473.3,3860.7,4209.3,4057.1,LLL,4,4,1
-63.3,9625.6,-9462.1,506.7,526.4,500.0,NO,0,0,0
0.3,95.6,-95.1,5072.1,5036.7,4679.3,LLLG,5,5,1
-0.9,95.2,-95.2,4953.6,4989.7,5082.2,LLLG,5,5,1
15.2,9447.7,-9511.9,489.7,503.1,512.2,NO,0,0,0
5.7,476.9,-479.8,3917.9,4225.1,4181.5,LLL,4,4,1
6.1,2842.1,-9576.7,2007.4,2169.0,484.9,LL,2,2,0
40.5,9426.9,-9523.7,503.6,541.7,444.3,NO,0,0,0
80.2,9491.6,-9536.9,463.1,534.5,483.6,NO,0,0,0
-5.1,472.9,-479.6,4084.3,4194.3,3994.6,LLL,4,4,1
41.9,9560.1,-9559.6,516.2,511.0,488.7,NO,0,0,0
0.0,95.4,-94.9,5180.6,4955.7,5056.8,LLLG,5,5,1
-2.7,479.0,-479.1,4285.3,4172.5,4197.6,LLL,4,4,1
-22.8,9543.4,-9526.0,485.6,501.8,482.3,NO,0,0,0
0.4,953.3,-9391.6,2872.9,2443.5,506.0,LLG,3,3,0
-5.8,476.6,-473.2,4097.6,4260.9,4266.9,LLL,4,4,1
-0.3,96.2,-95.8,4949.7,4773.8,4927.8,LLLG,5,5,1
-18.7,9534.2,-9542.1,503.6,509.9,545.5,NO,0,0,0
-30.7,9462.9,-9609.9,488.2,490.5,550.9,NO,0,0,0
8.9,9545.8,-9469.3,494.5,484.3,494.0,NO,0,0,0
1.8,473.6,-480.3,4227.9,4019.9,4072.7,LLL,4,4,1
-158.4,9570.3,-9456.3,464.5,490.3,508.8,NO,0,0,0
1.7,481.2,-479.7,4052.9,3957.4,3973.2,LLL,4,4,1
0.5,476.1,-476.1,4024.3,3819.9,4148.4,LLL,4,4,1
27.1,2860.4,-9528.7,2100.7,2019.8,528.6,LL,2,2,0
-5.8,475.8,-475.4,4149.2,3673.1,4040.4,LLL,4,4,1
0.7,95.2,-95.1,4774.3,4770.2,5003.4,LLLG,5,5,1
0.1,479.0,-475.9,3980.3,4121.8,3988.2,LLL,4,4,1
-0.3,2834.0,-9585.2,2007.4,1985.4,475.8,LL,2,2,0
-0.4,9490.7,-9485.2,2452.0,485.5,488.9,LG,1,1,0
21.8,2848.0,-9537.6,2040.6,1966.2,483.6,LL,2,2,0
14.6,9535.8,-9483.2,509.3,485.9,501.8,NO,0,0,0
-18.6,2848.7,-9547.9,1985.3,2028.1,480.8,LL,2,2,0
46.7,9517.8,-9487.2,508.6,504.0,518.0,NO,0,0,0
16.9,2858.9,-9583.8,2049.5,1872.5,495.6,LL,2,2,0
0.0,95.1,-94.8,4596.6,5375.5,5123.8,LLLG,5,5,1
8.9,9485.9,-9429.6,508.4,476.4,482.3,NO,0,0,0
-1.6,958.7,-9482.5,3117.3,2524.7,521.7,LLG,3,3,0
63.4,9520.5,-9495.4,521.4,489.4,450.7,NO,0,0,0
106.3,9638.7,-9540.1,506.6,489.1,525.1,NO,0,0,0
32.9,9473.1,-9469.2,510.1,496.0,517.2,NO,0,0,0
6.6,9529.1,-9516.6,471.1,527.9,478.6,NO,0,0,0
1.9,476.0,-475.8,3665.1,3841.8,3894.2,LLL,4,4,1
-78.7,9570.2,-9485.6,537.5,498.4,484.1,NO,0,0,0
2.3,477.7,-474.7,3900.9,3922.8,3995.4,LLL,4,4,1
-2.6,955.4,-9498.5,2994.4,2599.4,503.3,LLG,3,3,0
-0.1,95.2,-95.3,5127.8,5099.1,4920.6,LLLG,5,5,1
0.2,96.2,-95.1,4807.1,4947.8,4886.0,LLLG,5,5,1
4.1,472.6,-477.0,4149.7,4019.8,4020.6,LLL,4,4,1
26.5,2827.0,-9561.6,1896.5,1983.0,523.6,LL,2,2,0
-4.9,2855.4,-9501.9,2005.1,2051.8,481.6,LL,2,2,0
-4.8,475.2,-476.2,4072.4,3960.6,4042.4,LLL,4,4,1
4.9,954.1,-9524.4,3104.5,2407.0,481.3,LLG,3,3,0
-0.5,95.2,-95.3,4663.4,4911.4,5224.0,LLLG,5,5,1
-2.9,479.5,-478.9,4177.8,4234.1,4289.4,LLL,4,4,1
-5.4,476.9,-474.4,4193.3,4066.9,3972.3,LLL,4,4,1
-0.3,95.1,-95.8,5097.1,4839.3,4830.3,LLLG,5,5,1
-47.1,9639.2,-9545.9,506.2,489.6,514.7,NO,0,0,0
18.4,9521.1,-9476.6,467.6,516.3,499.5,NO,0,0,0
54.3,9516.9,-9534.2,486.5,533.4,512.4,NO,0,0,0
-1.6,9555.0,-9529.2,2653.5,525.0,484.2,LG,1,1,0
16.7,2862.0,-9572.3,1967.1,2015.6,508.6,LL,2,2,0
-2.5,950.1,-9580.3,3221.4,2526.3,474.7,LLG,3,3,0
-3.1,476.7,-479.7,3970.4,3948.5,3757.4,LLL,4,4,1
20.1,9546.1,-9461.6,499.8,481.0,462.0,NO,0,0,0
-0.8,954.0,-9569.5,3079.6,2302.5,463.4,LLG,3,3,0
-76.3,9546.4,-9532.1,500.9,486.7,538.9,NO,0,0,0
2.1,951.8,-9534.1,3090.4,2360.0,487.7,LLG,3,3,0
-15.9,2871.9,-9566.8,2074.3,1937.8,519.0,LL,2,2,0
53.8,9603.4,-9472.1,480.3,473.8,519.9,NO,0,0,0
9.7,960.6,-9482.2,2918.8,2637.5,499.3,LLG,3,3,0
-0.4,94.6,-95.2,4877.5,5241.0,4756.4,LLLG,5,5,1
-7.9,9596.5,-9441.4,2466.3,536.5,535.9,LG,1,1,0
0.4,95.1,-96.2,4986.3,4500.2,4874.3,LLLG,5,5,1
-17.5,9500.4,-9479.5,504.4,499.8,506.6,NO,0,0,0
-0.5,94.3,-94.5,5021.1,4995.7,4953.6,LLLG,5,5,1
-0.1,94.8,-95.2,5032.8,5136.5,5098.8,LLLG,5,5,1
-0.3,949.2,-9498.2,3121.0,2468.4,495.6,LLG,3,3,0
-31.2,9527.4,-9451.5,479.2,514.1,504.9,NO,0,0,0
-4.2,956.3,-9567.1,2819.9,2438.9,512.4,LLG,3,3,0
-2.8,477.2,-477.2,4073.9,4273.1,3977.7,LLL,4,4,1
5.9,2845.6,-9554.1,1917.0,1830.9,489.3,LL,2,2,0
99.3,9548.1,-9505.0,488.7,522.6,513.6,NO,0,0,0
-43.3,9581.3,-9441.2,474.3,462.4,513.8,NO,0,0,0
-14.9,9543.9,-9537.8,491.6,503.3,516.9,NO,0,0,0
-30.3,9630.4,-9483.0,513.2,481.5,449.3,NO,0,0,0
0.5,476.3,-479.9,4409.6,3758.8,3871.4,LLL,4,4,1
0.0,473.8,-476.9,4066.6,3885.8,3943.7,LLL,4,4,1
3.9,472.6,-475.1,4209.8,4239.2,3971.3,LLL,4,4,1
4.6,9547.1,-9527.4,495.0,461.6,478.6,NO,0,0,0
-4.4,9617.4,-9644.6,2341.9,501.2,508.4,LG,1,1,0
-57.5,9466.7,-9567.5,514.5,519.7,476.0,NO,0,0,0
-21.7,9538.1,-9558.4,498.7,498.3,515.5,NO,0,0,0
0.1,95.7,-95.6,5019.8,4944.6,5046.1,LLLG,5,5,1
8.4,2856.5,-9443.5,1990.4,2151.2,514.9,LL,2,2,0
1.7,479.7,-478.8,3942.7,4043.8,4012.0,LLL,4,4,1
0.6,478.4,-476.2,3925.1,4261.1,4178.4,LLL,4,4,1
-3.7,475.5,-479.4,3933.0,3939.7,3804.5,LLL,4,4,1
-38.0,2851.1,-9472.6,2128.6,1905.7,545.5,LL,2,2,0
-22.7,9515.3,-9511.5,520.5,493.7,515.3,NO,0,0,0
0.2,476.9,-474.8,4054.6,3748.5,4064.5,LLL,4,4,1
111.1,9381.9,-9555.7,504.4,510.6,512.7,NO,0,0,0
-13.2,2861.8,-9560.9,2109.5,2053.0,504.0,LL,2,2,0
-0.5,9530.4,-9462.5,2642.8,511.2,507.1,LG,1,1,0
-0.4,481.1,-478.7,4110.9,3947.6,4280.9,LLL,4,4,1
71.4,9571.5,-9501.1,468.0,500.5,490.4,NO,0,0,0
-20.4,2869.3,-9555.0,2062.3,1875.9,475.8,LL,2,2,0
-1.9,944.7,-9517.6,2966.4,2525.1,487.4,LLG,3,3,0
-16.1,9427.1,-9527.7,526.4,517.6,484.8,NO,0,0,0
1.3,473.6,-476.6,3812.0,3884.8,3828.2,LLL,4,4,1
0.3,95.0,-95.5,5044.8,5249.4,5189.2,LLLG,5,5,1
-0.2,95.8,-95.7,5151.6,4712.8,4915.9,LLLG,5,5,1
-8.2,2874.5,-9478.2,1777.6,2096.9,493.5,LL,2,2,0
-2.0,479.5,-474.4,3975.2,3894.6,4056.6,LLL,4,4,1
10.6,9539.6,-9526.4,491.0,490.4,468.1,NO,0,0,0
1.3,475.3,-481.4,3934.5,3951.2,4029.3,LLL,4,4,1
-64.4,9541.7,-9633.2,501.4,450.0,517.7,NO,0,0,0
7.4,9496.0,-9557.9,2696.2,497.9,495.6,LG,1,1,0
1.3,967.2,-9476.6,3011.3,2507.9,496.4,LLG,3,3,0
-16.3,2876.7,-9487.9,2002.9,2068.8,517.1,LL,2,2,0
3.0,9458.2,-9472.7,2730.1,514.0,473.2,LG,1,1,0
3.9,9556.6,-9514.9,2503.9,475.2,503.1,LG,1,1,0
41.2,9460.9,-9514.4,465.9,531.6,488.8,NO,0,0,0
-6.8,9598.3,-9570.8,2638.9,538.0,521.6,LG,1,1,0
-2.7,478.5,-480.4,3981.2,3974.3,3952.3,LLL,4,4,1
3.5,950.1,-9513.6,3084.4,2604.5,495.4,LLG,3,3,0
-60.4,9575.6,-9571.3,490.5,513.0,532.2,NO,0,0,0
7.4,2864.1,-9582.5,1830.3,2031.6,503.6,LL,2,2,0
0.7,960.5,-9510.7,2791.6,2478.6,491.0,LLG,3,3,0
0.5,95.4,-95.7,5094.0,5221.6,5092.6,LLLG,5,5,1
1.6,475.6,-474.1,3942.7,4147.0,4026.2,LLL,4,4,1
0.4,95.2,-94.1,5210.9,4777.3,4715.2,LLLG,5,5,1
19.5,9707.5,-9563.6,499.9,486.8,502.8,NO,0,0,0
5.5,9481.4,-9499.5,2469.5,506.9,498.7,LG,1,1,0
-5.7,950.4,-9494.0,2991.4,2498.1,494.4,LLG,3,3,0
2.4,9480.6,-9509.1,520.2,487.9,478.6,NO,0,0,0
3.4,472.8,-474.9,4293.2,3928.5,4278.8,LLL,4,4,1
-13.4,2869.7,-9639.8,1843.0,1896.6,511.7,LL,2,2,0
-2.1,9534.2,-9658.0,2626.5,556.6,520.8,LG,1,1,0
39.5,9485.0,-9526.3,506.1,486.2,504.3,NO,0,0,0
-26.9,2892.2,-9604.9,1942.5,1976.1,495.8,LL,2,2,0
-8.8,9526.9,-9533.3,2417.9,507.3,486.6,LG,1,1,0
-5.4,2861.4,-9596.2,1988.1,2112.9,484.4,LL,2,2,0
3.6,9409.0,-9501.1,2446.9,503.3,509.4,LG,1,1,0
51.0,9565.2,-9495.7,498.1,488.2,457.6,NO,0,0,0
-1.0,478.6,-476.0,4234.5,3823.2,4113.2,LLL,4,4,1
29.6,9532.8,-9439.6,484.7,496.4,501.2,NO,0,0,0
-0.5,96.0,-94.9,4914.0,5210.9,5025.6,LLLG,5,5,1
-3.1,9566.6,-9547.2,2724.5,501.6,495.4,LG,1,1,0
-4.8,952.4,-9517.9,3126.2,2522.9,457.1,LLG,3,3,0
4.3,9496.5,-9504.6,2464.6,504.9,502.7,LG,1,1,0
-38.9,2847.3,-9550.5,2152.1,2126.5,471.3,LL,2,2,0
1.2,479.3,-476.1,3729.2,4246.9,4160.5,LLL,4,4,1
-48.9,9504.8,-9530.1,506.4,507.8,502.1,NO,0,0,0
-11.9,9572.7,-9622.2,493.9,522.3,508.9,NO,0,0,0
100.1,9512.2,-9530.0,515.1,500.0,518.4,NO,0,0,0
-35.1,9401.9,-9548.5,493.0,498.9,530.1,NO,0,0,0
4.1,9539.5,-9486.9,522.2,493.6,468.9,NO,0,0,0
4.2,9556.2,-9560.3,2448.3,492.4,500.5,LG,1,1,0
6.0,9611.0,-9454.1,2510.9,518.1,499.5,LG,1,1,0
-21.3,2881.6,-9517.2,2025.7,1926.1,488.6,LL,2,2,0
-0.2,95.2,-95.5,5376.1,5079.4,4897.8,LLLG,5,5,1
-2.1,2894.4,-9427.8,2117.6,1895.8,535.0,LL,2,2,0
-2.8,477.5,-473.6,3849.8,3914.6,4029.4,LLL,4,4,1
3.3,477.4,-477.1,3911.4,4012.7,3983.7,LLL,4,4,1
7.1,9571.2,-9416.4,481.7,457.9,514.0,NO,0,0,0
2.1,475.3,-477.3,3803.9,3916.0,4138.0,LLL,4,4,1
-2.2,953.5,-9503.6,2996.2,2581.4,475.1,LLG,3,3,0
0.9,954.6,-9560.0,2838.8,2420.0,505.3,LLG,3,3,0
-67.0,9433.6,-9511.3,500.8,479.0,523.3,NO,0,0,0
-63.9,9472.4,-9611.3,512.8,515.7,503.6,NO,0,0,0
-24.6,9493.7,-9518.5,497.8,513.8,493.0,NO,0,0,0
-12.6,2854.0,-9664.9,1890.6,1932.6,496.1,LL,2,2,0
-2.0,9598.0,-9464.6,511.4,510.1,487.6,NO,0,0,0
0.6,952.7,-9500.4,3103.9,2451.5,496.4,LLG,3,3,0
4.7,476.8,-474.0,4140.6,4132.8,4062.8,LLL,4,4,1
0.9,95.4,-95.5,4919.2,5121.5,5023.8,LLLG,5,5,1
0.1,94.9,-95.5,5004.3,4537.7,4947.0,LLLG,5,5,1
4.4,475.9,-476.3,4035.3,3997.6,4099.0,LLL,4,4,1
-20.4,9534.5,-9544.9,453.9,522.6,509.4,NO,0,0,0
1.7,474.1,-478.0,3926.8,4025.7,3903.9,LLL,4,4,1
72.6,9519.0,-9610.3,502.8,503.6,476.6,NO,0,0,0
65.7,9523.3,-9556.6,490.5,503.3,505.7,NO,0,0,0
-18.9,2852.1,-9596.0,1983.4,1912.8,506.5,LL,2,2,0
5.9,947.5,-9430.5,2927.8,2674.7,511.7,LLG,3,3,0
-56.3,9564.8,-9615.5,507.6,511.9,507.0,NO,0,0,0
-3.4,472.5,-478.4,3927.6,3941.1,4233.1,LLL,4,4,1
0.6,953.2,-9529.3,3036.1,2339.5,455.1,LLG,3,3,0
1.4,95.2,-94.7,5190.4,5264.2,4812.4,LLLG,5,5,1
2.0,2842.9,-9630.3,1962.4,2091.1,497.1,LL,2,2,0
3.7,2874.9,-9525.7,1836.3,2044.4,466.5,LL,2,2,0
-23.7,9533.0,-9553.8,477.7,533.4,514.3,NO,0,0,0
-3.7,2821.6,-9477.1,1925.4,2043.5,517.3,LL,2,2,0
34.4,9503.2,-9523.4,525.7,516.9,467.2,NO,0,0,0
-9.0,9521.0,-9571.8,2541.9,486.8,461.6,LG,1,1,0
1.9,477.1,-475.4,4022.9,3978.8,3987.3,LLL,4,4,1
41.1,9469.8,-9423.4,538.9,506.4,505.4,NO,0,0,0
64.4,9549.3,-9464.5,513.9,528.4,481.2,NO,0,0,0
0.9,9478.4,-9458.7,2537.3,498.7,529.6,LG,1,1,0
10.5,9600.7,-9533.7,476.2,505.1,487.0,NO,0,0,0
-1.1,475.9,-479.6,4134.2,3979.0,3996.2,LLL,4,4,1
-71.8,9579.1,-9578.7,498.4,511.7,496.3,NO,0,0,0
2.8,9492.3,-9488.2,2402.2,549.8,514.1,LG,1,1,0
1.5,9504.4,-9542.2,497.6,517.1,490.7,NO,0,0,0
2.6,475.4,-475.8,3834.0,4172.2,3923.7,LLL,4,4,1
63.9,9514.6,-9520.7,477.5,499.6,519.6,NO,0,0,0
4.2,9533.0,-9560.3,2442.0,470.3,491.3,LG,1,1,0
1.0,9507.8,-9566.0,510.3,514.4,505.4,NO,0,0,0
-53.4,9537.0,-9629.2,457.7,515.2,518.7,NO,0,0,0
-0.8,473.1,-477.7,4204.9,4244.1,4047.0,LLL,4,4,1
31.3,2860.4,-9470.5,1900.5,1970.2,498.6,LL,2,2,0
1.1,948.3,-9493.0,3169.3,2556.9,503.8,LLG,3,3,0
0.0,957.8,-9498.0,3198.5,2517.9,495.2,LLG,3,3,0
135.8,9597.1,-9569.6,512.3,510.4,488.2,NO,0,0,0
-1.2,951.7,-9558.2,3015.5,2506.1,499.6,LLG,3,3,0
1.8,475.3,-476.3,4032.1,4228.9,4054.7,LLL,4,4,1
121.5,9484.2,-9438.7,512.8,531.0,462.7,NO,0,0,0
-5.6,948.4,-9489.8,2928.0,2402.6,504.5,LLG,3,3,0
1.9,2875.5,-9577.0,2008.1,1962.6,520.6,LL,2,2,0
5.2,479.6,-475.7,3798.6,4119.0,4296.0,LLL,4,4,1
1.1,943.3,-9603.3,2888.2,2707.7,463.0,LLG,3,3,0
0.2,95.7,-95.6,4904.9,5177.8,5378.9,LLLG,5,5,1
-1.8,952.2,-9493.3,3202.8,2532.6,464.7,LLG,3,3,0
-15.6,9467.6,-9598.6,499.7,523.0,502.7,NO,0,0,0
2.7,961.6,-9505.3,2924.4,2492.8,527.1,LLG,3,3,0
0.9,480.9,-475.9,4079.3,3986.8,4070.6,LLL,4,4,1
0.6,2855.5,-9450.2,1917.3,2067.0,492.2,LL,2,2,0
48.3,9514.4,-9533.5,465.9,460.8,505.2,NO,0,0,0
-2.5,954.4,-9606.3,2984.1,2607.2,491.9,LLG,3,3,0
-2.1,950.1,-9434.1,2907.4,2410.7,501.7,LLG,3,3,0
2.3,469.8,-479.4,3833.3,3983.0,3936.2,LLL,4,4,1
-1.4,474.1,-474.7,3891.3,3775.0,3973.0,LLL,4,4,1
1.1,474.1,-475.9,4219.8,4272.5,4175.8,LLL,4,4,1
-1.4,481.8,-473.9,3910.9,4201.6,3962.6,LLL,4,4,1
0.0,477.4,-475.0,3932.9,4059.2,4045.5,LLL,4,4,1
-3.5,476.3,-476.3,4228.5,4195.0,3848.0,LLL,4,4,1
-3.0,9530.5,-9552.2,2533.3,505.3,516.9,LG,1,1,0
-30.6,9580.2,-9522.6,470.4,502.9,453.1,NO,0,0,0
0.2,96.1,-95.5,4928.9,4735.6,4964.8,LLLG,5,5,1
-46.5,9499.5,-9534.5,480.4,505.7,497.2,NO,0,0,0
-4.6,479.0,-482.2,3661.5,3872.8,4124.6,LLL,4,4,1
40.1,9517.2,-9559.5,532.4,506.9,476.5,NO,0,0,0
9.1,2832.5,-9643.2,2009.0,1995.1,506.2,LL,2,2,0
57.2,9504.6,-9520.8,520.6,500.8,519.4,NO,0,0,0
3.1,471.7,-480.1,4083.4,3879.8,3919.8,LLL,4,4,1
-1.1,946.3,-9429.5,3113.8,2773.8,491.2,LLG,3,3,0
0.3,2869.7,-9551.7,2079.1,2090.6,459.8,LL,2,2,0
4.6,947.6,-9544.4,2881.5,2546.7,518.0,LLG,3,3,0
-1.9,479.6,-477.1,4100.9,3811.9,3843.3,LLL,4,4,1
-1.5,473.1,-478.3,3876.1,4372.2,4117.5,LLL,4,4,1
-7.1,954.9,-9525.7,2866.7,2466.3,492.5,LLG,3,3,0
47.8,9479.3,-9482.1,487.0,502.0,530.8,NO,0,0,0
8.6,949.4,-9487.8,3165.0,2381.0,537.2,LLG,3,3,0
4.9,9579.9,-9565.3,2501.2,531.0,511.0,LG,1,1,0
-1.0,2840.0,-9496.4,2104.0,1993.6,503.4,LL,2,2,0
4.2,2837.9,-9506.2,2089.4,2105.9,523.8,LL,2,2,0
-1.6,949.2,-9490.3,3231.0,2515.4,506.0,LLG,3,3,0
-17.4,2852.3,-9461.4,2123.1,1978.0,487.7,LL,2,2,0
-0.7,955.2,-9453.3,2956.2,2508.2,469.2,LLG,3,3,0
6.0,9503.7,-9529.4,2480.3,496.5,486.0,LG,1,1,0
-13.7,9522.5,-9504.1,502.9,531.2,476.9,NO,0,0,0
-66.9,9610.0,-9494.0,501.1,472.1,476.9,NO,0,0,0
1.3,478.2,-476.7,3959.2,3890.6,4088.4,LLL,4,4,1
16.1,9489.9,-9504.0,490.3,551.5,466.4,NO,0,0,0
1.2,955.0,-9588.2,3046.0,2529.0,493.8,LLG,3,3,0
-0.3,477.8,-477.3,4145.4,3785.1,3849.7,LLL,4,4,1
-5.4,960.6,-9512.2,2990.9,2453.9,476.6,LLG,3,3,0
-37.4,2870.5,-9469.7,1946.8,1973.6,462.7,LL,2,2,0
-2.1,9402.4,-9513.0,2454.6,483.8,504.4,LG,1,1,0
-1.1,475.4,-475.3,3781.1,3980.8,4238.4,LLL,4,4,1
-0.5,9504.3,-9550.8,2471.7,494.9,524.3,LG,1,1,0
2.0,475.2,-475.5,4100.3,3544.2,3795.0,LLL,4,4,1
1.0,474.0,-477.0,4040.3,3964.5,4019.1,LLL,4,4,1
40.1,9593.9,-9545.8,533.9,488.4,515.3,NO,0,0,0
-2.1,956.6,-9458.0,2929.1,2450.1,519.2,LLG,3,3,0
14.2,2841.7,-9508.8,2026.8,2105.2,481.4,LL,2,2,0
7.9,2856.3,-9499.3,1979.0,2116.5,476.7,LL,2,2,0
-0.1,2874.2,-9522.7,2129.0,1990.1,483.8,LL,2,2,0
27.4,9530.9,-9567.3,489.3,491.7,499.3,NO,0,0,0
-0.0,95.6,-95.5,4792.3,4913.8,4856.9,LLLG,5,5,1
1.3,481.1,-475.0,4189.1,4124.4,4117.8,LLL,4,4,1
-37.6,2850.5,-9478.4,1930.1,2003.0,484.6,LL,2,2,0
-14.7,2898.3,-9451.4,1991.4,1980.2,527.3,LL,2,2,0
10.4,2873.6,-9541.5,1958.1,2076.1,493.0,LL,2,2,0
-17.3,9413.8,-9587.8,504.3,542.9,526.1,NO,0,0,0
-5.9,481.3,-472.7,4146.6,4049.9,3898.6,LLL,4,4,1
4.8,9505.6,-9494.5,2499.9,497.4,508.0,LG,1,1,0
-9.1,2894.2,-9586.3,2195.4,1987.0,462.5,LL,2,2,0
-12.6,9469.7,-9489.4,499.1,486.4,504.7,NO,0,0,0
57.0,9550.1,-9582.5,500.6,497.3,504.7,NO,0,0,0
-0.1,9545.0,-9484.3,2492.8,511.3,496.5,LG,1,1,0
-15.0,2843.2,-9458.6,1936.3,1869.3,517.9,LL,2,2,0
-0.3,95.4,-95.8,5182.7,5284.4,4787.3,LLLG,5,5,1
10.9,9548.6,-9493.2,506.8,503.8,503.4,NO,0,0,0
-7.6,2864.3,-9502.6,1986.0,1883.5,493.7,LL,2,2,0
-76.6,9528.6,-9565.6,489.5,538.2,511.0,NO,0,0,0
-22.1,2843.7,-9527.6,1939.7,2078.0,502.8,LL,2,2,0
-43.6,9519.1,-9686.0,488.3,473.0,512.1,NO,0,0,0
97.3,9601.8,-9481.2,516.2,512.9,500.1,NO,0,0,0
-1.8,478.8,-476.0,3856.6,4038.7,4137.6,LLL,4,4,1
1.1,477.5,-474.8,4043.8,4064.1,4207.1,LLL,4,4,1
-0.1,951.2,-9573.5,3026.7,2541.1,492.2,LLG,3,3,0
0.7,475.8,-473.6,3995.7,3871.5,4142.1,LLL,4,4,1
-0.5,947.9,-9555.1,3052.2,2514.0,504.3,LLG,3,3,0
-0.8,955.3,-9555.2,2747.1,2469.9,536.4,LLG,3,3,0
8.4,9481.1,-9425.8,518.9,533.8,537.6,NO,0,0,0
-97.5,9567.4,-9542.0,492.3,483.3,521.8,NO,0,0,0
3.9,2850.1,-9505.4,1920.3,1968.8,499.2,LL,2,2,0
6.6,951.5,-9452.4,3102.6,2357.5,485.0,LLG,3,3,0
-0.2,95.6,-94.9,4487.9,5002.7,4972.9,LLLG,5,5,1
0.9,473.1,-470.5,3704.8,4021.5,4378.7,LLL,4,4,1
-3.4,949.3,-9504.9,2832.7,2376.2,488.5,LLG,3,3,0
76.8,9501.8,-9587.7,475.0,493.3,513.5,NO,0,0,0
13.2,2881.0,-9468.7,2160.6,2011.8,497.8,LL,2,2,0
-36.7,9559.8,-9399.8,513.8,481.4,490.2,NO,0,0,0
-7.6,2867.0,-9510.8,2016.5,2061.0,504.0,LL,2,2,0
-103.0,9535.3,-9560.4,506.2,509.6,480.1,NO,0,0,0
-8.0,954.2,-9526.2,2778.0,2556.5,495.3,LLG,3,3,0
13.0,9487.0,-9477.8,494.1,509.5,523.2,NO,0,0,0
-0.3,95.6,-95.5,4942.7,5065.6,4987.2,LLLG,5,5,1
7.7,9469.0,-9546.8,2398.3,488.9,541.2,LG,1,1,0
0.1,957.9,-9566.7,3120.2,2519.9,473.2,LLG,3,3,0
35.0,2842.1,-9496.2,1988.1,1930.0,477.5,LL,2,2,0
11.0,948.1,-9584.8,2895.6,2416.2,456.2,LLG,3,3,0
66.5,9404.2,-9597.2,526.9,515.6,519.6,NO,0,0,0
19.4,2844.0,-9485.1,1900.8,2021.1,498.9,LL,2,2,0
-8.7,950.6,-9545.5,2776.1,2712.9,504.8,LLG,3,3,0
1.8,476.0,-481.3,4015.2,4195.5,4141.8,LLL,4,4,1
-3.5,478.2,-473.1,4155.6,3799.9,4142.7,LLL,4,4,1
1.2,477.2,-473.3,4260.2,3838.7,3877.8,LLL,4,4,1
2.7,9561.3,-9438.5,2574.2,496.2,503.2,LG,1,1,0
-2.0,9536.7,-9484.6,2360.5,521.3,477.3,LG,1,1,0
-11.8,2819.5,-9521.9,2088.1,2008.2,495.5,LL,2,2,0
-3.9,478.7,-476.6,4125.5,4079.3,3669.2,LLL,4,4,1
-2.1,2853.5,-9473.3,1966.6,1969.9,491.3,LL,2,2,0
4.3,961.4,-9557.8,2880.1,2550.0,462.5,LLG,3,3,0
11.5,9522.6,-9455.9,491.8,492.8,524.0,NO,0,0,0
52.2,9534.6,-9463.8,513.5,492.6,518.5,NO,0,0,0
3.9,478.0,-475.4,4174.8,4023.5,4165.0,LLL,4,4,1
4.5,953.6,-9601.5,2903.6,2634.5,489.0,LLG,3,3,0
-0.9,95.7,-95.2,4823.4,4783.7,5144.9,LLLG,5,5,1
-0.6,95.9,-95.2,5134.7,4997.2,5053.7,LLLG,5,5,1
-10.4,9466.2,-9531.3,485.1,497.6,528.0,NO,0,0,0
-37.2,9573.3,-9522.4,498.5,463.8,502.7,NO,0,0,0
20.5,2824.8,-9477.4,1903.1,2117.5,507.6,LL,2,2,0
-1.7,959.7,-9430.4,3349.4,2508.7,518.5,LLG,3,3,0
-0.2,476.9,-474.3,3916.6,4010.8,4215.6,LLL,4,4,1
7.2,2841.6,-9627.1,1896.2,1869.6,490.3,LL,2,2,0
-15.5,2865.4,-9546.9,2040.4,1904.7,500.6,LL,2,2,0
5.7,9564.4,-9533.8,2355.5,494.9,489.3,LG,1,1,0
52.7,9459.7,-9476.0,495.7,504.9,488.5,NO,0,0,0
-0.9,95.7,-94.9,5080.8,4614.7,4516.3,LLLG,5,5,1
-7.5,952.6,-9539.4,2967.9,2521.7,496.3,LLG,3,3,0
1.5,478.2,-474.7,4002.4,3967.5,3791.7,LLL,4,4,1
3.9,955.5,-9518.4,3066.5,2472.1,494.0,LLG,3,3,0
0.3,479.5,-470.9,3987.5,4004.8,3958.1,LLL,4,4,1
5.8,951.3,-9501.1,3192.0,2512.0,506.1,LLG,3,3,0
0.5,479.2,-472.4,3755.9,4113.5,3753.9,LLL,4,4,1
2.4,954.0,-9603.1,2906.6,2587.6,503.0,LLG,3,3,0
-0.4,9455.9,-9553.0,2560.8,518.5,517.5,LG,1,1,0
-20.3,9509.0,-9611.8,478.3,498.1,496.3,NO,0,0,0
-0.4,478.3,-479.0,4055.7,4421.9,4135.7,LLL,4,4,1
5.9,951.8,-9541.9,2850.2,2387.5,476.1,LLG,3,3,0
-1.4,2864.7,-9553.6,1992.6,2056.6,478.0,LL,2,2,0
-1.0,470.6,-479.1,4137.6,4113.6,4087.6,LLL,4,4,1
-6.8,2848.1,-9483.9,2049.8,2034.6,541.4,LL,2,2,0
0.3,95.2,-96.0,4663.1,5038.6,5033.3,LLLG,5,5,1
2.7,947.7,-9430.3,3076.8,2375.7,514.0,LLG,3,3,0
-8.0,944.2,-9478.9,2972.8,2393.3,501.7,LLG,3,3,0
-5.5,945.4,-9479.1,3203.4,2536.1,494.4,LLG,3,3,0
1.4,957.7,-9462.5,2735.4,2452.7,503.0,LLG,3,3,0
1.1,480.2,-474.9,3908.2,3852.0,4113.9,LLL,4,4,1
22.6,9469.9,-9661.7,526.3,509.8,483.5,NO,0,0,0
1.5,9509.5,-9552.7,515.7,492.5,460.9,NO,0,0,0
10.2,964.3,-9525.6,3231.0,2403.7,516.8,LLG,3,3,0
110.1,9498.3,-9527.4,501.5,501.9,493.8,NO,0,0,0
-2.8,473.1,-478.6,3976.4,3690.4,4022.8,LLL,4,4,1
2.7,953.2,-9555.8,2929.9,2379.0,503.9,LLG,3,3,0
0.2,94.9,-95.8,5322.9,4884.9,4978.5,LLLG,5,5,1
0.5,9530.8,-9450.7,2634.4,495.8,487.2,LG,1,1,0
2.2,9498.7,-9408.8,2782.4,525.4,495.3,LG,1,1,0
2.1,480.0,-476.8,4134.9,3900.0,3848.3,LLL,4,4,1
-0.3,9561.3,-9545.9,2528.6,540.9,479.3,LG,1,1,0
9.4,953.8,-9551.4,2975.7,2245.3,540.4,LLG,3,3,0
44.0,9573.4,-9625.2,500.9,485.4,521.1,NO,0,0,0
172.2,9573.2,-9626.1,507.3,519.4,499.0,NO,0,0,0
0.0,477.6,-472.2,4051.5,4112.6,3876.7,LLL,4,4,1
0.4,95.0,-95.1,5117.7,5077.8,5147.6,LLLG,5,5,1
0.2,475.0,-477.7,3753.8,4166.4,3936.9,LLL,4,4,1
16.9,2852.9,-9504.9,2068.2,1989.2,494.6,LL,2,2,0
3.6,475.9,-475.3,3862.4,4251.6,4165.5,LLL,4,4,1
-16.4,950.2,-9555.6,2827.8,2453.5,463.6,LLG,3,3,0
-4.4,951.8,-9504.6,3071.3,2400.2,500.5,LLG,3,3,0
-2.6,9587.9,-9462.6,511.1,495.2,536.2,NO,0,0,0
-6.6,9531.2,-9468.0,513.2,498.7,492.0,NO,0,0,0
1.8,951.0,-9516.2,3026.0,2402.0,500.7,LLG,3,3,0
-2.4,9591.5,-9579.4,2693.8,497.4,498.1,LG,1,1,0
-50.6,9485.4,-9490.4,506.9,498.1,508.8,NO,0,0,0
3.7,477.6,-472.5,4061.5,4074.6,3857.4,LLL,4,4,1
2.2,478.0,-478.7,3933.4,4120.4,4154.3,LLL,4,4,1
-18.9,9541.2,-9517.4,518.4,478.7,527.0,NO,0,0,0
3.1,9542.4,-9565.7,2444.8,480.3,503.8,LG,1,1,0
0.4,95.1,-94.9,4862.4,4786.6,4837.0,LLLG,5,5,1
109.5,9542.7,-9561.9,472.4,483.1,450.6,NO,0,0,0
-18.2,9537.8,-9556.6,470.2,508.1,509.1,NO,0,0,0
0.3,9572.1,-9535.5,2568.2,519.0,494.9,LG,1,1,0
-2.2,474.4,-473.4,3914.6,3761.2,3909.3,LLL,4,4,1
3.6,479.2,-474.1,4078.1,3947.5,3964.6,LLL,4,4,1
8.6,9509.5,-9470.6,498.4,498.0,524.0,NO,0,0,0
101.7,9520.7,-9474.5,490.8,506.6,495.2,NO,0,0,0
0.5,94.6,-96.5,5327.8,5134.3,5085.2,LLLG,5,5,1
72.0,9427.2,-9547.8,529.7,497.6,481.6,NO,0,0,0
-0.4,94.8,-95.1,4955.4,4905.6,5108.5,LLLG,5,5,1
-0.9,2856.1,-9507.8,2045.1,1976.0,491.7,LL,2,2,0
0.2,95.2,-94.3,4725.7,5102.0,4471.6,LLLG,5,5,1
3.8,948.8,-9496.0,2830.6,2490.4,511.9,LLG,3,3,0
2.7,475.6,-475.6,3989.8,4125.9,4188.1,LLL,4,4,1
0.4,94.9,-95.2,4888.7,5301.6,5142.8,LLLG,5,5,1
-69.0,9536.2,-9546.1,510.5,468.6,479.1,NO,0,0,0
2.4,956.9,-9548.2,3135.8,2565.7,514.1,LLG,3,3,0
5.5,948.9,-9506.6,3034.2,2470.1,508.4,LLG,3,3,0
108.7,9481.4,-9499.2,480.1,516.8,473.2,NO,0,0,0
-0.1,952.1,-9446.0,3074.8,2341.1,483.2,LLG,3,3,0
32.2,9503.0,-9663.7,482.7,505.1,512.5,NO,0,0,0
-8.5,2849.2,-9445.9,2035.0,1906.7,494.0,LL,2,2,0
67.4,9558.8,-9491.7,503.3,499.0,521.3,NO,0,0,0
7.2,9529.0,-9576.0,2450.0,473.6,535.4,LG,1,1,0
-45.2,9514.7,-9556.3,513.5,463.8,489.5,NO,0,0,0
-1.5,474.6,-477.5,4087.0,4097.2,4189.6,LLL,4,4,1
8.2,2850.1,-9437.7,1976.0,1986.2,543.0,LL,2,2,0
1.9,474.1,-476.8,4088.9,4143.2,4151.1,LLL,4,4,1
-18.5,2852.8,-9552.5,1895.4,2094.2,498.9,LL,2,2,0
52.9,9488.8,-9565.7,503.0,510.0,508.7,NO,0,0,0
3.3,476.5,-480.1,3952.6,4070.6,4370.0,LLL,4,4,1
-3.9,475.0,-471.8,4305.3,4010.9,4085.2,LLL,4,4,1
-10.1,945.9,-9547.5,2792.7,2303.9,555.0,LLG,3,3,0
-12.0,2871.1,-9524.8,1960.1,2026.0,510.8,LL,2,2,0
8.0,2865.4,-9446.0,1878.2,1965.4,482.1,LL,2,2,0
-3.5,9626.0,-9545.2,2232.8,468.0,521.3,LG,1,1,0
-25.8,9484.5,-9535.0,491.2,525.7,473.9,NO,0,0,0
0.7,474.9,-479.2,4033.5,3826.3,3718.2,LLL,4,4,1
-3.1,952.8,-9526.8,3105.7,2467.8,481.6,LLG,3,3,0
4.2,2850.0,-9525.8,2124.8,1937.1,490.6,LL,2,2,0
1.2,478.5,-477.7,3934.3,4106.5,4104.0,LLL,4,4,1
1.5,9499.7,-9450.9,2313.1,506.6,527.0,LG,1,1,0
3.6,2865.9,-9450.8,2017.4,2078.5,510.5,LL,2,2,0
-4.1,2838.1,-9434.8,1835.7,1949.3,505.2,LL,2,2,0
-65.5,9579.9,-9526.2,498.6,503.7,521.1,NO,0,0,0
7.4,9508.0,-9520.7,2284.9,514.9,465.6,LG,1,1,0
-16.7,2839.5,-9575.7,2181.2,1965.3,479.8,LL,2,2,0
42.8,9496.6,-9552.8,456.3,485.8,534.5,NO,0,0,0
-3.5,951.0,-9544.2,3102.9,2342.9,528.9,LLG,3,3,0
-11.3,2858.4,-9547.7,2029.2,2005.3,482.3,LL,2,2,0
-0.3,95.0,-95.2,5146.7,4747.2,4976.0,LLLG,5,5,1
-1.7,476.0,-474.4,3789.3,4022.4,4291.0,LLL,4,4,1
-102.8,9533.6,-9522.9,493.6,501.6,503.8,NO,0,0,0
3.8,959.1,-9535.5,3042.7,2612.8,518.1,LLG,3,3,0
-8.3,2846.2,-9522.9,1985.3,1956.4,542.3,LL,2,2,0
3.1,941.8,-9582.6,2782.6,2451.6,494.7,LLG,3,3,0
6.7,2862.9,-9623.2,1971.8,1950.7,506.0,LL,2,2,0
35.0,2842.6,-9466.3,1882.7,2048.2,522.6,LL,2,2,0
-2.2,476.4,-476.8,3732.8,4056.4,4067.4,LLL,4,4,1
-11.2,9576.2,-9442.4,475.3,459.0,509.5,NO,0,0,0
31.3,9538.8,-9489.4,478.3,485.2,524.0,NO,0,0,0
-4.7,2833.2,-9469.2,1947.3,1984.8,513.5,LL,2,2,0
3.7,959.2,-9540.7,2835.6,2562.8,494.4,LLG,3,3,0
-0.1,95.3,-94.6,5120.7,5205.0,5173.9,LLLG,5,5,1
6.2,2848.2,-9526.6,1967.2,1991.1,527.5,LL,2,2,0
-29.7,9511.1,-9444.4,503.6,538.9,462.6,NO,0,0,0
3.9,9539.1,-9576.7,2430.3,514.7,514.8,LG,1,1,0
105.3,9475.0,-9538.8,485.3,500.7,503.3,NO,0,0,0
-27.1,9510.0,-9472.8,528.4,499.3,506.4,NO,0,0,0
7.1,955.7,-9547.8,3099.7,2467.6,544.4,LLG,3,3,0
-17.3,9470.6,-9476.9,503.0,484.8,484.8,NO,0,0,0
6.0,959.8,-9488.7,2920.2,2422.8,563.0,LLG,3,3,0
51.3,9540.3,-9502.0,505.9,477.3,481.5,NO,0,0,0
0.3,95.7,-95.0,5340.9,5134.1,4858.2,LLLG,5,5,1
-0.2,95.6,-95.9,5180.6,4956.6,5013.2,LLLG,5,5,1
-1.7,957.3,-9454.5,2974.5,2546.0,471.2,LLG,3,3,0
2.0,477.4,-476.4,4101.9,3876.5,3881.4,LLL,4,4,1
1.6,473.9,-474.4,3899.5,4178.9,3979.4,LLL,4,4,1
1.7,480.1,-475.3,3933.8,3864.7,3540.1,LLL,4,4,1
-0.3,473.4,-473.2,3998.3,3855.6,3848.9,LLL,4,4,1
-13.8,9563.0,-9559.3,506.3,488.8,439.9,NO,0,0,0
-0.3,95.1,-94.8,4855.9,5014.2,4984.2,LLLG,5,5,1
51.7,9627.7,-9514.9,542.5,469.8,498.8,NO,0,0,0
-19.9,9633.3,-9543.6,494.3,519.4,508.6,NO,0,0,0
2.3,955.6,-9534.1,3148.0,2503.4,478.9,LLG,3,3,0
-0.7,953.1,-9456.5,3183.6,2667.5,511.4,LLG,3,3,0
-0.1,2842.6,-9560.1,2020.8,1919.2,481.4,LL,2,2,0
-0.3,476.1,-470.8,3920.4,3923.8,3877.8,LLL,4,4,1
0.8,477.9,-479.6,4009.3,3993.6,3750.1,LLL,4,4,1
-0.1,473.7,-479.7,4067.1,3850.7,4153.5,LLL,4,4,1
-1.6,9518.4,-9599.4,2607.2,526.9,499.3,LG,1,1,0
11.6,9495.1,-9362.9,2667.1,519.1,498.9,LG,1,1,0
3.1,2846.7,-9556.6,2053.8,1884.1,490.0,LL,2,2,0
-2.1,479.3,-475.1,4167.1,4074.9,4083.8,LLL,4,4,1
1.0,938.9,-9486.8,2815.3,2462.7,470.3,LLG,3,3,0
100.3,9502.6,-9529.0,509.8,512.8,458.5,NO,0,0,0
-1.4,954.1,-9562.0,2996.0,2577.5,492.8,LLG,3,3,0
-0.1,95.3,-95.9,5061.3,5361.7,5026.0,LLLG,5,5,1
20.5,9602.3,-9550.0,508.0,438.4,479.6,NO,0,0,0
0.3,957.1,-9602.2,3108.7,2455.3,516.9,LLG,3,3,0
-58.8,9530.5,-9522.8,517.8,489.1,502.5,NO,0,0,0
61.7,9512.8,-9469.7,501.4,465.4,504.7,NO,0,0,0
-3.4,9477.7,-9507.3,2532.1,475.0,510.3,LG,1,1,0
16.7,2852.9,-9389.0,1978.9,2144.7,525.8,LL,2,2,0
34.8,9521.5,-9484.8,495.8,500.5,511.6,NO,0,0,0
4.3,9620.4,-9548.9,2541.3,513.3,459.0,LG,1,1,0
0.6,473.4,-473.8,4008.0,4176.3,4395.8,LLL,4,4,1
8.6,953.2,-9433.1,3071.8,2485.4,522.8,LLG,3,3,0
25.4,2866.6,-9505.4,2026.5,2031.5,505.9,LL,2,2,0
-0.9,475.6,-471.6,4183.9,3922.4,3980.5,LLL,4,4,1
0.3,470.3,-475.8,3928.3,3833.3,4218.3,LLL,4,4,1
4.7,955.1,-9485.9,2954.3,2619.9,496.2,LLG,3,3,0
-34.9,9536.4,-9474.0,520.8,506.6,509.6,NO,0,0,0
46.7,9559.8,-9504.7,534.7,472.4,511.5,NO,0,0,0
81.4,9499.1,-9593.7,500.3,531.7,519.5,NO,0,0,0
4.0,958.8,-9583.0,2876.3,2434.9,493.9,LLG,3,3,0
-17.6,9585.2,-9409.2,485.8,497.5,491.2,NO,0,0,0
-6.8,2874.9,-9559.6,1853.7,1945.2,490.8,LL,2,2,0
-4.0,949.5,-9529.2,2823.0,2427.9,468.7,LLG,3,3,0
-0.3,944.8,-9523.0,3039.1,2577.1,481.0,LLG,3,3,0
2.7,476.5,-480.1,3748.2,4025.8,3920.9,LLL,4,4,1
10.0,954.2,-9574.7,2895.3,2398.4,524.4,LLG,3,3,0
-7.0,9520.4,-9567.8,2425.6,517.5,502.4,LG,1,1,0
3.5,475.4,-476.7,4168.0,4127.5,3849.9,LLL,4,4,1
-6.6,2887.0,-9515.9,1934.1,1909.1,523.1,LL,2,2,0
4.1,2865.2,-9581.6,2185.7,2035.8,504.0,LL,2,2,0
0.3,481.0,-477.2,4204.0,3967.2,3894.1,LLL,4,4,1
2.6,950.9,-9539.3,3125.0,2532.9,515.1,LLG,3,3,0
-62.9,9543.1,-9535.8,499.4,506.6,534.2,NO,0,0,0
-43.5,9488.1,-9505.6,466.2,498.6,500.7,NO,0,0,0
-1.8,956.7,-9557.2,2802.5,2567.1,497.0,LLG,3,3,0
6.1,9454.0,-9656.4,2562.3,484.1,508.0,LG,1,1,0
-72.7,9537.4,-9516.0,498.7,471.3,526.6,NO,0,0,0
-48.6,9466.1,-9449.3,498.6,458.0,490.3,NO,0,0,0
-0.9,472.7,-476.4,3720.9,3882.4,4053.8,LLL,4,4,1
-22.6,2865.1,-9514.4,2079.1,2131.8,514.7,LL,2,2,0
-107.0,9554.1,-9499.3,469.7,498.9,501.9,NO,0,0,0
11.9,9480.2,-9629.6,2413.1,491.5,482.7,LG,1,1,0
-10.7,2847.3,-9596.0,2009.1,2040.0,502.8,LL,2,2,0
2.2,949.8,-9555.0,3109.6,2440.3,501.3,LLG,3,3,0
-4.0,945.2,-9574.5,3056.9,2648.5,480.0,LLG,3,3,0
0.2,96.2,-95.2,4834.5,4968.7,4799.7,LLLG,5,5,1
2.7,9528.9,-9521.1,2448.3,513.7,490.7,LG,1,1,0
0.9,470.8,-475.7,4303.9,4294.8,3861.5,LLL,4,4,1
-4.4,949.8,-9467.1,3071.9,2512.4,488.4,LLG,3,3,0
0.8,471.9,-473.4,3825.3,4244.3,4095.1,LLL,4,4,1
33.3,9548.1,-9639.8,544.5,513.2,519.0,NO,0,0,0
4.9,478.9,-479.6,3844.2,3975.3,3953.9,LLL,4,4,1
-30.0,9483.8,-9536.2,520.2,465.5,484.3,NO,0,0,0
0.7,94.5,-95.1,5393.4,5074.7,5071.1,LLLG,5,5,1
3.2,950.8,-9502.0,2838.6,2497.3,502.2,LLG,3,3,0
-0.0,95.9,-95.7,5041.8,4594.9,4844.2,LLLG,5,5,1
97.0,9517.0,-9568.4,527.9,502.5,481.6,NO,0,0,0
-4.5,474.0,-475.0,4217.5,4102.3,4092.2,LLL,4,4,1
2.8,474.7,-479.0,4192.4,4320.8,3949.7,LLL,4,4,1
4.3,2861.7,-9487.0,1936.1,1902.6,483.1,LL,2,2,0
-22.0,2888.7,-9539.4,1886.8,2024.4,506.4,LL,2,2,0
-90.1,9494.4,-9557.8,520.3,493.3,492.7,NO,0,0,0
-0.0,95.5,-95.7,4854.7,5045.4,4537.8,LLLG,5,5,1
5.1,9543.9,-9516.8,2583.9,525.7,485.0,LG,1,1,0
-1.9,958.1,-9502.4,3059.2,2411.9,520.5,LLG,3,3,0
3.4,473.2,-479.4,3885.7,4027.5,4178.9,LLL,4,4,1
-0.0,95.0,-94.9,4928.3,5271.3,5163.9,LLLG,5,5,1
-6.4,9459.3,-9578.2,2456.2,497.1,493.9,LG,1,1,0
53.4,9479.0,-9481.5,516.3,482.9,508.6,NO,0,0,0
-42.6,9424.5,-9473.4,523.8,493.5,500.7,NO,0,0,0
-0.2,95.4,-95.0,5314.8,5238.2,4804.8,LLLG,5,5,1
-12.2,9514.7,-9589.7,488.0,492.5,521.7,NO,0,0,0
-7.4,2863.7,-9544.5,2058.4,1993.4,508.1,LL,2,2,0
3.5,954.7,-9557.5,3106.9,2471.6,484.2,LLG,3,3,0
7.6,950.1,-9575.8,2858.8,2481.1,532.1,LLG,3,3,0
-23.2,9458.5,-9608.7,492.7,553.0,517.6,NO,0,0,0
59.5,9494.2,-9630.7,491.0,477.1,517.6,NO,0,0,0
8.7,9625.8,-9564.4,497.2,521.8,515.2,NO,0,0,0
1.8,475.9,-474.9,4309.3,3796.3,3843.7,LLL,4,4,1
60.2,9587.0,-9538.6,506.7,491.6,490.3,NO,0,0,0
-126.6,9529.3,-9555.4,511.3,492.8,508.1,NO,0,0,0
0.1,94.7,-94.4,4857.7,5034.1,4928.0,LLLG,5,5,1
4.4,2855.0,-9490.9,1908.2,1861.1,462.0,LL,2,2,0
-8.6,2836.7,-9613.8,2102.9,2047.0,518.4,LL,2,2,0
0.2,94.1,-95.5,5001.7,4766.3,5006.5,LLLG,5,5,1
-17.1,9595.8,-9575.8,513.8,500.4,516.9,NO,0,0,0
-55.4,9475.5,-9553.0,513.0,470.0,474.7,NO,0,0,0
-3.0,484.7,-471.6,3750.3,4090.7,3782.4,LLL,4,4,1
-1.2,478.6,-475.0,3634.0,3981.1,3803.7,LLL,4,4,1
15.4,9444.4,-9520.1,486.1,483.6,479.5,NO,0,0,0
-85.5,9547.7,-9497.5,509.0,508.9,537.0,NO,0,0,0
12.8,954.6,-9478.7,3148.3,2670.2,510.5,LLG,3,3,0
-79.6,9568.7,-9504.9,477.3,490.4,498.4,NO,0,0,0
7.2,9646.2,-9458.8,486.6,547.6,504.1,NO,0,0,0
8.1,954.7,-9460.3,3090.5,2664.3,550.1,LLG,3,3,0
50.9,9497.5,-9533.8,493.2,471.5,497.0,NO,0,0,0
-0.4,475.4,-475.3,4034.9,3953.0,4216.3,LLL,4,4,1
-0.7,96.1,-95.3,5491.8,4921.0,4709.5,LLLG,5,5,1
51.8,9484.5,-9670.0,479.5,496.0,515.3,NO,0,0,0
1.5,959.6,-9496.3,3097.6,2502.9,491.2,LLG,3,3,0
-13.0,2855.4,-9565.4,2082.4,1929.3,487.2,LL,2,2,0
1.7,477.6,-476.7,3890.1,4236.6,3824.2,LLL,4,4,1
-0.1,959.3,-9497.0,2883.5,2589.4,477.3,LLG,3,3,0
5.4,9457.5,-9591.8,2521.4,524.6,447.0,LG,1,1,0
-18.5,9572.0,-9480.6,517.9,490.7,526.3,NO,0,0,0
-76.7,9593.2,-9490.6,487.7,486.6,507.0,NO,0,0,0
0.1,947.3,-9472.6,3119.8,2325.5,485.9,LLG,3,3,0
-1.1,474.8,-473.2,3786.2,3962.7,4123.8,LLL,4,4,1
-36.5,9507.9,-9576.1,454.5,514.0,498.3,NO,0,0,0
10.0,9478.6,-9556.9,543.1,518.0,472.4,NO,0,0,0
-18.1,9464.2,-9578.8,519.6,495.7,529.3,NO,0,0,0
96.9,9447.6,-9551.9,523.0,498.8,499.6,NO,0,0,0
-6.6,9465.4,-9476.2,2518.9,517.2,489.7,LG,1,1,0
61.6,9568.4,-9552.6,529.2,487.5,505.3,NO,0,0,0
16.3,9478.4,-9482.6,517.3,455.7,462.2,NO,0,0,0
34.1,9523.4,-9621.7,483.8,490.4,495.2,NO,0,0,0
-0.3,94.8,-96.2,5434.7,5357.7,4770.9,LLLG,5,5,1
-59.7,9485.1,-9498.7,517.4,490.1,488.9,NO,0,0,0
-0.0,956.4,-9585.9,3049.7,2649.4,484.2,LLG,3,3,0
-5.0,9604.4,-9485.5,2490.2,507.1,509.6,LG,1,1,0
67.6,9489.9,-9554.7,520.3,488.5,486.6,NO,0,0,0
32.4,9549.6,-9536.5,489.3,515.2,528.2,NO,0,0,0
16.6,2843.4,-9492.4,1944.4,1984.3,477.2,LL,2,2,0
3.3,9489.0,-9463.3,516.5,503.8,527.1,NO,0,0,0
1.0,478.7,-473.9,3796.8,4252.9,4405.9,LLL,4,4,1
1.3,477.8,-479.8,4004.1,3913.6,4036.9,LLL,4,4,1
3.6,9490.8,-9435.6,488.7,489.1,513.4,NO,0,0,0
0.7,475.0,-472.8,4059.6,3894.3,3930.0,LLL,4,4,1
2.5,479.6,-475.9,3766.1,4080.6,4054.3,LLL,4,4,1
35.9,9546.6,-9472.9,506.5,515.9,546.0,NO,0,0,0
-0.9,478.8,-474.7,4088.7,3874.6,4146.5,LLL,4,4,1
-5.1,952.2,-9533.7,2834.9,2511.5,477.6,LLG,3,3,0
12.5,2839.2,-9575.5,1912.0,1928.7,523.8,LL,2,2,0
-0.4,961.2,-9544.3,3048.3,2647.9,479.4,LLG,3,3,0
-0.2,95.1,-95.2,4953.1,5085.3,4492.3,LLLG,5,5,1
-6.4,9598.3,-9536.7,2542.1,551.0,524.7,LG,1,1,0
-4.3,477.9,-472.9,4161.2,4226.8,3931.7,LLL,4,4,1
-0.2,475.2,-477.5,4168.4,4055.5,3868.7,LLL,4,4,1
28.4,9489.2,-9545.8,543.5,497.0,497.7,NO,0,0,0
34.6,9564.7,-9540.2,496.4,506.2,500.1,NO,0,0,0
0.9,95.2,-95.8,4935.0,4847.6,5067.5,LLLG,5,5,1
1.2,95.6,-94.8,4668.5,5139.4,5463.7,LLLG,5,5,1
-0.8,9538.9,-9572.0,2478.6,519.2,492.0,LG,1,1,0
-8.3,2819.4,-9466.8,1854.9,2128.1,494.2,LL,2,2,0
-0.8,9484.0,-9517.7,2677.9,520.1,502.2,LG,1,1,0
0.1,95.2,-95.1,4973.2,5340.7,5063.6,LLLG,5,5,1
-9.7,9616.8,-9546.8,2466.1,497.2,511.3,LG,1,1,0
-8.7,2884.3,-9521.2,1906.3,1981.0,512.6,LL,2,2,0
65.3,9566.0,-9502.6,486.8,481.4,490.1,NO,0,0,0
-0.3,473.6,-477.5,4097.6,3942.3,4307.5,LLL,4,4,1
1.7,2864.3,-9493.9,1958.4,2107.4,557.9,LL,2,2,0
7.2,2862.3,-9497.9,2138.4,1803.5,476.9,LL,2,2,0
16.3,9595.7,-9661.6,470.7,481.4,454.2,NO,0,0,0
2.0,9469.9,-9489.6,2621.0,508.0,496.9,LG,1,1,0
33.9,9507.9,-9510.8,535.0,489.6,495.7,NO,0,0,0
28.9,9448.3,-9533.4,452.7,530.0,487.3,NO,0,0,0
-0.4,479.0,-473.7,4010.6,3895.0,4062.3,LLL,4,4,1
3.1,475.1,-477.5,3930.8,3907.3,3920.3,LLL,4,4,1
2.3,9537.4,-9609.3,2570.5,518.2,486.1,LG,1,1,0
-24.6,9393.0,-9488.2,510.7,495.2,506.0,NO,0,0,0
6.9,959.0,-9487.5,3041.0,2717.0,503.9,LLG,3,3,0
3.7,950.9,-9605.1,3017.4,2463.9,476.8,LLG,3,3,0
5.2,9458.4,-9596.4,2355.2,489.9,482.5,LG,1,1,0
-20.6,2858.3,-9525.7,2112.4,2010.1,502.6,LL,2,2,0
1.4,9551.6,-9583.3,2374.5,504.3,496.3,LG,1,1,0
4.9,476.5,-470.1,4104.4,3808.4,3832.0,LLL,4,4,1
-0.7,481.2,-476.0,3740.9,3788.2,3866.5,LLL,4,4,1
-2.3,473.3,-475.9,3968.5,4109.8,3675.2,LLL,4,4,1
-0.5,946.7,-9486.0,2929.7,2499.3,554.5,LLG,3,3,0
-18.4,9487.7,-9519.8,486.6,481.8,503.0,NO,0,0,0
35.0,9560.9,-9517.0,528.9,514.5,475.0,NO,0,0,0
-1.9,2829.9,-9426.1,2020.0,2139.7,506.3,LL,2,2,0
-8.5,2869.7,-9507.6,1970.1,1826.6,485.5,LL,2,2,0
-2.1,477.7,-480.8,3912.3,4210.8,4299.6,LLL,4,4,1
4.3,473.4,-474.7,3690.9,4069.4,3868.3,LLL,4,4,1
-5.4,9435.6,-9599.3,2541.3,479.8,503.4,LG,1,1,0
49.4,9540.3,-9451.0,492.4,504.4,525.0,NO,0,0,0
-1.4,470.8,-476.6,4013.0,3925.3,3882.9,LLL,4,4,1
1.5,475.3,-480.5,4111.6,4079.1,4045.1,LLL,4,4,1
-7.9,9503.8,-9533.6,2516.8,536.0,493.7,LG,1,1,0
2.5,963.4,-9492.7,3062.9,2403.9,508.0,LLG,3,3,0
0.6,95.9,-94.1,5083.5,5084.6,5033.7,LLLG,5,5,1
-8.5,9471.5,-9612.0,513.5,467.8,477.2,NO,0,0,0
2.9,9465.8,-9492.2,2442.0,489.1,525.1,LG,1,1,0
4.5,477.1,-475.9,3985.0,3647.6,3969.2,LLL,4,4,1
-1.7,947.4,-9551.4,2938.3,2627.0,513.2,LLG,3,3,0
-28.7,9431.5,-9572.5,490.6,497.0,494.4,NO,0,0,0
136.6,9595.5,-9508.3,514.9,468.2,465.8,NO,0,0,0
-1.5,2838.0,-9504.5,1976.0,2000.9,519.2,LL,2,2,0
1.4,473.8,-468.8,4061.4,3809.1,4112.9,LLL,4,4,1
63.3,9516.2,-9488.4,478.4,490.9,503.7,NO,0,0,0
-35.7,9485.3,-9596.1,480.5,480.9,487.4,NO,0,0,0
22.5,9528.7,-9520.7,508.8,526.6,505.1,NO,0,0,0
-5.2,9530.4,-9534.8,2518.2,500.6,490.3,LG,1,1,0
-1.3,479.4,-473.8,4071.1,4061.6,3962.7,LLL,4,4,1
28.3,2883.1,-9576.2,2101.1,2037.4,475.6,LL,2,2,0
6.9,952.0,-9489.4,2948.4,2526.4,527.6,LLG,3,3,0
0.7,473.4,-474.3,4170.4,4143.2,4141.4,LLL,4,4,1
5.2,9547.5,-9534.9,495.9,500.2,528.6,NO,0,0,0
12.0,9492.2,-9548.3,519.9,549.2,448.0,NO,0,0,0
9.4,955.1,-9496.7,3002.3,2536.4,541.9,LLG,3,3,0
41.4,9583.1,-9479.3,481.8,515.8,518.3,NO,0,0,0
-3.8,477.7,-476.6,4145.8,3873.2,4023.2,LLL,4,4,1
-1.6,9510.7,-9513.6,2471.3,500.3,490.6,LG,1,1,0
0.4,94.5,-95.2,5071.6,4770.9,4722.5,LLLG,5,5,1
1.0,957.9,-9457.5,2884.3,2444.7,528.0,LLG,3,3,0
-1.2,472.4,-477.6,4053.5,3972.5,4144.8,LLL,4,4,1
-60.0,9613.1,-9642.0,499.7,498.2,472.1,NO,0,0,0
0.4,95.3,-94.9,4949.8,4869.3,4924.0,LLLG,5,5,1
29.5,9570.8,-9527.1,520.6,492.2,509.5,NO,0,0,0
-21.1,9679.3,-9557.6,499.6,487.1,507.8,NO,0,0,0
-0.3,95.1,-95.2,4805.1,5114.3,4852.9,LLLG,5,5,1
-0.7,959.1,-9562.8,2961.1,2531.9,480.9,LLG,3,3,0
-4.8,9531.3,-9489.5,2557.9,498.8,517.4,LG,1,1,0
0.4,95.0,-95.8,4898.8,4943.5,5108.4,LLLG,5,5,1
-58.7,9534.3,-9430.1,494.9,494.5,488.2,NO,0,0,0
-22.3,9445.2,-9516.1,497.4,511.3,510.9,NO,0,0,0
0.2,9582.4,-9480.8,2460.6,507.7,493.1,LG,1,1,0
-22.5,9532.3,-9579.6,512.0,536.5,496.3,NO,0,0,0
-6.3,9486.8,-9513.1,2420.1,537.2,491.9,LG,1,1,0
-1.2,946.4,-9485.1,2972.6,2441.6,504.5,LLG,3,3,0
1.2,477.6,-477.9,4246.7,3966.5,4007.0,LLL,4,4,1
-56.4,9541.9,-9498.5,509.1,526.8,495.5,NO,0,0,0
0.7,9565.8,-9536.5,2536.0,489.3,470.7,LG,1,1,0
1.1,2881.6,-9540.2,2008.8,1942.7,499.1,LL,2,2,0
18.0,2858.4,-9429.0,1954.5,2196.3,470.4,LL,2,2,0
-4.3,2875.0,-9485.3,1997.7,1942.5,528.9,LL,2,2,0
-9.3,951.2,-9524.1,3072.4,2541.3,512.3,LLG,3,3,0
-7.5,9452.4,-9478.2,523.8,451.2,503.0,NO,0,0,0
-15.6,9487.3,-9495.1,525.5,487.8,518.1,NO,0,0,0
-16.5,2855.2,-9553.2,1999.1,1791.3,496.8,LL,2,2,0
16.1,9474.2,-9589.4,474.5,488.4,509.9,NO,0,0,0
-0.3,95.6,-95.2,4756.9,4918.2,5147.9,LLLG,5,5,1
102.5,9480.6,-9596.5,529.3,515.1,521.5,NO,0,0,0
-48.9,9458.9,-9466.9,503.1,505.0,504.8,NO,0,0,0
0.9,957.2,-9591.5,3053.5,2568.7,476.0,LLG,3,3,0
44.7,9512.2,-9509.1,496.0,509.1,519.3,NO,0,0,0
-4.6,9492.1,-9506.2,2442.6,495.5,484.8,LG,1,1,0
43.1,9448.0,-9584.4,500.4,454.1,481.8,NO,0,0,0
-2.8,956.4,-9462.3,2957.6,2406.0,497.6,LLG,3,3,0
-56.7,9542.4,-9524.1,500.6,495.0,512.5,NO,0,0,0
28.0,9548.4,-9556.8,495.1,490.5,504.5,NO,0,0,0
1.9,9501.8,-9582.4,476.0,527.0,506.6,NO,0,0,0
22.2,9533.1,-9572.6,550.4,508.2,506.2,NO,0,0,0
33.1,9522.1,-9561.1,521.9,481.2,468.5,NO,0,0,0
5.5,2841.8,-9535.3,1869.4,1936.7,507.7,LL,2,2,0
3.8,9560.6,-9578.4,2450.3,494.1,526.8,LG,1,1,0
2.8,952.6,-9531.8,2735.1,2539.2,497.6,LLG,3,3,0
70.4,9531.0,-9602.9,462.7,473.0,493.1,NO,0,0,0
-1.9,473.2,-474.7,4039.0,3904.8,3983.2,LLL,4,4,1
42.2,9635.3,-9542.6,527.8,557.3,537.9,NO,0,0,0
-1.0,9538.0,-9504.9,2482.8,496.5,503.7,LG,1,1,0
10.3,9556.8,-9534.0,2440.1,493.9,480.1,LG,1,1,0
-4.3,9516.6,-9522.6,2455.0,488.8,519.1,LG,1,1,0
-1.2,474.7,-479.4,3988.5,3631.0,3901.9,LLL,4,4,1
3.4,476.5,-473.6,4276.5,4143.7,3877.4,LLL,4,4,1
3.3,9463.3,-9463.3,2550.9,515.9,491.4,LG,1,1,0
-3.3,2840.9,-9528.0,2087.6,2119.6,532.3,LL,2,2,0
3.5,475.2,-474.6,4263.8,3952.7,3785.4,LLL,4,4,1
-1.9,953.6,-9556.6,2918.0,2435.3,502.2,LLG,3,3,0
-0.5,94.6,-95.5,4958.5,4960.9,4658.2,LLLG,5,5,1
-0.5,479.9,-472.3,3841.6,3836.6,3961.1,LLL,4,4,1
15.8,9609.4,-9447.7,488.7,519.6,489.4,NO,0,0,0
-6.7,954.8,-9544.3,2924.8,2434.3,509.7,LLG,3,3,0
5.1,952.4,-9580.7,3001.1,2504.4,508.0,LLG,3,3,0
0.0,95.7,-96.3,5129.0,5113.4,5069.8,LLLG,5,5,1
-0.7,2867.0,-9576.3,1858.3,2012.1,505.9,LL,2,2,0
29.2,9622.8,-9510.3,498.9,538.4,481.1,NO,0,0,0
3.5,9545.9,-9485.7,501.0,482.3,537.8,NO,0,0,0
-3.0,480.7,-480.7,3898.4,3986.7,3917.2,LLL,4,4,1
4.2,2851.3,-9516.1,1903.7,1975.3,460.7,LL,2,2,0
6.4,9531.1,-9463.3,520.0,495.2,523.7,NO,0,0,0
0.4,95.9,-95.7,5073.6,5454.7,5057.1,LLLG,5,5,1
-0.6,95.4,-95.7,4970.6,5380.1,4841.8,LLLG,5,5,1
-0.3,94.6,-94.8,5129.4,4896.9,5138.1,LLLG,5,5,1
1.3,958.2,-9541.8,3125.4,2551.5,499.0,LLG,3,3,0
1.2,9515.3,-9570.5,504.6,481.5,530.9,NO,0,0,0
-10.5,956.2,-9570.5,3176.0,2430.2,486.8,LLG,3,3,0
57.8,9409.1,-9538.7,506.3,457.9,495.6,NO,0,0,0
3.4,470.6,-478.7,3893.7,4063.8,3825.9,LLL,4,4,1
-20.6,9552.1,-9568.9,507.8,502.2,502.1,NO,0,0,0
-1.0,95.5,-96.0,4949.5,4898.6,5042.6,LLLG,5,5,1
0.2,95.6,-95.6,5041.3,4957.2,4779.6,LLLG,5,5,1
4.5,953.9,-9472.6,3090.0,2343.1,501.0,LLG,3,3,0
-22.5,9548.8,-9481.3,513.6,508.6,502.9,NO,0,0,0
-0.4,955.5,-9534.6,2974.2,2363.5,503.3,LLG,3,3,0
-7.7,2859.0,-9541.6,2118.4,2043.0,537.8,LL,2,2,0
-10.7,9483.5,-9529.6,507.7,511.6,478.9,NO,0,0,0
-6.8,943.7,-9568.2,3209.5,2554.3,518.7,LLG,3,3,0
4.8,479.6,-476.7,4129.3,4054.1,4070.7,LLL,4,4,1
-6.4,2855.5,-9537.2,1881.9,2054.3,477.3,LL,2,2,0
-22.0,9460.9,-9600.4,505.9,510.7,506.7,NO,0,0,0
-0.5,95.8,-94.3,5081.9,5204.8,5302.3,LLLG,5,5,1
-29.9,9496.7,-9609.9,469.6,474.4,529.3,NO,0,0,0
3.6,476.2,-477.7,3949.9,4069.9,4069.5,LLL,4,4,1
-8.0,955.6,-9491.7,3106.7,2680.5,476.7,LLG,3,3,0
-0.3,477.1,-476.3,3827.2,3896.7,4115.1,LLL,4,4,1
-1.1,95.3,-95.0,5305.8,5055.1,4922.4,LLLG,5,5,1
20.8,9480.8,-9546.9,515.7,522.8,505.1,NO,0,0,0
-95.1,9591.4,-9557.6,501.7,479.6,474.1,NO,0,0,0
0.5,94.9,-96.0,5229.0,5382.7,5135.3,LLLG,5,5,1
-1.6,2880.5,-9547.3,1895.1,1991.6,504.7,LL,2,2,0
3.0,470.1,-476.5,4340.0,4099.9,3916.6,LLL,4,4,1
1.6,474.8,-477.5,4239.3,3972.4,4022.0,LLL,4,4,1
-0.8,476.6,-476.4,3900.2,3798.1,4486.0,LLL,4,4,1
-0.7,475.8,-476.3,3863.7,4087.6,3959.5,LLL,4,4,1
76.7,9521.5,-9492.7,481.7,496.6,491.7,NO,0,0,0
-3.5,958.0,-9553.4,2911.4,2515.6,510.0,LLG,3,3,0
-6.9,9510.1,-9587.3,521.0,472.9,508.4,NO,0,0,0
-5.1,950.1,-9515.0,3171.7,2328.9,486.9,LLG,3,3,0
-4.9,943.0,-9476.8,2965.8,2375.3,501.5,LLG,3,3,0
20.8,2854.6,-9542.5,2155.8,1994.3,484.3,LL,2,2,0
-1.1,479.6,-478.1,4210.3,3795.3,4040.1,LLL,4,4,1
0.2,95.1,-95.4,4978.6,4897.5,4847.4,LLLG,5,5,1
-2.4,955.9,-9479.0,2911.2,2397.1,486.1,LLG,3,3,0
17.5,9574.7,-9552.2,516.7,482.8,498.7,NO,0,0,0
1.4,9506.2,-9566.7,2518.2,458.6,499.3,LG,1,1,0
-32.4,9533.5,-9585.3,470.3,500.3,532.8,NO,0,0,0
-0.5,94.9,-95.0,5541.2,4829.6,4826.1,LLLG,5,5,1
-0.3,95.0,-95.3,4819.1,5128.9,5087.9,LLLG,5,5,1
6.4,951.2,-9536.2,3023.2,2346.1,490.5,LLG,3,3,0
-32.3,9452.0,-9577.4,498.9,493.4,475.1,NO,0,0,0
3.8,477.0,-470.2,4010.1,3554.8,4099.3,LLL,4,4,1
78.5,9475.3,-9478.9,497.5,494.8,491.8,NO,0,0,0
14.6,9552.2,-9571.4,493.3,489.5,485.8,NO,0,0,0
0.2,95.0,-95.0,5048.3,4719.9,4852.8,LLLG,5,5,1
-2.9,957.3,-9533.1,3181.3,2436.7,513.0,LLG,3,3,0
0.5,95.2,-95.7,5557.4,4914.9,5090.4,LLLG,5,5,1
0.3,94.6,-95.4,5243.4,5048.4,5155.1,LLLG,5,5,1
2.7,9574.2,-9565.3,2706.1,474.3,516.8,LG,1,1,0
3.7,9550.5,-9495.7,502.4,506.2,531.5,NO,0,0,0
8.8,9594.4,-9516.1,510.3,510.4,471.1,NO,0,0,0
-1.0,470.8,-476.6,3853.7,4221.4,3668.4,LLL,4,4,1
49.4,9486.3,-9623.0,515.6,519.0,469.2,NO,0,0,0
-0.2,96.0,-94.7,4813.1,5217.1,5129.7,LLLG,5,5,1
60.7,9507.5,-9537.8,507.1,490.0,508.1,NO,0,0,0
22.7,9420.9,-9503.4,500.6,474.8,442.6,NO,0,0,0
-7.1,9599.3,-9538.9,2484.7,482.3,488.6,LG,1,1,0
-14.3,946.7,-9478.2,2851.0,2558.0,486.9,LLG,3,3,0
-1.7,946.5,-9476.4,3007.1,2549.3,479.3,LLG,3,3,0
-48.0,9466.7,-9487.4,509.0,502.7,526.9,NO,0,0,0
-2.9,475.9,-473.6,4072.8,4165.2,4030.2,LLL,4,4,1
7.8,9521.0,-9442.4,485.0,533.4,505.9,NO,0,0,0
-0.4,476.1,-475.5,4125.3,3828.8,3766.9,LLL,4,4,1
1.0,476.1,-478.9,3776.1,3847.4,4103.9,LLL,4,4,1
8.6,937.5,-9497.4,3259.4,2622.4,536.1,LLG,3,3,0
-20.1,9508.8,-9497.8,517.5,472.9,489.0,NO,0,0,0
-22.5,2884.3,-9526.8,2035.6,1878.7,511.6,LL,2,2,0
-1.7,478.9,-476.1,4098.8,4081.5,4135.9,LLL,4,4,1
-7.0,2844.9,-9486.5,1925.0,1978.0,537.8,LL,2,2,0
1.3,9533.7,-9548.1,2751.8,497.2,492.4,LG,1,1,0
-47.2,9449.3,-9556.8,509.9,522.6,512.3,NO,0,0,0
-29.2,9503.7,-9538.7,481.7,484.6,534.8,NO,0,0,0
106.8,9423.5,-9504.9,504.1,480.9,521.7,NO,0,0,0
-38.5,9549.5,-9561.9,457.1,498.9,499.5,NO,0,0,0
7.2,9546.8,-9568.0,529.1,497.0,471.9,NO,0,0,0
11.7,9459.2,-9599.2,2642.1,490.2,485.0,LG,1,1,0
2.4,2845.3,-9462.0,1933.9,1921.1,529.4,LL,2,2,0
66.4,9617.8,-9528.6,471.7,497.0,488.1,NO,0,0,0
6.1,953.5,-9523.9,3069.5,2514.6,513.9,LLG,3,3,0
-0.9,94.3,-95.5,5178.6,5143.2,4949.4,LLLG,5,5,1
43.3,9550.4,-9562.2,491.2,490.7,501.8,NO,0,0,0
62.0,9573.0,-9557.4,509.4,476.2,488.8,NO,0,0,0
9.8,957.1,-9595.4,2786.8,2427.7,498.3,LLG,3,3,0
7.1,2869.6,-9560.9,1993.1,2052.3,487.8,LL,2,2,0
10.5,9470.4,-9598.6,2508.6,493.3,480.2,LG,1,1,0
1.6,948.4,-9556.4,2859.1,2487.5,478.1,LLG,3,3,0
12.4,2857.5,-9515.7,2044.8,2067.1,506.4,LL,2,2,0
1.0,962.7,-9519.9,2999.5,2565.4,489.4,LLG,3,3,0
-3.8,479.2,-477.6,4085.4,3904.8,4193.1,LLL,4,4,1
-2.7,472.1,-479.3,4248.2,3816.9,3901.6,LLL,4,4,1
0.8,474.7,-477.1,4099.6,4023.5,4021.2,LLL,4,4,1
-3.4,9607.7,-9453.8,477.1,490.5,514.5,NO,0,0,0
0.8,95.1,-95.5,5127.3,5010.2,5424.3,LLLG,5,5,1
-1.3,9531.2,-9497.7,498.2,500.0,486.6,NO,0,0,0
92.5,9540.0,-9497.6,491.3,469.0,496.2,NO,0,0,0
68.0,9545.5,-9544.4,508.3,504.4,498.7,NO,0,0,0
1.2,948.3,-9509.4,3012.0,2435.6,524.6,LLG,3,3,0
-7.2,2856.2,-9388.1,1999.1,1977.5,528.8,LL,2,2,0
2.0,9494.8,-9512.2,506.9,527.9,462.7,NO,0,0,0
-2.8,960.0,-9535.9,3125.3,2460.9,486.2,LLG,3,3,0
29.5,9541.2,-9496.3,458.3,494.6,492.6,NO,0,0,0
0.5,482.7,-476.7,3886.9,4303.6,3766.9,LLL,4,4,1
-43.5,9451.2,-9566.5,498.4,529.8,493.9,NO,0,0,0
-63.7,9584.3,-9554.3,499.9,455.5,515.9,NO,0,0,0
2.0,475.2,-473.9,4063.9,4183.4,4136.7,LLL,4,4,1
1.0,481.2,-475.3,3897.9,4188.6,4139.9,LLL,4,4,1
-2.4,2851.9,-9466.4,1971.8,2093.7,524.9,LL,2,2,0
4.9,948.7,-9438.5,3014.9,2573.8,511.9,LLG,3,3,0
-2.4,480.3,-477.6,4017.1,4073.0,3997.9,LLL,4,4,1
-1.2,9459.7,-9523.9,2294.6,479.7,489.0,LG,1,1,0
-2.0,9455.6,-9452.2,2419.1,545.2,481.1,LG,1,1,0
-2.9,480.7,-478.8,3962.0,3980.2,3980.1,LLL,4,4,1
-11.3,2842.4,-9543.6,2091.6,2071.4,492.2,LL,2,2,0
-30.2,9505.0,-9612.8,492.8,541.2,510.0,NO,0,0,0
-4.6,479.0,-479.9,4204.9,3750.1,4102.9,LLL,4,4,1
0.9,95.7,-94.8,5165.0,5027.9,4703.8,LLLG,5,5,1
1.9,9493.5,-9446.4,2704.2,508.4,496.4,LG,1,1,0
-0.6,96.1,-95.1,4702.1,5192.7,5174.3,LLLG,5,5,1
0.6,94.8,-95.5,4579.3,5235.9,4951.7,LLLG,5,5,1
3.9,475.3,-475.7,3862.9,3865.9,4111.6,LLL,4,4,1
-2.1,476.9,-479.4,3829.5,4168.1,4033.8,LLL,4,4,1
1.1,2859.9,-9484.1,1993.4,1956.0,496.7,LL,2,2,0
3.5,476.2,-476.7,4047.9,3895.3,4118.5,LLL,4,4,1
-31.6,9473.6,-9496.5,517.4,532.7,542.1,NO,0,0,0
8.1,9375.3,-9523.5,2567.3,489.5,492.3,LG,1,1,0
1.2,478.7,-478.1,4104.1,4029.9,3669.9,LLL,4,4,1
-6.4,2885.4,-9511.6,2025.2,1955.5,520.8,LL,2,2,0
-2.2,476.8,-472.8,4047.1,4027.9,4143.7,LLL,4,4,1
-77.2,9591.3,-9510.3,500.1,495.1,484.1,NO,0,0,0
4.7,9495.5,-9608.2,2561.2,465.3,477.1,LG,1,1,0
42.0,9608.1,-9364.5,499.8,519.2,500.0,NO,0,0,0
-0.2,95.2,-94.4,4973.6,4935.9,4760.2,LLLG,5,5,1
1.3,9556.2,-9556.6,2403.4,483.8,528.6,LG,1,1,0
11.4,2872.1,-9403.2,1907.1,1984.7,498.4,LL,2,2,0
3.5,946.3,-9571.0,2984.4,2469.0,505.5,LLG,3,3,0
-6.2,953.5,-9498.9,2804.5,2467.5,472.9,LLG,3,3,0
2.2,9510.8,-9544.0,2299.4,474.4,470.5,LG,1,1,0
0.2,9538.5,-9539.5,2485.6,508.0,501.0,LG,1,1,0
-6.4,9591.3,-9486.3,2503.9,495.7,498.3,LG,1,1,0
0.8,478.1,-478.2,3978.5,4274.3,4117.6,LLL,4,4,1
-0.6,474.8,-476.2,4033.6,4063.2,4196.6,LLL,4,4,1
5.2,950.7,-9505.0,3064.4,2487.1,531.0,LLG,3,3,0
5.5,955.5,-9578.3,3079.7,2593.0,517.2,LLG,3,3,0
14.3,9484.4,-9531.7,468.7,494.7,521.1,NO,0,0,0
107.2,9562.1,-9533.7,513.5,519.0,498.8,NO,0,0,0
-8.9,2846.6,-9519.2,1902.8,2082.5,525.6,LL,2,2,0
30.3,9586.1,-9488.7,539.8,486.9,505.7,NO,0,0,0
1.0,95.1,-95.4,4913.1,4805.7,4608.9,LLLG,5,5,1
-30.5,9514.8,-9642.7,505.9,515.5,524.5,NO,0,0,0
-0.7,473.4,-477.5,4024.0,3823.1,3890.2,LLL,4,4,1
4.3,964.3,-9541.6,2765.2,2484.4,517.8,LLG,3,3,0
-5.7,475.8,-473.9,4270.7,3955.8,4069.7,LLL,4,4,1
-4.0,957.2,-9510.6,3006.5,2654.4,526.7,LLG,3,3,0
-9.7,2835.2,-9562.7,1914.6,1981.8,521.9,LL,2,2,0
0.1,2852.5,-9471.1,1936.1,2166.1,504.6,LL,2,2,0
-10.9,2856.0,-9477.2,2065.4,2027.5,480.6,LL,2,2,0
10.7,2850.0,-9502.7,2056.9,1932.7,470.1,LL,2,2,0
-1.7,474.8,-476.1,3789.3,3911.3,4135.3,LLL,4,4,1
41.1,2853.9,-9491.5,2035.1,2058.8,497.4,LL,2,2,0
-52.0,9633.9,-9483.2,473.1,512.5,519.0,NO,0,0,0
-48.0,9606.7,-9564.7,507.7,486.4,517.3,NO,0,0,0
-0.1,94.7,-95.5,5226.2,5306.9,4957.6,LLLG,5,5,1
63.7,9513.8,-9530.4,477.0,523.8,492.7,NO,0,0,0
8.4,2840.9,-9576.6,1957.9,1975.3,527.1,LL,2,2,0
-26.1,9479.2,-9522.2,496.9,505.4,508.1,NO,0,0,0
-1.0,94.7,-94.9,5104.5,5036.2,5126.4,LLLG,5,5,1
15.4,9493.4,-9499.6,511.1,486.7,501.5,NO,0,0,0
-2.3,477.6,-479.7,4025.2,4209.8,4327.2,LLL,4,4,1
-93.9,9517.0,-9449.3,454.4,555.7,495.8,NO,0,0,0
0.2,95.2,-94.8,4809.5,4964.5,4704.6,LLLG,5,5,1
-0.9,9486.9,-9512.9,2456.3,510.2,482.8,LG,1,1,0
-1.9,9435.1,-9544.1,489.6,508.9,459.1,NO,0,0,0
-0.4,95.6,-95.7,4870.3,4923.4,5028.6,LLLG,5,5,1
-0.1,95.3,-94.9,4735.0,5002.2,5048.7,LLLG,5,5,1
3.0,474.8,-479.5,3790.8,4460.2,3739.2,LLL,4,4,1
-3.8,9565.4,-9593.4,2436.2,472.9,492.8,LG,1,1,0
-2.0,9485.0,-9602.1,2672.7,521.4,532.8,LG,1,1,0
3.2,9537.0,-9474.4,2536.9,521.1,496.0,LG,1,1,0
-81.3,9516.5,-9583.0,517.4,494.3,525.8,NO,0,0,0
-7.5,2856.4,-9566.0,2029.1,1918.2,478.5,LL,2,2,0
17.6,9560.5,-9592.5,488.0,523.1,557.8,NO,0,0,0
1.8,477.4,-480.2,4020.5,4077.7,3981.5,LLL,4,4,1
1.1,956.0,-9467.9,3092.9,2562.8,485.1,LLG,3,3,0
0.6,480.0,-474.9,3859.1,4141.3,3982.8,LLL,4,4,1
0.1,95.7,-96.6,4897.7,4803.9,5236.1,LLLG,5,5,1
0.2,475.7,-476.5,4128.5,3794.0,4005.2,LLL,4,4,1
-0.2,95.7,-94.7,5230.4,5223.9,4675.2,LLLG,5,5,1
25.0,9525.1,-9459.4,477.1,518.6,470.7,NO,0,0,0
-27.8,9497.4,-9593.7,497.3,529.2,497.0,NO,0,0,0
4.5,478.4,-474.4,3837.4,3810.6,4096.5,LLL,4,4,1
52.3,9499.7,-9460.7,490.2,524.4,487.9,NO,0,0,0
-41.0,9481.6,-9499.5,483.3,482.3,514.8,NO,0,0,0
8.6,953.3,-9558.6,2741.7,2408.5,498.5,LLG,3,3,0
1.9,9424.7,-9489.9,2507.0,494.3,468.4,LG,1,1,0
-0.1,479.3,-475.5,4277.4,3960.6,3677.9,LLL,4,4,1
1.1,957.4,-9578.9,3250.7,2433.2,457.7,LLG,3,3,0
2.1,474.9,-479.9,3896.1,3976.4,4044.3,LLL,4,4,1
-0.9,95.1,-96.6,4763.5,5009.7,5103.8,LLLG,5,5,1
-10.4,2868.5,-9583.3,1994.4,1963.0,487.4,LL,2,2,0
9.7,2859.6,-9530.0,1926.5,1997.4,524.7,LL,2,2,0
-0.5,94.4,-95.4,5221.1,4885.7,5161.0,LLLG,5,5,1
22.4,9507.7,-9510.7,501.9,476.6,484.7,NO,0,0,0
-1.7,479.7,-476.1,3856.4,3726.6,4140.0,LLL,4,4,1
-0.5,474.0,-474.4,3944.8,3678.2,3545.9,LLL,4,4,1
-17.6,950.5,-9604.0,2866.5,2543.3,485.6,LLG,3,3,0
133.7,9556.6,-9449.5,501.1,424.7,507.6,NO,0,0,0
-0.2,95.2,-95.5,4923.5,4799.3,4392.1,LLLG,5,5,1
0.1,476.2,-479.8,4026.2,3509.9,3956.8,LLL,4,4,1
10.1,2831.1,-9491.8,2024.2,2018.3,481.2,LL,2,2,0
-0.3,95.1,-95.7,5319.5,4953.8,4915.7,LLLG,5,5,1
40.5,9485.6,-9522.9,476.4,531.5,508.9,NO,0,0,0
-0.7,94.3,-96.5,4676.7,4906.6,5574.9,LLLG,5,5,1
2.6,475.5,-478.4,4006.4,4006.8,4024.7,LLL,4,4,1
14.4,9488.6,-9521.6,483.7,500.2,499.4,NO,0,0,0
-19.8,2847.0,-9546.5,2069.7,2021.2,504.7,LL,2,2,0
-4.2,9469.2,-9561.3,486.5,491.4,478.6,NO,0,0,0
13.0,2863.3,-9516.0,1843.6,1859.6,490.5,LL,2,2,0
4.6,948.4,-9518.8,3079.4,2390.3,531.4,LLG,3,3,0
-1.6,477.0,-477.1,3849.4,4013.3,3987.3,LLL,4,4,1
2.6,950.3,-9552.2,2823.5,2380.2,466.9,LLG,3,3,0
1.7,479.2,-477.3,4033.4,3917.1,4078.4,LLL,4,4,1
7.5,9589.2,-9506.9,2421.9,514.7,504.0,LG,1,1,0
-14.7,2865.3,-9480.7,2057.9,2186.3,510.2,LL,2,2,0
-73.9,9593.6,-9460.9,493.8,499.6,496.1,NO,0,0,0
-33.5,2859.1,-9528.3,2037.3,1891.4,468.2,LL,2,2,0
-0.8,94.7,-95.6,4970.8,5105.0,4738.5,LLLG,5,5,1
9.7,9522.6,-9463.7,471.9,515.1,530.3,NO,0,0,0
-62.0,9554.3,-9583.2,535.1,490.3,506.5,NO,0,0,0
7.4,947.2,-9550.9,3105.6,2527.9,482.6,LLG,3,3,0
-22.4,2876.1,-9586.1,2109.5,2019.8,522.7,LL,2,2,0
-15.6,2860.2,-9586.8,2163.4,2078.1,496.1,LL,2,2,0
-1.0,9511.4,-9578.1,2598.0,503.8,515.0,LG,1,1,0
3.9,956.4,-9583.7,2889.7,2524.0,509.7,LLG,3,3,0
8.6,946.9,-9517.0,2884.8,2516.0,509.2,LLG,3,3,0
-32.8,9521.4,-9512.3,507.7,484.9,490.1,NO,0,0,0
-16.6,9517.9,-9457.4,506.8,500.1,488.2,NO,0,0,0
2.7,476.1,-480.9,3715.4,3820.2,3880.3,LLL,4,4,1
-15.3,9547.4,-9540.4,531.6,483.0,488.3,NO,0,0,0
28.0,9530.5,-9597.1,496.0,474.9,499.5,NO,0,0,0
-4.6,477.5,-477.5,3904.8,3887.6,4210.5,LLL,4,4,1
-4.3,943.4,-9544.1,2984.5,2608.5,517.1,LLG,3,3,0
-4.4,481.4,-475.3,4005.2,4166.3,3612.3,LLL,4,4,1
-1.0,475.4,-479.2,3842.4,4016.6,3907.0,LLL,4,4,1
-0.2,475.5,-478.7,3946.4,3767.8,4152.5,LLL,4,4,1
2.6,2872.1,-9647.0,1978.0,1962.7,483.0,LL,2,2,0
2.1,952.8,-9518.5,2985.5,2476.7,540.4,LLG,3,3,0
9.5,2867.1,-9504.4,1922.6,1951.0,509.7,LL,2,2,0
-0.2,95.4,-95.3,4893.3,5304.0,5025.4,LLLG,5,5,1
30.0,9537.5,-9523.2,504.7,463.5,536.7,NO,0,0,0
86.9,9538.8,-9475.5,500.7,475.1,531.0,NO,0,0,0
-2.4,474.7,-473.6,3827.5,3889.6,4027.2,LLL,4,4,1
53.7,9526.5,-9519.2,515.0,534.3,534.6,NO,0,0,0
-0.2,95.3,-94.5,5121.7,4929.4,5220.7,LLLG,5,5,1
2.9,474.0,-476.8,3913.0,4089.8,3852.8,LLL,4,4,1
0.0,95.8,-95.1,5417.0,4973.7,5382.5,LLLG,5,5,1
-16.0,2873.1,-9429.1,2048.4,1968.3,477.3,LL,2,2,0
4.1,2875.3,-9520.4,1980.9,2010.9,486.1,LL,2,2,0
1.4,957.0,-9535.5,2904.0,2404.8,532.7,LLG,3,3,0
-21.1,2858.9,-9524.9,2053.6,1983.2,552.5,LL,2,2,0
-27.9,9490.0,-9503.6,501.2,479.1,528.3,NO,0,0,0
-5.0,475.4,-476.6,4215.3,3956.5,3933.6,LLL,4,4,1
39.9,9565.4,-9598.0,511.8,496.4,488.2,NO,0,0,0
-3.8,2832.7,-9620.5,1995.4,1982.7,476.4,LL,2,2,0
16.4,9616.6,-9565.1,524.9,496.5,499.6,NO,0,0,0
-0.8,476.9,-471.3,3908.2,3980.2,4027.1,LLL,4,4,1
-5.7,952.7,-9545.3,3044.6,2425.3,491.8,LLG,3,3,0
9.7,2857.7,-9501.3,2225.5,1914.0,489.4,LL,2,2,0
-3.1,952.5,-9523.8,3168.2,2552.2,517.9,LLG,3,3,0
9.6,2842.8,-9573.3,1871.7,2085.6,499.4,LL,2,2,0
1.3,962.9,-9527.8,3118.6,2578.7,484.7,LLG,3,3,0
-68.9,9542.9,-9579.5,487.4,542.1,481.6,NO,0,0,0
-25.0,2886.3,-9612.7,1971.6,2029.4,487.8,LL,2,2,0
10.9,9562.0,-9547.6,2319.8,499.4,502.6,LG,1,1,0
0.6,95.0,-94.2,4921.4,5072.2,4719.7,LLLG,5,5,1
-20.3,2889.1,-9592.5,1980.5,1881.8,490.5,LL,2,2,0
-60.8,9413.3,-9540.8,465.5,501.2,503.5,NO,0,0,0
42.5,2870.2,-9467.7,2155.7,2204.4,479.9,LL,2,2,0
-10.9,9563.2,-9508.7,532.4,504.6,497.2,NO,0,0,0
0.6,94.3,-95.6,4742.4,4557.3,4977.6,LLLG,5,5,1
0.5,95.1,-95.9,4990.8,4982.6,5040.7,LLLG,5,5,1
0.2,95.4,-95.4,5230.3,5118.7,5002.0,LLLG,5,5,1
6.1,2853.1,-9464.0,2016.0,2035.4,481.9,LL,2,2,0
1.7,948.3,-9555.0,2729.5,2501.4,506.6,LLG,3,3,0
3.7,474.7,-473.5,3873.6,3834.9,4097.2,LLL,4,4,1
26.5,9543.0,-9523.0,489.9,473.4,489.8,NO,0,0,0
14.1,2817.3,-9500.9,2082.3,2037.4,528.3,LL,2,2,0
-92.4,9500.1,-9493.9,516.1,508.7,517.6,NO,0,0,0
-1.5,9498.7,-9530.6,2345.8,518.0,543.6,LG,1,1,0
0.9,962.2,-9464.4,2738.1,2403.2,537.6,LLG,3,3,0
95.5,9474.5,-9540.3,558.6,500.0,441.3,NO,0,0,0
-13.8,950.9,-9536.6,2763.6,2359.0,487.5,LLG,3,3,0
1.2,475.8,-475.9,3931.7,4206.4,3987.1,LLL,4,4,1
10.4,9550.2,-9540.8,485.8,500.8,498.1,NO,0,0,0
0.8,95.0,-95.4,4976.7,5073.7,5134.1,LLLG,5,5,1
2.1,479.6,-472.6,3900.4,3607.1,4160.5,LLL,4,4,1
-26.7,9585.4,-9547.0,520.9,512.5,482.9,NO,0,0,0
-34.0,9445.1,-9509.9,493.0,514.2,531.0,NO,0,0,0
-3.7,2844.2,-9503.9,1949.4,1857.6,510.9,LL,2,2,0
-3.0,477.3,-475.2,3862.4,4093.2,3863.5,LLL,4,4,1
-0.4,478.0,-476.2,3926.7,4025.7,3849.7,LLL,4,4,1
-1.8,9579.7,-9506.8,2509.1,496.0,463.9,LG,1,1,0
0.2,94.8,-95.2,4710.8,4561.9,4504.0,LLLG,5,5,1
-14.1,2851.7,-9522.3,2002.8,2151.8,534.4,LL,2,2,0
69.5,9553.1,-9541.9,502.5,531.4,515.8,NO,0,0,0
-0.3,95.6,-94.7,4627.3,5025.5,5010.4,LLLG,5,5,1
-8.2,950.7,-9609.9,3110.9,2391.8,492.1,LLG,3,3,0
-2.4,952.2,-9647.1,3088.6,2545.7,495.9,LLG,3,3,0
0.1,475.3,-473.4,4092.0,4055.4,4325.5,LLL,4,4,1
-0.5,9471.9,-9550.5,2480.2,439.8,467.9,LG,1,1,0
-12.4,9564.7,-9449.8,519.6,486.3,448.9,NO,0,0,0
-10.3,9443.8,-9556.5,489.7,494.4,516.9,NO,0,0,0
63.9,9539.3,-9545.3,541.0,504.9,513.0,NO,0,0,0
-4.1,479.8,-472.7,4086.6,3818.2,3994.0,LLL,4,4,1
28.0,9417.8,-9537.2,487.3,493.8,503.8,NO,0,0,0
48.6,9484.6,-9484.1,491.8,511.9,471.8,NO,0,0,0
-6.2,948.6,-9527.6,3030.6,2452.2,474.9,LLG,3,3,0
-1.2,955.0,-9548.3,2750.2,2440.3,500.3,LLG,3,3,0
2.5,477.4,-475.6,4033.6,3937.4,3903.1,LLL,4,4,1
-21.7,2847.9,-9436.7,1966.9,2122.9,511.6,LL,2,2,0
-32.2,9536.6,-9518.0,453.7,495.0,479.2,NO,0,0,0
16.2,9496.7,-9525.2,525.3,536.4,501.1,NO,0,0,0
-4.1,951.1,-9603.2,2987.8,2293.0,504.2,LLG,3,3,0
-0.9,9497.7,-9464.9,2442.6,501.1,505.1,LG,1,1,0
-44.8,9599.7,-9531.1,495.1,524.8,487.2,NO,0,0,0
21.1,2856.9,-9554.7,2027.6,2054.7,492.4,LL,2,2,0
52.7,9411.9,-9487.1,519.0,523.7,548.8,NO,0,0,0
107.7,9551.5,-9545.5,492.7,514.8,502.3,NO,0,0,0
-30.5,9521.9,-9604.7,484.7,513.2,517.9,NO,0,0,0
-0.3,95.1,-95.2,5203.9,5069.5,4527.0,LLLG,5,5,1
8.0,9446.1,-9467.2,2586.8,498.8,494.9,LG,1,1,0
5.8,9499.0,-9561.7,2390.0,520.7,503.5,LG,1,1,0
-20.2,9566.0,-9523.2,471.0,510.5,522.9,NO,0,0,0
-1.1,95.2,-94.8,4863.9,5080.4,5328.2,LLLG,5,5,1
0.5,94.5,-95.4,5336.5,5049.3,4966.7,LLLG,5,5,1
-19.5,9519.2,-9516.8,499.4,514.5,511.0,NO,0,0,0
-17.9,2876.8,-9562.4,1897.3,1911.0,496.5,LL,2,2,0
-6.0,2861.5,-9482.9,1906.1,2084.9,505.5,LL,2,2,0
-3.0,957.1,-9432.8,2989.1,2384.8,507.4,LLG,3,3,0
0.1,95.3,-95.4,5152.4,4803.1,5232.7,LLLG,5,5,1
0.2,95.7,-95.5,5098.9,5501.5,4929.2,LLLG,5,5,1
-0.3,95.8,-95.1,4705.9,4826.3,5039.7,LLLG,5,5,1
-0.1,94.9,-94.9,5289.5,4809.3,4936.4,LLLG,5,5,1
3.4,2875.0,-9522.9,2059.7,1970.5,481.8,LL,2,2,0
-71.5,9554.2,-9491.2,513.0,486.2,487.4,NO,0,0,0
30.3,9571.1,-9554.5,470.8,486.4,509.6,NO,0,0,0
25.5,2856.0,-9541.3,1890.0,2028.0,501.4,LL,2,2,0
3.0,2855.5,-9537.6,2071.6,2095.4,487.4,LL,2,2,0
134.3,9427.6,-9505.2,481.9,467.4,500.3,NO,0,0,0
-0.2,2861.3,-9503.8,2108.8,1981.2,486.1,LL,2,2,0
17.5,9556.2,-9535.2,527.0,518.6,463.7,NO,0,0,0
6.1,479.2,-476.5,3816.2,4011.2,3767.3,LLL,4,4,1
-1.5,947.9,-9567.3,2941.3,2327.3,459.4,LLG,3,3,0
-11.3,9502.8,-9586.4,522.6,517.0,491.4,NO,0,0,0
0.5,473.3,-476.5,3875.5,3862.1,4028.9,LLL,4,4,1
3.3,475.8,-478.2,4001.1,3934.9,3923.2,LLL,4,4,1
-2.7,949.3,-9479.1,3137.4,2392.6,459.8,LLG,3,3,0
4.0,474.8,-477.5,3821.6,4006.4,4076.2,LLL,4,4,1
-0.1,96.4,-94.8,4840.8,5136.6,5037.4,LLLG,5,5,1
0.7,476.1,-475.2,3987.1,3983.8,4164.5,LLL,4,4,1
-40.6,9537.4,-9534.2,490.9,528.4,497.4,NO,0,0,0
3.9,951.6,-9563.7,3110.4,2430.9,509.3,LLG,3,3,0
2.0,478.0,-475.9,4057.5,3916.8,4076.1,LLL,4,4,1
-2.1,475.7,-474.6,3928.6,4024.4,3899.2,LLL,4,4,1
2.6,9468.1,-9461.5,475.8,496.7,535.0,NO,0,0,0
62.7,9450.6,-9492.0,515.2,513.3,481.3,NO,0,0,0
-9.8,9551.3,-9509.6,2600.9,535.3,494.4,LG,1,1,0
0.5,475.3,-478.8,4145.6,4132.7,4040.2,LLL,4,4,1
1.3,477.6,-478.5,3706.7,3942.9,4113.0,LLL,4,4,1
2.0,949.8,-9555.3,2955.8,2718.3,499.6,LLG,3,3,0
-67.9,9565.0,-9536.5,492.5,484.9,523.1,NO,0,0,0
-11.6,2862.3,-9587.2,2037.5,1987.7,494.5,LL,2,2,0
77.1,9513.8,-9555.8,507.3,480.8,495.4,NO,0,0,0
0.3,94.5,-95.4,4948.8,4855.3,4960.6,LLLG,5,5,1
-66.6,9465.8,-9531.6,493.0,522.2,474.4,NO,0,0,0
1.6,476.6,-477.3,4125.5,4201.5,4137.9,LLL,4,4,1
8.9,9563.3,-9544.5,451.8,501.8,470.7,NO,0,0,0
-0.6,475.1,-477.0,4416.2,4214.0,4277.5,LLL,4,4,1
-1.2,946.5,-9540.1,3131.1,2493.9,505.2,LLG,3,3,0
-0.2,95.4,-94.3,4947.9,4902.1,4642.8,LLLG,5,5,1
-0.2,479.0,-475.9,3882.7,4404.9,3936.6,LLL,4,4,1
5.6,9576.3,-9626.8,2655.1,463.8,472.4,LG,1,1,0
23.5,9490.0,-9502.9,481.0,491.9,518.1,NO,0,0,0
1.6,474.0,-477.2,4091.0,4167.9,3836.9,LLL,4,4,1
-2.2,478.5,-476.4,4038.4,4117.9,4003.1,LLL,4,4,1
3.0,473.3,-477.1,3859.7,3821.8,4052.9,LLL,4,4,1
51.7,9579.4,-9522.5,517.5,490.2,537.4,NO,0,0,0
3.4,950.8,-9475.4,3120.0,2579.0,508.9,LLG,3,3,0
-34.1,9483.5,-9558.9,462.3,522.1,459.5,NO,0,0,0
19.9,9545.3,-9544.8,522.9,487.6,531.2,NO,0,0,0
-75.6,9460.1,-9579.7,520.5,503.4,537.2,NO,0,0,0
-2.4,479.9,-469.6,4153.8,3892.7,4077.3,LLL,4,4,1
-14.4,2862.5,-9507.6,1936.5,1980.6,510.7,LL,2,2,0
32.8,9496.2,-9577.5,474.9,529.7,510.8,NO,0,0,0
2.5,951.5,-9550.8,3066.7,2424.3,517.4,LLG,3,3,0
17.4,9456.9,-9489.4,487.3,488.7,441.1,NO,0,0,0
15.3,2855.1,-9513.0,2054.3,2089.8,493.5,LL,2,2,0
0.8,478.4,-476.9,4170.8,4164.6,3841.8,LLL,4,4,1
5.1,958.1,-9434.4,3185.4,2403.6,554.4,LLG,3,3,0
0.9,473.7,-477.1,3793.8,4076.9,4181.5,LLL,4,4,1
-1.6,2862.8,-9531.6,2142.2,1987.9,559.0,LL,2,2,0
-0.8,2870.0,-9435.1,1912.9,2039.0,500.4,LL,2,2,0
-8.7,9465.3,-9491.3,498.7,489.7,505.1,NO,0,0,0
-1.5,480.1,-474.4,3775.7,3977.3,4136.9,LLL,4,4,1
-0.1,9508.0,-9438.4,2588.4,504.2,499.1,LG,1,1,0
6.9,9564.5,-9555.7,478.4,504.5,516.2,NO,0,0,0
-16.6,2849.2,-9404.3,2041.5,2109.1,473.2,LL,2,2,0
6.1,9530.8,-9545.2,2527.8,498.2,506.9,LG,1,1,0
2.9,472.5,-476.3,4114.8,3903.9,3967.9,LLL,4,4,1
63.5,9480.6,-9522.6,492.0,428.7,467.6,NO,0,0,0
-4.8,948.4,-9570.6,3034.7,2634.9,479.7,LLG,3,3,0
-7.5,2852.1,-9498.7,1952.9,2129.8,492.5,LL,2,2,0
-0.9,9597.8,-9499.5,2629.7,469.4,490.0,LG,1,1,0
87.1,9551.5,-9444.0,502.9,472.8,501.7,NO,0,0,0
101.4,9446.7,-9518.0,503.7,513.1,495.2,NO,0,0,0
3.1,955.3,-9525.7,2959.9,2406.4,506.1,LLG,3,3,0
-6.4,947.8,-9488.8,3139.1,2459.5,512.3,LLG,3,3,0
0.4,95.4,-95.8,5277.9,5062.6,5003.1,LLLG,5,5,1
1.4,475.7,-477.9,4065.3,4018.0,3901.4,LLL,4,4,1
-3.9,9450.7,-9556.9,2561.2,522.8,469.8,LG,1,1,0
-0.8,474.5,-476.1,4105.1,4006.6,3739.6,LLL,4,4,1
-3.3,952.7,-9604.4,2828.0,2512.9,495.3,LLG,3,3,0
-8.1,9583.4,-9540.1,2573.4,494.9,515.0,LG,1,1,0
-2.0,474.5,-472.6,3883.7,4040.4,4113.7,LLL,4,4,1
33.5,9509.9,-9542.0,502.3,494.9,501.8,NO,0,0,0
-32.9,9577.5,-9582.4,469.5,485.2,498.6,NO,0,0,0
3.4,9476.8,-9511.8,491.3,481.3,485.0,NO,0,0,0
-90.5,9491.5,-9421.4,477.9,518.1,482.4,NO,0,0,0
3.3,9616.5,-9554.6,2648.9,493.5,505.4,LG,1,1,0
37.7,9577.9,-9514.8,535.0,476.0,519.4,NO,0,0,0
2.3,471.9,-478.1,3966.5,3813.1,4196.6,LLL,4,4,1
-1.6,472.0,-476.7,3999.1,4211.6,3892.4,LLL,4,4,1
1.8,476.2,-478.1,4088.5,3798.3,4264.2,LLL,4,4,1
-2.1,479.4,-474.8,4174.3,4166.9,3905.7,LLL,4,4,1
-42.4,9576.9,-9617.4,470.7,476.4,510.3,NO,0,0,0
12.1,9590.8,-9499.1,454.6,517.5,491.7,NO,0,0,0
-0.5,94.8,-95.3,4941.0,4718.3,5322.3,LLLG,5,5,1
-1.1,9550.9,-9503.3,499.6,472.0,513.0,NO,0,0,0
-2.0,472.2,-476.6,3952.3,4272.5,3870.2,LLL,4,4,1
-0.2,955.3,-9496.2,2997.5,2613.9,501.9,LLG,3,3,0
-1.7,475.7,-478.6,3728.5,4238.4,3659.8,LLL,4,4,1
11.3,9559.9,-9538.7,480.0,493.6,498.3,NO,0,0,0
-3.3,475.9,-475.3,4011.3,3977.0,3848.4,LLL,4,4,1
-1.4,478.8,-481.0,3899.1,4091.4,3880.6,LLL,4,4,1
3.1,474.4,-478.0,4133.7,4108.6,3864.3,LLL,4,4,1
-0.7,9488.5,-9525.7,2433.2,505.6,510.3,LG,1,1,0
-38.9,9597.7,-9480.8,511.7,474.4,500.4,NO,0,0,0
-36.7,9490.3,-9581.9,475.2,483.2,473.5,NO,0,0,0
1.3,476.2,-476.5,4007.1,3980.6,4070.0,LLL,4,4,1
2.3,9578.2,-9552.6,2810.3,448.6,502.5,LG,1,1,0
-0.4,95.3,-95.4,5102.3,5324.1,4903.6,LLLG,5,5,1
31.2,9585.5,-9640.0,492.0,505.4,557.8,NO,0,0,0
-12.1,9552.5,-9612.8,513.7,502.6,495.1,NO,0,0,0
-2.5,948.3,-9499.7,3165.0,2429.9,519.0,LLG,3,3,0
-13.5,9473.4,-9591.1,464.0,491.4,521.6,NO,0,0,0
4.9,952.8,-9509.6,3091.4,2504.7,508.5,LLG,3,3,0
45.4,9469.6,-9526.6,491.5,488.7,477.9,NO,0,0,0
-75.4,9541.5,-9563.5,514.4,491.0,508.3,NO,0,0,0
2.1,474.8,-474.4,3775.4,3885.3,3986.8,LLL,4,4,1
91.2,9518.7,-9485.6,497.9,490.2,513.5,NO,0,0,0
-32.3,9595.2,-9538.5,474.9,514.0,482.6,NO,0,0,0
-0.9,476.9,-476.6,3952.4,3838.9,4049.5,LLL,4,4,1
-20.3,9562.5,-9455.7,493.1,502.8,502.3,NO,0,0,0
5.9,475.4,-480.2,3831.9,4325.0,4300.7,LLL,4,4,1
-1.7,476.4,-481.2,3864.1,3934.9,3569.3,LLL,4,4,1
-2.3,2835.8,-9530.1,2104.6,2124.0,512.9,LL,2,2,0
2.7,962.9,-9536.7,2929.9,2548.9,474.5,LLG,3,3,0
-0.4,480.2,-478.6,4024.5,4089.0,3935.5,LLL,4,4,1
-7.2,9529.5,-9623.0,475.9,502.5,491.7,NO,0,0,0
1.2,951.5,-9470.5,3208.4,2516.8,501.8,LLG,3,3,0
-30.5,9397.3,-9462.8,526.1,458.8,491.6,NO,0,0,0
-0.4,475.6,-474.5,4238.9,4121.7,3836.2,LLL,4,4,1
4.5,475.2,-480.2,4009.6,3899.2,3990.5,LLL,4,4,1
8.7,2875.8,-9532.5,1956.9,2083.9,516.5,LL,2,2,0
3.1,9401.1,-9502.6,2632.3,538.7,516.9,LG,1,1,0
-0.9,2865.4,-9522.3,2097.4,1994.8,487.7,LL,2,2,0
-0.9,95.6,-96.1,5587.7,5176.9,4701.1,LLLG,5,5,1
3.2,953.2,-9546.2,2960.5,2501.5,518.8,LLG,3,3,0
-36.9,9636.3,-9532.2,495.6,504.3,489.7,NO,0,0,0
-2.3,477.0,-476.0,3966.0,4025.9,3888.9,LLL,4,4,1
-10.5,2881.8,-9498.3,1994.7,2123.6,499.0,LL,2,2,0
14.7,9556.0,-9666.3,503.1,485.8,486.5,NO,0,0,0
2.2,475.1,-476.3,3702.6,4007.4,3926.3,LLL,4,4,1
-17.2,2854.1,-9540.1,1986.5,1903.7,499.0,LL,2,2,0
-35.7,9523.4,-9524.3,540.0,525.2,465.1,NO,0,0,0
17.2,2849.6,-9451.8,2096.7,1975.2,545.2,LL,2,2,0
-0.9,952.2,-9540.7,2783.2,2605.4,482.2,LLG,3,3,0
1.1,478.3,-477.5,3817.1,4145.5,3881.0,LLL,4,4,1
3.1,483.5,-477.5,4025.9,4071.9,4051.6,LLL,4,4,1
-17.5,9452.0,-9531.0,513.2,491.8,509.5,NO,0,0,0
-2.4,951.5,-9516.9,3054.4,2454.4,471.4,LLG,3,3,0
-2.4,952.1,-9529.1,3184.0,2614.8,538.7,LLG,3,3,0
-4.0,9461.4,-9438.6,479.0,495.4,475.8,NO,0,0,0
-15.5,2875.5,-9581.7,2111.9,2101.7,519.8,LL,2,2,0
12.9,2869.6,-9587.6,2116.4,1985.5,474.6,LL,2,2,0
-1.2,9638.2,-9578.4,2335.6,527.5,453.2,LG,1,1,0
12.7,9458.9,-9459.2,503.2,513.3,460.8,NO,0,0,0
34.9,9505.7,-9578.5,462.2,504.7,492.2,NO,0,0,0
-2.2,960.3,-9514.6,3048.5,2632.6,484.6,LLG,3,3,0
0.6,955.3,-9451.1,3044.9,2370.7,542.1,LLG,3,3,0
3.5,950.8,-9424.1,2946.5,2521.5,490.4,LLG,3,3,0
-1.1,9434.8,-9622.1,505.5,483.4,501.4,NO,0,0,0
12.1,2845.8,-9587.9,1999.5,1999.8,509.4,LL,2,2,0
2.5,9494.2,-9532.6,2415.1,483.6,505.4,LG,1,1,0
-0.8,477.8,-473.0,3942.1,3868.2,4243.4,LLL,4,4,1
-2.6,476.5,-475.9,3976.9,4041.6,3881.7,LLL,4,4,1
4.7,2877.7,-9562.4,2064.3,2118.7,539.9,LL,2,2,0
8.9,2828.9,-9546.4,2071.2,1994.0,503.7,LL,2,2,0
-2.8,476.0,-478.8,4034.5,3837.3,3862.2,LLL,4,4,1
0.9,2854.1,-9472.7,2015.7,1925.3,513.8,LL,2,2,0
-0.4,95.2,-95.3,4822.9,5072.2,5177.6,LLLG,5,5,1
-0.2,95.6,-96.3,5259.9,5185.3,5119.3,LLLG,5,5,1
3.7,945.8,-9466.7,3281.7,2368.9,509.8,LLG,3,3,0
3.6,475.3,-475.6,3678.7,3891.7,3865.3,LLL,4,4,1
1.2,474.2,-479.6,4090.1,3832.8,3900.2,LLL,4,4,1
-15.8,9559.4,-9563.0,520.7,481.3,479.4,NO,0,0,0
4.2,2851.3,-9541.9,1917.6,2012.6,484.0,LL,2,2,0
-5.1,947.6,-9409.0,2839.6,2506.5,528.0,LLG,3,3,0
-5.2,474.1,-474.5,4290.9,4017.3,3941.5,LLL,4,4,1
-5.9,958.6,-9528.6,2777.3,2501.9,505.3,LLG,3,3,0
2.2,950.7,-9475.8,2949.5,2630.6,479.5,LLG,3,3,0
0.9,952.9,-9520.6,2917.6,2526.3,536.6,LLG,3,3,0
28.9,9539.6,-9496.3,514.8,531.6,516.8,NO,0,0,0
4.7,2858.1,-9583.9,1989.2,1878.7,446.5,LL,2,2,0
-20.0,9505.6,-9569.1,528.4,493.6,490.5,NO,0,0,0
77.6,9513.7,-9590.8,490.2,483.3,507.9,NO,0,0,0
-8.5,2859.9,-9640.3,1999.4,2002.6,487.2,LL,2,2,0
6.9,480.3,-479.8,4048.7,4290.7,4106.5,LLL,4,4,1
-2.5,2870.2,-9581.3,1931.2,1836.3,508.8,LL,2,2,0
2.8,473.5,-479.4,4029.3,3932.4,4107.9,LLL,4,4,1
-6.2,953.7,-9529.4,3028.5,2459.7,512.1,LLG,3,3,0
1.9,9492.3,-9503.5,2688.9,496.9,479.9,LG,1,1,0
-6.2,2893.7,-9614.8,1942.2,1997.8,457.5,LL,2,2,0
-8.2,951.1,-9583.6,2844.5,2395.8,482.9,LLG,3,3,0
-63.0,9400.7,-9578.3,502.7,487.0,515.3,NO,0,0,0
56.9,9533.3,-9588.2,514.0,519.5,484.1,NO,0,0,0
-1.5,474.7,-476.2,3899.5,4276.0,3649.6,LLL,4,4,1
3.9,474.7,-478.2,3905.7,3873.1,3880.4,LLL,4,4,1
-8.9,9417.9,-9591.5,2457.0,493.2,480.9,LG,1,1,0
-2.6,9493.4,-9524.0,520.5,527.1,512.7,NO,0,0,0
-47.7,9467.5,-9613.0,493.5,469.2,517.4,NO,0,0,0
6.8,9470.0,-9509.0,511.7,491.5,487.7,NO,0,0,0
6.1,9552.4,-9392.1,2456.7,489.6,476.6,LG,1,1,0
-18.3,9611.7,-9581.7,503.9,478.8,485.6,NO,0,0,0
-2.2,9491.1,-9592.2,2429.5,521.5,490.8,LG,1,1,0
-35.8,9553.8,-9505.9,507.0,478.6,506.8,NO,0,0,0
-8.0,9588.2,-9525.1,2459.2,520.2,483.1,LG,1,1,0
-1.2,9482.9,-9556.9,489.4,541.7,502.4,NO,0,0,0
-6.3,950.4,-9461.5,3128.2,2573.3,458.9,LLG,3,3,0
-1.1,474.2,-474.8,3981.1,3874.2,3914.8,LLL,4,4,1
1.9,479.2,-476.5,3978.1,4203.4,4094.6,LLL,4,4,1
-1.9,476.5,-475.7,3894.7,3985.1,4040.6,LLL,4,4,1
-9.9,953.3,-9578.7,3147.4,2715.2,470.0,LLG,3,3,0
1.2,476.4,-479.2,4065.8,4025.6,4079.7,LLL,4,4,1
-1.4,478.3,-477.4,4237.1,3917.7,3850.5,LLL,4,4,1
-4.3,476.3,-478.5,3950.7,3900.4,4093.9,LLL,4,4,1
45.8,9553.4,-9636.7,480.2,481.6,553.2,NO,0,0,0
10.7,2856.5,-9502.4,2085.0,2053.9,472.7,LL,2,2,0
6.4,2836.6,-9584.0,1929.2,1948.5,526.7,LL,2,2,0
2.6,9558.8,-9495.5,473.5,496.6,531.7,NO,0,0,0
-7.3,2862.0,-9590.3,2017.5,2067.4,489.0,LL,2,2,0
33.1,9589.9,-9551.9,504.5,514.6,486.9,NO,0,0,0
1.3,9540.8,-9492.8,2618.7,495.2,483.6,LG,1,1,0
-78.7,9499.1,-9551.1,492.6,493.0,472.9,NO,0,0,0
1.1,472.6,-480.5,3751.4,3813.3,4136.6,LLL,4,4,1
-13.5,2843.8,-9498.9,1972.2,1936.5,494.9,LL,2,2,0
-0.1,95.0,-94.5,4953.6,5251.5,5129.1,LLLG,5,5,1
-6.1,952.3,-9519.3,3098.9,2494.1,494.8,LLG,3,3,0
-99.4,9597.8,-9496.4,510.7,510.4,493.4,NO,0,0,0
11.7,9568.5,-9568.4,2426.1,494.4,489.9,LG,1,1,0
-42.0,9521.9,-9514.5,492.1,537.3,485.4,NO,0,0,0
2.3,478.1,-476.3,3907.7,4061.7,4003.7,LLL,4,4,1
0.1,476.0,-476.6,4162.7,3919.1,3881.5,LLL,4,4,1
-2.7,470.9,-480.6,4271.1,3783.7,3766.5,LLL,4,4,1
1.4,475.2,-473.7,3787.6,4315.5,4103.1,LLL,4,4,1
-12.5,958.6,-9570.8,3081.6,2513.8,473.7,LLG,3,3,0
1.1,950.1,-9581.0,3076.7,2520.3,494.2,LLG,3,3,0
46.6,9545.5,-9637.6,495.0,533.3,485.8,NO,0,0,0
1.9,476.0,-473.8,3897.1,4159.6,3942.8,LLL,4,4,1
0.0,95.7,-94.7,4903.6,4889.2,4903.2,LLLG,5,5,1
-0.7,478.6,-476.3,3946.9,3932.0,3888.6,LLL,4,4,1
6.4,9401.1,-9540.8,2465.9,503.8,493.9,LG,1,1,0
3.0,9455.3,-9510.1,2378.6,520.8,499.0,LG,1,1,0
1.7,472.1,-472.1,3949.6,3870.3,4109.2,LLL,4,4,1
-20.4,2860.0,-9538.8,2000.1,1996.9,504.1,LL,2,2,0
-7.1,950.9,-9480.0,3082.4,2338.6,530.5,LLG,3,3,0
-1.4,2854.6,-9533.5,2072.6,1961.8,516.5,LL,2,2,0
-26.9,2844.2,-9534.2,2063.6,2110.3,519.5,LL,2,2,0
72.6,9542.6,-9562.2,538.4,507.7,532.3,NO,0,0,0
1.2,479.1,-478.4,4050.4,3888.2,4324.9,LLL,4,4,1
-1.8,2835.5,-9462.7,2028.4,1852.1,501.8,LL,2,2,0
17.7,2858.7,-9530.1,1925.9,2070.0,537.0,LL,2,2,0
46.9,9528.3,-9525.8,501.6,483.2,505.0,NO,0,0,0
17.5,2850.5,-9442.6,2156.8,1991.8,491.9,LL,2,2,0
4.7,2851.8,-9587.3,1901.5,2159.2,501.7,LL,2,2,0
-10.7,2848.7,-9568.1,2041.1,1986.4,518.8,LL,2,2,0
-56.9,9509.6,-9474.7,482.8,523.6,501.3,NO,0,0,0
20.7,9579.0,-9604.4,518.3,526.5,499.6,NO,0,0,0
34.5,9451.7,-9539.9,491.2,449.2,488.4,NO,0,0,0
5.8,2856.2,-9545.3,1863.0,1975.7,472.4,LL,2,2,0
-10.7,9474.0,-9554.7,536.1,483.7,499.9,NO,0,0,0
-33.7,9575.4,-9520.1,487.4,519.1,484.2,NO,0,0,0
-0.3,94.6,-94.9,4735.8,4594.7,5366.3,LLLG,5,5,1
-77.2,9558.4,-9521.2,520.6,496.9,516.3,NO,0,0,0
2.9,940.7,-9628.1,3087.7,2373.5,501.4,LLG,3,3,0
-0.3,473.9,-478.9,4004.8,4193.4,3842.8,LLL,4,4,1
-0.5,472.4,-471.8,4282.7,3800.1,4023.3,LLL,4,4,1
-7.7,2832.1,-9446.5,1941.5,1928.7,491.9,LL,2,2,0
3.3,476.2,-478.6,4174.7,4161.2,4150.7,LLL,4,4,1
-36.9,9538.3,-9568.4,518.0,546.7,475.2,NO,0,0,0
-34.0,2868.3,-9464.4,2025.1,1990.8,477.7,LL,2,2,0
-8.1,2841.6,-9542.1,1907.0,1915.9,496.1,LL,2,2,0
-39.0,9489.6,-9430.1,511.4,486.0,481.7,NO,0,0,0
-3.1,476.1,-476.2,3816.4,4049.3,3966.5,LLL,4,4,1
-6.7,956.1,-9518.8,2955.2,2452.0,528.3,LLG,3,3,0
7.6,2851.0,-9486.4,2030.5,2021.5,527.4,LL,2,2,0
11.3,954.0,-9461.1,2868.0,2417.6,479.8,LLG,3,3,0
4.0,475.5,-474.5,4002.6,3856.3,3844.6,LLL,4,4,1
9.1,9531.7,-9519.8,511.4,486.9,466.6,NO,0,0,0
2.3,477.0,-476.5,3899.9,4111.9,4120.3,LLL,4,4,1
-52.2,9524.5,-9528.1,509.9,485.5,510.8,NO,0,0,0
0.1,94.4,-94.5,4934.5,5022.5,4915.6,LLLG,5,5,1
-71.9,9503.2,-9420.0,476.1,513.7,500.6,NO,0,0,0
-25.4,2843.5,-9509.1,2069.9,2179.6,480.8,LL,2,2,0
0.4,95.7,-94.9,4958.6,4884.6,4693.8,LLLG,5,5,1
27.1,9388.9,-9609.7,492.5,466.5,498.6,NO,0,0,0
-41.3,9488.2,-9557.2,513.5,482.9,513.9,NO,0,0,0
-6.8,959.2,-9565.2,2990.1,2563.5,491.7,LLG,3,3,0
-2.4,954.1,-9625.9,3016.0,2375.1,517.5,LLG,3,3,0
-2.3,950.0,-9480.8,3023.0,2646.8,522.3,LLG,3,3,0
-1.9,479.2,-477.7,3823.8,3924.6,3942.2,LLL,4,4,1
-64.9,9641.4,-9474.1,522.4,495.9,500.1,NO,0,0,0
-13.0,9548.4,-9508.1,537.6,504.1,502.9,NO,0,0,0
-0.5,477.4,-479.2,4040.7,3974.9,3793.1,LLL,4,4,1
0.7,9514.9,-9571.9,2370.0,470.9,502.7,LG,1,1,0
44.2,9517.0,-9562.9,486.9,497.0,455.6,NO,0,0,0
-3.1,949.2,-9532.4,3215.2,2403.9,524.6,LLG,3,3,0
7.7,9488.0,-9588.0,2539.4,500.5,522.3,LG,1,1,0
9.5,954.7,-9500.6,3116.6,2484.8,492.9,LLG,3,3,0
-1.3,473.3,-473.7,4081.0,3879.3,3880.6,LLL,4,4,1
-1.3,477.5,-476.7,3895.4,3857.4,4190.1,LLL,4,4,1
-23.0,2848.5,-9552.2,2109.0,1987.3,487.6,LL,2,2,0
-1.4,9507.6,-9506.9,498.3,482.1,497.1,NO,0,0,0
4.2,475.0,-475.0,4189.1,3799.4,4172.5,LLL,4,4,1
3.0,947.3,-9532.2,2641.0,2527.9,501.8,LLG,3,3,0
-82.1,9522.8,-9472.0,507.6,523.1,514.2,NO,0,0,0
-3.8,9560.2,-9558.9,2566.8,493.9,492.0,LG,1,1,0
1.0,9411.2,-9498.3,510.4,501.7,487.5,NO,0,0,0
-3.8,473.0,-472.7,4186.6,3896.6,4023.8,LLL,4,4,1
-6.5,9572.4,-9562.8,2658.7,482.7,463.1,LG,1,1,0
0.4,951.9,-9539.6,3092.9,2401.3,508.9,LLG,3,3,0
-5.0,473.7,-477.6,4111.9,3897.0,4037.9,LLL,4,4,1
-0.2,478.3,-477.2,3885.6,4066.7,3561.9,LLL,4,4,1
-4.7,9639.3,-9524.2,2473.5,539.6,500.8,LG,1,1,0
14.4,2855.1,-9515.1,2026.3,1970.4,527.3,LL,2,2,0
6.3,957.4,-9451.7,2849.0,2406.0,483.0,LLG,3,3,0
1.1,96.1,-94.9,5021.6,4596.9,5146.1,LLLG,5,5,1
-0.0,94.6,-95.6,5306.1,4752.5,4789.1,LLLG,5,5,1
-14.1,9526.7,-9465.9,2350.8,505.6,510.9,LG,1,1,0
0.7,94.3,-95.1,5189.6,5293.8,4991.3,LLLG,5,5,1
0.9,477.6,-472.8,4002.9,4086.5,4069.9,LLL,4,4,1
-53.3,9555.7,-9587.9,490.6,537.5,503.5,NO,0,0,0
0.1,472.7,-473.3,4135.1,3983.9,4082.0,LLL,4,4,1
-2.0,9519.1,-9478.0,494.2,507.7,466.8,NO,0,0,0
-2.3,479.9,-476.3,3978.5,3876.9,4026.0,LLL,4,4,1
0.4,476.1,-475.2,3835.3,3928.9,3992.7,LLL,4,4,1
90.9,9586.4,-9470.3,489.0,441.3,499.2,NO,0,0,0
-1.0,9638.1,-9500.8,491.0,475.4,509.1,NO,0,0,0
46.7,9591.4,-9472.2,486.1,536.1,507.1,NO,0,0,0
-10.1,2845.5,-9525.7,2057.6,2024.8,481.3,LL,2,2,0
0.9,9524.6,-9588.2,500.9,473.5,493.0,NO,0,0,0
4.8,955.1,-9549.7,2964.0,2531.7,509.6,LLG,3,3,0
-5.9,2864.1,-9514.8,2055.9,2049.5,476.1,LL,2,2,0
0.2,96.0,-95.0,5146.3,5185.3,4976.4,LLLG,5,5,1
-7.2,9477.7,-9552.6,2513.5,567.0,502.0,LG,1,1,0
2.7,475.4,-480.0,4084.4,4140.0,4084.6,LLL,4,4,1
49.6,9502.5,-9559.2,467.0,539.0,492.7,NO,0,0,0
-7.1,957.7,-9474.3,3105.4,2550.3,499.8,LLG,3,3,0
179.2,9510.3,-9456.8,506.6,491.5,516.1,NO,0,0,0
-3.4,476.0,-476.5,3855.8,4162.0,3895.0,LLL,4,4,1
-2.2,474.5,-479.9,3876.1,4177.3,4024.5,LLL,4,4,1
0.1,95.3,-96.2,5108.3,5135.3,4934.9,LLLG,5,5,1
0.9,9506.7,-9539.5,2479.9,501.9,516.7,LG,1,1,0
4.9,9494.0,-9663.6,2489.1,482.8,469.7,LG,1,1,0
-9.4,943.1,-9554.8,2774.6,2618.6,515.1,LLG,3,3,0
3.4,9523.2,-9527.1,496.1,532.2,507.6,NO,0,0,0
-11.1,2864.4,-9509.0,2031.4,2046.8,499.8,LL,2,2,0
51.0,9464.8,-9578.2,506.6,493.2,519.1,NO,0,0,0
-2.5,952.1,-9570.5,2761.3,2499.7,492.5,LLG,3,3,0
-0.0,95.3,-95.5,4998.2,4827.2,4927.7,LLLG,5,5,1
-1.8,952.9,-9514.7,2998.1,2605.6,494.9,LLG,3,3,0
32.2,9543.6,-9516.5,507.9,506.6,478.5,NO,0,0,0
-2.1,475.6,-472.0,4074.2,3832.2,4059.9,LLL,4,4,1
-4.8,948.2,-9509.0,2998.3,2477.5,504.0,LLG,3,3,0
-0.5,94.9,-95.7,4811.2,4923.8,5291.9,LLLG,5,5,1
-3.9,958.2,-9557.6,3100.8,2487.0,530.0,LLG,3,3,0
0.8,477.7,-475.2,3964.0,4294.9,3809.3,LLL,4,4,1
0.7,95.4,-95.9,5263.6,4870.0,4987.4,LLLG,5,5,1
-2.5,2868.5,-9388.9,2067.9,1974.6,487.5,LL,2,2,0
-16.7,9539.2,-9487.3,493.6,481.2,483.2,NO,0,0,0
-37.2,9521.7,-9523.5,506.9,474.8,476.9,NO,0,0,0
-1.5,95.9,-95.7,5006.6,5209.6,4841.2,LLLG,5,5,1
5.7,2854.7,-9553.9,2109.6,1964.3,518.4,LL,2,2,0
-10.1,9559.3,-9588.5,515.3,485.2,480.5,NO,0,0,0
4.1,473.4,-472.2,3717.5,3812.8,3762.8,LLL,4,4,1
-9.0,9547.0,-9534.2,479.8,487.9,515.1,NO,0,0,0
3.2,949.6,-9638.4,2824.4,2597.5,512.9,LLG,3,3,0
-0.2,95.1,-95.8,5364.3,4781.6,5217.4,LLLG,5,5,1
-18.9,9629.4,-9588.2,483.7,496.6,513.0,NO,0,0,0
29.6,2832.8,-9612.8,1899.4,2036.8,507.1,LL,2,2,0
-10.5,2842.5,-9554.4,2022.7,1904.9,501.3,LL,2,2,0
-1.1,477.5,-475.5,3943.8,4073.1,3944.6,LLL,4,4,1
0.5,94.8,-94.9,4865.8,4981.8,5144.1,LLLG,5,5,1
89.5,9551.0,-9616.5,507.7,481.2,510.6,NO,0,0,0
-4.2,477.4,-471.5,4002.2,3792.7,4300.9,LLL,4,4,1
-45.9,9513.6,-9571.4,532.4,500.4,505.9,NO,0,0,0
-2.9,473.0,-477.2,4076.2,3840.6,3881.4,LLL,4,4,1
1.2,473.5,-475.5,4203.0,3656.0,4038.2,LLL,4,4,1
0.4,95.0,-95.2,5367.5,5137.4,4857.5,LLLG,5,5,1
-69.4,9465.3,-9545.2,498.5,510.9,476.8,NO,0,0,0
-3.6,950.9,-9630.7,2924.2,2487.9,511.4,LLG,3,3,0
-38.2,9532.3,-9540.9,507.7,512.0,465.6,NO,0,0,0
4.9,951.2,-9585.0,2756.1,2575.9,474.7,LLG,3,3,0
-22.5,2861.2,-9503.2,2000.5,2030.2,533.2,LL,2,2,0
-19.6,2855.1,-9445.7,2075.8,1921.1,508.8,LL,2,2,0
-0.3,95.0,-95.5,5223.8,4812.2,4940.4,LLLG,5,5,1
3.9,475.8,-479.2,4163.0,4030.8,3894.5,LLL,4,4,1
0.6,946.0,-9538.2,3095.9,2565.4,497.1,LLG,3,3,0
-3.8,953.6,-9585.0,2818.4,2601.5,481.0,LLG,3,3,0
-55.2,9561.3,-9491.2,484.5,530.0,484.2,NO,0,0,0
4.6,9524.8,-9510.3,2426.6,511.9,473.7,LG,1,1,0
51.7,9532.5,-9540.3,522.9,501.1,500.0,NO,0,0,0
29.4,2860.1,-9531.7,2088.1,1998.3,473.0,LL,2,2,0
0.7,482.5,-473.7,4159.8,4219.9,3716.5,LLL,4,4,1
0.1,96.0,-95.7,5151.4,4828.0,5065.0,LLLG,5,5,1
-7.3,9579.2,-9589.0,2432.5,550.2,524.6,LG,1,1,0
-16.5,9530.6,-9554.1,524.6,493.0,491.2,NO,0,0,0
-46.4,9548.2,-9485.1,475.3,528.9,473.8,NO,0,0,0
-1.9,484.4,-471.4,4064.9,4276.9,3967.5,LLL,4,4,1
53.3,9409.8,-9499.3,485.1,528.7,482.3,NO,0,0,0
90.0,9501.6,-9563.9,505.9,493.1,521.1,NO,0,0,0
7.2,9555.4,-9528.6,2641.1,491.0,534.1,LG,1,1,0
25.4,9539.4,-9649.4,517.3,502.6,539.0,NO,0,0,0
2.1,474.0,-478.3,4029.6,4017.5,3901.8,LLL,4,4,1
-8.8,9515.5,-9590.9,2497.2,500.0,501.0,LG,1,1,0
-1.9,9480.1,-9539.6,504.9,498.8,491.9,NO,0,0,0
54.0,9526.7,-9466.4,485.5,492.8,500.5,NO,0,0,0
-3.1,472.3,-478.0,3991.2,4135.6,4065.8,LLL,4,4,1
-0.3,950.1,-9484.3,3068.8,2477.6,515.9,LLG,3,3,0
7.9,962.0,-9575.3,3140.9,2414.8,509.9,LLG,3,3,0
-0.2,94.7,-95.8,5110.7,4850.5,4960.6,LLLG,5,5,1
2.1,476.3,-476.3,4222.9,4101.9,3858.4,LLL,4,4,1
0.0,95.6,-95.0,4805.0,4973.9,4824.9,LLLG,5,5,1
-27.3,2842.3,-9508.6,1891.4,2117.8,522.7,LL,2,2,0
-30.1,9548.6,-9636.1,482.7,536.5,499.2,NO,0,0,0
17.7,2852.3,-9547.4,1895.8,2182.0,496.8,LL,2,2,0
-61.6,9586.7,-9582.6,501.8,512.5,493.5,NO,0,0,0
-2.8,950.4,-9515.0,2842.8,2551.9,489.2,LLG,3,3,0
-6.8,949.2,-9503.2,2970.0,2455.0,501.5,LLG,3,3,0
0.1,478.8,-478.4,3939.9,3987.7,3831.3,LLL,4,4,1
-18.8,9531.2,-9559.9,467.5,511.2,506.2,NO,0,0,0
6.3,473.4,-474.6,3815.0,3848.7,3955.6,LLL,4,4,1
22.3,9473.0,-9427.5,481.9,533.9,493.0,NO,0,0,0
-6.1,955.2,-9538.7,3214.4,2356.6,499.4,LLG,3,3,0
-2.8,474.5,-476.9,4182.0,3773.0,3945.7,LLL,4,4,1
-45.7,9545.6,-9457.8,485.8,490.0,522.4,NO,0,0,0
0.3,476.8,-476.2,4084.5,4254.3,3955.5,LLL,4,4,1
-10.8,2854.8,-9627.1,1881.9,1968.4,470.8,LL,2,2,0
4.6,479.7,-473.8,4063.7,4131.1,3776.0,LLL,4,4,1
24.3,9519.6,-9554.0,475.7,502.9,492.1,NO,0,0,0
2.3,950.0,-9479.0,2754.2,2432.2,489.1,LLG,3,3,0
-33.2,9606.1,-9476.0,504.2,498.8,505.6,NO,0,0,0
0.1,94.5,-95.4,4959.5,5245.6,4946.3,LLLG,5,5,1
1.1,2865.4,-9475.8,1915.3,1924.3,513.3,LL,2,2,0
-44.1,9558.6,-9502.8,541.0,481.3,521.5,NO,0,0,0
26.2,9538.3,-9538.4,488.0,492.8,493.7,NO,0,0,0
2.6,9553.2,-9534.0,499.9,517.3,508.9,NO,0,0,0
0.4,95.4,-95.2,5006.6,5230.5,5004.5,LLLG,5,5,1
13.7,9554.3,-9475.6,491.1,529.7,451.8,NO,0,0,0
7.8,9503.0,-9532.7,2467.9,489.9,489.0,LG,1,1,0
-36.2,9468.3,-9527.4,512.8,521.7,491.1,NO,0,0,0
-0.3,94.7,-94.6,5312.4,4798.7,4923.9,LLLG,5,5,1
4.1,477.1,-476.1,4219.4,3709.2,4055.4,LLL,4,4,1
2.6,965.1,-9550.3,3351.0,2504.4,488.0,LLG,3,3,0
26.0,9507.3,-9470.7,495.0,511.1,511.7,NO,0,0,0
15.0,9588.4,-9615.9,491.2,481.6,499.8,NO,0,0,0
-1.0,94.6,-95.1,4732.4,4646.8,4855.2,LLLG,5,5,1
3.0,2877.9,-9549.2,1972.0,2151.8,493.0,LL,2,2,0
-7.9,9529.3,-9517.7,2573.0,487.7,481.0,LG,1,1,0
-93.2,9431.7,-9516.2,507.1,470.7,487.5,NO,0,0,0
6.4,9531.8,-9513.2,506.0,534.4,520.7,NO,0,0,0
-43.4,9509.1,-9507.2,526.5,505.6,481.8,NO,0,0,0
109.4,9522.9,-9522.3,518.6,523.2,492.7,NO,0,0,0
-2.5,9585.4,-9638.9,520.1,522.1,503.2,NO,0,0,0
-1.9,9600.6,-9545.9,2546.4,489.4,484.9,LG,1,1,0
2.7,2868.4,-9516.2,1924.4,1924.0,490.8,LL,2,2,0
-2.6,957.0,-9525.4,2854.9,2555.1,481.3,LLG,3,3,0
2.3,475.7,-476.3,3886.1,4288.1,3899.3,LLL,4,4,1
0.4,2856.4,-9572.1,1799.6,1941.1,466.4,LL,2,2,0
-1.6,475.0,-477.5,4090.9,4091.6,3845.5,LLL,4,4,1
7.6,958.1,-9607.7,2988.1,2491.1,488.8,LLG,3,3,0
51.9,9527.7,-9504.7,505.5,488.3,531.1,NO,0,0,0
2.3,473.0,-478.3,3959.6,3717.5,3914.1,LLL,4,4,1
68.3,9491.7,-9508.7,486.6,506.0,507.2,NO,0,0,0
9.1,949.0,-9498.3,2895.2,2600.5,510.0,LLG,3,3,0
-0.4,94.5,-95.0,5023.7,5079.7,5194.5,LLLG,5,5,1
82.5,9542.4,-9590.1,519.0,539.7,483.6,NO,0,0,0
-1.2,955.9,-9560.7,2943.4,2414.3,495.1,LLG,3,3,0
-20.2,9510.7,-9499.1,480.6,471.1,543.9,NO,0,0,0
-22.0,9503.9,-9481.9,521.0,518.0,489.0,NO,0,0,0
-1.1,476.8,-479.5,3885.4,3960.8,3683.8,LLL,4,4,1
42.0,9608.9,-9572.4,523.0,518.6,493.3,NO,0,0,0
0.0,94.8,-95.7,4884.6,5076.7,4762.8,LLLG,5,5,1
0.7,93.8,-95.7,5047.6,4982.2,5192.4,LLLG,5,5,1
2.7,476.4,-474.8,4218.4,4253.6,4047.1,LLL,4,4,1
1.3,477.7,-479.0,3961.1,3913.8,3928.0,LLL,4,4,1
9.2,2820.1,-9504.6,2000.6,1859.0,482.8,LL,2,2,0
-1.4,478.6,-476.3,3990.7,3966.0,4011.6,LLL,4,4,1
5.5,955.1,-9574.4,3160.5,2382.2,507.0,LLG,3,3,0
-2.3,951.7,-9505.9,3236.9,2612.7,522.3,LLG,3,3,0
4.9,951.0,-9469.3,2872.8,2443.7,544.6,LLG,3,3,0
-0.3,95.0,-95.8,4896.4,5038.3,5045.7,LLLG,5,5,1
4.0,959.9,-9556.5,2929.8,2709.3,503.4,LLG,3,3,0
1.1,474.7,-477.6,4066.0,4343.5,4137.5,LLL,4,4,1
0.5,2875.9,-9623.3,1974.2,1873.2,539.4,LL,2,2,0
-68.3,9462.3,-9485.9,462.9,470.7,498.1,NO,0,0,0
5.6,9504.7,-9571.6,2416.4,507.2,508.6,LG,1,1,0
-14.3,2855.6,-9458.2,2069.8,2041.6,510.8,LL,2,2,0
44.2,9539.8,-9633.8,492.7,515.9,485.8,NO,0,0,0
-2.0,952.0,-9613.3,2847.3,2387.8,460.3,LLG,3,3,0
-8.8,2846.5,-9559.4,1895.1,2063.5,504.0,LL,2,2,0
97.6,9549.8,-9586.5,474.0,517.7,504.8,NO,0,0,0
2.4,473.5,-471.7,4168.0,4002.3,3919.0,LLL,4,4,1
44.9,9493.5,-9467.8,471.1,533.5,512.5,NO,0,0,0
4.7,949.3,-9533.1,2831.1,2597.5,469.6,LLG,3,3,0
-0.7,471.4,-478.3,4108.1,4052.6,3848.4,LLL,4,4,1
-45.5,9554.5,-9473.3,484.5,499.6,502.1,NO,0,0,0
4.0,9402.3,-9568.8,2368.2,493.5,496.6,LG,1,1,0
-6.1,2854.8,-9542.5,2015.6,2035.0,498.0,LL,2,2,0
0.3,472.6,-476.6,3949.1,4001.3,4095.2,LLL,4,4,1
-6.1,2858.3,-9577.6,1937.3,2065.1,527.8,LL,2,2,0
25.8,9535.6,-9523.9,513.9,518.0,476.6,NO,0,0,0
-67.5,9573.8,-9619.2,469.4,486.8,514.2,NO,0,0,0
-5.0,9560.4,-9505.8,2496.7,500.7,496.7,LG,1,1,0
-7.8,957.0,-9416.0,2796.8,2519.4,499.2,LLG,3,3,0
-25.7,9595.3,-9438.2,501.6,506.8,480.3,NO,0,0,0
3.7,953.2,-9473.3,3004.1,2498.0,488.3,LLG,3,3,0
30.3,9489.8,-9416.8,505.4,482.5,480.3,NO,0,0,0
-7.8,955.9,-9467.0,2953.5,2331.4,501.0,LLG,3,3,0
-1.3,480.7,-479.3,4055.2,4071.4,3981.4,LLL,4,4,1
6.1,954.1,-9409.3,2939.5,2424.3,510.3,LLG,3,3,0
5.8,952.9,-9525.3,2945.3,2573.7,503.4,LLG,3,3,0
17.2,2887.4,-9548.7,1867.5,2088.2,485.1,LL,2,2,0
13.1,9526.0,-9431.4,509.3,524.7,527.6,NO,0,0,0
-0.3,478.3,-474.9,4248.0,4226.8,3787.3,LLL,4,4,1
4.6,477.9,-474.1,4017.4,4010.8,3832.6,LLL,4,4,1
15.0,9441.7,-9571.9,501.4,503.3,482.3,NO,0,0,0
0.2,9582.1,-9591.3,469.9,506.5,522.4,NO,0,0,0
-5.5,2862.8,-9462.8,2076.4,1952.4,476.1,LL,2,2,0
-88.2,9498.0,-9596.9,471.5,486.5,498.1,NO,0,0,0
0.0,95.6,-95.0,4966.9,5090.1,4851.0,LLLG,5,5,1
8.7,2843.0,-9505.8,1940.1,2008.7,479.5,LL,2,2,0
-18.4,9541.1,-9465.2,455.6,479.5,520.3,NO,0,0,0
-1.0,9491.1,-9593.1,2371.6,507.5,502.0,LG,1,1,0
-0.8,96.4,-95.2,5005.7,5358.1,5416.3,LLLG,5,5,1
-0.6,9482.8,-9474.7,2423.7,537.4,525.3,LG,1,1,0
10.3,2851.7,-9575.8,1986.9,1970.6,484.8,LL,2,2,0
-0.6,476.1,-477.3,4020.9,4159.1,3876.7,LLL,4,4,1
0.7,951.4,-9535.0,3046.2,2346.3,512.3,LLG,3,3,0
5.1,9620.5,-9505.1,2535.4,513.4,511.2,LG,1,1,0
-2.2,478.3,-477.6,3921.4,3858.9,4108.3,LLL,4,4,1
1.6,9524.0,-9500.6,2520.3,473.5,512.8,LG,1,1,0
1.1,477.7,-478.7,3994.7,3647.5,4096.1,LLL,4,4,1
1.2,950.6,-9532.4,2955.8,2554.9,526.9,LLG,3,3,0
-9.7,951.4,-9536.5,3217.5,2502.3,525.1,LLG,3,3,0
3.7,9510.7,-9480.4,2393.3,508.8,495.7,LG,1,1,0
36.5,9548.1,-9585.5,482.1,468.6,505.4,NO,0,0,0
-29.4,9506.0,-9554.0,515.5,488.4,493.4,NO,0,0,0
0.5,9519.5,-9564.3,2646.7,502.2,495.0,LG,1,1,0
0.3,94.7,-96.3,4782.3,4805.0,5107.2,LLLG,5,5,1
0.3,477.4,-476.6,3822.3,4065.2,3857.7,LLL,4,4,1
-4.2,946.7,-9486.8,2851.5,2373.9,479.4,LLG,3,3,0
0.0,9506.7,-9553.9,2396.7,516.6,483.4,LG,1,1,0
-0.3,945.0,-9558.4,3036.5,2677.0,519.3,LLG,3,3,0
42.9,9541.1,-9531.9,483.8,505.2,508.2,NO,0,0,0
-51.5,9573.6,-9571.7,495.1,478.8,524.1,NO,0,0,0
0.6,954.4,-9512.7,3104.3,2682.4,474.6,LLG,3,3,0
-85.1,9569.0,-9552.2,436.9,499.6,501.7,NO,0,0,0
59.2,9503.0,-9466.0,482.2,526.4,471.6,NO,0,0,0
1.7,471.9,-479.0,4133.1,4184.6,3863.3,LLL,4,4,1
17.6,9486.2,-9472.1,515.3,479.9,490.7,NO,0,0,0
0.0,474.1,-476.0,4093.9,3970.2,3890.1,LLL,4,4,1
27.6,2876.9,-9523.5,1895.2,2171.3,528.0,LL,2,2,0
-0.0,95.4,-94.6,5292.5,4885.5,5355.1,LLLG,5,5,1
-2.8,477.8,-475.6,4178.8,3541.6,4247.3,LLL,4,4,1
-11.4,9569.0,-9525.4,2373.2,502.3,491.6,LG,1,1,0
-3.0,473.6,-480.0,4121.4,3893.8,4095.0,LLL,4,4,1
10.5,473.7,-480.0,3849.3,4194.3,3831.3,LLL,4,4,1
-14.7,2830.1,-9495.1,1918.7,2004.7,480.6,LL,2,2,0
-12.6,2857.3,-9602.9,2082.1,2036.8,505.5,LL,2,2,0
-4.4,475.1,-475.7,4305.8,3852.0,4172.0,LLL,4,4,1
0.5,944.9,-9573.0,3219.0,2499.1,485.7,LLG,3,3,0
3.1,955.1,-9597.1,2967.0,2482.6,494.7,LLG,3,3,0
0.2,95.6,-94.9,5034.3,5109.2,5007.0,LLLG,5,5,1
3.8,9498.0,-9507.3,2549.6,516.9,516.5,LG,1,1,0
-0.7,95.3,-94.5,4803.9,5007.1,4993.3,LLLG,5,5,1
39.8,9567.1,-9610.0,488.3,495.1,485.9,NO,0,0,0
5.8,961.7,-9494.7,2879.9,2514.7,496.4,LLG,3,3,0
-4.3,481.5,-475.9,3774.5,4176.0,4009.8,LLL,4,4,1
5.7,476.2,-472.5,4145.2,3980.0,4123.6,LLL,4,4,1
-8.1,9623.2,-9492.7,2581.6,475.3,484.4,LG,1,1,0
105.4,9572.2,-9407.2,502.0,553.1,486.3,NO,0,0,0
6.7,2865.0,-9515.6,1985.4,1943.6,521.5,LL,2,2,0
-13.6,2832.8,-9566.5,2005.6,2061.5,475.6,LL,2,2,0
88.1,9501.2,-9567.4,493.8,495.9,491.5,NO,0,0,0
0.4,944.8,-9489.9,3109.9,2504.2,476.1,LLG,3,3,0
-0.6,958.8,-9587.5,3045.5,2578.8,516.6,LLG,3,3,0
-4.0,9574.0,-9494.9,515.8,493.0,487.4,NO,0,0,0
-15.5,2865.5,-9582.7,2002.9,2022.1,505.4,LL,2,2,0
-3.8,9546.0,-9649.0,2486.5,494.7,500.3,LG,1,1,0
-17.4,2861.3,-9575.2,1955.7,2018.7,501.3,LL,2,2,0
-38.6,9419.5,-9434.4,487.3,488.8,476.7,NO,0,0,0
4.9,478.0,-476.8,3826.8,4015.6,4138.8,LLL,4,4,1
-10.2,9566.7,-9574.5,2394.0,508.0,486.9,LG,1,1,0
-2.5,9463.8,-9573.8,2536.9,527.0,511.6,LG,1,1,0
-1.0,481.7,-475.8,3996.1,4039.5,3687.4,LLL,4,4,1
-0.8,9506.2,-9605.8,511.1,472.5,501.2,NO,0,0,0
-17.0,9562.5,-9518.2,476.2,462.2,500.5,NO,0,0,0
-15.1,2843.1,-9519.8,1864.7,1911.2,485.0,LL,2,2,0
-13.0,2832.3,-9570.2,2016.3,2008.4,478.4,LL,2,2,0
1.1,96.1,-94.6,4878.3,4850.0,5139.2,LLLG,5,5,1
-3.0,2864.7,-9537.3,1987.5,1977.8,502.2,LL,2,2,0
12.1,9550.4,-9468.7,493.8,482.2,505.5,NO,0,0,0
-8.3,9519.9,-9466.9,471.3,503.9,480.2,NO,0,0,0
39.7,9556.7,-9550.3,499.4,507.5,513.7,NO,0,0,0
0.6,477.2,-476.6,4196.5,4195.0,4104.8,LLL,4,4,1
-11.2,9517.1,-9538.2,477.1,519.5,513.5,NO,0,0,0
-0.3,95.8,-95.0,4896.7,5200.9,4994.5,LLLG,5,5,1
11.5,2828.5,-9504.3,2016.6,2099.3,466.2,LL,2,2,0
45.9,9482.1,-9510.6,508.2,489.4,484.4,NO,0,0,0
16.0,9535.9,-9460.8,507.8,485.9,482.3,NO,0,0,0
-1.5,475.0,-476.4,4064.1,4005.3,4097.8,LLL,4,4,1
-18.6,2866.3,-9473.1,1781.0,2022.5,526.0,LL,2,2,0
-1.6,474.6,-473.5,3987.6,3959.5,4252.7,LLL,4,4,1
-30.0,9486.3,-9488.2,509.1,516.1,491.2,NO,0,0,0
1.6,947.4,-9488.0,2877.9,2657.2,486.8,LLG,3,3,0
-70.6,9511.7,-9510.1,530.4,484.6,503.1,NO,0,0,0
-0.2,474.4,-477.9,4212.6,4369.6,3952.3,LLL,4,4,1
-41.9,9567.1,-9603.4,498.2,531.2,506.2,NO,0,0,0
7.5,2852.3,-9530.2,2113.5,1975.3,539.6,LL,2,2,0
-2.7,2882.7,-9526.2,1923.8,1861.8,504.4,LL,2,2,0
-0.6,95.7,-95.5,4659.2,5055.0,4855.0,LLLG,5,5,1
-0.9,9514.7,-9469.9,2365.4,484.3,502.4,LG,1,1,0
-3.6,9569.7,-9506.1,2225.5,500.1,494.6,LG,1,1,0
12.6,9550.0,-9552.3,497.6,505.1,502.9,NO,0,0,0
0.1,476.1,-477.8,3750.7,3714.3,3933.8,LLL,4,4,1
-0.9,94.8,-94.7,4802.2,4656.0,5049.1,LLLG,5,5,1
-1.4,9506.9,-9487.9,537.1,512.2,529.1,NO,0,0,0
70.3,9513.7,-9562.6,477.9,504.9,502.2,NO,0,0,0
-6.2,9573.8,-9566.1,2581.8,507.0,483.8,LG,1,1,0
0.1,474.7,-478.1,4095.1,3725.5,3997.4,LLL,4,4,1
7.2,9602.4,-9507.2,504.5,490.9,523.8,NO,0,0,0
14.5,9531.6,-9566.1,509.8,476.7,510.0,NO,0,0,0
0.1,94.9,-94.8,5371.8,5097.6,5098.3,LLLG,5,5,1
-0.1,95.6,-95.1,4883.3,5071.3,4834.3,LLLG,5,5,1
0.3,95.2,-95.4,4950.6,4868.5,4879.9,LLLG,5,5,1
0.8,94.5,-94.3,5179.5,5386.4,5102.5,LLLG,5,5,1
-2.0,957.9,-9488.8,3033.1,2659.4,508.1,LLG,3,3,0
-26.0,9538.0,-9500.3,508.1,509.7,514.4,NO,0,0,0
-8.5,9467.3,-9504.7,2506.1,486.7,485.3,LG,1,1,0
-27.4,9558.9,-9499.1,512.8,487.4,524.1,NO,0,0,0
4.4,9505.9,-9513.8,517.3,450.7,489.2,NO,0,0,0
-83.7,9593.1,-9397.3,469.5,547.3,523.4,NO,0,0,0
-5.8,2837.8,-9567.9,1952.1,1851.2,520.7,LL,2,2,0
1.8,2865.3,-9459.1,1894.9,2037.8,497.6,LL,2,2,0
0.4,473.3,-480.5,4047.3,3858.4,4122.9,LLL,4,4,1
39.7,9534.6,-9572.1,456.2,483.9,517.6,NO,0,0,0
-40.2,9515.5,-9632.6,518.0,486.7,499.9,NO,0,0,0
-2.4,475.0,-471.6,4268.6,3934.5,3846.9,LLL,4,4,1
5.3,962.6,-9408.0,3144.8,2674.2,488.6,LLG,3,3,0
3.3,475.1,-476.0,3943.2,3944.0,3807.4,LLL,4,4,1
9.5,2850.5,-9544.3,1968.0,1928.3,497.7,LL,2,2,0
55.6,9434.2,-9569.6,513.6,481.7,522.0,NO,0,0,0
4.1,9568.9,-9521.5,2607.8,475.8,523.8,LG,1,1,0
-1.7,473.8,-472.8,4058.0,4192.1,4252.7,LLL,4,4,1
0.4,477.4,-476.7,4030.2,3919.8,4063.3,LLL,4,4,1
1.5,2877.1,-9620.1,1869.3,2159.7,479.1,LL,2,2,0
23.1,2879.3,-9523.4,1855.4,2045.6,500.2,LL,2,2,0
0.8,9544.4,-9550.6,497.1,506.4,483.4,NO,0,0,0
-6.6,9466.1,-9512.6,530.9,479.2,500.4,NO,0,0,0
26.1,9505.3,-9490.7,504.4,483.9,482.9,NO,0,0,0
-4.2,479.8,-475.1,3786.4,4113.2,3745.9,LLL,4,4,1
4.6,474.1,-477.3,4108.6,3860.3,3901.5,LLL,4,4,1
14.6,2863.7,-9524.2,1990.3,1970.0,491.5,LL,2,2,0
-4.0,947.8,-9579.7,2985.4,2756.2,449.9,LLG,3,3,0
-7.8,2857.8,-9551.2,2088.1,1853.9,501.4,LL,2,2,0
-0.0,95.0,-95.3,4847.4,5039.6,5040.1,LLLG,5,5,1
0.5,477.9,-476.4,4102.9,3953.9,4112.1,LLL,4,4,1
68.2,9515.5,-9578.1,510.7,540.9,497.6,NO,0,0,0
-1.5,473.2,-478.7,4150.6,4124.3,4269.2,LLL,4,4,1
-8.7,2865.6,-9576.9,1879.4,1882.9,482.3,LL,2,2,0
-10.0,944.4,-9519.4,3031.7,2530.6,485.6,LLG,3,3,0
3.1,474.5,-474.7,3993.4,4288.7,3911.0,LLL,4,4,1
-3.3,2863.4,-9530.2,2243.5,1991.6,506.1,LL,2,2,0
18.7,2865.5,-9546.0,2008.1,1962.9,521.2,LL,2,2,0
2.7,476.4,-474.4,4090.3,3897.0,3991.3,LLL,4,4,1
3.0,477.3,-479.2,4081.9,4209.4,4226.0,LLL,4,4,1
6.3,959.6,-9503.4,3160.2,2433.6,540.9,LLG,3,3,0
3.4,475.0,-471.4,4244.0,3927.4,4099.8,LLL,4,4,1
-1.5,945.2,-9470.4,3087.1,2380.5,516.4,LLG,3,3,0
1.3,474.1,-474.8,3935.5,4052.3,3717.6,LLL,4,4,1
-5.2,480.7,-475.0,3741.0,3996.1,3843.6,LLL,4,4,1
-3.6,9492.8,-9473.7,2614.1,507.0,522.3,LG,1,1,0
0.6,95.3,-95.5,5332.6,5032.9,4663.7,LLLG,5,5,1
-39.0,9551.6,-9511.9,479.2,513.8,522.6,NO,0,0,0
1.4,470.4,-475.0,3949.9,4097.4,4090.4,LLL,4,4,1
7.8,2841.9,-9570.7,1894.8,2053.4,502.0,LL,2,2,0
3.8,949.7,-9541.5,3096.6,2506.4,502.8,LLG,3,3,0
45.7,9581.4,-9511.5,526.9,501.1,528.4,NO,0,0,0
-12.2,955.0,-9469.5,2996.5,2367.4,513.3,LLG,3,3,0
-0.8,471.7,-474.8,3740.2,3867.3,4322.6,LLL,4,4,1
2.7,476.0,-472.9,3800.3,4082.8,4009.7,LLL,4,4,1
2.6,480.7,-473.6,4001.3,3996.7,4088.7,LLL,4,4,1
1.4,954.4,-9552.1,2961.3,2566.7,489.7,LLG,3,3,0
-1.5,9518.3,-9626.4,2447.2,465.6,522.3,LG,1,1,0
3.9,2867.4,-9573.2,1936.9,2121.9,467.1,LL,2,2,0
28.4,9554.4,-9530.9,528.1,507.0,488.3,NO,0,0,0
-18.8,9523.3,-9474.6,516.4,498.5,457.9,NO,0,0,0
-38.8,9535.1,-9493.5,508.3,508.7,520.4,NO,0,0,0
9.1,953.0,-9395.5,3090.2,2295.8,521.8,LLG,3,3,0
0.6,95.1,-96.0,4801.3,4804.7,5040.2,LLLG,5,5,1
8.3,948.6,-9620.7,2852.5,2721.0,461.9,LLG,3,3,0
-1.4,2830.0,-9585.9,1993.8,1985.6,486.4,LL,2,2,0
-1.7,479.1,-477.8,4103.0,4006.8,4208.0,LLL,4,4,1
0.5,95.2,-95.4,5158.3,5078.1,4984.2,LLLG,5,5,1
-36.3,9587.2,-9515.1,481.5,465.8,478.4,NO,0,0,0
-3.3,474.3,-478.3,4275.0,4019.6,3829.9,LLL,4,4,1
6.2,954.3,-9520.6,2942.4,2388.7,480.4,LLG,3,3,0
-0.7,95.5,-95.8,5267.7,5148.6,4965.3,LLLG,5,5,1
8.1,9571.9,-9518.6,2449.9,540.8,496.6,LG,1,1,0
-6.6,957.8,-9599.8,2963.5,2578.7,498.6,LLG,3,3,0
1.7,476.3,-478.4,4001.3,4120.4,3962.5,LLL,4,4,1
2.4,952.7,-9537.2,3111.7,2406.7,513.0,LLG,3,3,0
1.7,947.9,-9493.5,3091.0,2426.8,517.0,LLG,3,3,0
48.2,9552.2,-9545.2,526.5,473.9,482.6,NO,0,0,0
-2.4,477.3,-474.9,4078.9,3831.8,3989.9,LLL,4,4,1
-0.4,95.6,-94.9,5142.1,5101.2,4701.0,LLLG,5,5,1
-2.4,2848.1,-9543.3,2029.1,1983.6,508.2,LL,2,2,0
-2.6,9528.1,-9570.0,2549.3,464.6,494.6,LG,1,1,0
-2.2,481.3,-472.4,3886.2,3934.7,4127.6,LLL,4,4,1
-2.5,477.9,-478.9,3888.4,4047.5,3990.1,LLL,4,4,1
-23.8,2868.8,-9458.4,2092.8,1923.0,495.5,LL,2,2,0
6.4,2874.0,-9520.4,1925.3,2072.0,503.9,LL,2,2,0
15.7,9624.2,-9432.2,492.2,510.5,494.3,NO,0,0,0
-11.1,2861.9,-9478.9,1961.0,2025.0,485.2,LL,2,2,0
-0.7,474.3,-475.0,3938.7,4142.3,3920.2,LLL,4,4,1
-2.9,944.4,-9461.9,2755.3,2358.7,517.6,LLG,3,3,0
-44.2,9507.0,-9477.6,496.5,494.4,514.5,NO,0,0,0
-60.1,9660.2,-9418.4,513.4,512.4,496.3,NO,0,0,0
4.0,9498.0,-9581.1,541.1,476.8,495.0,NO,0,0,0
3.6,955.2,-9552.8,2710.4,2533.5,522.7,LLG,3,3,0
-2.6,9560.0,-9550.5,484.2,480.2,495.0,NO,0,0,0
-6.4,9535.7,-9481.6,2471.6,524.6,512.7,LG,1,1,0
9.9,2882.1,-9519.2,1941.8,1871.0,484.1,LL,2,2,0
24.7,2858.7,-9423.6,1930.3,1956.3,517.1,LL,2,2,0
5.1,949.9,-9419.5,3371.8,2626.2,483.4,LLG,3,3,0
9.2,2859.9,-9519.7,2108.9,2143.9,500.3,LL,2,2,0
1.9,475.2,-476.2,4235.9,3911.5,3903.0,LLL,4,4,1
-2.8,477.5,-476.1,4178.0,4136.5,4226.1,LLL,4,4,1
-1.7,953.6,-9541.4,2998.1,2561.1,495.7,LLG,3,3,0
17.9,9545.9,-9497.9,480.0,502.1,521.2,NO,0,0,0
-45.3,9534.8,-9447.4,466.3,522.9,494.1,NO,0,0,0
-11.5,2853.2,-9602.1,1887.7,1952.6,499.3,LL,2,2,0
4.7,2863.9,-9537.0,1956.6,1981.9,503.5,LL,2,2,0
1.0,95.6,-95.1,4932.0,4734.3,4906.0,LLLG,5,5,1
-69.6,9549.9,-9516.4,526.5,520.2,517.1,NO,0,0,0
3.6,956.1,-9572.2,3052.8,2388.1,529.2,LLG,3,3,0
1.0,474.6,-476.9,3966.1,4223.1,4080.7,LLL,4,4,1
-3.1,476.6,-477.3,4184.8,4069.7,4017.3,LLL,4,4,1
-18.9,9483.6,-9486.1,485.7,482.7,480.3,NO,0,0,0
-35.9,9602.5,-9619.6,479.4,495.2,464.6,NO,0,0,0
9.8,9557.2,-9480.4,2445.3,471.6,494.5,LG,1,1,0
1.2,948.6,-9552.8,2935.7,2556.7,525.4,LLG,3,3,0
3.1,2870.2,-9638.9,2097.3,2036.5,483.5,LL,2,2,0
-32.1,9502.4,-9579.2,470.6,477.8,453.0,NO,0,0,0
-1.3,9467.2,-9488.9,2538.3,492.1,513.1,LG,1,1,0
-0.6,953.4,-9605.7,3010.8,2551.0,526.7,LLG,3,3,0
9.2,2837.8,-9500.4,1858.6,2094.1,504.2,LL,2,2,0
8.7,2849.9,-9541.4,1964.8,1951.1,515.5,LL,2,2,0
15.4,2875.6,-9542.4,1854.2,2073.7,504.5,LL,2,2,0
2.9,478.2,-472.1,4012.4,4099.6,4093.7,LLL,4,4,1
0.1,95.0,-95.1,4972.9,4805.5,5068.5,LLLG,5,5,1
2.1,474.5,-475.1,4056.5,4057.6,4278.0,LLL,4,4,1
-4.2,2847.6,-9594.8,1998.8,1985.1,484.1,LL,2,2,0
-1.5,475.3,-477.6,3852.4,4146.1,4001.9,LLL,4,4,1
1.3,477.0,-477.6,4064.7,4081.3,4199.1,LLL,4,4,1
4.7,478.1,-476.3,3974.2,3999.2,4183.1,LLL,4,4,1
1.4,474.0,-474.5,4258.7,4046.8,3923.1,LLL,4,4,1
-4.9,474.9,-471.5,3950.9,3928.0,3894.6,LLL,4,4,1
7.8,2839.5,-9423.2,2012.6,2017.8,493.4,LL,2,2,0
-0.2,95.4,-95.1,4767.7,5064.3,5015.1,LLLG,5,5,1
-4.8,953.6,-9525.6,2952.1,2625.0,493.9,LLG,3,3,0
-1.9,9520.2,-9460.1,2444.4,497.2,519.3,LG,1,1,0
-1.2,472.8,-470.8,3805.5,4012.3,4008.7,LLL,4,4,1
-4.6,9499.4,-9454.4,2514.4,497.8,515.2,LG,1,1,0
0.3,475.2,-475.3,4076.9,4499.6,4153.7,LLL,4,4,1
0.2,95.3,-95.4,5056.6,5074.7,5270.3,LLLG,5,5,1
63.3,9592.5,-9561.1,509.3,546.6,472.0,NO,0,0,0
-1.3,948.2,-9479.9,3090.1,2339.6,488.8,LLG,3,3,0
-3.4,947.8,-9608.6,2990.9,2458.6,525.1,LLG,3,3,0
0.2,477.0,-474.0,3956.1,3879.9,3831.6,LLL,4,4,1
-2.1,476.3,-480.0,3939.9,4036.7,3902.9,LLL,4,4,1
38.8,9487.3,-9576.9,519.6,508.6,532.0,NO,0,0,0
0.5,474.1,-477.5,4060.5,3858.6,4170.5,LLL,4,4,1
-1.3,476.4,-480.7,4028.9,3829.1,4074.7,LLL,4,4,1
-3.8,954.6,-9390.4,2825.7,2611.2,522.2,LLG,3,3,0
-3.5,476.1,-475.4,3906.0,3970.1,3850.8,LLL,4,4,1
-1.4,9573.5,-9568.5,2497.2,513.9,504.6,LG,1,1,0
4.6,9526.9,-9473.9,2567.5,534.5,514.0,LG,1,1,0
2.0,947.3,-9584.6,2962.0,2553.8,518.8,LLG,3,3,0
2.4,9533.8,-9567.5,2617.5,491.5,514.3,LG,1,1,0
104.2,9438.9,-9480.4,508.7,482.7,485.4,NO,0,0,0
-26.1,9538.4,-9554.0,493.3,484.6,496.6,NO,0,0,0
-21.7,2862.2,-9572.3,1888.8,1987.2,524.2,LL,2,2,0
3.3,477.1,-478.1,3753.2,4128.9,4059.3,LLL,4,4,1
24.0,9494.6,-9555.6,495.6,512.0,501.0,NO,0,0,0
-3.8,475.2,-473.8,3871.2,3800.9,3942.9,LLL,4,4,1
4.5,959.1,-9561.0,3196.8,2459.2,512.3,LLG,3,3,0
-3.7,475.4,-480.0,3971.4,4026.3,3784.0,LLL,4,4,1
3.5,473.7,-477.5,4114.9,4019.5,4164.5,LLL,4,4,1
1.0,475.6,-477.1,3982.5,3898.6,4177.2,LLL,4,4,1
-0.4,95.2,-94.8,5006.3,5045.7,4650.9,LLLG,5,5,1
-39.5,9526.2,-9455.2,534.6,527.4,497.3,NO,0,0,0
-3.2,475.1,-473.9,3656.5,3946.6,3962.9,LLL,4,4,1
-0.7,479.2,-477.7,3957.6,4072.2,4005.6,LLL,4,4,1
0.5,94.5,-96.1,4960.7,5382.9,5313.0,LLLG,5,5,1
38.5,9484.0,-9488.7,497.8,476.7,491.9,NO,0,0,0
0.5,474.4,-477.2,4006.9,4157.7,4215.1,LLL,4,4,1
-6.6,2845.4,-9513.8,2061.4,2015.7,505.6,LL,2,2,0
-0.2,95.8,-95.8,5130.3,5139.8,5252.5,LLLG,5,5,1
-3.4,477.5,-475.7,3634.0,4053.5,3912.8,LLL,4,4,1
-28.6,9496.1,-9383.1,461.2,507.5,528.7,NO,0,0,0
5.3,9562.0,-9513.8,474.5,450.4,499.3,NO,0,0,0
37.5,9556.0,-9494.6,525.9,523.1,486.7,NO,0,0,0
1.6,473.1,-476.3,4028.5,3933.7,4067.0,LLL,4,4,1
-0.5,95.2,-94.6,4808.8,4693.9,4848.6,LLLG,5,5,1
1.3,476.2,-477.8,4051.9,3890.1,4143.1,LLL,4,4,1
0.1,95.9,-95.4,4979.6,5267.2,4792.0,LLLG,5,5,1
-2.4,952.6,-9531.2,3184.2,2567.5,486.7,LLG,3,3,0
20.5,2880.4,-9496.6,2036.8,2008.7,486.0,LL,2,2,0
-77.3,9576.5,-9530.3,462.5,463.2,468.5,NO,0,0,0
-67.5,9521.1,-9583.3,540.8,537.5,518.4,NO,0,0,0
0.0,479.0,-476.2,3809.3,4119.5,3988.7,LLL,4,4,1
-9.7,2872.6,-9469.0,2065.7,2067.9,515.0,LL,2,2,0
4.6,963.5,-9670.0,3093.0,2604.2,493.4,LLG,3,3,0
0.8,95.1,-94.8,4920.7,5067.7,4836.1,LLLG,5,5,1
-3.0,9496.2,-9547.3,2474.7,499.5,513.0,LG,1,1,0
11.0,2870.9,-9498.1,1938.8,2009.4,513.2,LL,2,2,0
-4.2,955.3,-9591.7,2719.2,2485.1,504.9,LLG,3,3,0
3.4,946.6,-9522.9,3086.1,2418.4,496.7,LLG,3,3,0
2.9,9591.9,-9590.9,488.1,523.7,466.1,NO,0,0,0
2.1,959.5,-9538.9,2754.8,2386.5,501.5,LLG,3,3,0
-2.6,473.1,-472.1,3996.9,4160.5,3824.9,LLL,4,4,1
-2.5,958.9,-9490.2,2997.5,2521.4,502.8,LLG,3,3,0
107.0,9474.6,-9501.5,524.9,497.8,508.9,NO,0,0,0
-1.1,480.2,-479.0,3917.5,4024.6,3985.2,LLL,4,4,1
-1.5,478.2,-475.3,3808.9,4242.4,3949.6,LLL,4,4,1
6.6,9618.3,-9548.5,2557.8,491.7,520.5,LG,1,1,0
19.8,2877.8,-9599.4,1995.6,1905.5,471.4,LL,2,2,0
-55.3,9503.3,-9518.6,482.2,519.6,499.5,NO,0,0,0
38.2,9560.5,-9461.5,519.9,521.0,494.8,NO,0,0,0
4.2,9457.9,-9440.0,2511.9,505.6,538.1,LG,1,1,0
2.7,948.7,-9504.4,3003.9,2596.5,502.5,LLG,3,3,0
-3.0,478.2,-476.5,3967.8,4194.6,4012.5,LLL,4,4,1
11.6,9473.2,-9500.4,2567.6,510.7,490.7,LG,1,1,0
0.2,94.4,-96.2,5027.2,5081.8,5044.8,LLLG,5,5,1
0.1,95.0,-95.4,5248.4,5036.5,5185.7,LLLG,5,5,1
0.8,95.1,-95.6,4935.9,4886.6,5214.8,LLLG,5,5,1
4.0,478.3,-475.5,4037.6,4011.1,4217.6,LLL,4,4,1
-2.8,478.2,-475.1,4011.9,3958.8,3565.1,LLL,4,4,1
0.7,2851.3,-9541.5,2006.4,1948.9,499.9,LL,2,2,0
26.0,9503.7,-9539.3,514.6,495.6,492.2,NO,0,0,0
0.0,94.7,-94.5,5241.7,4909.6,4980.3,LLLG,5,5,1
-10.9,2863.0,-9415.2,2048.8,2084.4,503.3,LL,2,2,0
-2.0,476.1,-483.7,4051.7,3817.3,3682.4,LLL,4,4,1
-0.3,2860.2,-9548.0,2016.7,1960.1,483.8,LL,2,2,0
-6.0,9528.2,-9509.2,2526.4,516.5,505.9,LG,1,1,0
3.4,2839.0,-9597.3,1925.4,2062.8,505.9,LL,2,2,0
-51.6,9603.8,-9599.7,501.7,538.6,476.3,NO,0,0,0
9.8,9568.8,-9521.3,2573.2,495.6,532.8,LG,1,1,0
3.5,9417.5,-9571.2,2507.8,494.5,488.8,LG,1,1,0
12.5,2872.8,-9531.4,1952.1,2094.0,502.9,LL,2,2,0
76.0,9556.0,-9574.8,511.4,475.3,482.6,NO,0,0,0
-36.2,9495.4,-9562.3,526.6,473.6,486.9,NO,0,0,0
-44.1,9475.2,-9396.4,504.5,505.1,537.5,NO,0,0,0
-53.7,9514.9,-9449.6,535.5,521.3,485.2,NO,0,0,0
0.1,9498.9,-9386.0,2595.4,502.6,479.2,LG,1,1,0
0.8,95.6,-95.2,5550.9,5207.3,4964.7,LLLG,5,5,1
-2.9,476.3,-476.1,3970.6,3659.3,3780.0,LLL,4,4,1
0.0,95.0,-95.7,5280.3,4990.8,4982.9,LLLG,5,5,1
2.4,950.9,-9552.6,2782.9,2561.3,527.0,LLG,3,3,0
-3.0,952.9,-9526.0,3097.2,2489.7,491.6,LLG,3,3,0
0.9,951.4,-9500.8,2959.5,2438.4,486.5,LLG,3,3,0
-2.5,479.6,-474.0,4246.2,3793.8,3971.0,LLL,4,4,1
0.5,473.2,-479.9,3901.2,4170.9,3859.4,LLL,4,4,1
0.0,476.8,-473.4,4207.9,4188.9,4164.4,LLL,4,4,1
7.3,951.3,-9465.3,2963.5,2664.6,497.6,LLG,3,3,0
3.3,473.8,-476.4,4032.6,3961.7,4060.8,LLL,4,4,1
-25.2,2880.4,-9474.9,2093.9,2023.0,474.1,LL,2,2,0
4.1,9504.5,-9499.7,2407.0,527.0,507.7,LG,1,1,0
31.1,9657.7,-9447.1,455.6,522.3,479.3,NO,0,0,0
-3.0,473.2,-474.0,4223.3,3929.9,4038.3,LLL,4,4,1
-65.1,9546.4,-9496.0,506.0,519.9,484.3,NO,0,0,0
3.6,474.7,-476.1,4009.3,3881.2,4140.7,LLL,4,4,1
-4.9,9549.0,-9589.5,503.1,512.5,516.9,NO,0,0,0
-8.8,9468.7,-9566.2,496.0,543.0,482.0,NO,0,0,0
72.1,9514.3,-9476.8,490.1,516.3,483.0,NO,0,0,0
71.4,9553.4,-9487.5,527.8,526.0,489.4,NO,0,0,0
-15.8,2863.0,-9525.1,1880.8,1923.8,522.2,LL,2,2,0
0.4,95.2,-95.2,4813.6,5306.8,4969.3,LLLG,5,5,1
-9.9,9516.4,-9523.6,514.3,468.4,516.8,NO,0,0,0
-0.2,9487.5,-9414.7,493.7,493.8,493.6,NO,0,0,0
-12.8,953.2,-9480.6,2961.4,2627.8,482.7,LLG,3,3,0
0.3,95.5,-94.9,5085.5,4706.2,4821.2,LLLG,5,5,1
-110.2,9480.0,-9474.4,517.2,494.3,471.3,NO,0,0,0
31.8,2858.7,-9534.4,1990.7,2110.7,488.3,LL,2,2,0
-0.7,9523.3,-9554.7,2518.1,524.4,515.1,LG,1,1,0
-5.1,958.4,-9470.5,3014.1,2428.7,525.1,LLG,3,3,0
0.1,9575.9,-9581.0,523.8,501.5,469.1,NO,0,0,0
-99.7,9446.2,-9497.0,505.9,479.7,486.9,NO,0,0,0
5.0,9477.0,-9528.0,2487.9,466.4,528.5,LG,1,1,0
-42.6,9503.7,-9541.2,515.4,502.0,529.0,NO,0,0,0
5.1,963.1,-9552.2,2860.6,2568.4,500.5,LLG,3,3,0
8.3,9531.3,-9529.8,2564.3,457.6,518.6,LG,1,1,0
-0.4,96.0,-95.2,5006.2,4807.4,4853.6,LLLG,5,5,1
7.2,954.5,-9544.0,3048.2,2550.3,525.2,LLG,3,3,0
4.5,2864.4,-9518.8,1816.1,1993.5,489.8,LL,2,2,0
-25.3,9473.0,-9575.3,520.3,496.5,521.6,NO,0,0,0
-28.3,9525.0,-9515.9,510.4,488.5,505.1,NO,0,0,0
-8.4,2835.3,-9548.9,1847.8,1872.3,498.4,LL,2,2,0
-93.7,9415.0,-9516.3,504.8,511.2,503.8,NO,0,0,0
10.0,9607.5,-9632.6,514.2,486.4,509.4,NO,0,0,0
-2.1,476.6,-476.8,3882.1,3977.4,3732.4,LLL,4,4,1
0.5,95.6,-94.9,4960.7,4975.2,4941.5,LLLG,5,5,1
-2.7,954.7,-9532.9,2911.4,2455.8,491.8,LLG,3,3,0
1.3,9529.5,-9477.8,2448.3,478.7,512.9,LG,1,1,0
-11.8,9496.2,-9525.5,2493.2,514.7,508.6,LG,1,1,0
2.1,472.5,-476.2,4113.8,4106.7,3998.2,LLL,4,4,1
2.0,473.1,-473.8,4016.9,4085.4,4199.9,LLL,4,4,1
31.2,9547.6,-9500.1,528.9,487.6,465.5,NO,0,0,0
0.8,2866.0,-9569.4,1885.9,2100.3,545.0,LL,2,2,0
-59.1,9481.7,-9596.0,503.2,465.8,491.9,NO,0,0,0
10.3,9524.9,-9506.7,496.7,535.8,496.8,NO,0,0,0
-1.6,951.8,-9525.5,3053.6,2372.5,489.2,LLG,3,3,0
-18.1,9567.7,-9495.1,510.4,457.2,482.6,NO,0,0,0
-6.9,956.0,-9501.5,3019.0,2543.5,517.0,LLG,3,3,0
-29.4,2848.8,-9504.1,1948.8,2037.8,497.3,LL,2,2,0
-3.5,2835.0,-9571.9,2098.8,2126.7,491.1,LL,2,2,0
-52.6,9474.4,-9531.0,466.9,482.6,512.8,NO,0,0,0
7.0,9530.1,-9560.7,482.7,457.0,527.0,NO,0,0,0
-0.3,95.4,-95.7,5417.0,4976.4,5134.4,LLLG,5,5,1
-3.1,2868.2,-9480.8,1930.8,2027.4,485.7,LL,2,2,0
-36.2,9522.9,-9531.5,489.3,526.2,496.0,NO,0,0,0
-0.4,955.4,-9447.9,2977.0,2506.2,487.6,LLG,3,3,0
12.6,9579.6,-9447.4,478.1,504.5,498.0,NO,0,0,0
-15.5,9524.4,-9592.4,523.6,484.2,490.7,NO,0,0,0
-0.6,95.9,-95.8,4553.5,4957.0,5071.9,LLLG,5,5,1
6.6,9571.5,-9521.4,2565.7,516.4,499.1,LG,1,1,0
0.1,474.0,-475.4,4106.1,3978.3,3771.5,LLL,4,4,1
15.8,9471.9,-9455.4,497.1,512.4,490.7,NO,0,0,0
-0.3,9532.0,-9526.7,2419.8,494.2,537.2,LG,1,1,0
1.2,949.6,-9557.4,2929.4,2576.6,509.5,LLG,3,3,0
-15.8,9486.5,-9531.1,506.0,491.5,480.4,NO,0,0,0
52.3,9539.4,-9511.4,516.3,518.7,529.8,NO,0,0,0
-91.6,9461.9,-9544.0,473.8,506.4,490.9,NO,0,0,0
1.1,472.1,-476.3,3787.7,3775.4,3905.3,LLL,4,4,1
51.5,9474.3,-9504.8,509.5,494.1,503.3,NO,0,0,0
7.3,950.1,-9548.8,3054.2,2634.1,528.5,LLG,3,3,0
-0.5,95.4,-96.0,4919.1,4887.3,4904.2,LLLG,5,5,1
73.7,9532.8,-9525.9,498.5,474.0,515.6,NO,0,0,0
-2.1,469.2,-474.9,4136.0,4122.2,3880.2,LLL,4,4,1
-5.7,957.4,-9550.3,2706.8,2405.7,519.4,LLG,3,3,0
-2.0,476.1,-475.6,3802.8,3871.5,4270.1,LLL,4,4,1
14.5,9611.2,-9515.9,2262.6,514.5,491.2,LG,1,1,0
-4.8,952.9,-9571.7,3054.2,2511.4,507.4,LLG,3,3,0
-0.1,94.7,-95.5,5137.8,5095.8,5029.1,LLLG,5,5,1
7.0,2871.5,-9590.5,1980.6,2044.8,506.3,LL,2,2,0
0.0,95.8,-95.4,5032.8,4862.3,5083.4,LLLG,5,5,1
93.0,9452.0,-9527.4,466.5,507.6,499.2,NO,0,0,0
0.1,94.9,-95.5,5058.5,4759.5,4904.0,LLLG,5,5,1
13.7,2868.7,-9482.5,2041.6,1925.3,518.4,LL,2,2,0
28.7,9576.7,-9569.6,494.3,517.8,539.3,NO,0,0,0
1.7,474.7,-475.8,4180.8,3877.7,3970.8,LLL,4,4,1
-23.3,2872.9,-9605.7,1901.8,2129.3,488.6,LL,2,2,0
0.6,94.9,-95.6,5032.5,4696.2,5035.4,LLLG,5,5,1
-5.7,9578.6,-9556.8,2478.2,541.1,539.6,LG,1,1,0
-23.9,2848.5,-9527.6,2020.0,2038.8,544.9,LL,2,2,0
-1.5,474.3,-470.7,4032.4,3898.1,4051.9,LLL,4,4,1
0.4,961.0,-9608.0,3087.4,2480.8,508.0,LLG,3,3,0
0.7,475.8,-479.0,3693.3,4106.1,4078.6,LLL,4,4,1
3.2,948.3,-9587.6,3215.8,2610.7,493.3,LLG,3,3,0
30.0,2873.9,-9518.5,1936.2,1995.6,490.0,LL,2,2,0
6.1,9610.9,-9464.7,2619.2,487.4,482.6,LG,1,1,0
-4.5,473.5,-476.8,3942.0,3830.3,4191.7,LLL,4,4,1
0.0,953.0,-9521.0,2882.9,2589.1,460.4,LLG,3,3,0
-1.7,472.4,-473.0,4365.6,4004.4,3985.6,LLL,4,4,1
-4.1,940.1,-9441.1,2937.3,2443.7,476.9,LLG,3,3,0
0.6,94.7,-95.4,4934.2,4999.2,5183.4,LLLG,5,5,1
72.5,9549.5,-9494.0,471.2,491.7,522.0,NO,0,0,0
-10.0,2849.6,-9534.9,1945.3,1828.4,510.6,LL,2,2,0
1.4,9598.0,-9548.9,2521.6,504.1,498.7,LG,1,1,0
-18.9,9585.2,-9550.7,513.4,474.6,516.9,NO,0,0,0
-4.4,9549.6,-9513.1,2629.0,449.1,478.4,LG,1,1,0
2.1,478.4,-473.6,3587.8,4026.7,4113.0,LLL,4,4,1
3.8,473.1,-475.9,3890.0,4155.5,4267.1,LLL,4,4,1
-6.2,2864.8,-9517.3,1963.3,1949.5,505.0,LL,2,2,0
11.1,9525.2,-9467.5,498.6,496.6,509.4,NO,0,0,0
61.4,9539.8,-9506.9,475.1,478.6,474.3,NO,0,0,0
-0.6,95.1,-94.3,5070.6,4904.3,5032.2,LLLG,5,5,1
-3.2,479.9,-479.6,4039.4,3883.2,4277.2,LLL,4,4,1
0.6,95.4,-95.8,4946.3,4829.1,4822.6,LLLG,5,5,1
-0.0,95.5,-95.0,5285.1,4803.5,4773.3,LLLG,5,5,1
12.4,2854.3,-9525.1,1995.6,1967.6,532.1,LL,2,2,0
-1.4,469.8,-477.0,3871.1,4136.5,3945.2,LLL,4,4,1
-13.1,949.6,-9586.8,3012.0,2262.8,516.5,LLG,3,3,0
0.3,472.0,-479.5,4023.1,3919.7,4124.6,LLL,4,4,1
2.2,477.7,-479.0,4195.6,4180.1,3984.6,LLL,4,4,1
11.4,2890.2,-9621.6,2120.1,2019.7,498.5,LL,2,2,0
1.5,956.0,-9615.1,3147.8,2428.7,517.4,LLG,3,3,0
-42.0,9480.3,-9596.1,492.3,489.4,503.0,NO,0,0,0
-7.7,953.3,-9473.3,2918.8,2572.1,461.3,LLG,3,3,0
0.4,9561.4,-9433.9,2483.1,497.2,498.3,LG,1,1,0
-62.7,9630.5,-9542.3,510.0,495.7,512.5,NO,0,0,0
19.3,2857.1,-9598.5,2064.9,2053.2,517.0,LL,2,2,0
71.7,9440.8,-9566.6,487.9,488.3,489.5,NO,0,0,0
-4.7,2861.1,-9534.5,2035.6,2109.2,489.3,LL,2,2,0
-2.9,958.3,-9524.3,2927.8,2327.6,516.3,LLG,3,3,0
-0.5,95.3,-95.9,4921.4,5056.7,4696.4,LLLG,5,5,1
-0.3,94.2,-95.6,5134.0,4924.3,4919.9,LLLG,5,5,1
-9.0,952.1,-9506.6,2938.1,2403.6,518.8,LLG,3,3,0
16.8,9552.3,-9536.9,489.1,487.5,499.8,NO,0,0,0
-12.1,9452.2,-9489.0,497.1,495.3,477.6,NO,0,0,0
-4.3,949.7,-9438.9,2889.2,2400.3,481.5,LLG,3,3,0
0.7,473.8,-479.6,3788.3,3822.8,3848.4,LLL,4,4,1
15.8,2876.8,-9446.9,1968.0,2007.2,531.2,LL,2,2,0
-0.6,95.5,-95.5,5107.0,4865.8,5285.1,LLLG,5,5,1
-1.5,948.3,-9458.9,2925.1,2402.5,462.8,LLG,3,3,0
34.2,9511.8,-9452.3,502.9,489.0,497.3,NO,0,0,0
1.4,478.0,-473.9,4460.0,4147.5,4126.8,LLL,4,4,1
-3.8,9564.3,-9517.6,2673.8,500.5,486.5,LG,1,1,0
-2.3,946.5,-9500.3,2822.7,2444.3,511.7,LLG,3,3,0
35.9,9552.6,-9483.8,547.4,504.5,496.7,NO,0,0,0
-3.1,475.7,-478.2,4056.5,4284.2,3853.4,LLL,4,4,1
-48.8,9598.3,-9537.2,519.6,475.5,508.3,NO,0,0,0
58.6,9542.6,-9559.0,474.0,496.1,487.9,NO,0,0,0
8.4,9538.6,-9508.1,465.8,517.3,514.7,NO,0,0,0
-11.4,9505.4,-9609.7,2546.2,504.9,480.4,LG,1,1,0
61.3,9536.8,-9517.8,501.7,500.5,474.2,NO,0,0,0
11.9,958.1,-9514.9,2858.5,2595.5,498.4,LLG,3,3,0
-51.7,9545.6,-9482.9,443.5,504.0,492.9,NO,0,0,0
-0.6,94.5,-94.6,5371.6,4820.5,4870.9,LLLG,5,5,1
-22.5,9564.0,-9506.5,469.6,519.5,516.2,NO,0,0,0
-82.8,9540.9,-9563.4,475.9,520.4,474.8,NO,0,0,0
1.6,480.3,-475.0,3895.6,3970.7,3885.4,LLL,4,4,1
3.5,9499.7,-9511.3,2384.2,506.1,530.9,LG,1,1,0
-2.3,479.3,-474.1,4055.4,3762.5,4296.5,LLL,4,4,1
4.5,9491.1,-9523.5,488.9,533.4,495.7,NO,0,0,0
-0.5,476.6,-476.5,4274.9,3981.9,3894.4,LLL,4,4,1
-1.4,472.8,-477.1,3701.7,4117.9,4358.5,LLL,4,4,1
18.3,2844.9,-9526.6,1992.2,2072.4,478.4,LL,2,2,0
-0.1,475.2,-471.2,3616.0,3817.9,4142.1,LLL,4,4,1
24.9,2900.2,-9576.9,1995.7,2015.0,495.8,LL,2,2,0
-0.6,957.6,-9520.8,3117.8,2431.6,493.5,LLG,3,3,0
0.0,95.3,-95.7,5218.0,4870.9,4920.2,LLLG,5,5,1
-58.2,9477.8,-9531.7,508.6,504.7,498.6,NO,0,0,0
-1.4,472.0,-477.2,4064.0,3987.0,3950.9,LLL,4,4,1
4.9,9490.0,-9537.7,497.0,510.0,511.0,NO,0,0,0
-6.3,9552.8,-9505.3,470.1,501.5,512.1,NO,0,0,0
0.4,479.6,-475.6,4090.1,4041.3,4111.4,LLL,4,4,1
-4.4,955.7,-9442.2,3005.2,2421.8,498.2,LLG,3,3,0
-0.1,95.4,-95.4,5141.7,5206.6,5077.6,LLLG,5,5,1
1.2,475.8,-474.5,4192.3,4133.8,4251.0,LLL,4,4,1
5.9,945.9,-9476.3,3163.2,2573.4,502.0,LLG,3,3,0
-34.7,9478.7,-9622.8,488.7,481.2,500.2,NO,0,0,0
-0.1,95.3,-94.7,5144.1,4740.3,5324.7,LLLG,5,5,1
-4.1,949.6,-9552.0,2774.9,2483.9,502.8,LLG,3,3,0
16.6,9628.6,-9573.5,515.1,528.2,527.4,NO,0,0,0
-51.7,9494.0,-9486.5,502.7,536.6,488.9,NO,0,0,0
-3.0,9529.9,-9534.7,2512.8,532.1,472.4,LG,1,1,0
53.8,9474.0,-9545.8,517.7,512.9,496.9,NO,0,0,0
-3.4,941.2,-9536.8,3104.8,2549.9,514.3,LLG,3,3,0
-5.0,2850.9,-9591.2,2163.4,2060.6,518.0,LL,2,2,0
-4.6,9555.4,-9490.1,2597.7,512.7,513.5,LG,1,1,0
-0.4,95.3,-95.1,4771.0,4776.3,4926.7,LLLG,5,5,1
2.4,948.8,-9444.9,2971.5,2398.9,490.2,LLG,3,3,0
-14.7,9563.5,-9502.9,517.7,492.5,506.9,NO,0,0,0
33.6,9536.0,-9595.2,508.4,471.2,505.7,NO,0,0,0
-1.9,478.1,-471.0,4008.1,4020.3,4009.4,LLL,4,4,1
150.0,9511.3,-9569.4,485.1,498.7,514.8,NO,0,0,0
-83.9,9579.8,-9577.6,484.1,456.3,486.1,NO,0,0,0
4.5,9484.4,-9427.4,2419.2,503.5,524.1,LG,1,1,0
-1.3,477.9,-474.3,3778.4,4014.7,4061.4,LLL,4,4,1
1.2,9609.9,-9599.0,537.8,502.9,524.4,NO,0,0,0
1.7,472.8,-475.9,4195.9,4151.5,3978.6,LLL,4,4,1
-2.2,956.6,-9495.2,3008.3,2474.6,520.6,LLG,3,3,0
-12.8,2853.6,-9505.2,2100.1,2036.4,491.4,LL,2,2,0
3.7,9558.5,-9492.9,2544.2,482.2,483.0,LG,1,1,0
-46.8,9473.9,-9527.5,520.3,466.3,510.9,NO,0,0,0
48.1,9539.9,-9496.0,481.3,471.3,492.0,NO,0,0,0
9.9,2845.9,-9569.5,1973.6,2072.5,504.2,LL,2,2,0
-1.7,943.9,-9442.1,3001.5,2379.3,534.5,LLG,3,3,0
2.3,472.6,-474.5,4366.6,3914.9,3950.1,LLL,4,4,1
8.5,2851.4,-9554.9,2104.0,2108.9,500.3,LL,2,2,0
9.3,9509.5,-9531.8,517.3,515.8,495.1,NO,0,0,0
1.4,9533.9,-9478.3,2342.7,499.0,505.9,LG,1,1,0
3.3,473.9,-478.2,3992.3,4020.6,3858.5,LLL,4,4,1
1.1,9555.7,-9602.9,2455.7,476.2,463.2,LG,1,1,0
32.9,2865.5,-9432.8,2101.0,2035.5,528.0,LL,2,2,0
90.8,9532.4,-9605.4,485.1,473.8,485.6,NO,0,0,0
2.2,9571.3,-9505.0,480.4,479.4,517.5,NO,0,0,0
9.2,9516.0,-9532.5,511.6,516.8,514.2,NO,0,0,0
-5.7,2856.3,-9542.7,2050.9,2018.3,522.2,LL,2,2,0
3.1,474.2,-480.8,3945.3,3928.4,4080.9,LLL,4,4,1
25.4,9532.7,-9539.9,497.6,504.3,489.9,NO,0,0,0
39.9,2874.3,-9479.4,2064.4,2079.5,531.3,LL,2,2,0
101.3,9637.5,-9547.5,515.7,513.6,512.3,NO,0,0,0
2.6,478.6,-472.9,4201.3,3981.5,3819.3,LLL,4,4,1
2.5,958.9,-9551.3,3143.7,2655.3,502.5,LLG,3,3,0
41.4,9473.8,-9551.6,519.5,516.6,526.4,NO,0,0,0
-0.5,946.5,-9627.9,3188.6,2650.1,528.0,LLG,3,3,0
-4.9,9495.1,-9495.7,2427.2,491.5,520.7,LG,1,1,0
1.0,95.8,-94.7,4855.4,4746.4,5068.9,LLLG,5,5,1
-8.0,949.0,-9644.4,2903.2,2541.1,473.5,LLG,3,3,0
1.8,951.7,-9561.0,3066.2,2632.8,500.3,LLG,3,3,0
-78.7,9538.3,-9432.9,480.5,472.1,508.6,NO,0,0,0
5.0,954.4,-9477.1,3106.8,2507.6,504.9,LLG,3,3,0
3.3,950.6,-9566.6,2897.7,2481.6,507.8,LLG,3,3,0
0.3,95.3,-94.4,5117.5,5043.7,4967.6,LLLG,5,5,1
-16.3,9625.7,-9527.8,506.8,516.2,505.7,NO,0,0,0
-77.7,9494.4,-9563.6,506.1,492.8,518.0,NO,0,0,0
4.3,9624.5,-9480.8,2608.7,484.4,476.5,LG,1,1,0
37.5,9616.4,-9450.9,499.0,485.6,506.9,NO,0,0,0
13.0,2817.9,-9497.4,1990.8,1971.4,468.0,LL,2,2,0
-1.1,9487.3,-9551.7,2474.7,503.8,530.0,LG,1,1,0
-2.3,945.9,-9577.0,3075.2,2525.3,468.6,LLG,3,3,0
-1.9,2858.5,-9567.5,1907.0,2162.1,498.8,LL,2,2,0
-12.7,9481.3,-9479.5,482.2,492.0,504.9,NO,0,0,0
-76.4,9548.3,-9533.3,466.5,431.0,532.9,NO,0,0,0
-3.9,952.0,-9439.6,2890.5,2579.0,525.3,LLG,3,3,0
-0.5,950.9,-9536.7,2922.2,2281.8,524.0,LLG,3,3,0
18.4,2885.9,-9529.8,1991.9,2066.5,476.5,LL,2,2,0
-4.4,2873.6,-9554.1,2038.9,1925.1,502.4,LL,2,2,0
52.8,9499.3,-9606.1,517.0,512.4,515.2,NO,0,0,0
-2.8,953.4,-9486.0,2870.5,2479.4,488.8,LLG,3,3,0
40.3,9513.2,-9434.2,465.2,495.6,473.6,NO,0,0,0
0.6,480.9,-475.1,4188.9,4001.1,3724.4,LLL,4,4,1
-0.4,95.6,-95.3,5071.6,4998.2,4936.3,LLLG,5,5,1
78.2,9539.9,-9412.5,525.9,548.5,506.3,NO,0,0,0
-1.6,945.1,-9523.6,2861.3,2613.1,500.7,LLG,3,3,0
1.7,475.1,-479.2,3742.7,4124.1,4078.6,LLL,4,4,1
2.5,2860.8,-9518.2,2075.6,2110.1,491.2,LL,2,2,0
14.2,9491.8,-9498.8,538.0,500.8,542.9,NO,0,0,0
20.8,9517.7,-9509.1,491.0,490.7,471.1,NO,0,0,0
-67.8,9499.5,-9459.3,498.4,499.3,494.7,NO,0,0,0
1.0,474.9,-476.2,4250.3,4055.6,3863.7,LLL,4,4,1
-7.2,9593.3,-9587.8,2477.0,508.7,461.2,LG,1,1,0
10.4,9513.3,-9453.0,504.9,508.6,512.5,NO,0,0,0
2.3,476.6,-477.3,4282.6,3969.2,3844.6,LLL,4,4,1
-1.0,95.7,-94.9,5353.4,5238.1,4948.0,LLLG,5,5,1
-2.3,475.9,-475.0,4274.6,3825.4,3831.9,LLL,4,4,1
1.5,473.5,-473.7,3982.8,3606.7,4019.2,LLL,4,4,1
-38.5,9478.9,-9548.2,504.0,488.8,528.5,NO,0,0,0
24.5,9553.2,-9493.8,483.5,460.1,492.3,NO,0,0,0
-2.4,478.3,-474.0,4002.0,4024.9,3952.9,LLL,4,4,1
0.0,95.5,-95.6,5423.0,5211.5,4983.9,LLLG,5,5,1
-0.4,478.7,-475.3,3711.0,4033.6,4163.0,LLL,4,4,1
4.0,9493.4,-9436.6,2517.8,461.3,513.5,LG,1,1,0
-90.8,9427.8,-9505.7,551.1,515.6,525.0,NO,0,0,0
-13.5,9580.9,-9515.3,2592.1,516.1,506.8,LG,1,1,0
50.1,9486.4,-9428.4,498.1,507.0,504.0,NO,0,0,0
-3.0,9458.4,-9476.2,490.9,486.3,501.4,NO,0,0,0
-14.3,2835.6,-9533.5,2085.6,1983.2,544.3,LL,2,2,0
-0.5,956.9,-9535.4,3041.6,2442.0,440.0,LLG,3,3,0
-1.0,936.4,-9507.1,3254.6,2454.3,513.1,LLG,3,3,0
0.6,9498.4,-9582.2,2320.8,460.5,470.8,LG,1,1,0
-64.6,9555.2,-9588.3,489.1,495.2,486.7,NO,0,0,0
22.4,9533.5,-9557.7,500.7,529.7,474.2,NO,0,0,0
2.0,478.1,-478.9,4315.4,3743.4,3961.5,LLL,4,4,1
6.5,9486.5,-9516.3,485.4,497.1,522.6,NO,0,0,0
1.9,477.2,-472.9,3974.1,4226.8,3786.0,LLL,4,4,1
53.9,9516.5,-9529.4,484.2,483.1,496.2,NO,0,0,0
4.2,473.1,-476.1,3961.4,4305.9,3863.0,LLL,4,4,1
-1.2,474.2,-474.6,4067.3,4165.1,3812.2,LLL,4,4,1
-33.6,2875.8,-9468.8,2045.8,2136.6,510.1,LL,2,2,0
24.9,9597.9,-9505.3,499.7,485.3,510.1,NO,0,0,0
-0.2,942.5,-9510.7,3096.9,2455.1,489.8,LLG,3,3,0
5.9,2869.3,-9504.7,1982.4,2094.4,521.4,LL,2,2,0
43.8,9625.2,-9508.0,511.7,451.4,523.3,NO,0,0,0
6.8,2860.7,-9582.0,2003.4,1960.0,506.5,LL,2,2,0
-4.2,949.4,-9501.5,2825.7,2527.6,498.6,LLG,3,3,0
-12.7,9509.4,-9559.1,487.3,478.3,472.3,NO,0,0,0
17.7,2881.1,-9517.1,1987.6,2040.7,513.6,LL,2,2,0
3.9,9504.5,-9596.5,2301.9,534.0,510.9,LG,1,1,0
1.5,2813.4,-9575.6,2052.4,1930.1,500.8,LL,2,2,0
-63.4,9539.2,-9426.4,469.7,495.5,500.9,NO,0,0,0
-34.3,9489.7,-9474.9,502.4,477.9,486.8,NO,0,0,0
4.5,9550.8,-9534.8,2366.2,497.9,531.5,LG,1,1,0
-0.3,94.7,-95.6,5215.2,5194.7,5075.7,LLLG,5,5,1
-5.2,957.5,-9493.7,3076.8,2516.2,527.2,LLG,3,3,0
5.4,474.9,-477.0,3946.3,3909.6,3903.3,LLL,4,4,1
11.9,2829.6,-9479.0,1901.1,2011.4,514.2,LL,2,2,0
68.9,9574.6,-9564.8,467.5,492.7,507.6,NO,0,0,0
-37.6,9468.2,-9537.8,473.5,544.2,464.4,NO,0,0,0
2.2,2873.0,-9555.6,2059.5,2167.9,546.3,LL,2,2,0
2.8,472.8,-476.4,3779.3,4317.1,4316.3,LLL,4,4,1
0.8,477.1,-473.5,4012.1,4259.2,4253.6,LLL,4,4,1
0.0,951.4,-9548.4,2928.5,2714.0,514.4,LLG,3,3,0
6.2,476.1,-473.6,4054.0,4103.0,3823.7,LLL,4,4,1
5.3,9510.0,-9480.6,2503.1,500.4,522.8,LG,1,1,0
21.3,2870.0,-9562.6,2060.9,1900.1,526.0,LL,2,2,0
-1.5,471.7,-477.4,3872.0,4065.8,4138.3,LLL,4,4,1
-58.1,9508.3,-9567.9,494.5,469.0,501.4,NO,0,0,0
0.0,94.7,-94.9,5095.4,4880.2,4842.2,LLLG,5,5,1
-45.8,9486.8,-9655.8,504.2,469.1,504.6,NO,0,0,0
12.7,9514.3,-9559.5,514.0,492.6,509.2,NO,0,0,0
1.8,476.0,-471.3,3841.2,4007.6,3780.1,LLL,4,4,1
-3.4,2872.3,-9568.6,2043.0,2215.6,533.5,LL,2,2,0
4.1,956.6,-9491.9,3168.7,2415.5,473.0,LLG,3,3,0
3.3,477.0,-478.4,4288.7,4076.9,3758.0,LLL,4,4,1
16.9,9549.9,-9585.0,500.3,509.8,526.0,NO,0,0,0
1.9,9500.0,-9502.1,2492.7,465.3,512.5,LG,1,1,0
-5.1,475.3,-479.6,4030.3,4231.3,4223.2,LLL,4,4,1
92.2,9601.8,-9526.2,493.7,549.7,503.7,NO,0,0,0
6.7,2861.6,-9447.2,1870.2,2065.6,505.2,LL,2,2,0
105.9,9466.1,-9498.8,475.2,485.3,477.1,NO,0,0,0
-82.0,9545.5,-9485.1,516.8,491.7,468.6,NO,0,0,0
15.1,2852.2,-9478.3,2063.9,1916.0,474.8,LL,2,2,0
5.1,2869.1,-9483.0,2038.9,2083.4,517.4,LL,2,2,0
4.8,2864.6,-9547.9,2018.7,1998.6,491.1,LL,2,2,0
7.5,949.1,-9641.7,2882.2,2585.0,487.4,LLG,3,3,0
1.6,958.3,-9510.3,3108.7,2389.5,511.6,LLG,3,3,0
-7.6,9507.0,-9537.7,2643.8,526.2,541.0,LG,1,1,0
-1.7,956.6,-9462.5,3295.9,2436.9,516.5,LLG,3,3,0
1.7,479.7,-477.0,3997.0,4145.2,4284.2,LLL,4,4,1
-15.0,9471.4,-9498.4,510.6,497.3,488.2,NO,0,0,0
3.0,9537.2,-9521.0,510.7,459.2,501.8,NO,0,0,0
37.4,9474.9,-9521.4,469.1,489.3,459.7,NO,0,0,0
-26.4,9492.0,-9559.0,510.6,542.7,511.3,NO,0,0,0
10.9,9502.6,-9529.0,510.6,528.0,475.6,NO,0,0,0
82.9,9492.3,-9548.9,485.6,523.9,466.6,NO,0,0,0
2.3,477.4,-473.8,4057.7,3883.6,3981.0,LLL,4,4,1
-1.2,480.7,-479.0,3971.5,3911.7,3913.4,LLL,4,4,1
0.7,475.0,-474.8,3888.4,4157.9,4067.0,LLL,4,4,1
-9.6,9551.2,-9550.9,513.4,529.0,520.3,NO,0,0,0
-5.4,9581.2,-9465.0,513.6,485.7,517.9,NO,0,0,0
-0.5,94.4,-95.2,5165.0,4761.3,5164.2,LLLG,5,5,1
-0.4,95.5,-95.5,4741.0,5021.2,4864.2,LLLG,5,5,1
70.2,9450.7,-9549.9,520.9,488.8,522.5,NO,0,0,0
-9.7,2841.8,-9534.0,1898.6,2004.8,496.7,LL,2,2,0
11.3,2870.6,-9545.3,1831.6,1977.5,480.5,LL,2,2,0
11.0,9477.8,-9493.4,2328.0,473.4,479.7,LG,1,1,0
29.7,9515.3,-9600.7,504.4,488.5,493.8,NO,0,0,0
5.3,9502.7,-9517.2,2562.0,491.3,484.9,LG,1,1,0
1.2,2859.7,-9496.5,1901.6,1921.7,518.0,LL,2,2,0
66.5,9552.4,-9484.9,501.7,476.0,504.6,NO,0,0,0
-1.5,948.4,-9489.1,2783.2,2605.9,486.2,LLG,3,3,0
-4.0,2837.3,-9448.1,2026.6,2027.8,488.1,LL,2,2,0
-82.6,9519.8,-9515.8,523.2,497.6,499.3,NO,0,0,0
-7.2,2851.0,-9536.9,2056.3,2057.9,475.6,LL,2,2,0
-5.2,2845.4,-9497.8,1860.0,1928.7,496.3,LL,2,2,0
26.9,9548.5,-9423.8,494.0,528.1,515.1,NO,0,0,0
52.7,9483.6,-9599.0,515.2,461.2,491.0,NO,0,0,0
-46.2,9561.5,-9522.2,481.9,498.9,438.9,NO,0,0,0
-4.1,9489.2,-9516.2,497.4,498.3,502.6,NO,0,0,0
6.2,962.1,-9465.5,3080.9,2598.2,490.3,LLG,3,3,0
-43.4,9494.4,-9540.3,505.9,476.7,477.7,NO,0,0,0
4.6,2848.0,-9563.3,1989.1,1918.8,537.0,LL,2,2,0
-37.0,9564.9,-9543.4,468.8,458.9,480.4,NO,0,0,0
8.5,955.7,-9457.3,3045.4,2493.4,490.8,LLG,3,3,0
1.9,473.6,-475.6,4251.5,3915.9,3957.1,LLL,4,4,1
-3.4,2871.0,-9494.2,2023.7,1978.7,520.1,LL,2,2,0
2.6,472.7,-476.7,4155.5,4156.5,4207.2,LLL,4,4,1
0.2,478.3,-479.2,4024.4,3733.2,4064.3,LLL,4,4,1
0.2,94.5,-95.9,4695.1,5148.9,4780.8,LLLG,5,5,1
1.1,481.6,-476.9,3978.0,3866.3,3962.3,LLL,4,4,1
-4.5,951.1,-9487.3,2993.2,2617.1,508.3,LLG,3,3,0
0.8,477.3,-472.9,4113.4,4172.9,3897.8,LLL,4,4,1
36.6,9522.6,-9563.6,529.4,478.5,488.3,NO,0,0,0
2.3,475.2,-478.2,4129.0,4078.0,3816.8,LLL,4,4,1
-0.3,957.8,-9626.3,2904.5,2438.6,510.4,LLG,3,3,0
3.0,9452.7,-9628.5,2691.4,486.9,513.9,LG,1,1,0
16.7,9593.2,-9484.5,461.0,473.6,495.7,NO,0,0,0
-20.2,9503.7,-9448.2,506.4,543.1,474.9,NO,0,0,0
1.4,953.4,-9399.0,3284.0,2646.1,508.1,LLG,3,3,0
0.1,96.1,-95.6,4972.3,4970.6,4901.0,LLLG,5,5,1
-1.4,9609.3,-9533.3,2505.7,507.6,465.8,LG,1,1,0
-4.2,9489.1,-9581.3,2550.1,515.2,512.6,LG,1,1,0
20.0,2849.1,-9483.4,1972.9,1981.1,462.8,LL,2,2,0
9.7,954.7,-9473.0,2818.6,2391.8,532.7,LLG,3,3,0
1.8,948.6,-9535.5,3053.9,2475.2,507.9,LLG,3,3,0
39.4,9505.4,-9484.4,479.8,474.8,509.8,NO,0,0,0
15.8,2894.8,-9494.9,1892.6,1882.7,511.0,LL,2,2,0
-6.7,9517.8,-9529.4,518.6,503.8,540.5,NO,0,0,0
-17.1,2854.5,-9563.1,1873.0,2100.6,496.9,LL,2,2,0
1.2,9558.3,-9654.6,2330.9,511.9,517.0,LG,1,1,0
65.9,9501.3,-9567.9,446.9,471.5,516.4,NO,0,0,0
0.2,95.3,-95.9,5265.3,5023.9,4977.2,LLLG,5,5,1
2.9,473.0,-479.3,4020.0,3917.1,4176.6,LLL,4,4,1
0.1,473.4,-478.9,4142.7,3923.4,3794.6,LLL,4,4,1
24.2,9551.6,-9507.6,502.0,466.1,524.1,NO,0,0,0
0.1,956.2,-9506.2,2903.0,2580.7,501.1,LLG,3,3,0
10.6,946.7,-9577.2,3048.9,2594.2,496.1,LLG,3,3,0
-18.9,9619.0,-9463.1,507.9,528.7,491.8,NO,0,0,0
-6.8,9529.3,-9532.5,2576.2,495.4,481.9,LG,1,1,0
21.8,9573.9,-9473.6,523.0,520.0,487.4,NO,0,0,0
0.8,477.8,-478.8,3848.8,3816.6,3793.6,LLL,4,4,1
-46.9,9404.5,-9465.8,477.4,526.0,514.7,NO,0,0,0
1.1,9584.0,-9535.5,480.8,477.8,510.4,NO,0,0,0
0.2,95.3,-95.3,4837.5,4696.8,5141.0,LLLG,5,5,1
-5.3,9459.4,-9530.0,2623.8,504.1,504.7,LG,1,1,0
32.6,9469.7,-9394.2,514.3,486.8,522.3,NO,0,0,0
-29.2,9581.0,-9529.8,496.4,518.9,522.6,NO,0,0,0
78.1,9539.4,-9618.0,512.8,492.2,507.5,NO,0,0,0
-38.6,9465.1,-9593.1,490.5,493.0,535.2,NO,0,0,0
0.9,479.6,-472.1,3793.0,3829.4,3865.0,LLL,4,4,1
-0.7,94.1,-94.6,5432.3,4902.2,4918.6,LLLG,5,5,1
-27.6,9613.1,-9493.1,470.4,479.6,467.9,NO,0,0,0
-0.4,95.2,-95.2,5205.4,5043.1,4994.6,LLLG,5,5,1
2.0,952.1,-9416.6,3266.8,2482.5,520.8,LLG,3,3,0
-43.9,9505.4,-9507.8,506.5,539.4,497.3,NO,0,0,0
3.7,9572.6,-9589.6,2632.8,495.2,509.3,LG,1,1,0
3.0,476.9,-472.8,3910.1,4057.0,3915.6,LLL,4,4,1
26.5,2885.3,-9583.9,2005.0,1998.0,500.7,LL,2,2,0
3.2,9513.8,-9508.7,2497.1,488.7,519.6,LG,1,1,0
31.9,9454.7,-9521.8,513.4,517.7,502.5,NO,0,0,0
1.5,9570.3,-9444.6,2455.0,504.8,524.0,LG,1,1,0
-0.4,95.2,-95.3,5277.4,4982.4,4686.6,LLLG,5,5,1
-10.4,961.1,-9484.9,3122.0,2348.8,516.5,LLG,3,3,0
9.4,9584.2,-9490.0,512.6,466.3,513.4,NO,0,0,0
-4.2,9534.8,-9550.0,2470.6,486.8,519.3,LG,1,1,0
-12.5,9577.4,-9477.9,514.4,537.9,528.0,NO,0,0,0
51.3,9504.9,-9532.5,518.1,506.3,496.7,NO,0,0,0
-4.6,477.0,-473.2,4330.8,4054.6,4321.0,LLL,4,4,1
0.5,476.6,-475.2,4087.8,3818.8,4184.4,LLL,4,4,1
-59.5,9511.0,-9476.9,502.5,481.7,529.2,NO,0,0,0
0.6,95.3,-95.6,4845.6,4940.0,5084.6,LLLG,5,5,1
3.4,960.4,-9517.5,3300.5,2357.9,488.4,LLG,3,3,0
1.9,2883.7,-9545.5,1938.2,1983.8,529.2,LL,2,2,0
-1.4,476.7,-475.0,3872.4,3759.0,3840.5,LLL,4,4,1
1.1,479.4,-479.3,4252.4,4140.8,4162.2,LLL,4,4,1
2.4,9481.9,-9584.1,2547.0,493.9,507.1,LG,1,1,0
5.2,2872.2,-9602.1,1959.2,2175.0,513.2,LL,2,2,0
3.8,955.3,-9496.5,3280.9,2480.1,466.3,LLG,3,3,0
-1.0,957.3,-9541.7,3147.8,2525.3,508.6,LLG,3,3,0
-3.4,9585.9,-9538.4,2652.2,540.9,513.9,LG,1,1,0
-61.2,9578.1,-9434.5,475.3,498.1,497.8,NO,0,0,0
26.4,9505.3,-9502.8,469.5,472.0,507.8,NO,0,0,0
78.8,9538.2,-9585.1,538.8,493.9,491.1,NO,0,0,0
-0.0,958.3,-9552.5,2970.8,2378.8,472.4,LLG,3,3,0
-0.2,95.6,-95.4,4719.0,4882.1,4953.9,LLLG,5,5,1
-35.3,9485.0,-9514.6,474.8,493.3,522.5,NO,0,0,0
0.3,95.5,-95.3,4871.8,4688.6,5117.8,LLLG,5,5,1
4.0,477.4,-476.1,3788.9,3740.0,3852.4,LLL,4,4,1
-3.9,474.4,-476.2,3816.3,4120.6,3821.5,LLL,4,4,1
11.5,2882.1,-9532.4,2000.6,1848.5,533.8,LL,2,2,0
-17.7,2860.7,-9612.9,2247.2,2035.6,477.3,LL,2,2,0
3.0,2860.7,-9621.7,2073.6,1900.1,481.0,LL,2,2,0
-1.3,474.0,-473.3,4278.9,4016.9,4140.9,LLL,4,4,1
-0.9,476.3,-475.3,4066.5,3986.1,4014.3,LLL,4,4,1
0.4,476.5,-476.4,3912.9,4123.9,3898.0,LLL,4,4,1
5.4,2848.6,-9513.3,2047.8,1874.1,509.9,LL,2,2,0
74.1,9521.8,-9548.6,477.1,487.1,500.0,NO,0,0,0
-1.7,2858.4,-9505.4,2057.8,1988.6,520.7,LL,2,2,0
21.1,9547.0,-9485.4,491.0,539.4,487.7,NO,0,0,0
13.4,9533.5,-9456.6,493.5,515.1,473.5,NO,0,0,0
3.4,949.3,-9554.4,3178.8,2581.1,507.0,LLG,3,3,0
0.7,481.1,-475.5,4058.4,3945.9,3724.3,LLL,4,4,1
-117.1,9542.6,-9488.7,509.1,519.6,477.3,NO,0,0,0
-5.8,9492.8,-9498.1,532.3,505.9,509.3,NO,0,0,0
-0.4,481.2,-476.8,3968.8,3916.3,3952.9,LLL,4,4,1
3.3,9519.3,-9529.8,2477.2,502.8,501.7,LG,1,1,0
0.5,479.7,-473.4,4195.3,4166.4,4089.4,LLL,4,4,1
26.0,9651.0,-9642.7,500.5,489.7,481.6,NO,0,0,0
1.8,962.7,-9572.0,3028.8,2537.7,513.1,LLG,3,3,0
2.0,9533.5,-9553.5,2621.7,483.6,484.1,LG,1,1,0
60.6,9588.6,-9574.0,495.6,516.0,527.2,NO,0,0,0
-34.0,9561.5,-9457.7,485.6,524.5,472.9,NO,0,0,0
-0.8,474.3,-471.9,4283.5,3860.2,4116.6,LLL,4,4,1
8.9,2854.3,-9551.7,2151.7,1985.9,492.2,LL,2,2,0
-9.9,948.2,-9506.6,3303.7,2452.5,472.8,LLG,3,3,0
-2.3,956.8,-9497.3,3081.0,2399.1,468.5,LLG,3,3,0
6.0,9536.5,-9603.5,2391.7,495.6,460.5,LG,1,1,0
1.7,477.9,-480.5,3741.9,4276.4,4219.6,LLL,4,4,1
-11.5,9489.2,-9563.4,504.7,530.5,514.2,NO,0,0,0
-29.1,9476.6,-9489.0,475.8,527.2,469.9,NO,0,0,0
-14.6,9655.1,-9550.5,562.0,501.7,495.7,NO,0,0,0
85.6,9545.2,-9510.6,502.3,503.4,483.4,NO,0,0,0
-5.2,9548.3,-9524.1,2506.9,509.5,498.2,LG,1,1,0
8.1,949.1,-9429.3,3124.5,2539.0,528.6,LLG,3,3,0
-55.9,9452.3,-9541.7,474.6,472.5,515.3,NO,0,0,0
-0.2,466.1,-476.9,3802.5,4340.6,4164.1,LLL,4,4,1
-1.1,476.8,-475.6,3787.2,3968.3,3925.9,LLL,4,4,1
70.2,9549.0,-9470.5,501.8,530.2,505.7,NO,0,0,0
4.7,9610.6,-9550.1,2510.5,539.2,507.4,LG,1,1,0
-38.7,9577.7,-9610.4,497.0,503.6,482.8,NO,0,0,0
-5.8,2855.1,-9457.7,1985.7,2063.1,474.2,LL,2,2,0
-2.1,481.1,-475.2,3900.4,3890.5,3933.2,LLL,4,4,1
9.8,9466.2,-9512.2,513.8,517.9,523.7,NO,0,0,0
-57.8,9549.8,-9583.6,502.9,525.8,479.6,NO,0,0,0
13.1,9484.7,-9598.9,486.1,546.0,525.0,NO,0,0,0
-7.7,950.1,-9514.0,2804.3,2357.5,491.0,LLG,3,3,0
4.6,473.4,-479.3,4073.5,4125.7,3699.5,LLL,4,4,1
34.0,9498.7,-9496.4,487.9,477.2,501.4,NO,0,0,0
2.3,960.7,-9466.2,3197.4,2416.3,488.2,LLG,3,3,0
1.1,9507.7,-9496.5,2495.4,483.8,490.0,LG,1,1,0
51.2,9499.4,-9529.0,514.7,478.8,512.5,NO,0,0,0
1.0,95.3,-95.7,5109.8,5064.2,5089.3,LLLG,5,5,1
84.8,9582.6,-9508.0,488.7,526.2,472.6,NO,0,0,0
2.1,2846.7,-9581.7,1967.2,2005.3,518.5,LL,2,2,0
-32.8,9577.3,-9479.6,514.3,499.1,487.6,NO,0,0,0
-0.5,473.3,-484.9,4095.4,3916.8,4240.1,LLL,4,4,1
-0.7,95.7,-95.4,5244.7,4836.5,5319.8,LLLG,5,5,1
1.9,9552.5,-9534.0,2451.7,483.9,495.4,LG,1,1,0
6.4,2842.0,-9531.4,2035.1,2019.4,512.9,LL,2,2,0
29.3,9516.9,-9536.7,485.2,518.9,490.2,NO,0,0,0
-49.0,9578.5,-9412.7,480.5,484.8,472.2,NO,0,0,0
95.8,9534.1,-9532.5,524.0,503.5,496.9,NO,0,0,0
33.9,9551.6,-9575.8,496.2,500.2,499.5,NO,0,0,0
0.3,95.3,-96.0,4554.1,4891.9,4775.3,LLLG,5,5,1
6.9,9637.7,-9527.9,2680.3,487.1,513.4,LG,1,1,0
-0.7,9553.2,-9525.7,2512.1,498.3,491.8,LG,1,1,0
-42.8,9523.3,-9514.5,506.5,497.4,482.2,NO,0,0,0
-46.4,9490.5,-9524.7,501.9,444.8,481.8,NO,0,0,0
-21.4,9643.5,-9501.1,500.3,519.9,517.7,NO,0,0,0
-0.9,96.3,-94.7,5190.3,4976.1,5507.7,LLLG,5,5,1
-10.3,9488.5,-9611.8,509.6,486.1,490.6,NO,0,0,0
-1.3,2848.4,-9571.0,1976.5,2060.4,495.7,LL,2,2,0
-76.4,9483.5,-9511.3,475.1,524.0,487.8,NO,0,0,0
-3.5,476.1,-476.6,4298.2,3849.8,4292.2,LLL,4,4,1
-94.9,9446.9,-9597.0,494.0,496.5,501.9,NO,0,0,0
-3.6,2835.9,-9557.4,1981.2,1973.6,492.5,LL,2,2,0
-0.3,96.0,-95.7,5114.2,4927.8,5145.9,LLLG,5,5,1
0.2,95.3,-95.8,5264.0,5328.6,5313.0,LLLG,5,5,1
0.4,95.3,-95.7,5034.9,5028.6,4962.9,LLLG,5,5,1
5.6,9548.4,-9512.3,2414.7,494.7,487.1,LG,1,1,0
1.7,954.0,-9466.3,3084.2,2534.4,530.1,LLG,3,3,0
-2.7,951.9,-9559.7,3216.8,2582.2,518.7,LLG,3,3,0
5.8,9615.5,-9467.3,2521.5,504.1,463.7,LG,1,1,0
1.3,472.6,-477.9,4142.2,3924.6,3700.8,LLL,4,4,1
11.2,2866.4,-9535.0,2075.0,2000.3,519.0,LL,2,2,0
0.0,475.7,-473.4,3875.7,4117.1,4007.5,LLL,4,4,1
-4.8,953.5,-9491.5,3016.2,2563.9,505.5,LLG,3,3,0
-0.0,475.8,-480.3,4070.3,4190.2,3893.8,LLL,4,4,1
-58.3,9549.4,-9540.0,564.7,473.5,489.1,NO,0,0,0
-2.3,9480.2,-9501.2,2421.6,523.7,494.0,LG,1,1,0
7.3,2861.7,-9598.4,1949.4,1921.6,529.6,LL,2,2,0
2.4,474.3,-479.4,3891.8,3780.5,4058.4,LLL,4,4,1
-3.7,476.3,-474.3,3910.5,4335.6,3986.1,LLL,4,4,1
-9.2,955.4,-9456.8,3089.9,2416.9,496.5,LLG,3,3,0
-2.9,2868.4,-9549.9,2045.2,2012.4,515.5,LL,2,2,0
-4.5,478.5,-478.5,4153.0,3811.1,3982.7,LLL,4,4,1
-9.9,2870.6,-9517.9,2036.3,2060.4,511.4,LL,2,2,0
2.1,951.3,-9520.8,3085.3,2250.9,510.8,LLG,3,3,0
-1.6,476.6,-475.8,3876.9,4058.0,3798.3,LLL,4,4,1
1.4,956.7,-9513.7,3126.3,2468.9,481.4,LLG,3,3,0
-4.3,477.2,-475.1,4091.3,4008.1,3937.3,LLL,4,4,1
36.3,9602.6,-9448.6,508.4,443.0,488.3,NO,0,0,0
-7.9,960.6,-9510.3,3351.5,2473.1,453.6,LLG,3,3,0
-18.6,9517.5,-9593.0,460.0,501.8,482.9,NO,0,0,0
-3.1,2842.8,-9519.0,1953.9,1974.4,530.3,LL,2,2,0
0.6,95.3,-95.2,4947.5,5120.2,4611.1,LLLG,5,5,1
89.8,9485.0,-9456.8,486.0,490.2,511.9,NO,0,0,0
0.8,95.6,-95.4,4958.4,5181.9,4835.5,LLLG,5,5,1
-0.3,94.0,-95.3,4725.9,4935.4,5019.9,LLLG,5,5,1
-1.4,940.8,-9497.0,2913.0,2379.7,501.0,LLG,3,3,0
15.1,2837.7,-9497.7,1951.0,2159.9,513.2,LL,2,2,0
-0.7,95.1,-95.7,4867.0,4771.7,4857.2,LLLG,5,5,1
-1.7,9549.3,-9513.9,2404.9,520.0,478.4,LG,1,1,0
-3.0,9538.4,-9498.3,502.4,475.9,490.7,NO,0,0,0
-16.6,9534.5,-9588.5,515.6,455.8,505.3,NO,0,0,0
48.5,9495.4,-9534.8,499.7,499.4,517.8,NO,0,0,0
-14.8,9595.2,-9559.3,470.3,517.7,502.7,NO,0,0,0
15.8,2843.0,-9503.5,1990.1,2063.4,544.7,LL,2,2,0
-1.3,476.6,-475.7,3817.4,3915.3,4147.2,LLL,4,4,1
-3.3,477.5,-472.2,3961.0,3965.9,4012.7,LLL,4,4,1
-63.9,9554.4,-9543.6,487.6,459.1,499.0,NO,0,0,0
-11.1,2831.1,-9435.9,2065.5,2032.5,534.7,LL,2,2,0
3.0,953.0,-9584.1,2883.9,2524.3,482.4,LLG,3,3,0
-94.1,9501.5,-9492.3,499.3,512.3,478.1,NO,0,0,0
-18.1,2875.2,-9520.7,1979.2,2152.0,498.5,LL,2,2,0
114.5,9534.6,-9543.2,472.2,477.6,509.7,NO,0,0,0
-20.2,9533.6,-9542.5,483.8,534.7,531.4,NO,0,0,0
0.0,95.1,-94.7,5157.4,5206.9,4930.0,LLLG,5,5,1
-0.1,95.4,-95.8,4777.5,4972.5,5064.3,LLLG,5,5,1
-0.2,476.1,-476.4,4012.1,4024.0,3869.5,LLL,4,4,1
5.5,9553.0,-9591.8,518.3,472.8,534.6,NO,0,0,0
0.5,474.2,-470.1,4139.7,3839.9,4061.4,LLL,4,4,1
28.2,2856.4,-9511.7,2020.4,2092.2,497.6,LL,2,2,0
-1.4,2868.0,-9571.1,1963.6,2005.9,509.1,LL,2,2,0
-1.9,476.6,-475.8,3783.5,4147.5,4060.3,LLL,4,4,1
1.6,479.0,-474.8,4002.5,3902.8,3842.0,LLL,4,4,1
77.5,9566.6,-9611.3,516.7,468.8,499.0,NO,0,0,0
-2.5,2873.5,-9546.0,1938.2,1937.4,508.7,LL,2,2,0
-3.1,953.6,-9602.9,2940.0,2716.0,508.1,LLG,3,3,0
-3.7,477.6,-479.6,3983.4,4187.8,3862.7,LLL,4,4,1
2.1,944.4,-9418.2,2832.2,2524.7,477.2,LLG,3,3,0
9.7,9553.2,-9572.8,505.6,470.3,537.9,NO,0,0,0
20.2,9519.7,-9553.6,466.9,459.9,517.8,NO,0,0,0
-1.7,9589.7,-9531.6,2602.1,504.5,460.4,LG,1,1,0
-20.7,9440.8,-9482.2,471.9,518.5,508.5,NO,0,0,0
7.3,9519.3,-9435.9,2328.0,478.8,483.9,LG,1,1,0
6.0,9583.7,-9551.0,2506.9,497.2,513.3,LG,1,1,0
0.7,483.2,-481.5,4061.8,4043.3,3845.3,LLL,4,4,1
-4.1,9545.9,-9580.9,2467.6,512.2,503.2,LG,1,1,0
-5.2,9507.7,-9513.0,2474.2,487.8,504.1,LG,1,1,0
-1.5,9512.6,-9543.3,2586.9,504.1,504.6,LG,1,1,0
1.1,479.3,-474.7,4020.3,4180.3,4025.9,LLL,4,4,1
4.4,479.8,-477.1,4055.9,4171.6,3970.5,LLL,4,4,1
-46.4,9571.5,-9532.2,499.3,498.9,482.1,NO,0,0,0
6.3,954.1,-9477.3,2935.7,2581.6,483.2,LLG,3,3,0
-1.5,9410.1,-9503.4,2541.6,511.4,508.1,LG,1,1,0
-0.8,94.8,-95.7,4635.9,5027.5,4791.4,LLLG,5,5,1
-0.1,96.0,-95.5,5072.8,5141.5,5058.1,LLLG,5,5,1
35.4,2855.2,-9513.1,1938.3,1963.2,510.7,LL,2,2,0
21.9,2867.4,-9548.1,1887.7,2067.7,515.1,LL,2,2,0
-0.8,94.9,-95.7,4961.2,5082.9,4873.0,LLLG,5,5,1
-12.3,956.5,-9554.6,2956.8,2718.7,502.7,LLG,3,3,0
1.4,478.1,-473.5,4200.1,3809.2,4353.9,LLL,4,4,1
-23.4,9449.0,-9455.5,490.7,464.7,519.8,NO,0,0,0
28.4,9565.1,-9558.1,531.3,515.9,506.9,NO,0,0,0
28.6,9513.6,-9506.1,491.3,511.3,497.2,NO,0,0,0
-12.0,9419.5,-9450.8,497.5,469.7,530.3,NO,0,0,0
0.6,9594.5,-9544.4,532.4,505.2,509.4,NO,0,0,0
1.6,480.7,-473.7,4011.8,3986.9,3887.1,LLL,4,4,1
-15.7,9511.9,-9478.0,532.0,540.4,510.7,NO,0,0,0
0.0,95.6,-95.6,5050.6,4770.4,4965.3,LLLG,5,5,1
1.1,948.7,-9540.1,2988.2,2566.2,472.2,LLG,3,3,0
-55.4,9532.0,-9490.6,473.1,484.0,483.9,NO,0,0,0
-8.7,9594.5,-9515.6,492.2,479.9,479.7,NO,0,0,0
-1.5,2851.0,-9629.5,1987.1,2015.2,507.5,LL,2,2,0
5.6,952.5,-9539.5,2943.6,2543.6,501.0,LLG,3,3,0
4.3,2853.3,-9429.4,2000.6,1876.4,485.8,LL,2,2,0
-2.6,957.4,-9515.8,3059.3,2377.3,469.2,LLG,3,3,0
-8.6,9522.9,-9521.4,521.3,516.1,525.1,NO,0,0,0
-0.2,9517.6,-9492.9,2568.1,470.7,513.1,LG,1,1,0
-1.0,949.1,-9553.5,2941.8,2502.3,527.2,LLG,3,3,0
0.3,9584.7,-9498.0,497.4,490.0,504.8,NO,0,0,0
-9.2,2878.3,-9557.7,2048.3,2049.0,505.4,LL,2,2,0
-4.8,476.6,-477.8,4035.8,4062.5,4170.5,LLL,4,4,1
0.9,9497.1,-9442.9,2433.3,449.2,503.8,LG,1,1,0
32.4,9474.6,-9585.5,451.2,492.7,505.5,NO,0,0,0
0.1,95.7,-95.2,4981.0,4947.4,4735.4,LLLG,5,5,1
-0.1,2871.5,-9582.3,1822.4,1842.5,514.5,LL,2,2,0
-2.6,479.6,-475.4,4209.2,3773.5,3896.8,LLL,4,4,1
-66.8,9582.4,-9517.1,510.8,495.1,505.7,NO,0,0,0
-31.1,9461.9,-9479.4,511.2,489.4,505.0,NO,0,0,0
-33.4,9550.2,-9547.4,503.2,498.8,510.1,NO,0,0,0
-7.1,936.0,-9540.5,2911.5,2528.7,475.2,LLG,3,3,0
8.4,2838.7,-9476.8,1993.9,2109.8,528.5,LL,2,2,0
2.3,9494.8,-9498.2,2583.0,496.6,447.5,LG,1,1,0
0.6,94.9,-94.5,5027.7,5012.6,4811.6,LLLG,5,5,1
-2.3,477.3,-477.2,4094.8,4202.3,3945.9,LLL,4,4,1
0.4,473.8,-474.7,4145.1,3755.2,4145.0,LLL,4,4,1
2.0,9413.4,-9481.4,522.5,523.4,515.5,NO,0,0,0
4.2,966.6,-9606.5,3050.3,2497.2,456.7,LLG,3,3,0
0.2,9509.7,-9502.7,2480.4,463.3,510.7,LG,1,1,0
-3.3,2876.9,-9596.8,2131.3,2082.7,500.5,LL,2,2,0
-0.0,94.9,-95.7,4822.5,5124.7,5371.3,LLLG,5,5,1
-9.3,952.7,-9550.6,2847.7,2651.3,500.2,LLG,3,3,0
-7.2,9497.4,-9519.3,531.1,514.6,497.2,NO,0,0,0
-27.8,9541.8,-9476.7,500.6,520.5,497.2,NO,0,0,0
-1.5,9487.9,-9588.3,2382.3,451.7,479.3,LG,1,1,0
-0.2,954.8,-9553.3,2890.3,2545.6,490.9,LLG,3,3,0
-3.4,473.7,-475.0,4014.7,3982.8,3895.3,LLL,4,4,1
7.0,9506.0,-9509.4,2594.0,490.7,496.5,LG,1,1,0
-6.8,9578.6,-9578.9,2651.5,464.3,492.5,LG,1,1,0
-31.7,9499.1,-9612.5,476.2,478.1,509.9,NO,0,0,0
-1.6,474.5,-472.1,4134.3,3823.1,4005.4,LLL,4,4,1
2.4,475.8,-475.4,3999.3,4137.2,4035.7,LLL,4,4,1
-75.0,9539.8,-9526.5,496.5,485.7,451.8,NO,0,0,0
-51.1,9527.0,-9628.8,476.0,518.2,510.8,NO,0,0,0
-1.9,9639.7,-9528.3,2518.1,486.3,484.4,LG,1,1,0
64.2,9594.3,-9528.6,490.0,487.2,479.0,NO,0,0,0
3.0,477.4,-474.5,3968.8,3992.8,3787.4,LLL,4,4,1
3.6,2872.9,-9477.8,1968.8,1888.7,481.9,LL,2,2,0
1.7,475.1,-474.2,4099.8,3874.0,4050.1,LLL,4,4,1
78.0,9525.9,-9457.7,526.8,507.8,485.6,NO,0,0,0
-11.3,9442.9,-9501.6,2394.2,523.4,529.7,LG,1,1,0
5.8,2841.5,-9537.2,2046.6,2114.5,522.5,LL,2,2,0
0.2,95.3,-95.2,5042.8,4696.3,5128.8,LLLG,5,5,1
0.3,95.4,-96.1,5000.7,5274.1,5192.9,LLLG,5,5,1
-37.1,9487.2,-9541.0,502.4,486.9,499.1,NO,0,0,0
5.0,9574.9,-9549.3,2530.6,496.6,493.6,LG,1,1,0
21.4,9595.4,-9479.8,526.6,502.6,441.0,NO,0,0,0
-0.1,474.7,-476.2,4086.3,3937.5,3923.0,LLL,4,4,1
-74.9,9561.8,-9471.9,529.9,508.8,485.8,NO,0,0,0
8.8,2829.2,-9525.5,2054.2,1857.3,507.9,LL,2,2,0
1.7,9503.1,-9543.1,490.0,490.2,493.2,NO,0,0,0
-125.5,9457.0,-9586.2,509.6,481.9,472.1,NO,0,0,0
-6.0,950.0,-9486.8,2918.7,2594.9,496.2,LLG,3,3,0
-0.6,9539.0,-9517.6,2470.7,493.8,495.0,LG,1,1,0
0.9,95.6,-96.5,4815.4,5126.3,4985.6,LLLG,5,5,1
12.4,9616.0,-9539.4,2435.2,511.1,495.3,LG,1,1,0
-10.6,2864.7,-9516.8,1910.0,1892.6,487.0,LL,2,2,0
-3.9,9426.6,-9586.1,2368.8,517.3,530.0,LG,1,1,0
2.7,477.3,-472.6,3866.2,4184.5,3926.2,LLL,4,4,1
2.0,479.3,-479.0,4062.3,3965.9,3720.9,LLL,4,4,1
-37.3,9436.5,-9464.7,484.3,518.4,495.6,NO,0,0,0
34.4,9636.6,-9562.5,528.5,478.7,493.3,NO,0,0,0
3.6,9533.1,-9489.5,2438.0,500.6,474.8,LG,1,1,0
13.1,952.7,-9533.1,3050.5,2382.0,493.0,LLG,3,3,0
-17.6,9460.0,-9534.5,490.3,481.7,519.9,NO,0,0,0
20.0,9510.3,-9508.8,501.6,478.3,500.7,NO,0,0,0
5.2,2854.5,-9495.3,2016.2,2023.2,500.4,LL,2,2,0
14.0,2855.9,-9555.0,2034.7,2049.2,533.7,LL,2,2,0
5.3,9552.3,-9557.1,2594.7,521.2,525.0,LG,1,1,0
41.9,9454.2,-9612.1,503.2,485.6,501.0,NO,0,0,0
-1.1,471.7,-474.8,3996.8,3964.6,4163.0,LLL,4,4,1
-0.6,476.3,-476.7,4085.2,4112.5,4180.8,LLL,4,4,1
-0.7,473.9,-472.8,4090.6,4118.0,4054.4,LLL,4,4,1
-2.3,948.6,-9516.9,3009.4,2727.3,484.3,LLG,3,3,0
31.7,9492.3,-9550.7,498.6,516.1,493.6,NO,0,0,0
-0.4,93.9,-95.5,4942.5,4963.4,5032.4,LLLG,5,5,1
-1.6,953.2,-9577.2,2953.4,2711.7,516.1,LLG,3,3,0
3.6,478.7,-479.1,3881.3,3830.6,4238.0,LLL,4,4,1
2.1,2848.8,-9515.1,1984.1,1937.1,524.0,LL,2,2,0
24.5,9527.3,-9474.7,490.4,509.0,514.1,NO,0,0,0
0.4,9436.3,-9498.8,504.2,494.6,512.5,NO,0,0,0
-6.3,955.2,-9451.0,2883.7,2562.3,478.7,LLG,3,3,0
-11.3,9501.2,-9579.1,517.4,529.2,498.5,NO,0,0,0
-0.5,95.3,-95.0,5165.4,5327.5,4963.9,LLLG,5,5,1
-57.0,9538.9,-9450.2,496.2,494.6,518.5,NO,0,0,0
-29.9,2846.5,-9556.0,1989.2,2036.9,530.6,LL,2,2,0
0.4,9521.1,-9506.7,2464.6,518.3,508.3,LG,1,1,0
0.8,9528.6,-9502.9,2756.7,487.9,482.8,LG,1,1,0
41.3,9472.5,-9549.8,539.7,508.9,475.7,NO,0,0,0
0.3,95.4,-95.6,5250.9,4796.7,5327.7,LLLG,5,5,1
1.4,9481.8,-9552.6,2542.5,477.9,502.2,LG,1,1,0
-40.4,9489.6,-9613.5,473.2,496.5,533.5,NO,0,0,0
-15.0,9522.6,-9567.2,459.6,490.4,497.5,NO,0,0,0
13.3,9521.0,-9476.5,488.7,486.0,543.1,NO,0,0,0
-9.0,953.9,-9489.2,2960.4,2345.0,457.0,LLG,3,3,0
0.0,94.6,-94.9,5194.1,4943.7,4866.3,LLLG,5,5,1
6.7,479.0,-479.6,4206.7,4012.1,4243.3,LLL,4,4,1
-6.2,2858.9,-9575.8,1996.6,1963.5,530.8,LL,2,2,0
-4.3,9485.7,-9649.7,2392.5,494.6,490.4,LG,1,1,0
15.3,9499.2,-9478.5,499.2,496.8,519.7,NO,0,0,0
2.3,475.4,-469.9,4138.2,4014.8,4012.6,LLL,4,4,1
2.2,9542.4,-9490.5,505.7,517.3,484.1,NO,0,0,0
-4.3,2859.5,-9573.9,2003.6,1981.5,517.1,LL,2,2,0
4.2,9524.6,-9542.3,2432.4,501.5,463.1,LG,1,1,0
1.8,947.7,-9424.4,2774.9,2452.1,482.6,LLG,3,3,0
5.7,2838.0,-9491.3,2064.5,2047.0,499.1,LL,2,2,0
-29.8,2874.3,-9564.9,1939.4,2023.7,493.7,LL,2,2,0
2.0,480.7,-475.0,4038.5,3641.0,3793.8,LLL,4,4,1
49.9,9569.6,-9558.6,519.0,451.6,468.8,NO,0,0,0
-3.3,2855.0,-9514.0,2155.8,1966.3,460.7,LL,2,2,0
0.5,947.0,-9477.3,3055.3,2640.6,489.6,LLG,3,3,0
0.1,472.1,-475.7,3819.4,4155.8,3984.7,LLL,4,4,1
4.0,472.9,-478.1,4136.0,4104.8,4030.1,LLL,4,4,1
2.1,472.7,-474.1,3915.3,3987.6,4074.3,LLL,4,4,1
2.0,9552.9,-9475.3,2599.1,486.8,523.3,LG,1,1,0
-2.7,946.6,-9468.9,2872.1,2570.4,476.4,LLG,3,3,0
20.0,2862.8,-9438.2,1966.7,2096.2,506.3,LL,2,2,0
23.3,9619.7,-9526.2,486.6,479.3,496.2,NO,0,0,0
-28.9,9495.2,-9518.0,490.8,472.8,489.4,NO,0,0,0
-14.0,2856.0,-9498.9,1938.2,1949.3,509.1,LL,2,2,0
6.0,944.0,-9515.5,3002.7,2206.4,471.2,LLG,3,3,0
-63.9,9463.3,-9554.8,478.5,513.8,502.4,NO,0,0,0
-32.7,9490.3,-9492.8,536.1,486.0,514.4,NO,0,0,0
4.1,9505.5,-9485.8,2446.4,487.9,493.8,LG,1,1,0
-4.9,957.3,-9504.7,3066.7,2618.1,477.8,LLG,3,3,0
-23.3,9512.9,-9574.0,502.8,523.1,504.2,NO,0,0,0
2.7,9583.2,-9637.2,504.8,525.1,493.8,NO,0,0,0
37.4,9438.6,-9518.6,479.0,537.6,500.5,NO,0,0,0
-2.4,2846.4,-9490.6,1996.8,1888.2,529.5,LL,2,2,0
1.0,956.9,-9449.7,2832.6,2581.7,497.7,LLG,3,3,0
61.0,9511.5,-9573.6,495.8,510.5,498.6,NO,0,0,0
-17.0,9612.9,-9496.2,499.1,510.6,500.1,NO,0,0,0
8.1,2866.7,-9402.4,1976.6,1981.3,515.5,LL,2,2,0
2.6,950.3,-9537.4,3032.1,2463.3,508.5,LLG,3,3,0
-6.3,956.8,-9589.1,2865.8,2472.3,481.2,LLG,3,3,0
96.1,9542.2,-9513.6,502.8,521.1,451.3,NO,0,0,0
-0.3,95.5,-96.1,5033.5,4656.5,4933.9,LLLG,5,5,1
-4.9,951.2,-9494.1,2771.6,2421.0,528.8,LLG,3,3,0
-1.5,483.3,-474.1,3787.2,4194.8,3954.1,LLL,4,4,1
2.5,480.1,-476.7,3709.6,4376.3,4034.9,LLL,4,4,1
-23.4,9571.5,-9584.1,495.4,508.6,500.5,NO,0,0,0
1.6,948.9,-9527.1,3052.6,2482.3,495.1,LLG,3,3,0
-97.9,9471.4,-9513.9,502.9,482.6,543.9,NO,0,0,0
-9.8,2860.6,-9524.6,1969.8,1908.0,486.2,LL,2,2,0
4.0,9565.0,-9672.1,2632.1,476.3,527.7,LG,1,1,0
-0.9,476.8,-474.6,3795.6,4178.8,3868.7,LLL,4,4,1
5.3,9595.9,-9388.9,494.6,497.8,482.1,NO,0,0,0
-1.3,479.2,-477.5,3930.1,4020.1,4035.7,LLL,4,4,1
1.6,479.1,-473.3,4043.8,4078.1,3916.5,LLL,4,4,1
0.0,2872.3,-9522.8,1972.0,1933.0,534.8,LL,2,2,0
-7.4,9570.7,-9508.6,475.5,514.6,445.2,NO,0,0,0
-4.1,957.4,-9535.9,3063.4,2636.3,499.3,LLG,3,3,0
17.2,9585.8,-9464.6,529.9,509.1,497.3,NO,0,0,0
77.5,9427.1,-9617.5,508.4,522.0,479.1,NO,0,0,0
-2.3,951.9,-9547.7,3046.3,2521.1,482.7,LLG,3,3,0
9.4,945.6,-9530.6,2969.8,2556.8,498.0,LLG,3,3,0
0.6,95.3,-94.9,5124.7,5013.3,5262.9,LLLG,5,5,1
85.0,9529.8,-9437.2,508.9,502.4,484.0,NO,0,0,0
0.2,95.0,-94.8,4933.3,4918.0,5082.1,LLLG,5,5,1
-3.0,479.5,-477.5,3954.6,3950.9,3713.6,LLL,4,4,1
-83.0,9503.9,-9554.0,497.8,504.0,458.1,NO,0,0,0
-10.1,9522.6,-9549.6,2531.8,513.8,513.2,LG,1,1,0
8.9,9606.8,-9548.3,513.5,506.6,503.4,NO,0,0,0
-4.8,9488.5,-9550.8,468.3,490.3,490.6,NO,0,0,0
-38.6,9536.0,-9502.2,527.2,515.2,463.5,NO,0,0,0
-2.4,476.6,-477.0,4043.8,4077.4,4235.2,LLL,4,4,1
26.8,2857.8,-9447.8,2057.3,2027.7,521.4,LL,2,2,0
-0.6,95.5,-94.9,4828.5,4996.8,4909.9,LLLG,5,5,1
-2.4,948.7,-9563.1,2963.6,2479.4,486.8,LLG,3,3,0
41.7,9473.5,-9510.8,494.0,453.8,502.4,NO,0,0,0
-4.0,950.4,-9570.3,3107.0,2434.5,527.5,LLG,3,3,0
30.4,9507.8,-9509.7,516.8,495.7,494.5,NO,0,0,0
1.9,946.0,-9477.8,2721.1,2513.5,492.1,LLG,3,3,0
26.5,9522.4,-9539.0,483.5,521.3,493.0,NO,0,0,0
-85.0,9546.1,-9511.0,505.4,497.0,492.2,NO,0,0,0
78.8,9566.9,-9534.0,512.9,508.3,526.7,NO,0,0,0
-16.8,9524.5,-9585.5,539.7,499.9,480.2,NO,0,0,0
2.7,480.2,-474.2,4106.9,4067.4,3869.0,LLL,4,4,1
-2.5,2867.6,-9544.5,2080.8,1941.7,500.4,LL,2,2,0
-2.3,952.0,-9619.6,3127.3,2471.5,488.8,LLG,3,3,0
-6.5,9528.7,-9463.7,478.1,471.1,519.0,NO,0,0,0
7.0,962.9,-9542.1,2840.1,2653.6,493.9,LLG,3,3,0
9.4,9484.6,-9565.7,511.9,536.7,486.7,NO,0,0,0
-2.5,477.3,-477.3,4067.9,4128.3,3998.6,LLL,4,4,1
-7.2,949.4,-9436.5,3232.2,2340.1,487.9,LLG,3,3,0
-5.8,2861.7,-9466.3,2085.3,2047.1,495.7,LL,2,2,0
-0.6,2855.6,-9421.4,2125.2,2069.4,484.6,LL,2,2,0
0.1,94.9,-95.6,5182.1,4744.1,5058.1,LLLG,5,5,1
0.0,2857.4,-9468.0,1951.8,1910.8,518.6,LL,2,2,0
-26.5,9597.4,-9515.6,489.3,488.7,463.5,NO,0,0,0
7.2,955.8,-9620.3,2977.0,2426.1,507.7,LLG,3,3,0
4.0,9410.0,-9474.0,498.8,493.4,504.5,NO,0,0,0
-0.7,95.4,-94.4,4980.9,4788.8,4846.8,LLLG,5,5,1
-1.2,474.4,-477.0,4051.1,4278.6,4166.1,LLL,4,4,1
-3.0,952.8,-9492.4,2959.4,2395.4,534.7,LLG,3,3,0
-3.6,2855.8,-9444.2,2047.2,2021.5,511.8,LL,2,2,0
-2.0,956.6,-9581.8,2813.5,2635.5,480.3,LLG,3,3,0
3.4,954.8,-9502.2,3020.8,2481.7,504.8,LLG,3,3,0
-3.9,9534.1,-9529.6,2496.3,501.6,464.3,LG,1,1,0
7.9,2872.8,-9563.2,1967.9,1999.0,471.3,LL,2,2,0
-1.7,475.3,-477.0,3959.5,4124.4,3966.4,LLL,4,4,1
-3.4,9588.5,-9561.6,2386.5,490.6,498.7,LG,1,1,0
-0.8,954.7,-9527.2,3109.1,2514.9,513.0,LLG,3,3,0
1.2,476.0,-477.1,4105.0,3846.9,4012.1,LLL,4,4,1
6.1,475.3,-474.8,4123.0,4277.6,4075.3,LLL,4,4,1
-1.6,470.6,-479.0,3955.7,4251.3,4069.2,LLL,4,4,1
3.6,953.9,-9553.3,3072.6,2567.9,459.6,LLG,3,3,0
12.7,9570.9,-9578.2,509.5,535.5,492.5,NO,0,0,0
-32.2,9527.6,-9509.6,475.4,495.8,479.3,NO,0,0,0
-31.1,2867.8,-9627.3,2002.5,1958.4,510.4,LL,2,2,0
-0.2,95.2,-95.0,5267.2,5140.2,5344.5,LLLG,5,5,1
71.1,9513.6,-9570.5,508.8,521.2,470.1,NO,0,0,0
6.7,9552.4,-9561.5,2626.3,488.0,485.9,LG,1,1,0
3.3,9426.6,-9520.0,457.4,487.5,479.3,NO,0,0,0
-35.3,9426.1,-9558.9,502.7,480.8,495.8,NO,0,0,0
0.5,95.1,-95.1,4867.3,5439.2,4889.7,LLLG,5,5,1
-51.5,9524.9,-9488.7,501.1,506.6,533.1,NO,0,0,0
18.8,2862.3,-9535.0,2038.5,1979.1,454.1,LL,2,2,0
-14.5,2848.4,-9483.3,2022.8,1921.5,513.5,LL,2,2,0
-3.0,477.3,-475.2,3996.2,4048.7,4184.4,LLL,4,4,1
11.0,2863.4,-9598.5,1942.9,2084.4,531.2,LL,2,2,0
-1.4,948.0,-9442.1,2824.8,2430.8,516.5,LLG,3,3,0
57.3,2872.1,-9542.5,2025.3,2116.4,467.3,LL,2,2,0
3.7,469.8,-471.5,4174.0,3973.7,4097.6,LLL,4,4,1
-1.1,478.7,-474.4,3974.5,3953.3,3825.4,LLL,4,4,1
-27.6,2873.2,-9680.4,1923.6,2101.2,500.6,LL,2,2,0
-10.5,2860.5,-9486.7,1993.1,1968.5,500.6,LL,2,2,0
0.5,94.5,-94.3,4861.5,5644.1,5118.6,LLLG,5,5,1
-3.6,478.7,-475.6,4054.8,4089.5,4012.3,LLL,4,4,1
44.5,9508.4,-9550.8,497.1,522.8,484.5,NO,0,0,0
4.3,9539.8,-9522.6,2594.7,486.1,493.8,LG,1,1,0
38.2,9541.0,-9540.5,518.1,517.0,471.4,NO,0,0,0
0.9,95.2,-95.1,4971.1,4762.5,5328.9,LLLG,5,5,1
0.3,95.1,-95.2,4314.5,5157.3,4902.9,LLLG,5,5,1
8.7,9563.1,-9516.7,487.8,521.9,524.6,NO,0,0,0
5.4,476.1,-477.6,3821.8,4352.3,4156.0,LLL,4,4,1
4.8,477.1,-478.1,4156.0,4053.4,3919.3,LLL,4,4,1
8.5,9571.4,-9501.5,513.0,480.6,489.6,NO,0,0,0
2.0,476.8,-476.8,4342.9,4019.3,4253.0,LLL,4,4,1
-5.7,935.9,-9512.8,2947.5,2511.6,515.7,LLG,3,3,0
-2.1,476.0,-476.1,3982.3,4015.2,3763.4,LLL,4,4,1
-5.3,476.3,-477.1,4010.4,4067.0,4132.9,LLL,4,4,1
-49.6,9560.8,-9556.1,488.3,498.2,481.0,NO,0,0,0
24.3,2856.4,-9493.7,1986.9,1903.8,518.7,LL,2,2,0
-0.3,476.2,-480.1,4009.5,4143.6,4144.9,LLL,4,4,1
2.1,2862.3,-9554.6,1942.5,1940.4,476.3,LL,2,2,0
2.7,480.0,-479.2,3950.3,4142.1,3730.7,LLL,4,4,1
-0.1,95.5,-95.4,4776.9,4542.2,4795.3,LLLG,5,5,1
-3.1,9622.9,-9537.2,2533.2,518.5,462.6,LG,1,1,0
-3.2,955.3,-9606.4,2995.6,2586.0,469.7,LLG,3,3,0
4.9,476.2,-477.1,4140.2,4191.3,3886.3,LLL,4,4,1
3.9,9504.3,-9453.4,461.9,488.1,496.7,NO,0,0,0
-1.1,953.1,-9598.8,2828.6,2589.4,546.6,LLG,3,3,0
-2.1,947.9,-9500.5,3014.4,2548.0,484.6,LLG,3,3,0
5.6,2853.9,-9618.5,2117.1,1968.9,513.2,LL,2,2,0
-3.4,951.5,-9519.7,2945.8,2457.5,505.8,LLG,3,3,0
98.8,9539.7,-9549.1,495.3,479.1,510.4,NO,0,0,0
-49.6,9525.6,-9515.3,494.8,483.1,476.6,NO,0,0,0
9.1,2868.6,-9475.4,1969.7,1948.1,509.9,LL,2,2,0
58.0,9525.3,-9471.5,511.9,500.9,534.2,NO,0,0,0
-5.4,949.6,-9579.0,3152.8,2242.8,487.2,LLG,3,3,0
-0.1,960.0,-9512.9,3117.9,2499.1,496.0,LLG,3,3,0
9.5,9456.8,-9460.5,511.7,514.0,534.0,NO,0,0,0
12.0,2822.7,-9530.5,2023.3,1887.3,487.8,LL,2,2,0
14.0,2857.6,-9567.7,2054.4,2048.1,491.9,LL,2,2,0
-51.0,9539.9,-9459.0,497.4,523.6,528.4,NO,0,0,0
-0.5,474.0,-475.3,4073.1,4124.8,4201.7,LLL,4,4,1
-1.3,952.1,-9539.6,2942.6,2673.5,485.4,LLG,3,3,0
20.8,9530.4,-9508.2,491.6,517.7,514.6,NO,0,0,0
-0.3,95.0,-95.1,5165.5,5054.3,4681.8,LLLG,5,5,1
-13.8,2875.7,-9545.9,1947.0,2010.5,465.0,LL,2,2,0
0.7,2857.3,-9627.6,1915.1,1971.0,514.7,LL,2,2,0
3.9,954.1,-9574.8,2792.2,2608.7,521.4,LLG,3,3,0
-6.5,2843.7,-9483.5,2149.1,2029.6,527.3,LL,2,2,0
3.1,469.8,-471.6,4029.8,4041.7,3918.5,LLL,4,4,1
-0.7,94.9,-95.1,5093.4,5230.0,5005.5,LLLG,5,5,1
0.4,2840.8,-9581.2,1986.3,1948.5,485.5,LL,2,2,0
10.5,9540.7,-9568.4,2302.9,504.6,489.0,LG,1,1,0
0.3,95.4,-95.7,5035.3,4848.9,4909.4,LLLG,5,5,1
6.3,2866.7,-9554.6,2129.6,1874.2,542.9,LL,2,2,0
-62.5,9545.8,-9513.2,494.8,478.8,519.9,NO,0,0,0
-1.9,2854.9,-9561.4,2032.6,1947.1,506.3,LL,2,2,0
-91.7,9575.5,-9522.9,532.1,477.8,488.4,NO,0,0,0
-5.2,948.9,-9564.5,3099.9,2417.2,473.1,LLG,3,3,0
-5.0,9538.3,-9430.7,508.4,513.0,473.6,NO,0,0,0
-30.5,9567.9,-9500.3,507.8,496.4,508.0,NO,0,0,0
8.7,9533.9,-9582.5,2630.4,500.6,481.8,LG,1,1,0
-1.0,474.4,-476.7,3905.0,4052.0,4232.3,LLL,4,4,1
2.8,953.5,-9599.5,2797.1,2471.9,552.0,LLG,3,3,0
-0.2,96.2,-95.5,5016.1,4943.4,4948.0,LLLG,5,5,1
1.4,476.9,-470.8,4131.6,4139.1,3679.5,LLL,4,4,1
42.6,9563.0,-9474.2,505.5,492.7,522.0,NO,0,0,0
-0.3,9558.4,-9578.2,2459.7,498.0,515.1,LG,1,1,0
-1.8,951.5,-9557.8,2851.7,2474.5,471.4,LLG,3,3,0
-41.7,9560.3,-9526.3,519.3,497.9,482.1,NO,0,0,0
-3.7,476.2,-475.9,3966.1,4034.1,4067.3,LLL,4,4,1
48.0,9497.8,-9508.8,537.1,500.6,502.4,NO,0,0,0
96.2,9580.8,-9503.5,501.3,461.7,488.8,NO,0,0,0
-0.6,475.6,-478.4,3834.3,4017.6,4108.8,LLL,4,4,1
1.6,9616.9,-9588.4,518.4,519.2,481.7,NO,0,0,0
-0.5,95.4,-95.5,5100.6,5305.9,5013.9,LLLG,5,5,1
-5.5,480.8,-474.4,4089.9,3876.6,4134.6,LLL,4,4,1
0.4,95.3,-95.2,4975.0,4824.9,5216.9,LLLG,5,5,1
-2.1,481.2,-473.5,4215.5,3978.7,4023.9,LLL,4,4,1
-18.3,9492.6,-9534.0,460.7,483.6,486.6,NO,0,0,0
-0.1,475.7,-472.8,3768.4,3965.6,3957.3,LLL,4,4,1
31.0,9447.1,-9514.9,490.1,479.4,496.1,NO,0,0,0
8.7,9536.1,-9568.5,513.8,482.9,515.8,NO,0,0,0
5.8,9500.7,-9485.6,2412.5,518.2,508.8,LG,1,1,0
62.5,9547.4,-9545.3,504.3,515.8,484.0,NO,0,0,0
0.3,94.5,-95.8,4944.2,5425.3,4962.9,LLLG,5,5,1
-2.3,477.0,-477.5,3935.6,3970.4,3957.0,LLL,4,4,1
-5.6,2843.6,-9534.3,1825.9,2018.1,541.2,LL,2,2,0
6.4,9566.0,-9493.0,2587.4,497.5,475.7,LG,1,1,0
38.5,2889.7,-9618.8,1911.6,2015.9,534.9,LL,2,2,0
46.5,9485.9,-9591.9,461.7,508.0,477.8,NO,0,0,0
1.0,94.9,-96.1,4776.9,4971.6,4790.4,LLLG,5,5,1
-4.0,944.9,-9530.9,3088.4,2290.0,487.6,LLG,3,3,0
0.6,474.6,-478.0,4265.1,4074.4,3976.4,LLL,4,4,1
6.8,2857.3,-9571.9,1997.0,2105.0,499.9,LL,2,2,0
-1.6,474.3,-473.7,3988.9,4163.9,4071.8,LLL,4,4,1
21.7,9502.7,-9502.4,504.1,529.5,447.5,NO,0,0,0
-34.7,9456.5,-9524.5,512.3,500.1,494.0,NO,0,0,0
-37.1,9530.7,-9569.1,556.5,512.2,474.5,NO,0,0,0
5.0,478.4,-476.0,3911.2,4050.4,4024.3,LLL,4,4,1
-2.8,475.2,-476.5,3982.5,3869.7,4297.3,LLL,4,4,1
45.8,9558.9,-9543.7,477.3,488.4,499.5,NO,0,0,0
-0.4,95.3,-95.1,5048.1,4784.5,5026.3,LLLG,5,5,1
2.1,478.7,-476.8,4489.5,4194.5,3691.5,LLL,4,4,1
4.4,9610.1,-9540.5,2604.1,507.9,482.5,LG,1,1,0
1.0,94.9,-93.9,4763.4,4995.1,4823.2,LLLG,5,5,1
-18.2,9525.1,-9543.6,489.9,497.4,503.9,NO,0,0,0
0.7,95.7,-96.3,5261.0,4602.0,5037.6,LLLG,5,5,1
-4.9,477.1,-477.1,3836.7,4069.7,3941.8,LLL,4,4,1
-0.2,479.9,-480.0,4182.3,3932.4,3960.9,LLL,4,4,1
3.2,475.2,-471.6,3952.3,3548.7,4128.8,LLL,4,4,1
1.6,955.6,-9435.1,2946.3,2523.2,523.1,LLG,3,3,0
0.0,95.8,-94.7,4526.8,4962.1,4707.2,LLLG,5,5,1
6.4,9561.2,-9422.9,510.4,499.0,519.8,NO,0,0,0
18.0,2840.1,-9514.4,2099.6,1971.4,501.1,LL,2,2,0
-0.9,476.7,-479.7,3818.1,4046.9,3966.1,LLL,4,4,1
2.8,2889.9,-9480.1,1837.1,2059.7,524.4,LL,2,2,0
-7.7,951.6,-9547.9,3053.9,2461.7,508.4,LLG,3,3,0
-4.3,2854.4,-9590.2,1928.9,1970.5,499.4,LL,2,2,0
2.5,477.7,-477.3,4170.7,3789.9,3849.6,LLL,4,4,1
-0.4,477.5,-474.1,4022.8,3949.1,3781.7,LLL,4,4,1
1.7,478.7,-478.5,3780.4,3675.6,3977.6,LLL,4,4,1
-1.4,9608.2,-9520.9,532.2,520.9,493.6,NO,0,0,0
14.8,9487.5,-9505.6,456.7,484.9,517.6,NO,0,0,0
-8.5,954.2,-9528.4,2936.1,2618.9,512.1,LLG,3,3,0
-1.1,475.6,-474.7,4136.1,4124.6,3679.7,LLL,4,4,1
-68.6,9557.3,-9537.5,503.4,517.6,477.2,NO,0,0,0
1.9,472.9,-476.9,3883.4,4105.8,4118.0,LLL,4,4,1
-0.2,947.1,-9572.4,3033.1,2591.7,480.2,LLG,3,3,0
-0.8,95.4,-95.9,5120.7,4747.3,4762.7,LLLG,5,5,1
-5.8,9542.7,-9535.7,2406.5,502.0,480.0,LG,1,1,0
-5.6,948.4,-9519.5,3259.9,2563.5,481.6,LLG,3,3,0
-50.9,9493.2,-9591.2,538.9,490.5,477.1,NO,0,0,0
-21.0,9556.4,-9533.9,531.3,499.0,509.2,NO,0,0,0
-10.0,9430.9,-9592.6,528.6,533.7,512.9,NO,0,0,0
1.5,476.8,-469.2,4157.2,3965.0,3728.9,LLL,4,4,1
30.6,9489.0,-9469.2,487.8,494.7,521.2,NO,0,0,0
5.6,480.3,-478.5,3925.1,3950.9,4029.8,LLL,4,4,1
-1.2,481.2,-480.8,3840.4,3863.0,3941.4,LLL,4,4,1
-3.1,952.5,-9549.0,2964.3,2646.8,498.3,LLG,3,3,0
-1.5,477.3,-479.1,4125.9,3981.4,3929.0,LLL,4,4,1
3.1,945.5,-9562.7,3364.7,2466.7,488.1,LLG,3,3,0
4.2,953.6,-9469.8,2909.4,2609.2,492.7,LLG,3,3,0
8.4,2831.9,-9560.8,2160.0,1932.5,468.5,LL,2,2,0
3.4,474.3,-476.5,4086.4,4043.8,3612.6,LLL,4,4,1
60.6,9466.7,-9515.4,487.9,504.9,512.2,NO,0,0,0
5.8,956.4,-9587.6,2927.8,2436.2,476.1,LLG,3,3,0
-61.6,9482.8,-9553.3,500.3,479.0,497.8,NO,0,0,0
-8.0,9484.5,-9497.5,482.4,505.9,473.4,NO,0,0,0
58.7,9592.6,-9516.1,510.3,491.3,503.4,NO,0,0,0
79.2,9478.5,-9486.4,491.8,502.5,459.4,NO,0,0,0
7.5,9567.1,-9521.4,503.3,470.7,487.8,NO,0,0,0
9.5,2860.2,-9486.1,2159.3,1934.6,548.1,LL,2,2,0
-12.5,9416.1,-9576.3,481.3,494.5,490.8,NO,0,0,0
-29.1,9526.4,-9507.5,496.3,488.1,532.7,NO,0,0,0
8.4,2862.4,-9540.9,2096.2,1886.5,499.5,LL,2,2,0
-2.2,477.8,-476.5,3835.2,3974.5,3981.5,LLL,4,4,1
9.5,9652.9,-9499.4,518.3,525.6,499.6,NO,0,0,0
0.5,476.3,-478.3,3857.9,3767.6,4160.3,LLL,4,4,1
0.3,95.4,-96.4,4749.2,5069.8,5107.5,LLLG,5,5,1
-0.4,94.9,-95.9,4852.3,5032.5,4893.4,LLLG,5,5,1
-0.5,477.7,-473.9,4031.5,4290.4,4020.9,LLL,4,4,1
-37.9,9511.1,-9576.8,497.9,505.6,503.4,NO,0,0,0
3.9,952.5,-9466.8,2989.4,2562.5,460.9,LLG,3,3,0
-21.7,9460.9,-9568.7,519.6,537.1,486.8,NO,0,0,0
-2.9,2877.5,-9464.3,2121.5,2046.5,524.0,LL,2,2,0
1.9,476.6,-477.9,3779.0,4085.4,3907.2,LLL,4,4,1
-13.6,9454.6,-9436.3,479.1,534.3,519.2,NO,0,0,0
-0.0,94.8,-94.6,4774.6,4415.5,4769.4,LLLG,5,5,1
0.1,95.8,-94.3,5192.0,4984.5,5425.4,LLLG,5,5,1
-0.3,479.2,-477.1,4305.1,3950.4,4134.4,LLL,4,4,1
13.1,950.0,-9536.8,2917.9,2235.6,502.3,LLG,3,3,0
61.2,9580.1,-9517.6,496.0,477.6,462.7,NO,0,0,0
-1.6,478.0,-474.0,3947.4,4102.0,4056.7,LLL,4,4,1
-0.3,95.5,-94.8,4909.1,4922.4,4739.3,LLLG,5,5,1
2.1,9561.9,-9482.1,2293.8,527.3,523.0,LG,1,1,0
49.3,9473.1,-9558.2,490.4,517.9,496.4,NO,0,0,0
1.5,9567.7,-9451.3,508.3,517.4,478.3,NO,0,0,0
-0.8,477.8,-480.7,4072.8,4067.8,4230.0,LLL,4,4,1
-6.0,947.6,-9469.3,2946.2,2501.3,478.1,LLG,3,3,0
-21.9,2838.2,-9530.7,2078.5,2046.2,498.2,LL,2,2,0
-64.7,9492.0,-9485.4,482.5,521.0,510.5,NO,0,0,0
-0.8,95.0,-95.1,4890.4,4988.3,4736.3,LLLG,5,5,1
6.3,949.3,-9533.8,3006.2,2469.4,481.4,LLG,3,3,0
1.0,479.1,-476.7,3696.6,4181.2,4157.3,LLL,4,4,1
71.8,9502.7,-9536.1,490.2,517.7,497.4,NO,0,0,0
4.0,2855.0,-9620.7,2143.9,1946.3,474.8,LL,2,2,0
-4.5,958.6,-9456.4,2929.9,2604.6,491.2,LLG,3,3,0
-2.0,474.8,-476.5,4081.1,4181.7,3936.4,LLL,4,4,1
2.7,476.6,-481.0,4251.6,3828.8,3870.1,LLL,4,4,1
4.2,476.7,-477.2,4126.1,4392.6,4281.9,LLL,4,4,1
-2.7,9503.2,-9507.6,2726.1,479.6,515.7,LG,1,1,0
-9.7,954.5,-9469.4,3053.7,2589.1,467.8,LLG,3,3,0
11.1,2873.8,-9482.4,1967.2,2018.0,504.2,LL,2,2,0
1.9,9470.7,-9456.2,472.7,507.2,517.1,NO,0,0,0
-0.4,95.3,-95.2,4817.3,4566.0,5184.4,LLLG,5,5,1
1.9,475.8,-477.6,3899.2,3806.8,4043.6,LLL,4,4,1
-2.4,477.6,-479.8,3877.5,3885.9,4077.7,LLL,4,4,1
-3.2,482.2,-476.9,4121.0,4172.7,4062.1,LLL,4,4,1
45.8,9467.4,-9542.8,535.8,491.4,505.2,NO,0,0,0
12.7,9526.9,-9496.6,514.5,522.9,507.5,NO,0,0,0
6.3,477.3,-475.2,4012.9,3924.4,3832.8,LLL,4,4,1
1.0,2841.5,-9569.4,1957.4,2011.4,496.9,LL,2,2,0
-62.5,9479.5,-9437.0,508.8,491.0,506.9,NO,0,0,0
-2.9,956.5,-9449.5,2826.9,2397.0,529.3,LLG,3,3,0
8.1,9460.5,-9537.5,516.5,496.8,528.8,NO,0,0,0
97.0,9488.9,-9515.2,515.9,540.9,477.7,NO,0,0,0
-22.9,9585.1,-9422.0,483.9,499.1,501.5,NO,0,0,0
0.5,9550.5,-9584.7,2534.1,534.8,491.3,LG,1,1,0
-37.6,2838.5,-9507.8,2099.4,2015.3,514.5,LL,2,2,0
-3.5,9492.3,-9567.4,515.5,503.4,513.4,NO,0,0,0
-14.5,2849.9,-9469.0,1880.1,2010.3,498.5,LL,2,2,0
60.8,9537.1,-9559.4,508.8,494.7,507.1,NO,0,0,0
-1.1,2875.3,-9577.0,1887.8,1934.2,495.1,LL,2,2,0
94.2,9465.4,-9628.0,468.4,534.3,495.3,NO,0,0,0
12.0,9543.4,-9554.8,442.4,497.3,509.6,NO,0,0,0
8.4,9485.2,-9453.5,514.0,502.5,481.4,NO,0,0,0
-6.2,9626.2,-9416.3,532.5,484.2,491.1,NO,0,0,0
3.1,946.4,-9515.7,2983.9,2517.1,513.5,LLG,3,3,0
3.4,953.1,-9510.2,3005.4,2605.5,518.9,LLG,3,3,0
-0.9,483.1,-476.1,3835.9,4245.7,3922.3,LLL,4,4,1
2.7,475.8,-472.5,4259.7,3665.7,4127.6,LLL,4,4,1
-5.7,955.5,-9569.1,3073.8,2535.7,520.4,LLG,3,3,0
-0.1,476.6,-478.3,3916.8,4095.9,4184.6,LLL,4,4,1
-1.3,477.1,-477.7,3957.6,3752.8,4027.6,LLL,4,4,1
0.5,95.5,-95.2,4934.9,5026.6,4728.4,LLLG,5,5,1
-0.3,957.3,-9542.9,3021.0,2525.9,498.6,LLG,3,3,0
-1.2,9571.1,-9529.7,2419.6,496.2,518.7,LG,1,1,0
5.8,9467.7,-9541.1,2718.2,514.7,499.5,LG,1,1,0
-8.7,9581.0,-9613.2,466.0,515.4,521.6,NO,0,0,0
-11.0,2864.7,-9528.2,2022.8,1948.1,473.8,LL,2,2,0
-72.0,9539.8,-9617.9,512.2,513.1,490.7,NO,0,0,0
55.2,9542.4,-9592.4,486.0,498.0,518.8,NO,0,0,0
74.5,9496.7,-9521.1,524.4,512.2,479.3,NO,0,0,0
-63.9,9559.3,-9565.1,495.2,486.2,464.1,NO,0,0,0
-1.2,470.8,-468.2,4075.9,3898.5,3923.2,LLL,4,4,1
5.8,949.0,-9577.8,3085.3,2486.7,522.4,LLG,3,3,0
-1.9,957.3,-9434.2,2821.4,2462.6,488.5,LLG,3,3,0
-6.7,2863.2,-9466.6,2120.5,2021.9,502.3,LL,2,2,0
13.0,2871.4,-9377.8,1908.8,1980.3,489.3,LL,2,2,0
0.1,95.4,-94.1,4859.9,4999.7,5283.0,LLLG,5,5,1
0.0,958.6,-9585.6,2941.1,2356.3,501.4,LLG,3,3,0
-106.1,9495.7,-9605.5,482.3,489.5,507.6,NO,0,0,0
1.0,477.3,-477.5,4163.1,3874.7,3919.4,LLL,4,4,1
2.8,474.1,-474.7,4248.7,3966.9,3980.5,LLL,4,4,1
1.4,479.3,-472.0,4068.9,3997.7,4102.6,LLL,4,4,1
0.2,473.1,-479.2,4058.6,3701.4,4119.0,LLL,4,4,1
9.6,2828.3,-9484.2,1832.4,2066.2,483.0,LL,2,2,0
15.8,2865.7,-9528.2,1982.3,2118.6,484.6,LL,2,2,0
4.4,951.4,-9555.9,2991.6,2529.5,509.6,LLG,3,3,0
0.8,471.8,-477.9,4062.4,3957.0,4062.2,LLL,4,4,1
-3.4,943.8,-9546.0,2950.3,2526.0,507.7,LLG,3,3,0
1.3,475.1,-474.5,4214.8,3942.0,3941.1,LLL,4,4,1
83.9,9529.5,-9474.7,458.1,483.4,504.8,NO,0,0,0
-31.6,9447.4,-9576.4,480.1,521.6,477.7,NO,0,0,0
3.3,2847.6,-9485.0,2107.7,1932.2,524.2,LL,2,2,0
-23.5,9449.8,-9474.5,504.6,510.3,499.2,NO,0,0,0
-6.4,476.6,-477.4,4269.7,4296.2,4015.8,LLL,4,4,1
-125.0,9537.9,-9446.9,493.1,504.8,495.4,NO,0,0,0
-69.1,9421.6,-9522.3,506.9,520.1,482.8,NO,0,0,0
0.6,9468.3,-9611.6,2457.0,491.9,498.9,LG,1,1,0
-0.1,477.4,-475.6,4044.7,3947.1,4116.8,LLL,4,4,1
40.0,2840.4,-9601.7,1968.5,2053.7,525.7,LL,2,2,0
-5.2,957.6,-9537.3,3079.8,2590.6,483.8,LLG,3,3,0
17.3,2874.5,-9597.1,1942.4,1991.1,500.2,LL,2,2,0
7.0,2864.1,-9483.7,1897.3,2118.8,509.2,LL,2,2,0
-8.0,9528.8,-9529.0,2534.7,512.2,521.3,LG,1,1,0
0.3,960.3,-9442.6,3088.6,2491.4,498.3,LLG,3,3,0
-0.1,476.5,-478.2,3986.4,4013.7,3965.2,LLL,4,4,1
-4.0,960.5,-9528.2,2923.4,2476.5,492.5,LLG,3,3,0
25.8,9563.7,-9449.4,497.4,535.6,519.8,NO,0,0,0
-3.8,9535.6,-9549.7,2547.4,481.0,523.9,LG,1,1,0
-2.1,9569.3,-9584.5,2583.7,501.8,477.2,LG,1,1,0
-16.8,2815.7,-9542.5,1991.8,1908.2,487.0,LL,2,2,0
-0.7,480.6,-475.5,3976.3,4021.4,4049.9,LLL,4,4,1
55.1,9514.5,-9542.4,525.7,488.9,522.3,NO,0,0,0
86.5,9485.1,-9419.0,495.9,511.8,518.2,NO,0,0,0
71.5,9605.4,-9533.7,487.3,538.9,476.8,NO,0,0,0
-4.4,951.9,-9534.1,2846.1,2460.9,518.4,LLG,3,3,0
36.3,9617.7,-9589.8,481.0,491.2,491.8,NO,0,0,0
-0.2,95.9,-94.8,4841.5,4829.0,5114.9,LLLG,5,5,1
-15.1,9594.0,-9603.6,517.2,518.1,535.3,NO,0,0,0
3.5,9586.6,-9498.0,2519.1,461.6,460.0,LG,1,1,0
-71.3,9552.3,-9547.4,486.2,485.9,494.1,NO,0,0,0
-2.1,475.2,-477.0,3888.7,3830.1,4049.0,LLL,4,4,1
-2.3,477.1,-476.6,4096.2,3869.3,4280.5,LLL,4,4,1
1.3,2888.9,-9414.1,1947.9,1957.8,505.3,LL,2,2,0
-1.8,9657.1,-9449.3,2481.3,520.2,521.2,LG,1,1,0
-2.8,474.6,-475.0,3816.3,4225.3,3914.7,LLL,4,4,1
19.7,9460.0,-9479.2,479.2,484.4,526.6,NO,0,0,0
2.3,9517.6,-9596.8,2449.1,523.2,509.2,LG,1,1,0
-8.6,9543.5,-9561.7,2426.8,502.2,535.6,LG,1,1,0
8.7,9479.5,-9502.9,483.6,473.7,504.4,NO,0,0,0
-1.5,9452.1,-9576.5,2425.3,498.2,516.0,LG,1,1,0
3.1,477.3,-473.6,3765.4,4032.2,3808.6,LLL,4,4,1
9.8,9501.3,-9564.3,511.3,486.4,466.0,NO,0,0,0
-0.7,95.7,-95.6,4698.6,4693.8,5252.0,LLLG,5,5,1
-1.4,477.2,-476.4,3822.0,3881.6,4309.6,LLL,4,4,1
-4.3,476.9,-481.0,4150.5,4426.9,4133.8,LLL,4,4,1
40.5,9523.6,-9506.2,461.0,492.5,474.5,NO,0,0,0
0.3,94.9,-95.1,5275.4,4920.9,5387.3,LLLG,5,5,1
1.9,953.4,-9516.1,3225.4,2522.9,488.0,LLG,3,3,0
-0.8,474.2,-477.4,3737.8,3942.9,3968.3,LLL,4,4,1
-35.0,9507.0,-9543.4,481.3,526.1,491.8,NO,0,0,0
7.9,9591.5,-9503.1,495.0,479.1,505.2,NO,0,0,0
-7.4,957.4,-9498.3,2945.6,2570.2,492.6,LLG,3,3,0
4.6,9545.7,-9547.7,484.3,525.4,481.9,NO,0,0,0
-52.8,9560.3,-9608.1,496.9,515.6,508.2,NO,0,0,0
37.2,9582.9,-9541.8,477.6,522.8,504.1,NO,0,0,0
0.5,478.7,-475.3,3725.8,4040.0,3892.8,LLL,4,4,1
-45.7,9503.6,-9524.2,512.4,462.5,517.2,NO,0,0,0
-4.6,958.1,-9540.3,2747.1,2646.5,535.4,LLG,3,3,0
1.3,960.1,-9548.4,2773.6,2484.9,456.9,LLG,3,3,0
2.5,9521.9,-9533.8,2583.2,482.0,524.3,LG,1,1,0
-3.0,952.7,-9517.2,2888.4,2597.8,493.2,LLG,3,3,0
112.4,9526.8,-9496.8,521.7,528.0,531.1,NO,0,0,0
0.6,474.4,-481.7,4067.9,3857.3,4078.9,LLL,4,4,1
8.2,2886.7,-9537.5,2019.3,2034.6,511.4,LL,2,2,0
17.1,2849.8,-9459.4,2066.2,2092.3,527.0,LL,2,2,0
30.4,9534.1,-9583.9,521.2,481.7,503.7,NO,0,0,0
1.8,951.4,-9485.6,2874.3,2231.5,518.1,LLG,3,3,0
-3.9,480.4,-473.8,3926.8,4160.0,4019.7,LLL,4,4,1
0.3,95.4,-95.1,5171.2,5058.6,4923.5,LLLG,5,5,1
-18.4,2827.5,-9600.9,2006.4,1976.3,498.0,LL,2,2,0
0.5,95.1,-94.9,5159.8,4663.5,4802.3,LLLG,5,5,1
17.1,9524.1,-9633.2,507.3,495.8,508.1,NO,0,0,0
3.8,473.5,-476.0,4107.3,4209.6,3884.0,LLL,4,4,1
-26.2,9489.1,-9483.4,499.0,492.7,514.3,NO,0,0,0
-11.4,949.2,-9566.4,3112.4,2519.9,505.1,LLG,3,3,0
4.2,958.3,-9506.5,3039.4,2547.9,563.3,LLG,3,3,0
62.1,9533.4,-9556.7,476.1,485.2,511.6,NO,0,0,0
-19.3,9636.7,-9532.1,499.8,498.6,474.8,NO,0,0,0
18.2,2850.5,-9536.4,1967.8,1975.2,487.9,LL,2,2,0
-21.7,2842.2,-9554.3,1949.2,1959.0,497.5,LL,2,2,0
-0.9,473.7,-476.5,3978.5,3902.4,3801.6,LLL,4,4,1
-5.8,9501.5,-9554.3,2669.6,471.3,526.5,LG,1,1,0
1.0,475.1,-476.9,4078.0,4211.5,4305.2,LLL,4,4,1
-19.7,9578.9,-9520.2,536.4,488.6,480.1,NO,0,0,0
0.5,476.9,-472.7,4036.8,4037.5,3887.1,LLL,4,4,1
7.5,9513.1,-9523.8,511.5,467.4,473.5,NO,0,0,0
8.0,9569.1,-9551.4,462.5,480.9,496.6,NO,0,0,0
-43.5,9507.1,-9520.6,511.1,536.2,514.3,NO,0,0,0
-1.7,2835.7,-9537.3,1956.5,1888.2,504.9,LL,2,2,0
-31.3,9531.6,-9470.3,455.1,528.8,528.6,NO,0,0,0
-1.3,477.8,-478.1,4026.8,4058.0,3822.6,LLL,4,4,1
2.8,9502.4,-9606.3,2652.8,511.3,473.9,LG,1,1,0
0.4,95.2,-96.1,4776.0,4574.2,5161.1,LLLG,5,5,1
-24.9,9581.2,-9468.2,502.0,494.6,483.1,NO,0,0,0
-6.0,9412.5,-9643.2,490.8,497.8,460.5,NO,0,0,0
70.5,9543.2,-9586.2,496.7,476.5,504.0,NO,0,0,0
-1.2,477.0,-477.8,4087.2,4174.6,3940.1,LLL,4,4,1
-2.5,9557.6,-9578.6,2508.7,531.3,502.6,LG,1,1,0
-0.8,954.4,-9531.4,2883.3,2467.6,474.5,LLG,3,3,0
1.3,9516.9,-9428.1,488.0,504.5,497.6,NO,0,0,0
21.6,9562.0,-9577.1,498.5,503.1,501.7,NO,0,0,0
27.8,9594.5,-9501.8,509.3,516.1,482.2,NO,0,0,0
-15.5,2843.2,-9510.2,2007.3,1902.0,514.3,LL,2,2,0
21.9,2868.0,-9465.1,1924.0,2097.6,531.6,LL,2,2,0
-1.9,472.5,-471.4,4296.3,3928.2,3965.1,LLL,4,4,1
6.4,9473.7,-9492.0,2437.3,493.4,503.3,LG,1,1,0
-25.8,2862.1,-9500.3,1883.5,2040.2,492.5,LL,2,2,0
31.4,9474.0,-9566.1,481.5,518.2,446.1,NO,0,0,0
-15.7,2855.2,-9486.6,2080.8,1985.6,538.0,LL,2,2,0
3.6,9585.6,-9479.1,2516.0,475.4,493.9,LG,1,1,0
-19.0,2882.3,-9476.1,1931.1,2022.3,527.0,LL,2,2,0
157.9,9560.1,-9531.5,496.8,537.3,502.6,NO,0,0,0
2.2,482.8,-478.5,3854.5,4058.1,4050.3,LLL,4,4,1
-0.3,473.4,-473.6,3628.1,3799.4,3950.2,LLL,4,4,1
0.3,474.0,-477.0,4016.9,3823.0,4113.6,LLL,4,4,1
112.0,9503.3,-9605.9,521.0,514.0,476.1,NO,0,0,0
-0.3,95.5,-94.8,4587.1,4864.7,5532.3,LLLG,5,5,1
0.6,96.1,-95.4,4728.8,4899.3,5132.4,LLLG,5,5,1
1.8,9497.5,-9465.0,2722.7,456.6,502.6,LG,1,1,0
80.0,9509.5,-9565.5,498.4,512.8,497.2,NO,0,0,0
37.5,9508.5,-9595.6,513.5,489.2,495.9,NO,0,0,0
46.4,9585.5,-9605.7,491.1,478.8,521.1,NO,0,0,0
-0.1,9519.8,-9484.4,2590.2,506.4,517.0,LG,1,1,0
-2.6,479.1,-478.3,3920.9,3888.4,3913.4,LLL,4,4,1
99.9,9507.4,-9527.2,524.3,526.5,473.5,NO,0,0,0
0.4,95.6,-95.5,5032.6,4689.2,4813.8,LLLG,5,5,1
-72.7,9455.0,-9561.7,493.7,520.0,473.4,NO,0,0,0
-20.4,9496.1,-9514.5,489.4,503.5,533.4,NO,0,0,0
5.6,942.8,-9448.2,2849.6,2598.5,497.4,LLG,3,3,0
2.9,9456.7,-9415.2,2575.8,494.8,450.8,LG,1,1,0
-7.4,9433.8,-9511.4,2591.2,512.3,510.9,LG,1,1,0
-2.5,478.9,-477.1,4077.1,3826.0,4006.8,LLL,4,4,1
-23.3,9489.9,-9589.0,510.7,484.2,492.8,NO,0,0,0
-2.4,949.2,-9483.5,3133.9,2373.1,524.4,LLG,3,3,0
22.3,2876.2,-9604.7,2105.2,2025.4,519.8,LL,2,2,0
46.5,9466.8,-9439.9,498.8,514.0,500.1,NO,0,0,0
-1.9,476.1,-476.6,3870.1,3953.6,3797.6,LLL,4,4,1
-0.3,95.0,-95.0,5169.2,4569.8,5539.0,LLLG,5,5,1
-2.6,476.5,-474.3,3928.2,4057.8,3964.5,LLL,4,4,1
-0.5,95.5,-94.9,5045.7,4730.6,4943.3,LLLG,5,5,1
-1.2,474.6,-474.2,4072.1,4219.3,3787.8,LLL,4,4,1
-0.2,95.7,-96.1,4964.8,5099.1,4743.9,LLLG,5,5,1
-4.0,951.8,-9560.2,3121.0,2594.9,522.0,LLG,3,3,0
0.7,94.8,-95.7,5192.5,5093.0,5253.8,LLLG,5,5,1
0.3,473.8,-475.5,4238.0,3686.6,3978.6,LLL,4,4,1
11.4,2850.2,-9582.1,2013.1,2121.7,548.7,LL,2,2,0
0.2,954.1,-9478.9,2770.6,2657.1,478.9,LLG,3,3,0
0.3,95.4,-94.7,5260.0,5068.6,4860.2,LLLG,5,5,1
9.4,9395.1,-9446.5,2552.0,459.9,531.7,LG,1,1,0
-0.3,472.5,-477.1,4023.7,3587.2,4106.6,LLL,4,4,1
15.0,2870.3,-9570.9,2072.7,2089.3,501.0,LL,2,2,0
2.2,9528.2,-9573.1,499.5,521.9,517.7,NO,0,0,0
-0.3,95.4,-95.6,5358.2,4839.2,4907.5,LLLG,5,5,1
20.1,2854.8,-9554.2,2061.8,1971.8,504.1,LL,2,2,0
-0.3,480.0,-476.0,4198.8,3835.5,4142.0,LLL,4,4,1
0.2,95.4,-95.0,5041.7,5094.0,5036.9,LLLG,5,5,1
14.8,9503.7,-9525.9,475.0,470.7,504.2,NO,0,0,0
-34.8,9519.0,-9449.7,524.5,509.6,509.1,NO,0,0,0
0.8,9534.7,-9570.5,524.3,504.6,470.8,NO,0,0,0
-28.6,9464.1,-9630.4,476.3,545.8,539.8,NO,0,0,0
1.0,949.9,-9569.2,3108.8,2613.3,508.5,LLG,3,3,0
4.9,477.2,-476.9,3996.9,3979.9,3733.5,LLL,4,4,1
-1.5,953.9,-9614.4,3025.0,2653.1,501.0,LLG,3,3,0
18.3,2863.8,-9656.6,1860.5,2014.8,503.3,LL,2,2,0
6.2,2856.9,-9459.8,1905.9,1992.5,502.2,LL,2,2,0
40.5,9531.7,-9519.8,489.2,544.3,496.6,NO,0,0,0
97.2,9466.4,-9484.2,473.9,504.2,533.6,NO,0,0,0
3.2,476.9,-479.9,3920.1,3964.6,3911.3,LLL,4,4,1
-2.5,942.9,-9506.8,3095.4,2327.4,505.9,LLG,3,3,0
-10.8,956.3,-9530.4,3083.2,2605.5,498.6,LLG,3,3,0
22.3,9511.7,-9585.7,502.7,473.2,498.8,NO,0,0,0
31.2,9541.6,-9504.4,507.7,490.3,485.3,NO,0,0,0
0.3,94.3,-95.7,4458.9,5244.3,5179.1,LLLG,5,5,1
-5.1,960.2,-9579.1,2931.4,2380.4,513.3,LLG,3,3,0
-0.1,960.9,-9484.5,3017.6,2504.3,510.5,LLG,3,3,0
-120.6,9556.1,-9511.5,530.5,480.2,531.8,NO,0,0,0
23.3,9490.3,-9454.2,499.4,495.0,547.6,NO,0,0,0
0.5,479.4,-475.9,4288.2,4121.4,4004.6,LLL,4,4,1
5.4,478.8,-475.6,3740.6,3921.0,4090.9,LLL,4,4,1
-46.0,9514.1,-9499.3,529.2,502.5,511.9,NO,0,0,0
2.7,949.6,-9406.6,2984.4,2328.7,488.6,LLG,3,3,0
-31.7,9559.0,-9471.8,505.7,482.5,539.5,NO,0,0,0
-0.2,475.3,-479.3,4069.1,3912.5,3891.5,LLL,4,4,1
-2.2,950.5,-9473.7,3009.8,2362.5,519.5,LLG,3,3,0
2.1,9570.3,-9604.5,480.3,480.8,504.0,NO,0,0,0
10.3,2844.5,-9492.1,1944.0,2049.3,498.9,LL,2,2,0
14.2,9516.7,-9607.4,494.5,482.3,474.4,NO,0,0,0
8.9,9459.0,-9536.8,542.2,493.1,550.7,NO,0,0,0
30.2,9532.0,-9585.3,472.3,466.1,546.1,NO,0,0,0
-0.6,95.1,-94.5,4875.5,5374.3,4956.2,LLLG,5,5,1
17.2,9493.7,-9554.8,497.2,491.4,492.9,NO,0,0,0
3.0,478.3,-480.6,3753.0,3930.5,4074.8,LLL,4,4,1
-9.0,2843.8,-9484.9,1860.1,2059.0,503.4,LL,2,2,0
34.4,2866.3,-9433.8,1964.6,1905.4,496.8,LL,2,2,0
0.2,95.1,-95.3,4821.8,5558.9,5034.9,LLLG,5,5,1
5.7,959.5,-9581.5,2906.8,2616.4,463.8,LLG,3,3,0
-26.9,2853.2,-9485.0,1943.0,1897.6,515.1,LL,2,2,0
-0.1,9506.0,-9627.6,2461.2,495.6,492.0,LG,1,1,0
-1.1,960.3,-9490.6,3081.2,2597.7,505.6,LLG,3,3,0
1.8,948.6,-9557.3,3070.7,2279.9,463.8,LLG,3,3,0
-42.3,9537.5,-9609.8,480.2,546.9,479.1,NO,0,0,0
-0.6,946.8,-9518.7,2996.3,2292.1,527.2,LLG,3,3,0
-28.6,9547.0,-9508.7,517.9,508.5,513.9,NO,0,0,0
-2.4,954.3,-9460.9,2912.3,2571.2,495.3,LLG,3,3,0
-2.4,951.5,-9498.1,2889.6,2559.0,511.4,LLG,3,3,0
0.8,473.0,-476.1,4044.3,4004.5,3794.1,LLL,4,4,1
43.0,9598.6,-9557.0,487.9,479.1,473.8,NO,0,0,0
-1.4,953.4,-9610.2,3134.6,2240.2,507.4,LLG,3,3,0
58.7,9450.8,-9486.2,491.4,513.8,498.1,NO,0,0,0
6.3,954.9,-9546.2,2958.6,2621.8,500.4,LLG,3,3,0
-0.8,474.3,-477.4,3995.4,3981.8,4135.0,LLL,4,4,1
-112.9,9537.3,-9531.8,492.3,524.2,498.5,NO,0,0,0
-3.2,477.8,-474.9,4040.4,4073.2,4187.8,LLL,4,4,1
-0.7,477.1,-475.5,3656.0,3621.6,3822.1,LLL,4,4,1
-2.5,475.1,-478.5,4263.0,3987.3,4164.1,LLL,4,4,1
3.4,9583.1,-9462.3,2431.3,480.7,513.8,LG,1,1,0
2.3,949.1,-9494.8,3064.7,2507.6,492.3,LLG,3,3,0
6.7,480.8,-475.8,3981.0,4091.4,4173.4,LLL,4,4,1
-2.2,956.6,-9399.6,2938.8,2420.0,462.6,LLG,3,3,0
5.6,480.9,-475.5,4078.8,3910.1,4292.9,LLL,4,4,1
-45.8,9506.7,-9604.7,480.5,514.8,512.1,NO,0,0,0
-6.2,945.1,-9548.9,2944.9,2462.9,491.1,LLG,3,3,0
-0.7,948.6,-9582.6,3104.5,2458.8,470.6,LLG,3,3,0
0.6,94.9,-95.4,5014.2,4798.4,5085.4,LLLG,5,5,1
8.0,9401.7,-9499.8,2578.4,508.7,486.3,LG,1,1,0
-19.6,2843.9,-9471.3,1986.4,1952.7,445.8,LL,2,2,0
30.8,9536.1,-9653.1,510.5,483.1,496.2,NO,0,0,0
0.2,95.3,-95.5,5454.1,5026.6,5054.6,LLLG,5,5,1
-5.8,2880.0,-9629.3,2011.2,1964.7,501.9,LL,2,2,0
-0.0,95.0,-95.2,5216.4,5062.0,4783.0,LLLG,5,5,1
4.2,479.0,-478.9,3865.3,3936.2,4018.5,LLL,4,4,1
0.6,9501.1,-9513.3,2443.4,454.5,496.4,LG,1,1,0
-3.4,478.2,-474.7,3852.9,3995.0,4064.2,LLL,4,4,1
-2.9,946.5,-9478.4,3004.2,2567.0,520.6,LLG,3,3,0
0.5,9458.6,-9540.3,2628.0,478.8,490.4,LG,1,1,0
-162.2,9500.7,-9587.8,518.3,523.6,510.2,NO,0,0,0
77.4,9543.5,-9451.0,472.3,507.3,492.3,NO,0,0,0
1.0,473.1,-472.4,4117.1,3968.7,3758.1,LLL,4,4,1
-4.3,9616.7,-9512.6,2399.2,502.1,525.8,LG,1,1,0
0.1,94.9,-95.3,5014.8,4992.4,4890.6,LLLG,5,5,1
-21.9,9574.3,-9510.8,479.8,530.3,471.6,NO,0,0,0
-53.0,9530.3,-9509.0,461.6,504.5,494.4,NO,0,0,0
10.0,952.9,-9496.6,3114.1,2668.1,487.4,LLG,3,3,0
0.5,95.9,-94.7,4919.6,5005.9,4839.6,LLLG,5,5,1
-0.6,479.6,-477.4,4040.2,3681.7,3637.9,LLL,4,4,1
57.2,9600.5,-9545.9,473.5,491.7,521.8,NO,0,0,0
0.0,95.4,-95.3,4834.1,4765.7,4927.6,LLLG,5,5,1
102.9,9603.0,-9479.7,508.9,467.5,511.2,NO,0,0,0
-22.6,9430.1,-9444.2,474.3,524.3,515.1,NO,0,0,0
-0.3,9538.9,-9523.0,474.6,486.8,509.3,NO,0,0,0
0.7,952.4,-9518.3,2875.7,2476.0,494.4,LLG,3,3,0
-6.3,960.7,-9553.5,2937.7,2508.0,508.5,LLG,3,3,0
17.2,9479.2,-9535.3,511.9,533.8,522.4,NO,0,0,0
0.4,9491.1,-9489.7,2498.5,503.2,517.6,LG,1,1,0
3.6,950.4,-9533.9,2950.9,2553.5,477.5,LLG,3,3,0
0.8,955.8,-9557.5,2756.6,2576.9,483.8,LLG,3,3,0
-35.4,9569.6,-9542.8,530.4,506.0,486.3,NO,0,0,0
-3.0,479.8,-479.8,3885.4,4106.4,3981.0,LLL,4,4,1
1.4,480.3,-476.3,4012.2,3967.7,3838.2,LLL,4,4,1
2.8,475.0,-472.0,3841.6,4083.0,4192.2,LLL,4,4,1
1.0,955.0,-9572.0,2997.3,2601.7,507.6,LLG,3,3,0
44.0,9613.5,-9581.3,502.7,490.7,519.7,NO,0,0,0
-122.2,9567.2,-9605.6,521.8,493.5,471.6,NO,0,0,0
-0.5,963.4,-9634.4,3108.6,2633.4,519.5,LLG,3,3,0
1.0,477.1,-473.0,3861.9,4226.0,4210.2,LLL,4,4,1
0.7,477.4,-473.8,3902.2,4056.4,3993.5,LLL,4,4,1
8.7,2851.9,-9518.5,1918.7,2097.1,508.4,LL,2,2,0
-0.6,471.6,-477.7,4174.2,3796.7,3694.3,LLL,4,4,1
-9.6,9512.4,-9415.7,489.8,505.0,526.4,NO,0,0,0
-1.8,475.0,-477.0,3878.5,4234.4,3938.7,LLL,4,4,1
1.1,2888.0,-9562.6,1995.4,1956.4,493.0,LL,2,2,0
-0.3,95.7,-94.3,4854.6,5427.6,5030.0,LLLG,5,5,1
0.8,474.8,-479.1,3689.6,3809.4,4057.2,LLL,4,4,1
-30.2,2880.2,-9652.3,2015.8,1976.0,473.5,LL,2,2,0
0.4,95.6,-95.1,5297.1,4967.7,4870.8,LLLG,5,5,1
-1.8,474.8,-471.6,3862.8,4176.7,4124.9,LLL,4,4,1
-5.7,2825.6,-9507.9,1932.6,1918.5,490.3,LL,2,2,0
34.0,9613.4,-9517.4,517.9,509.2,482.3,NO,0,0,0
0.2,95.2,-95.3,5053.3,4895.4,4930.6,LLLG,5,5,1
-68.8,9451.2,-9472.9,495.8,481.0,474.4,NO,0,0,0
-40.7,9476.9,-9484.2,488.2,506.0,493.8,NO,0,0,0
-94.4,9424.6,-9535.8,505.7,498.1,500.2,NO,0,0,0
0.5,2849.8,-9503.4,2002.9,1877.7,493.7,LL,2,2,0
4.7,2837.8,-9585.1,2121.8,1938.8,449.6,LL,2,2,0
-1.0,476.6,-473.4,3726.8,3984.7,4031.3,LLL,4,4,1
2.5,476.7,-473.4,3757.6,3935.5,3948.9,LLL,4,4,1
29.5,9643.1,-9510.6,487.2,495.4,453.7,NO,0,0,0
40.5,9558.7,-9478.7,510.3,515.1,485.0,NO,0,0,0
0.2,476.8,-474.6,4098.9,4075.3,4159.1,LLL,4,4,1
0.7,959.6,-9531.5,2767.9,2421.0,473.7,LLG,3,3,0
3.5,2822.1,-9571.8,2042.0,2090.1,498.8,LL,2,2,0
71.2,9547.2,-9623.1,482.5,488.9,509.3,NO,0,0,0
-10.5,2866.9,-9581.8,1974.1,2042.5,511.9,LL,2,2,0
0.5,477.8,-475.1,4273.2,4044.8,4046.2,LLL,4,4,1
-7.8,949.9,-9528.4,2966.6,2565.6,517.0,LLG,3,3,0
1.9,478.1,-474.9,4119.6,3995.4,3870.5,LLL,4,4,1
22.6,2868.6,-9434.2,2041.3,2022.0,525.9,LL,2,2,0
-1.9,476.1,-477.7,4088.2,4058.9,3991.2,LLL,4,4,1
-61.0,9642.7,-9496.1,483.3,486.5,499.3,NO,0,0,0
-1.3,475.8,-478.5,3904.9,4024.6,3919.7,LLL,4,4,1
-70.9,9485.8,-9473.1,490.2,472.0,469.5,NO,0,0,0
-12.2,9441.9,-9597.7,2430.9,470.7,508.9,LG,1,1,0
65.3,9533.9,-9554.0,499.4,471.3,485.5,NO,0,0,0
-2.5,947.0,-9529.9,2953.4,2386.8,502.0,LLG,3,3,0
2.9,9533.0,-9512.2,2637.1,464.3,498.0,LG,1,1,0
8.0,9556.2,-9451.9,482.3,488.7,476.1,NO,0,0,0
0.3,94.8,-95.7,5121.2,4905.8,4864.7,LLLG,5,5,1
-83.2,9549.1,-9563.5,509.9,503.2,482.3,NO,0,0,0
-4.6,9476.3,-9553.7,521.3,475.5,511.5,NO,0,0,0
8.5,2852.5,-9553.4,2047.6,1953.7,499.4,LL,2,2,0
0.2,478.0,-477.0,4064.3,3981.5,3986.5,LLL,4,4,1
-1.9,476.3,-475.3,4151.9,3661.1,3900.2,LLL,4,4,1
-0.2,9483.2,-9559.8,495.3,468.9,508.8,NO,0,0,0
2.9,476.2,-476.5,4102.5,4015.5,4107.8,LLL,4,4,1
-27.7,9613.5,-9561.4,463.4,483.4,498.9,NO,0,0,0
-8.5,954.3,-9532.7,2957.2,2556.3,514.7,LLG,3,3,0
-88.8,9537.7,-9522.7,479.4,475.1,446.6,NO,0,0,0
-1.8,943.5,-9602.2,3071.6,2481.3,488.4,LLG,3,3,0
-3.2,9485.1,-9635.7,2668.8,528.0,499.1,LG,1,1,0
1.2,476.4,-473.5,4005.8,3894.8,3983.6,LLL,4,4,1
-31.9,2846.4,-9602.5,1882.8,2032.4,531.2,LL,2,2,0
-35.9,9582.5,-9573.6,505.0,500.9,480.6,NO,0,0,0
-0.0,94.9,-95.1,5451.3,4956.9,4742.5,LLLG,5,5,1
6.2,952.1,-9544.5,2934.3,2679.8,529.7,LLG,3,3,0
-2.3,472.6,-476.6,4074.4,4007.9,4091.2,LLL,4,4,1
-5.5,2874.5,-9452.3,2016.9,2122.3,487.5,LL,2,2,0
-59.1,9543.6,-9508.3,497.5,556.6,531.0,NO,0,0,0
-101.6,9509.3,-9510.1,478.2,513.2,499.9,NO,0,0,0
51.0,9521.9,-9534.6,503.8,489.7,486.5,NO,0,0,0
0.7,94.7,-94.7,5310.4,5406.2,4876.4,LLLG,5,5,1
-2.4,953.4,-9472.4,2883.7,2359.2,507.4,LLG,3,3,0
-0.3,478.7,-476.2,4293.5,3873.5,4019.5,LLL,4,4,1
27.4,9563.0,-9475.3,501.1,502.7,483.8,NO,0,0,0
-16.6,9552.4,-9478.5,500.8,538.8,495.8,NO,0,0,0
0.0,951.8,-9470.6,3153.8,2420.3,544.9,LLG,3,3,0
-21.2,9511.8,-9554.9,493.2,511.9,517.2,NO,0,0,0
14.9,2856.1,-9526.0,1810.1,2126.8,515.2,LL,2,2,0
-14.0,2846.1,-9503.0,2055.9,2056.5,475.4,LL,2,2,0
45.9,9614.2,-9585.1,518.4,553.4,481.8,NO,0,0,0
-50.6,9410.6,-9471.6,528.1,508.3,481.1,NO,0,0,0
5.9,2839.0,-9469.4,1894.5,2120.7,492.1,LL,2,2,0
-0.3,9476.1,-9630.1,2484.1,503.3,486.3,LG,1,1,0
1.8,9658.6,-9583.6,2607.6,535.3,501.6,LG,1,1,0
-12.7,9518.7,-9558.1,507.3,494.0,497.6,NO,0,0,0
-2.6,479.2,-476.0,4096.4,4342.7,4437.8,LLL,4,4,1
0.7,472.7,-474.8,3752.6,4180.0,3999.0,LLL,4,4,1
-44.1,9549.8,-9555.5,496.9,533.1,501.9,NO,0,0,0
-44.7,9467.3,-9535.6,476.7,500.8,471.7,NO,0,0,0
0.4,95.1,-94.8,5351.4,5159.5,5476.1,LLLG,5,5,1
3.5,476.9,-479.2,4037.1,4123.0,4211.3,LLL,4,4,1
-16.5,9500.8,-9519.7,522.8,533.0,499.0,NO,0,0,0
-33.8,9358.3,-9465.2,526.9,493.1,517.9,NO,0,0,0
38.7,9447.6,-9507.3,526.3,515.3,478.5,NO,0,0,0
-55.7,9514.8,-9496.6,495.9,477.0,484.0,NO,0,0,0
2.7,2846.5,-9374.5,2095.4,2052.0,518.9,LL,2,2,0
7.0,2859.9,-9453.2,2078.3,2064.4,481.6,LL,2,2,0
-3.5,9479.8,-9484.5,2482.0,473.2,538.4,LG,1,1,0
-1.0,9450.3,-9523.2,2482.2,515.5,510.6,LG,1,1,0
1.8,948.6,-9618.2,2924.3,2668.7,508.4,LLG,3,3,0
-58.5,9608.7,-9582.5,487.1,495.7,495.4,NO,0,0,0
-4.3,949.6,-9502.7,2976.5,2474.0,511.5,LLG,3,3,0
4.3,9442.2,-9592.5,2552.5,487.5,512.3,LG,1,1,0
-2.9,9552.1,-9525.8,2511.2,514.9,501.2,LG,1,1,0
15.7,9510.4,-9589.4,496.8,492.5,483.7,NO,0,0,0
-26.8,9541.3,-9513.4,519.9,492.1,497.0,NO,0,0,0
-72.9,9548.3,-9481.4,498.7,523.0,514.8,NO,0,0,0
-81.9,9551.6,-9446.8,498.3,519.4,479.0,NO,0,0,0
-2.8,962.0,-9477.0,3169.9,2354.0,535.7,LLG,3,3,0
-2.5,476.5,-476.4,4022.5,3898.3,4059.8,LLL,4,4,1
8.2,944.7,-9564.3,3080.7,2500.6,519.8,LLG,3,3,0
-2.0,9529.0,-9597.1,2402.3,463.3,518.9,LG,1,1,0
36.6,9518.6,-9433.8,487.5,522.8,513.1,NO,0,0,0
-6.6,957.3,-9461.2,3186.6,2387.7,525.0,LLG,3,3,0
67.2,9474.0,-9594.9,515.5,519.9,506.2,NO,0,0,0
14.1,2867.0,-9494.6,1943.7,2119.5,520.2,LL,2,2,0
31.2,9498.0,-9513.3,517.7,523.7,501.9,NO,0,0,0
-32.1,9622.6,-9496.9,496.1,510.7,528.6,NO,0,0,0
-3.1,478.6,-475.2,3713.3,3855.9,4236.7,LLL,4,4,1
3.3,472.7,-475.2,4237.3,3944.9,4036.8,LLL,4,4,1
5.9,2860.3,-9525.9,2089.7,1940.3,499.4,LL,2,2,0
-1.4,9522.0,-9518.1,498.7,535.5,474.3,NO,0,0,0
-2.3,474.6,-476.1,3855.6,4018.9,3958.7,LLL,4,4,1
-3.0,478.2,-476.6,3951.5,3755.4,4146.0,LLL,4,4,1
-10.3,2863.8,-9540.3,2000.1,1990.2,505.9,LL,2,2,0
42.3,9580.0,-9500.5,512.4,527.9,502.4,NO,0,0,0
-13.8,9503.8,-9536.6,511.1,499.6,512.8,NO,0,0,0
-111.7,9574.5,-9488.0,490.9,474.5,505.1,NO,0,0,0
-1.4,475.1,-472.8,3914.2,3783.7,4109.0,LLL,4,4,1
0.9,94.8,-96.1,5190.3,5204.4,4715.4,LLLG,5,5,1
-0.5,476.1,-476.4,4145.8,3935.0,3923.7,LLL,4,4,1
6.7,9513.0,-9584.3,478.9,488.6,487.0,NO,0,0,0
-0.5,94.5,-94.7,5382.4,4552.0,4700.9,LLLG,5,5,1
-1.3,479.1,-475.4,4218.4,4014.9,3905.4,LLL,4,4,1
-6.0,2855.2,-9463.1,1893.4,2197.8,491.4,LL,2,2,0
1.8,478.9,-472.6,3798.4,4299.3,4010.7,LLL,4,4,1
7.8,2868.5,-9540.4,1957.8,2024.1,513.5,LL,2,2,0
25.4,9465.1,-9466.7,498.3,475.2,472.7,NO,0,0,0
0.5,9484.7,-9513.4,2554.8,478.8,531.7,LG,1,1,0
-8.0,948.1,-9520.3,2974.5,2438.9,531.6,LLG,3,3,0
-0.4,95.1,-95.1,4867.3,5113.6,4906.8,LLLG,5,5,1
67.1,9537.9,-9585.0,520.3,527.7,503.7,NO,0,0,0
27.7,2865.5,-9586.9,2088.6,2081.7,468.6,LL,2,2,0
26.0,9541.5,-9545.7,504.7,471.2,464.7,NO,0,0,0
1.5,2866.8,-9595.9,1970.8,2019.2,503.4,LL,2,2,0
-9.2,953.2,-9562.0,2919.8,2421.1,510.1,LLG,3,3,0
11.6,9525.8,-9561.2,477.8,485.0,498.5,NO,0,0,0
-1.6,475.9,-475.6,4104.4,3742.3,4264.3,LLL,4,4,1
0.6,9522.6,-9582.1,2577.6,499.3,504.9,LG,1,1,0
-2.8,2878.1,-9618.3,1978.3,1780.9,471.9,LL,2,2,0
4.0,960.3,-9542.3,2825.9,2504.5,530.4,LLG,3,3,0
2.1,9549.7,-9557.2,2470.9,511.4,510.2,LG,1,1,0
-7.2,477.5,-479.1,3674.6,4158.7,4012.5,LLL,4,4,1
-1.7,474.9,-475.4,3908.5,3882.8,3882.3,LLL,4,4,1
2.6,955.6,-9431.2,2851.2,2606.8,497.3,LLG,3,3,0
-0.2,95.9,-95.5,4731.1,4815.5,5183.1,LLLG,5,5,1
-21.2,9584.2,-9525.4,481.8,494.0,489.3,NO,0,0,0
-0.4,474.9,-480.1,4019.4,4055.4,4136.2,LLL,4,4,1
0.4,96.0,-94.4,4752.8,4667.3,4960.9,LLLG,5,5,1
-2.6,477.7,-477.7,3882.4,4135.0,3990.6,LLL,4,4,1
-0.8,477.6,-475.1,4032.8,4039.9,3956.1,LLL,4,4,1
-2.4,952.9,-9527.8,2945.0,2356.9,520.6,LLG,3,3,0
2.9,475.9,-472.5,3750.5,3927.1,4211.7,LLL,4,4,1
-81.7,9580.2,-9557.3,522.0,530.1,506.1,NO,0,0,0
0.8,95.5,-95.7,4823.5,5093.0,5277.9,LLLG,5,5,1
-1.4,478.6,-474.7,4006.7,4074.8,4423.4,LLL,4,4,1
13.0,949.5,-9563.4,2928.2,2538.2,491.7,LLG,3,3,0
-1.5,472.8,-474.8,4001.4,3976.8,4453.4,LLL,4,4,1
-1.9,475.7,-478.9,3708.5,3770.1,4094.4,LLL,4,4,1
3.2,9571.3,-9440.3,2425.4,474.8,492.6,LG,1,1,0
62.3,9577.0,-9545.6,523.4,472.2,513.3,NO,0,0,0
-0.3,95.8,-95.1,5110.5,5037.3,5417.4,LLLG,5,5,1
0.4,95.2,-94.9,5052.9,4793.5,4955.1,LLLG,5,5,1
25.5,2852.6,-9568.2,1994.7,2073.4,504.8,LL,2,2,0
-24.3,9576.9,-9566.2,502.4,536.4,496.2,NO,0,0,0
5.2,9550.5,-9540.1,2538.5,509.9,493.8,LG,1,1,0
-2.5,480.3,-479.7,4059.9,4231.2,4310.3,LLL,4,4,1
-0.8,95.2,-94.8,5172.7,4939.1,4886.0,LLLG,5,5,1
-6.4,9500.4,-9557.1,2587.3,501.6,491.0,LG,1,1,0
-0.7,95.1,-96.2,5209.7,4893.9,5223.7,LLLG,5,5,1
-4.9,943.3,-9539.3,2841.2,2539.4,520.9,LLG,3,3,0
5.9,9482.2,-9525.5,495.3,518.1,484.7,NO,0,0,0
-11.7,2846.2,-9398.6,2133.4,2001.0,529.0,LL,2,2,0
0.0,9436.3,-9480.4,501.9,522.9,503.7,NO,0,0,0
-3.1,957.0,-9526.3,3269.2,2590.9,491.5,LLG,3,3,0
-47.6,9533.4,-9521.5,528.6,496.1,515.5,NO,0,0,0
-33.3,9518.9,-9486.8,502.0,528.4,485.2,NO,0,0,0
0.1,94.8,-95.2,5095.5,4986.4,5022.6,LLLG,5,5,1
-30.5,9443.0,-9488.5,509.9,507.1,509.7,NO,0,0,0
-87.0,9513.9,-9451.5,500.4,516.8,498.7,NO,0,0,0
20.9,9545.8,-9546.9,509.6,517.5,516.4,NO,0,0,0
-4.1,9620.8,-9480.8,2499.9,483.0,535.2,LG,1,1,0
-110.8,9535.7,-9656.4,499.1,486.9,490.5,NO,0,0,0
7.7,2837.7,-9571.7,1998.4,2026.8,511.8,LL,2,2,0
3.1,475.9,-475.3,3997.5,4215.1,4270.1,LLL,4,4,1
-1.7,477.7,-475.0,4080.2,4041.3,4141.9,LLL,4,4,1
3.5,9520.5,-9611.0,2647.7,497.7,522.8,LG,1,1,0
-5.0,9505.5,-9582.1,517.3,476.5,474.7,NO,0,0,0
0.0,94.4,-95.9,4679.4,5034.2,5090.7,LLLG,5,5,1
1.5,9438.8,-9449.9,2440.4,489.1,494.9,LG,1,1,0
-16.9,2834.4,-9481.4,2023.9,2044.4,497.2,LL,2,2,0
1.5,472.8,-475.8,3987.2,4071.7,3984.6,LLL,4,4,1
3.0,477.3,-478.8,3962.4,3757.0,4021.5,LLL,4,4,1
-2.1,482.6,-474.0,3745.2,3914.5,4044.1,LLL,4,4,1
-2.2,473.5,-476.4,3710.4,4019.9,3883.5,LLL,4,4,1
-8.1,953.3,-9535.3,2885.0,2588.3,485.6,LLG,3,3,0
-7.9,477.0,-473.0,4191.3,3966.1,4128.4,LLL,4,4,1
-56.2,9580.3,-9473.1,506.7,477.8,499.0,NO,0,0,0
-1.8,475.0,-470.4,4226.2,4025.1,3889.8,LLL,4,4,1
0.1,480.0,-473.9,4118.6,3985.7,4184.7,LLL,4,4,1
-31.6,9578.4,-9551.7,496.6,486.0,519.6,NO,0,0,0
1.9,9542.6,-9454.0,464.4,505.4,505.7,NO,0,0,0
1.9,9498.7,-9562.4,2459.4,528.7,498.6,LG,1,1,0
4.3,949.1,-9559.1,2993.5,2425.5,465.4,LLG,3,3,0
-3.9,476.8,-476.6,3927.8,3821.7,4213.2,LLL,4,4,1
-27.5,9477.2,-9411.7,507.3,508.3,493.9,NO,0,0,0
30.0,9496.6,-9502.0,516.3,486.1,492.8,NO,0,0,0
-16.9,9588.1,-9526.0,476.2,504.2,514.1,NO,0,0,0
10.3,9548.3,-9525.3,493.6,523.3,490.8,NO,0,0,0
0.5,95.4,-95.3,4905.1,5067.2,5244.7,LLLG,5,5,1
-1.3,478.5,-480.0,4038.6,3911.6,4235.5,LLL,4,4,1
-6.0,952.2,-9550.4,2963.8,2404.8,455.0,LLG,3,3,0
-3.0,478.7,-481.4,4066.8,3896.7,4001.7,LLL,4,4,1
30.5,9496.8,-9523.3,495.0,524.4,531.7,NO,0,0,0
-0.0,95.0,-95.6,5041.7,4929.9,5020.5,LLLG,5,5,1
21.7,9490.3,-9608.7,487.0,519.8,486.0,NO,0,0,0
74.7,9634.3,-9579.1,486.8,522.0,532.0,NO,0,0,0
-11.0,2853.2,-9533.3,1975.7,1797.2,489.2,LL,2,2,0
-11.0,954.1,-9534.2,3107.3,2473.2,520.1,LLG,3,3,0
-7.1,2856.4,-9438.6,2105.2,1899.6,525.2,LL,2,2,0
-0.7,9594.0,-9480.8,2488.7,493.7,488.6,LG,1,1,0
3.0,948.9,-9449.4,2940.9,2326.9,514.6,LLG,3,3,0
-0.4,95.4,-95.1,5079.5,5023.4,5051.2,LLLG,5,5,1
3.0,469.2,-474.2,4041.8,3925.6,3943.6,LLL,4,4,1
-3.2,476.7,-475.2,3709.7,3856.1,3891.9,LLL,4,4,1
-4.9,952.5,-9561.3,3029.9,2517.9,456.0,LLG,3,3,0
4.7,480.8,-471.9,4090.9,4033.6,3881.7,LLL,4,4,1
3.4,476.4,-479.2,3856.6,4104.6,3931.7,LLL,4,4,1
-24.1,9518.4,-9497.1,497.8,551.3,508.7,NO,0,0,0
2.1,2841.5,-9547.5,2049.6,2124.1,473.5,LL,2,2,0
8.6,944.6,-9459.1,3165.5,2564.6,476.1,LLG,3,3,0
-3.5,2854.6,-9477.6,2157.5,1942.1,463.4,LL,2,2,0
-5.2,474.9,-472.6,4089.5,4137.5,4097.6,LLL,4,4,1
-1.3,475.4,-478.6,3856.3,4027.9,3952.3,LLL,4,4,1
-0.9,477.1,-480.0,3987.3,4030.7,4325.1,LLL,4,4,1
6.3,950.5,-9571.7,3099.9,2552.1,518.0,LLG,3,3,0
-1.9,473.6,-475.4,4079.1,3998.6,3823.7,LLL,4,4,1
-1.6,949.8,-9493.7,2790.4,2513.8,519.5,LLG,3,3,0
26.4,9493.8,-9453.9,535.4,480.7,501.9,NO,0,0,0
-48.2,2880.5,-9537.9,1913.3,1988.6,485.0,LL,2,2,0
-1.5,477.4,-472.9,4120.8,4008.2,4099.2,LLL,4,4,1
-0.4,95.1,-96.4,5065.7,5484.9,5164.9,LLLG,5,5,1
1.9,9584.7,-9535.8,2460.8,519.6,514.1,LG,1,1,0
-1.7,9549.7,-9583.5,463.8,462.2,524.3,NO,0,0,0
-1.3,476.3,-478.6,4215.1,4170.8,4173.3,LLL,4,4,1
3.4,479.6,-474.8,3838.2,4083.9,4280.3,LLL,4,4,1
0.5,476.2,-479.7,4042.0,3771.1,4034.9,LLL,4,4,1
3.9,9523.5,-9535.7,2401.1,531.7,493.8,LG,1,1,0
0.2,949.3,-9503.4,3028.8,2315.3,480.6,LLG,3,3,0
-2.8,947.9,-9582.3,2948.3,2402.8,512.7,LLG,3,3,0
2.9,473.6,-476.2,3875.5,4277.1,4181.8,LLL,4,4,1
61.0,9523.2,-9565.9,499.0,481.3,512.4,NO,0,0,0
-6.5,9466.1,-9558.8,2609.1,487.2,497.7,LG,1,1,0
2.3,478.7,-478.5,4166.2,4123.9,3870.9,LLL,4,4,1
-46.9,9604.5,-9502.3,472.6,480.7,448.9,NO,0,0,0
0.1,95.6,-95.3,4852.1,5020.9,4980.9,LLLG,5,5,1
-0.6,95.4,-95.1,4828.7,4744.9,4924.6,LLLG,5,5,1
0.9,959.1,-9543.1,2799.3,2566.6,500.7,LLG,3,3,0
-9.9,952.8,-9555.0,3136.7,2759.4,497.0,LLG,3,3,0
-0.5,95.8,-95.1,5057.2,5062.0,5144.0,LLLG,5,5,1
-0.4,9637.9,-9519.4,479.2,512.7,520.7,NO,0,0,0
-7.5,9489.8,-9524.2,2502.7,487.4,494.6,LG,1,1,0
-7.9,2871.7,-9537.5,2025.9,2076.4,522.7,LL,2,2,0
-42.6,9600.1,-9584.3,481.7,482.3,494.4,NO,0,0,0
0.0,474.8,-477.3,3636.7,3991.4,4004.5,LLL,4,4,1
-1.3,952.6,-9613.9,2889.3,2577.2,493.7,LLG,3,3,0
10.3,950.8,-9557.1,3027.5,2653.3,520.4,LLG,3,3,0
-2.3,2818.5,-9567.6,1923.9,2016.0,508.6,LL,2,2,0
8.6,2861.3,-9482.9,2115.3,1901.0,509.3,LL,2,2,0
-25.0,9623.7,-9488.9,535.1,467.2,514.0,NO,0,0,0
-89.6,9526.8,-9532.2,457.9,507.5,506.0,NO,0,0,0
-0.8,95.7,-95.3,4676.8,5050.1,5283.1,LLLG,5,5,1
-57.3,9485.0,-9550.8,517.7,465.6,556.6,NO,0,0,0
-17.6,2844.1,-9514.9,2017.5,2064.5,503.8,LL,2,2,0
-2.7,2879.6,-9466.1,1952.3,1973.0,530.0,LL,2,2,0
-30.0,9483.2,-9541.3,490.9,469.3,488.2,NO,0,0,0
-16.0,2860.9,-9483.7,1889.1,1970.9,461.1,LL,2,2,0
-142.4,9429.7,-9547.1,516.1,538.5,488.5,NO,0,0,0
-4.7,2857.7,-9569.9,1972.1,1968.4,496.4,LL,2,2,0
-13.7,2863.7,-9467.5,1902.0,2097.5,504.4,LL,2,2,0
7.6,945.8,-9536.5,3139.5,2561.6,510.2,LLG,3,3,0
-17.4,9554.6,-9530.4,500.7,480.7,494.8,NO,0,0,0
9.2,9497.7,-9495.0,507.7,511.0,519.6,NO,0,0,0
8.4,2867.2,-9508.8,1939.2,2054.3,509.0,LL,2,2,0
2.4,477.1,-479.9,3959.6,4071.6,4077.7,LLL,4,4,1
0.6,9539.6,-9566.6,2577.2,511.9,490.6,LG,1,1,0
9.6,9525.0,-9640.4,2529.2,501.4,540.4,LG,1,1,0
10.3,2853.4,-9601.9,2058.5,1934.3,507.6,LL,2,2,0
2.2,474.4,-474.9,4110.5,3750.8,3690.6,LLL,4,4,1
-7.6,9545.5,-9559.4,2248.7,502.6,479.5,LG,1,1,0
-56.4,9573.2,-9562.2,535.0,485.9,494.0,NO,0,0,0
-64.1,9499.8,-9497.3,538.4,529.7,520.8,NO,0,0,0
-3.4,9499.1,-9482.1,2578.8,515.9,492.9,LG,1,1,0
5.4,949.4,-9487.4,2944.7,2377.5,526.3,LLG,3,3,0
1.5,472.6,-479.9,3758.4,3929.7,3913.8,LLL,4,4,1
-13.3,2864.4,-9461.7,1880.9,1997.6,512.9,LL,2,2,0
-4.6,954.4,-9530.9,3073.1,2523.5,501.4,LLG,3,3,0
-33.8,2834.0,-9543.7,2017.1,1975.9,517.1,LL,2,2,0
-0.2,471.3,-473.8,4140.9,4224.9,3740.3,LLL,4,4,1
83.2,9571.0,-9605.4,477.2,466.6,504.4,NO,0,0,0
4.1,9523.0,-9556.1,2597.9,560.0,505.1,LG,1,1,0
5.9,952.4,-9537.5,3311.8,2549.4,484.3,LLG,3,3,0
1.2,475.6,-476.9,3793.5,3974.0,3803.2,LLL,4,4,1
2.0,952.4,-9538.8,3164.9,2547.6,501.8,LLG,3,3,0
4.6,2875.1,-9577.3,1990.1,2084.9,486.6,LL,2,2,0
1.4,477.0,-476.6,4180.1,4220.2,4270.1,LLL,4,4,1
-39.6,9560.5,-9480.3,464.6,490.0,514.5,NO,0,0,0
12.7,2868.6,-9541.5,2152.6,1932.1,481.8,LL,2,2,0
14.5,2852.8,-9565.2,1954.4,2043.9,495.4,LL,2,2,0
0.0,95.4,-95.3,5203.3,4995.4,4709.8,LLLG,5,5,1
-68.6,9525.1,-9562.9,521.4,488.8,512.8,NO,0,0,0
22.7,9507.4,-9639.3,507.5,496.7,502.5,NO,0,0,0
3.8,476.6,-470.9,3900.4,4276.0,4014.6,LLL,4,4,1
38.6,9550.7,-9601.4,474.7,488.7,480.0,NO,0,0,0
6.6,954.2,-9527.2,2824.9,2684.6,506.6,LLG,3,3,0
-3.9,476.7,-476.1,4097.7,4073.9,4078.9,LLL,4,4,1
6.9,954.9,-9391.2,2874.0,2624.2,515.1,LLG,3,3,0
-25.3,9621.6,-9572.9,502.1,487.4,484.9,NO,0,0,0
-2.8,478.7,-475.0,4112.5,4043.6,3621.6,LLL,4,4,1
0.1,475.3,-478.9,4168.4,4138.8,4117.6,LLL,4,4,1
-15.3,9443.8,-9529.9,469.8,498.2,488.5,NO,0,0,0
8.7,9579.1,-9582.5,2590.1,494.6,543.0,LG,1,1,0
-1.5,477.7,-478.6,4058.1,4079.1,4038.9,LLL,4,4,1
9.8,2853.0,-9434.6,2163.0,1882.6,537.7,LL,2,2,0
111.3,9497.7,-9492.6,517.7,519.9,488.2,NO,0,0,0
0.1,95.1,-95.6,4978.9,5198.3,4968.6,LLLG,5,5,1
-13.0,9490.4,-9530.1,524.3,510.1,492.2,NO,0,0,0
-2.6,2851.3,-9512.5,1945.0,1935.3,475.4,LL,2,2,0
-0.8,478.9,-475.8,3983.6,4062.5,3973.4,LLL,4,4,1
2.1,477.9,-478.1,4205.2,3811.0,3853.0,LLL,4,4,1
-35.0,9498.4,-9513.2,493.4,520.9,494.4,NO,0,0,0
-0.2,475.3,-479.0,4100.1,3976.2,4054.2,LLL,4,4,1
-26.7,2848.0,-9542.7,1929.0,2142.7,501.5,LL,2,2,0
3.1,952.7,-9619.7,3070.0,2658.3,527.4,LLG,3,3,0
1.1,95.1,-94.8,5184.4,4814.6,5354.9,LLLG,5,5,1
-10.5,2893.8,-9512.3,2057.7,1884.0,471.5,LL,2,2,0
26.0,9490.3,-9492.5,498.5,503.3,494.6,NO,0,0,0
-18.3,9594.4,-9498.7,486.4,534.4,533.0,NO,0,0,0
7.2,9603.3,-9500.6,515.2,512.7,526.2,NO,0,0,0
-4.4,950.3,-9505.7,3002.1,2532.8,516.8,LLG,3,3,0
-0.5,95.6,-95.0,4622.0,4906.6,4979.3,LLLG,5,5,1
-1.4,959.6,-9500.8,2982.6,2487.4,492.6,LLG,3,3,0
0.4,95.2,-95.9,4697.6,4835.1,5134.8,LLLG,5,5,1
-33.2,9481.7,-9479.0,505.7,507.6,525.1,NO,0,0,0
-0.9,95.5,-95.0,5345.1,4962.2,4879.8,LLLG,5,5,1
-1.3,964.4,-9523.9,2995.6,2444.0,490.7,LLG,3,3,0
-0.7,9567.7,-9428.0,2550.6,503.2,506.3,LG,1,1,0
5.2,475.1,-476.0,3839.3,4005.3,3766.9,LLL,4,4,1
-5.0,9509.6,-9556.1,2599.8,497.0,537.3,LG,1,1,0
-3.2,477.1,-478.3,3921.8,3719.0,4030.9,LLL,4,4,1
1.4,9561.6,-9554.4,2573.0,515.5,501.8,LG,1,1,0
-10.1,2872.1,-9476.0,2003.5,1985.8,532.0,LL,2,2,0
-4.4,9639.4,-9485.2,2445.6,511.7,497.4,LG,1,1,0
4.8,9548.3,-9519.1,2582.1,507.1,512.7,LG,1,1,0
5.0,477.3,-479.0,4049.2,4000.2,3769.1,LLL,4,4,1
-4.4,9660.0,-9517.2,2625.6,472.7,519.4,LG,1,1,0
3.5,9508.9,-9559.8,2648.3,484.3,479.9,LG,1,1,0
21.2,9520.7,-9557.3,486.3,467.6,509.9,NO,0,0,0
2.7,477.0,-475.1,4037.3,4236.3,4075.7,LLL,4,4,1
-0.1,478.3,-474.8,3828.7,4021.8,4288.6,LLL,4,4,1
32.0,9485.4,-9462.3,519.5,505.8,510.4,NO,0,0,0
1.4,473.0,-477.5,3993.8,3763.2,3876.3,LLL,4,4,1
19.8,9470.2,-9510.9,477.2,505.0,518.4,NO,0,0,0
-0.5,94.5,-95.7,4908.6,5111.6,4830.6,LLLG,5,5,1
-3.8,2862.0,-9538.4,1955.0,2059.5,505.1,LL,2,2,0
-19.0,2845.7,-9454.3,1951.7,2073.9,487.4,LL,2,2,0
5.6,948.9,-9477.9,3043.5,2526.4,513.3,LLG,3,3,0
1.1,9548.8,-9486.7,2419.3,494.7,496.2,LG,1,1,0
8.6,2863.4,-9523.3,1909.0,1997.3,495.5,LL,2,2,0
-3.5,961.1,-9580.6,2976.9,2446.8,495.6,LLG,3,3,0
-0.3,479.1,-475.8,3992.5,4159.1,4005.8,LLL,4,4,1
-29.9,9534.8,-9456.3,485.6,502.3,525.6,NO,0,0,0
-12.8,2867.8,-9473.9,1973.5,2110.1,494.7,LL,2,2,0
-3.6,2857.9,-9461.2,2093.5,1970.9,485.5,LL,2,2,0
19.3,9553.9,-9598.7,501.4,509.1,501.1,NO,0,0,0
-25.8,9487.9,-9467.7,490.2,531.2,501.7,NO,0,0,0
-1.2,94.7,-95.2,5246.3,4967.1,5059.4,LLLG,5,5,1
-29.4,2857.5,-9625.3,2140.3,1981.4,538.6,LL,2,2,0
-0.1,94.7,-94.9,4893.1,4961.7,4836.2,LLLG,5,5,1
-17.3,953.7,-9534.4,2923.6,2561.6,504.6,LLG,3,3,0
-7.4,9476.1,-9521.8,2455.0,499.6,513.3,LG,1,1,0
0.4,478.1,-474.9,4154.6,3919.1,3752.4,LLL,4,4,1
-0.5,9432.8,-9615.0,2621.0,531.6,494.3,LG,1,1,0
-2.9,477.0,-472.8,4085.9,4141.0,3971.1,LLL,4,4,1
2.7,9547.1,-9516.0,502.8,460.8,507.3,NO,0,0,0
-0.9,473.5,-482.3,4119.5,3893.1,4124.4,LLL,4,4,1
-0.9,95.6,-95.8,4675.5,5225.1,5300.0,LLLG,5,5,1
2.1,954.7,-9531.1,2815.3,2418.2,496.1,LLG,3,3,0
-4.5,9458.0,-9495.6,2460.0,515.2,514.7,LG,1,1,0
-0.1,472.0,-474.7,4020.6,4165.9,3978.5,LLL,4,4,1
-55.8,9531.0,-9532.3,493.6,507.8,527.3,NO,0,0,0
-0.2,94.9,-94.6,4827.8,4604.6,5134.6,LLLG,5,5,1
12.9,9547.1,-9516.1,510.9,514.5,503.1,NO,0,0,0
-0.3,9566.3,-9507.5,2414.7,508.4,552.8,LG,1,1,0
-38.4,9550.0,-9456.4,520.4,490.0,486.9,NO,0,0,0
93.4,9512.3,-9551.3,473.5,486.6,502.3,NO,0,0,0
-2.8,473.1,-476.5,3919.6,4018.9,3991.0,LLL,4,4,1
1.8,951.9,-9591.2,2987.4,2445.3,494.4,LLG,3,3,0
2.0,479.4,-473.6,4033.0,4335.1,3923.7,LLL,4,4,1
-97.0,9511.6,-9577.1,480.1,501.1,511.1,NO,0,0,0
4.6,948.4,-9539.3,2776.9,2434.2,491.8,LLG,3,3,0
-0.5,475.9,-477.7,4211.7,4026.5,3626.9,LLL,4,4,1
7.1,2903.3,-9531.1,2067.9,2001.2,454.2,LL,2,2,0
30.0,9544.0,-9493.9,526.9,511.9,523.3,NO,0,0,0
3.7,949.2,-9599.0,2909.6,2564.4,517.1,LLG,3,3,0
1.8,9524.4,-9595.5,2657.0,499.3,514.7,LG,1,1,0
0.7,95.0,-95.0,4603.0,5248.9,4899.1,LLLG,5,5,1
-7.7,2869.4,-9571.5,2143.6,2108.3,483.1,LL,2,2,0
-3.0,479.2,-480.5,4100.7,4089.5,3985.3,LLL,4,4,1
-98.5,9449.0,-9582.6,544.9,491.2,498.1,NO,0,0,0
72.5,9483.7,-9544.9,489.4,486.7,466.3,NO,0,0,0
-93.6,9492.4,-9437.3,488.5,526.7,477.3,NO,0,0,0
1.4,477.7,-479.8,3832.8,3911.2,4129.0,LLL,4,4,1
-2.2,953.0,-9537.5,3138.9,2414.3,480.1,LLG,3,3,0
-6.4,952.1,-9584.9,2864.7,2567.6,525.8,LLG,3,3,0
0.1,948.9,-9458.6,3056.7,2492.3,511.0,LLG,3,3,0
-2.3,953.2,-9531.1,2859.0,2595.3,480.0,LLG,3,3,0
-0.3,96.7,-95.9,4786.8,5303.1,4577.3,LLLG,5,5,1
-14.8,2840.7,-9510.9,2021.1,2002.9,506.5,LL,2,2,0
-8.9,947.7,-9489.9,3020.1,2594.3,493.8,LLG,3,3,0
0.9,472.9,-474.4,3874.8,4015.1,4006.7,LLL,4,4,1
-6.2,2864.8,-9519.1,2075.1,2091.4,498.0,LL,2,2,0
1.6,9475.5,-9573.8,2324.1,469.9,490.3,LG,1,1,0
-5.7,2859.0,-9469.7,1873.4,1763.0,511.4,LL,2,2,0
16.8,9543.8,-9467.5,518.8,524.1,468.0,NO,0,0,0
-51.5,9508.6,-9543.7,516.8,470.9,481.2,NO,0,0,0
-30.7,9459.8,-9571.3,505.5,470.1,496.1,NO,0,0,0
10.3,960.1,-9484.2,2999.3,2500.1,479.7,LLG,3,3,0
14.8,9465.6,-9477.4,492.0,511.5,492.2,NO,0,0,0
63.4,9495.5,-9523.6,495.2,499.3,525.8,NO,0,0,0
-34.2,9415.6,-9507.4,479.1,502.7,498.0,NO,0,0,0
1.5,476.1,-481.9,4047.5,4183.9,3747.6,LLL,4,4,1
1.8,474.0,-475.7,3828.7,4160.0,4045.9,LLL,4,4,1
-3.6,478.4,-475.5,4000.6,3926.0,4072.4,LLL,4,4,1
-5.3,476.4,-477.9,4223.3,4083.5,3985.5,LLL,4,4,1
-0.6,95.4,-94.2,5292.1,4955.1,4832.8,LLLG,5,5,1
-8.4,953.8,-9466.5,2931.2,2421.5,462.6,LLG,3,3,0
-1.9,961.2,-9538.7,2887.8,2373.2,519.5,LLG,3,3,0
-45.3,9588.6,-9568.5,523.7,513.3,483.4,NO,0,0,0
-4.5,2839.5,-9498.9,1923.3,2039.9,489.4,LL,2,2,0
5.6,2845.8,-9541.5,1956.8,2003.5,493.6,LL,2,2,0
-2.9,476.2,-477.9,4197.6,4131.5,3954.1,LLL,4,4,1
-9.0,2877.0,-9425.4,1989.1,1977.0,512.2,LL,2,2,0
-28.3,9495.9,-9539.4,509.9,493.5,485.1,NO,0,0,0
-2.0,952.7,-9454.5,3043.6,2566.7,511.4,LLG,3,3,0
1.0,2860.2,-9516.6,2000.4,1941.0,540.2,LL,2,2,0
-10.1,2845.8,-9521.7,1886.9,2010.2,501.6,LL,2,2,0
5.2,9525.2,-9557.6,487.1,502.6,479.1,NO,0,0,0
38.5,9494.3,-9530.4,475.1,444.4,518.0,NO,0,0,0
0.5,94.9,-95.4,5018.4,4994.8,4974.0,LLLG,5,5,1
-14.8,9443.7,-9535.8,505.6,499.0,486.3,NO,0,0,0
0.6,9524.0,-9552.1,2602.1,480.4,500.1,LG,1,1,0
1.7,471.0,-472.6,4014.3,4016.4,3854.7,LLL,4,4,1
35.9,9601.0,-9475.0,514.6,503.0,488.5,NO,0,0,0
-0.8,95.6,-95.9,5039.3,4858.9,4876.4,LLLG,5,5,1
6.1,9474.4,-9598.8,2552.6,497.9,539.6,LG,1,1,0
5.0,9541.3,-9528.4,2487.8,487.1,506.3,LG,1,1,0
-3.0,951.4,-9613.3,2774.7,2674.4,519.2,LLG,3,3,0
81.5,9554.0,-9525.9,503.0,515.0,492.2,NO,0,0,0
9.9,2840.4,-9526.1,2011.7,2082.1,461.3,LL,2,2,0
-0.1,95.4,-94.7,4998.5,4959.6,5205.0,LLLG,5,5,1
-11.6,2832.0,-9574.2,1953.5,1885.5,467.2,LL,2,2,0
20.2,2857.4,-9599.8,1831.1,2001.0,501.4,LL,2,2,0
-15.2,9523.9,-9599.3,2453.1,506.0,526.7,LG,1,1,0
-3.9,477.4,-481.4,3972.5,4093.9,3994.9,LLL,4,4,1
-3.0,477.5,-478.5,3985.8,4027.5,4318.5,LLL,4,4,1
13.7,9547.6,-9447.7,516.3,503.4,496.6,NO,0,0,0
3.8,9587.1,-9481.3,2462.9,503.8,494.8,LG,1,1,0
-4.4,9546.1,-9500.2,2563.2,461.9,512.8,LG,1,1,0
1.7,959.1,-9602.8,2903.8,2557.8,496.8,LLG,3,3,0
2.2,477.2,-475.7,4146.9,3950.8,4365.6,LLL,4,4,1
-0.8,95.6,-95.6,5090.3,5091.0,4936.1,LLLG,5,5,1
-0.2,2827.4,-9621.6,2029.5,2035.2,493.7,LL,2,2,0
0.2,9571.4,-9463.2,2438.2,492.8,525.3,LG,1,1,0
-1.0,473.6,-473.4,3975.9,4128.5,3708.6,LLL,4,4,1
-0.1,94.8,-94.7,5120.6,4855.6,5225.7,LLLG,5,5,1
-0.2,472.0,-475.2,3836.3,3866.1,3851.1,LLL,4,4,1
-5.8,473.9,-472.7,3933.9,3828.8,4188.9,LLL,4,4,1
-3.5,2866.0,-9570.4,1973.1,2001.0,502.8,LL,2,2,0
1.1,2847.2,-9547.1,2039.4,2018.9,514.3,LL,2,2,0
5.5,948.4,-9477.9,3043.1,2427.5,492.5,LLG,3,3,0
3.1,476.0,-477.5,4132.3,3886.7,4156.4,LLL,4,4,1
41.3,9517.0,-9555.5,526.6,497.2,529.2,NO,0,0,0
-0.4,475.9,-470.8,3812.0,3862.4,4277.5,LLL,4,4,1
-9.2,9573.7,-9570.7,2483.2,490.1,465.7,LG,1,1,0
14.4,9528.5,-9474.1,469.1,483.6,526.2,NO,0,0,0
-0.8,95.1,-95.5,5451.5,5136.5,5007.8,LLLG,5,5,1
1.4,953.0,-9663.2,3095.1,2448.0,499.4,LLG,3,3,0
-2.8,951.2,-9540.7,3139.6,2492.7,517.8,LLG,3,3,0
9.3,9622.6,-9561.1,514.9,493.8,523.6,NO,0,0,0
-6.7,952.1,-9532.5,2824.6,2457.1,480.5,LLG,3,3,0
-0.3,475.1,-473.9,3951.0,4172.9,4046.0,LLL,4,4,1
49.0,9566.5,-9504.2,492.5,497.2,526.6,NO,0,0,0
0.2,95.4,-94.9,4872.3,5087.6,4677.3,LLLG,5,5,1
-0.9,95.0,-94.9,5013.7,5017.1,4865.9,LLLG,5,5,1
-17.8,2863.7,-9453.8,1896.1,1958.8,494.1,LL,2,2,0
57.1,9536.5,-9519.4,500.7,485.6,481.8,NO,0,0,0
-5.6,9502.4,-9544.4,2468.9,485.9,495.5,LG,1,1,0
-7.0,964.0,-9531.0,2902.0,2610.0,488.3,LLG,3,3,0
-9.5,2848.7,-9518.2,2024.7,1960.0,539.9,LL,2,2,0
49.7,9633.7,-9531.5,495.8,486.5,496.0,NO,0,0,0
-4.5,947.0,-9529.1,2995.1,2569.8,490.5,LLG,3,3,0
-67.7,9456.3,-9596.1,483.8,483.1,499.4,NO,0,0,0
3.9,949.6,-9446.3,3022.9,2576.2,498.4,LLG,3,3,0
0.7,477.4,-477.5,3877.9,3653.4,4082.2,LLL,4,4,1
1.0,476.0,-473.0,4113.0,4274.6,4006.2,LLL,4,4,1
0.4,95.3,-94.5,4889.1,4946.6,4748.6,LLLG,5,5,1
71.1,9475.5,-9474.9,480.1,498.0,542.4,NO,0,0,0
2.5,959.5,-9463.8,3246.6,2468.3,526.7,LLG,3,3,0
3.1,9567.8,-9567.1,467.1,493.8,494.1,NO,0,0,0
1.1,477.8,-474.3,4114.9,4097.2,4019.1,LLL,4,4,1
-0.0,2867.5,-9520.0,1978.1,1925.1,523.1,LL,2,2,0
-7.4,956.0,-9480.6,2713.0,2495.0,519.7,LLG,3,3,0
-128.5,9594.2,-9555.3,460.9,495.8,498.8,NO,0,0,0
-6.8,9539.5,-9543.2,2526.2,510.0,505.8,LG,1,1,0
-12.0,9455.4,-9580.4,501.5,506.3,488.4,NO,0,0,0
0.4,94.8,-95.7,4977.3,4799.9,4785.8,LLLG,5,5,1
-7.9,947.9,-9521.3,3240.5,2518.9,504.5,LLG,3,3,0
-0.7,95.3,-95.5,4525.9,4738.9,5027.4,LLLG,5,5,1
-1.2,950.7,-9546.9,2984.8,2537.9,491.6,LLG,3,3,0
-2.5,954.4,-9500.1,2915.7,2422.5,497.2,LLG,3,3,0
-2.1,478.5,-476.4,3875.2,3942.2,4120.5,LLL,4,4,1
8.9,9439.4,-9577.0,488.5,503.5,496.5,NO,0,0,0
0.2,95.9,-95.1,4979.9,5178.5,4856.8,LLLG,5,5,1
0.0,9499.0,-9498.7,2537.8,489.8,461.7,LG,1,1,0
69.1,9486.6,-9483.3,528.5,553.8,489.5,NO,0,0,0
0.9,476.1,-476.3,3718.5,4202.3,4035.5,LLL,4,4,1
-10.1,9575.3,-9437.4,488.3,519.6,489.7,NO,0,0,0
12.7,9520.2,-9421.1,504.3,535.5,494.4,NO,0,0,0
-7.1,9538.8,-9650.4,2538.0,510.8,511.3,LG,1,1,0
-0.9,474.4,-475.1,3919.5,4102.2,4420.7,LLL,4,4,1
-17.2,9587.4,-9580.2,499.5,527.0,508.5,NO,0,0,0
11.8,9489.1,-9530.4,485.2,526.5,508.7,NO,0,0,0
1.1,95.0,-95.4,4938.6,4927.9,5276.2,LLLG,5,5,1
46.4,9528.1,-9580.6,490.2,533.3,462.0,NO,0,0,0
62.8,9537.0,-9555.4,494.8,516.5,522.5,NO,0,0,0
1.0,474.0,-475.0,4025.2,3987.4,4197.8,LLL,4,4,1
-1.2,9516.3,-9608.4,2566.1,503.5,487.2,LG,1,1,0
-4.3,477.7,-477.5,4204.3,4262.9,4294.8,LLL,4,4,1
29.7,9544.5,-9489.4,469.8,507.9,493.0,NO,0,0,0
3.1,475.2,-474.2,3873.0,4006.5,4191.4,LLL,4,4,1
29.8,9561.7,-9574.8,488.5,502.9,468.3,NO,0,0,0
-5.2,2886.7,-9489.7,1903.8,2020.1,499.0,LL,2,2,0
-0.2,475.8,-475.6,4202.6,4037.5,3864.8,LLL,4,4,1
6.8,9590.3,-9471.0,2518.5,495.7,508.4,LG,1,1,0
-10.0,2818.3,-9639.7,2087.3,1932.7,457.5,LL,2,2,0
-0.6,95.1,-95.3,5088.1,5091.5,5395.3,LLLG,5,5,1
-36.8,9477.6,-9525.1,528.9,507.0,536.0,NO,0,0,0
-100.9,9523.3,-9650.2,511.7,525.4,497.9,NO,0,0,0
-4.8,473.8,-476.4,4274.3,3821.3,3717.8,LLL,4,4,1
-10.5,2858.6,-9513.3,1910.5,1931.4,508.4,LL,2,2,0
0.1,959.2,-9576.5,2879.4,2526.3,472.4,LLG,3,3,0
-1.6,472.8,-474.4,3777.1,3915.3,3837.7,LLL,4,4,1
-29.7,2867.7,-9529.0,1995.9,1897.7,531.3,LL,2,2,0
-5.1,952.5,-9478.1,3120.9,2596.7,506.3,LLG,3,3,0
-34.0,9502.1,-9510.2,483.8,504.2,491.0,NO,0,0,0
-1.5,945.5,-9445.0,2920.4,2462.6,509.8,LLG,3,3,0
7.0,947.8,-9527.9,2987.1,2406.9,477.9,LLG,3,3,0
0.8,94.4,-95.9,4921.0,4894.1,5298.1,LLLG,5,5,1
-1.0,475.7,-478.7,4003.8,4058.2,4236.5,LLL,4,4,1
1.4,477.1,-474.9,3683.4,3825.8,4358.3,LLL,4,4,1
9.2,9523.6,-9547.6,2542.6,499.9,456.7,LG,1,1,0
-0.8,9453.9,-9477.5,2224.3,502.4,496.2,LG,1,1,0
-17.0,2856.8,-9492.0,1960.2,1961.9,487.5,LL,2,2,0
-2.1,478.0,-475.8,3880.9,3949.5,4106.9,LLL,4,4,1
86.0,9537.8,-9452.5,492.3,499.6,515.6,NO,0,0,0
-2.4,948.3,-9575.1,2867.6,2485.8,548.3,LLG,3,3,0
34.2,9516.3,-9395.6,517.0,492.2,484.2,NO,0,0,0
0.2,953.9,-9430.3,2931.4,2304.5,486.1,LLG,3,3,0
-5.8,952.7,-9529.6,2903.3,2576.6,492.5,LLG,3,3,0
10.8,9579.5,-9529.8,2627.8,484.9,490.5,LG,1,1,0
-2.3,953.8,-9467.8,3001.9,2571.7,491.3,LLG,3,3,0
0.9,478.6,-478.9,4007.3,3910.2,4013.1,LLL,4,4,1
-6.6,2851.5,-9533.4,1889.1,1970.7,499.3,LL,2,2,0
-0.3,96.0,-95.2,5066.4,4978.2,4934.4,LLLG,5,5,1
-3.9,9504.2,-9537.6,488.8,530.5,512.8,NO,0,0,0
-0.7,472.6,-475.5,4056.7,4180.8,4098.7,LLL,4,4,1
0.8,9589.4,-9448.8,2390.5,481.8,493.5,LG,1,1,0
-22.6,9521.4,-9465.9,499.7,543.9,492.3,NO,0,0,0
-58.8,9536.9,-9426.8,511.7,488.1,493.8,NO,0,0,0
5.0,2870.5,-9629.1,1955.3,2057.2,509.2,LL,2,2,0
-0.4,94.9,-96.0,5161.0,4810.5,5307.6,LLLG,5,5,1
0.4,95.6,-95.0,5302.6,5214.2,4996.7,LLLG,5,5,1
2.2,9540.0,-9645.4,495.6,555.9,514.9,NO,0,0,0
54.5,9574.2,-9564.2,495.3,516.3,557.8,NO,0,0,0
-4.1,478.2,-470.3,3763.3,4074.9,3986.9,LLL,4,4,1
9.0,945.8,-9494.3,3055.4,2441.5,478.2,LLG,3,3,0
-1.7,2860.2,-9502.8,1928.5,1977.6,455.3,LL,2,2,0
62.8,9539.4,-9456.5,477.6,492.1,483.9,NO,0,0,0
4.2,962.1,-9530.0,3154.5,2250.9,492.7,LLG,3,3,0
0.3,95.3,-94.6,5027.2,4932.2,5115.5,LLLG,5,5,1
97.9,9515.9,-9463.9,521.0,488.2,502.0,NO,0,0,0
-32.6,9513.9,-9444.7,484.8,461.3,480.7,NO,0,0,0
-4.5,953.1,-9570.0,2859.1,2497.7,478.1,LLG,3,3,0
16.0,9456.3,-9456.3,498.2,493.3,513.5,NO,0,0,0
1.7,9560.1,-9502.7,2591.4,514.1,502.5,LG,1,1,0
64.6,9583.6,-9531.5,485.0,543.6,510.8,NO,0,0,0
2.3,956.0,-9540.2,3286.0,2316.6,504.0,LLG,3,3,0
-3.5,471.2,-473.7,3913.2,3888.6,4242.1,LLL,4,4,1
-0.6,949.1,-9522.5,2989.7,2495.1,509.8,LLG,3,3,0
-7.8,9493.9,-9621.0,470.0,477.9,508.5,NO,0,0,0
-4.2,2855.0,-9566.9,2039.3,2022.9,476.0,LL,2,2,0
-4.2,9486.6,-9497.8,2697.2,508.8,509.3,LG,1,1,0
-18.9,2823.9,-9511.0,2143.0,1975.5,469.3,LL,2,2,0
-1.1,470.4,-477.0,3886.9,3798.2,3956.5,LLL,4,4,1
1.0,473.2,-478.9,3905.2,3988.4,4094.4,LLL,4,4,1
3.6,2885.1,-9443.0,2005.1,2041.2,509.3,LL,2,2,0
5.4,9558.2,-9598.8,2389.4,493.1,486.0,LG,1,1,0
2.2,472.9,-480.8,3958.5,4130.2,3927.9,LLL,4,4,1
-2.5,2853.1,-9501.4,1983.6,1975.5,491.1,LL,2,2,0
-2.2,951.1,-9567.6,3198.9,2364.9,501.2,LLG,3,3,0
-80.0,9513.0,-9587.0,498.9,498.3,492.2,NO,0,0,0
5.3,9595.9,-9497.8,2568.3,505.0,485.6,LG,1,1,0
0.8,9513.1,-9583.5,2429.6,537.1,483.8,LG,1,1,0
4.4,9574.3,-9513.9,2482.5,510.0,521.7,LG,1,1,0
-2.1,475.1,-472.5,3957.9,4157.6,4463.6,LLL,4,4,1
6.4,951.7,-9478.0,2868.0,2428.8,457.7,LLG,3,3,0
51.9,9466.2,-9573.8,539.0,502.9,491.6,NO,0,0,0
-1.4,482.0,-479.3,3914.1,4064.4,4094.8,LLL,4,4,1
0.5,95.7,-96.1,5205.6,4889.5,4969.3,LLLG,5,5,1
-0.1,478.8,-476.3,4044.7,3710.7,4180.2,LLL,4,4,1
-15.8,9632.5,-9614.2,485.5,506.3,503.3,NO,0,0,0
-143.3,9557.7,-9450.2,489.8,497.4,504.8,NO,0,0,0
33.6,9513.6,-9506.1,507.0,528.2,471.0,NO,0,0,0
-1.4,476.6,-477.2,4199.1,3969.9,3964.2,LLL,4,4,1
0.8,96.0,-95.0,4959.0,4785.5,5269.7,LLLG,5,5,1
2.5,478.7,-479.3,3846.2,4151.6,4318.5,LLL,4,4,1
0.9,479.1,-477.3,3717.9,4134.4,3779.4,LLL,4,4,1
-2.0,476.1,-476.3,4252.2,3917.7,3996.7,LLL,4,4,1
3.7,2862.6,-9416.7,1998.3,1988.5,491.4,LL,2,2,0
-35.5,9446.8,-9573.1,477.7,512.4,536.9,NO,0,0,0
-0.3,95.4,-95.0,4891.3,5040.9,4856.1,LLLG,5,5,1
-3.5,478.1,-472.7,4188.9,4056.6,4098.1,LLL,4,4,1
-1.3,475.1,-475.6,4315.0,4025.4,4096.2,LLL,4,4,1
9.7,2898.4,-9506.1,1913.2,2186.9,490.7,LL,2,2,0
4.3,477.5,-474.5,3903.6,3556.2,4014.3,LLL,4,4,1
50.8,9471.7,-9503.3,489.5,493.0,504.2,NO,0,0,0
-1.8,472.5,-476.1,3899.1,4140.7,3967.5,LLL,4,4,1
31.5,9537.1,-9583.2,524.6,503.1,485.0,NO,0,0,0
2.2,9573.2,-9549.9,2545.7,489.4,531.6,LG,1,1,0
-3.0,477.5,-477.9,3510.7,3808.7,4310.5,LLL,4,4,1
27.0,2867.2,-9544.8,1922.1,1970.2,502.2,LL,2,2,0
0.4,95.0,-95.0,4942.4,5044.3,5239.6,LLLG,5,5,1
-15.2,9510.6,-9522.6,531.7,507.6,532.9,NO,0,0,0
-2.3,476.5,-479.7,3819.1,3804.4,3913.7,LLL,4,4,1
0.6,9565.5,-9526.2,2437.4,489.6,493.0,LG,1,1,0
10.5,2863.7,-9452.6,1839.4,2069.7,450.7,LL,2,2,0
-2.2,2848.7,-9511.2,1971.7,1985.4,490.0,LL,2,2,0
1.3,478.8,-475.4,4107.1,3896.8,3834.9,LLL,4,4,1
-30.2,9502.7,-9571.3,509.7,500.5,487.0,NO,0,0,0
-0.1,95.0,-94.2,4894.1,4871.5,4983.3,LLLG,5,5,1
-13.4,2833.5,-9582.6,1968.9,1979.6,525.4,LL,2,2,0
-6.4,9605.6,-9527.6,2485.2,494.2,510.6,LG,1,1,0
78.3,9441.1,-9495.7,516.1,511.6,492.3,NO,0,0,0
-0.9,955.8,-9467.4,3102.3,2249.3,472.0,LLG,3,3,0
-71.6,9456.4,-9579.9,508.9,522.0,494.9,NO,0,0,0
0.9,9531.7,-9483.9,2546.2,515.1,527.6,LG,1,1,0
2.9,9499.1,-9577.5,490.8,520.7,538.1,NO,0,0,0
-1.1,9519.2,-9453.3,2642.3,502.6,476.4,LG,1,1,0
-2.3,475.0,-474.0,4062.8,4141.8,4007.7,LLL,4,4,1
62.1,9632.2,-9540.6,469.5,514.5,497.2,NO,0,0,0
20.9,9600.6,-9481.7,516.0,483.9,465.6,NO,0,0,0
-36.8,9524.2,-9542.4,496.6,485.6,469.5,NO,0,0,0
1.5,95.8,-96.0,5217.4,5045.5,4761.1,LLLG,5,5,1
-5.5,951.3,-9500.4,2943.3,2466.3,516.2,LLG,3,3,0
-0.2,95.8,-95.8,5139.0,5326.8,5125.9,LLLG,5,5,1
-2.6,952.4,-9546.4,2866.2,2710.6,480.2,LLG,3,3,0
6.1,944.9,-9454.8,3352.2,2456.4,512.8,LLG,3,3,0
16.4,9608.5,-9510.1,505.3,493.0,503.3,NO,0,0,0
1.9,474.3,-478.1,3883.3,3993.8,4038.7,LLL,4,4,1
-35.1,9531.7,-9593.5,528.4,514.2,521.6,NO,0,0,0
-75.9,9480.3,-9398.7,485.3,494.7,484.5,NO,0,0,0
-118.9,9601.9,-9570.0,519.6,492.9,512.6,NO,0,0,0
-0.2,95.1,-95.6,5105.1,5039.5,4952.1,LLLG,5,5,1
-29.9,9519.8,-9554.2,493.1,481.4,548.7,NO,0,0,0
5.9,9529.8,-9563.3,2404.8,482.1,495.2,LG,1,1,0
-42.4,9566.4,-9438.9,494.1,488.6,541.4,NO,0,0,0
75.9,9548.6,-9553.5,491.9,492.7,469.8,NO,0,0,0
-0.3,2897.5,-9441.5,1996.4,2079.9,530.8,LL,2,2,0
-0.1,9472.9,-9420.1,2374.3,525.3,500.7,LG,1,1,0
3.4,474.1,-476.7,4207.2,3955.7,4457.6,LLL,4,4,1
23.3,9472.9,-9522.4,500.7,475.8,518.6,NO,0,0,0
3.4,9532.0,-9591.9,2451.1,495.3,507.1,LG,1,1,0
-1.2,95.9,-95.7,5112.2,5320.0,5466.8,LLLG,5,5,1
-5.9,943.5,-9560.5,2936.3,2678.9,494.3,LLG,3,3,0
45.6,9444.3,-9562.9,509.7,548.3,492.5,NO,0,0,0
-14.6,2890.8,-9572.2,2095.4,2083.7,536.4,LL,2,2,0
-47.7,9495.7,-9562.6,489.8,497.2,471.7,NO,0,0,0
-15.1,9487.5,-9531.2,481.9,501.7,487.2,NO,0,0,0
22.7,9440.4,-9592.6,463.6,509.3,513.5,NO,0,0,0
-2.6,9504.5,-9441.0,2404.1,464.2,472.6,LG,1,1,0
1.6,2858.0,-9379.8,1882.4,2043.7,478.1,LL,2,2,0
-0.3,94.8,-95.3,5036.3,4953.1,4892.8,LLLG,5,5,1
30.7,2851.8,-9452.3,1919.6,2096.0,478.2,LL,2,2,0
3.4,960.1,-9637.0,3053.9,2376.4,496.1,LLG,3,3,0
-0.7,952.5,-9600.3,2971.3,2559.5,510.1,LLG,3,3,0
-7.4,9567.1,-9506.0,2620.5,517.7,465.0,LG,1,1,0
-7.7,947.2,-9462.8,3145.5,2480.4,484.9,LLG,3,3,0
48.0,9485.4,-9656.6,471.4,499.4,521.8,NO,0,0,0
-8.3,954.1,-9503.6,2893.7,2429.3,522.1,LLG,3,3,0
6.2,943.1,-9451.4,2803.3,2516.8,504.0,LLG,3,3,0
2.2,479.9,-473.2,4074.7,3947.2,3829.8,LLL,4,4,1
1.2,948.3,-9575.6,2852.5,2597.9,511.9,LLG,3,3,0
0.5,9483.0,-9580.6,2569.6,513.1,499.7,LG,1,1,0
4.6,9498.4,-9504.9,2403.6,484.5,490.5,LG,1,1,0
-0.6,952.2,-9404.6,3255.8,2621.8,515.1,LLG,3,3,0
-1.5,2832.4,-9485.3,2070.3,2016.0,464.4,LL,2,2,0
23.2,9615.9,-9495.1,479.2,478.3,521.8,NO,0,0,0
35.1,2847.4,-9578.2,2140.5,2067.9,501.5,LL,2,2,0
-15.9,9517.2,-9609.4,490.0,485.0,507.9,NO,0,0,0
-1.9,479.8,-473.7,3906.6,3992.4,3959.9,LLL,4,4,1
-0.7,477.4,-477.0,4096.5,3870.2,3947.0,LLL,4,4,1
4.7,955.0,-9518.5,3008.9,2291.7,506.1,LLG,3,3,0
-7.5,957.3,-9524.5,3059.5,2370.2,538.6,LLG,3,3,0
-0.3,9578.6,-9516.9,2681.4,493.9,495.7,LG,1,1,0
-6.8,950.6,-9555.2,3041.7,2647.2,519.4,LLG,3,3,0
13.0,2898.9,-9511.7,1871.5,2081.7,510.2,LL,2,2,0
0.4,9522.0,-9595.7,2597.2,497.9,500.7,LG,1,1,0
-1.7,9526.1,-9531.3,2519.8,491.4,508.0,LG,1,1,0
-1.0,961.0,-9582.2,2974.5,2516.5,534.5,LLG,3,3,0
25.4,9566.2,-9575.9,519.3,504.6,501.2,NO,0,0,0
2.5,475.3,-475.2,4438.7,3868.8,4030.6,LLL,4,4,1
3.1,475.9,-474.3,4314.8,3864.7,3844.4,LLL,4,4,1
1.7,476.6,-475.8,4032.4,3980.2,4101.7,LLL,4,4,1
-3.9,475.9,-481.6,3691.1,4223.4,4168.8,LLL,4,4,1
-0.8,95.5,-96.1,4896.9,5007.1,5463.3,LLLG,5,5,1
36.9,9553.2,-9516.4,474.1,491.9,522.0,NO,0,0,0
98.8,9464.1,-9570.8,532.1,536.3,503.1,NO,0,0,0
-2.9,477.2,-472.5,3956.0,3928.6,4147.3,LLL,4,4,1
70.7,9528.2,-9580.1,518.8,493.2,495.8,NO,0,0,0
42.2,9487.5,-9585.5,508.9,530.0,477.6,NO,0,0,0
-7.7,953.8,-9519.2,3102.2,2540.2,483.8,LLG,3,3,0
-24.5,9516.3,-9430.2,480.7,501.4,521.8,NO,0,0,0
39.1,9580.0,-9554.4,534.8,479.1,516.2,NO,0,0,0
-6.1,960.2,-9512.8,3016.5,2519.8,505.0,LLG,3,3,0
13.1,953.7,-9411.3,2870.3,2531.9,516.9,LLG,3,3,0
0.3,475.6,-472.5,3998.4,3996.7,4274.7,LLL,4,4,1
-24.3,9530.4,-9495.5,509.2,509.2,516.9,NO,0,0,0
-77.4,9529.2,-9525.1,494.3,494.0,501.1,NO,0,0,0
32.9,9547.0,-9547.8,498.0,516.9,519.0,NO,0,0,0
5.8,479.3,-474.4,3767.0,3790.6,4136.6,LLL,4,4,1
-6.3,2875.5,-9507.7,2002.7,1997.8,486.3,LL,2,2,0
-0.7,94.7,-94.9,5028.6,4890.6,5060.3,LLLG,5,5,1
-0.5,948.4,-9482.6,2957.5,2321.0,495.8,LLG,3,3,0
-6.4,2851.4,-9519.5,1915.0,2173.3,514.6,LL,2,2,0
-0.2,948.7,-9629.2,3017.6,2400.3,491.4,LLG,3,3,0
1.7,9524.5,-9507.9,2487.8,487.9,477.2,LG,1,1,0
-0.4,94.8,-95.4,4657.7,4970.4,4789.8,LLLG,5,5,1
3.6,2853.9,-9517.4,2271.1,2081.6,484.1,LL,2,2,0
-84.7,9590.7,-9537.8,432.2,515.7,481.5,NO,0,0,0
-0.5,95.2,-95.7,4916.8,5300.2,5021.0,LLLG,5,5,1
32.1,9592.5,-9539.0,471.0,510.4,510.7,NO,0,0,0
3.2,956.1,-9569.9,2952.7,2559.0,532.6,LLG,3,3,0
3.9,959.7,-9551.9,3125.6,2552.2,512.2,LLG,3,3,0
-12.8,2864.9,-9495.2,1861.5,2032.6,509.6,LL,2,2,0
-25.7,9567.8,-9564.3,495.7,479.9,476.3,NO,0,0,0
37.0,9497.4,-9516.3,526.9,488.7,515.1,NO,0,0,0
0.7,475.8,-478.5,4219.8,3978.6,4155.9,LLL,4,4,1
-9.4,946.3,-9588.0,2931.3,2586.2,489.7,LLG,3,3,0
22.1,2859.9,-9447.8,1964.5,1985.4,499.6,LL,2,2,0
-1.2,474.7,-474.7,3920.5,4054.0,3774.3,LLL,4,4,1
44.0,9619.1,-9497.2,482.0,517.8,512.9,NO,0,0,0
24.5,9514.6,-9498.7,518.6,496.9,509.3,NO,0,0,0
-0.1,95.2,-96.0,5167.3,5030.3,5320.9,LLLG,5,5,1
-0.6,474.1,-479.3,4192.1,4205.3,3833.8,LLL,4,4,1
-1.3,951.8,-9530.3,2946.2,2429.6,489.6,LLG,3,3,0
6.1,955.7,-9493.7,3064.8,2527.9,453.6,LLG,3,3,0
-0.4,9468.6,-9584.2,2629.7,522.7,518.8,LG,1,1,0
12.9,2857.1,-9529.0,2155.3,2064.6,514.3,LL,2,2,0
11.3,952.7,-9556.1,3064.0,2506.5,499.1,LLG,3,3,0
5.7,480.4,-475.0,4131.6,3898.0,3986.2,LLL,4,4,1
-0.9,477.1,-478.3,4013.5,4112.7,4121.6,LLL,4,4,1
-2.8,944.8,-9420.1,3117.8,2422.9,520.8,LLG,3,3,0
58.7,9491.3,-9573.5,520.0,521.6,507.6,NO,0,0,0
-54.5,9616.0,-9480.4,517.3,492.1,503.2,NO,0,0,0
-0.6,95.1,-95.9,5080.2,5020.2,4976.7,LLLG,5,5,1
7.7,2865.7,-9513.6,2162.4,2047.8,479.5,LL,2,2,0
-73.6,9567.8,-9528.1,483.8,463.9,503.3,NO,0,0,0
4.0,955.2,-9481.3,2886.7,2458.0,510.6,LLG,3,3,0
7.4,9551.8,-9528.7,495.2,477.1,520.4,NO,0,0,0
-7.4,944.5,-9574.8,2905.4,2606.5,484.0,LLG,3,3,0
-16.4,9565.1,-9506.5,502.2,462.1,498.7,NO,0,0,0
-1.1,94.5,-95.2,4901.7,4919.9,5321.8,LLLG,5,5,1
3.8,9452.7,-9505.3,2610.3,472.8,553.5,LG,1,1,0
-13.2,2850.2,-9431.9,2000.1,1986.7,475.1,LL,2,2,0
-0.1,95.0,-95.2,4832.1,4993.4,4766.3,LLLG,5,5,1
-6.1,2859.1,-9509.6,1947.1,1941.1,513.5,LL,2,2,0
16.4,9567.7,-9499.5,499.6,517.5,514.5,NO,0,0,0
-2.6,474.8,-479.2,3929.4,3957.3,3903.0,LLL,4,4,1
10.9,2848.6,-9424.0,2059.4,1970.8,461.3,LL,2,2,0
-36.5,9485.6,-9523.9,520.8,512.0,477.6,NO,0,0,0
1.2,479.6,-477.6,3893.7,3996.4,4317.7,LLL,4,4,1
-79.0,9504.7,-9498.7,469.4,511.1,498.2,NO,0,0,0
-18.1,2864.1,-9636.6,2136.4,1969.1,495.6,LL,2,2,0
3.6,947.3,-9472.2,3193.6,2521.8,507.8,LLG,3,3,0
9.9,2853.2,-9476.1,1799.4,1869.1,499.4,LL,2,2,0
74.4,9439.7,-9436.0,516.5,485.0,492.3,NO,0,0,0
2.4,476.5,-475.3,4060.2,3891.9,4040.0,LLL,4,4,1
-1.4,95.5,-95.4,4967.1,5086.7,4744.2,LLLG,5,5,1
2.4,478.6,-479.2,3896.5,3983.3,3979.4,LLL,4,4,1
-4.0,480.4,-474.9,4124.8,4189.6,3959.3,LLL,4,4,1
96.6,9477.6,-9498.1,517.0,503.2,505.5,NO,0,0,0
4.1,9562.4,-9536.6,2493.1,469.5,503.8,LG,1,1,0
-0.0,482.3,-473.8,3790.0,3821.7,3555.1,LLL,4,4,1
-3.1,9576.1,-9472.9,501.3,522.5,493.5,NO,0,0,0
-0.7,961.3,-9494.0,3083.9,2532.7,517.4,LLG,3,3,0
-3.9,9525.1,-9561.2,2569.5,506.1,495.8,LG,1,1,0
-3.7,9439.1,-9546.6,2576.7,503.1,492.7,LG,1,1,0
65.7,9590.0,-9568.1,474.5,505.3,508.6,NO,0,0,0
-27.4,2833.7,-9489.0,1958.9,2024.1,516.2,LL,2,2,0
-0.2,9561.9,-9647.6,2414.4,515.8,483.1,LG,1,1,0
1.4,476.8,-477.6,3878.5,3935.5,4094.2,LLL,4,4,1
122.9,9513.8,-9469.6,511.2,512.5,489.1,NO,0,0,0
-5.4,947.7,-9520.1,2955.4,2472.4,501.7,LLG,3,3,0
4.1,9506.3,-9571.6,2297.1,492.5,508.4,LG,1,1,0
105.8,9561.2,-9510.3,515.9,503.5,500.9,NO,0,0,0
-0.1,472.6,-476.8,4197.1,3869.7,4084.7,LLL,4,4,1
2.3,9501.9,-9465.9,2340.0,531.3,492.0,LG,1,1,0
-1.6,950.5,-9552.5,2962.6,2621.5,505.3,LLG,3,3,0
35.2,9558.4,-9538.6,514.9,470.3,473.0,NO,0,0,0
12.3,2838.9,-9546.4,1961.6,2135.1,557.5,LL,2,2,0
-16.7,9507.4,-9591.5,489.4,499.0,500.1,NO,0,0,0
1.1,945.1,-9521.9,2959.6,2561.3,494.4,LLG,3,3,0
-1.4,941.2,-9445.6,2920.3,2551.6,510.9,LLG,3,3,0
2.9,2846.4,-9448.2,1884.4,2095.0,497.3,LL,2,2,0
45.3,9430.9,-9517.7,541.8,504.2,496.7,NO,0,0,0
-6.6,2852.2,-9435.3,2001.3,2065.9,461.7,LL,2,2,0
0.8,952.4,-9505.3,3005.9,2439.9,473.3,LLG,3,3,0
1.7,478.4,-478.1,4023.1,3975.0,4140.5,LLL,4,4,1
-4.2,473.6,-479.7,3912.3,3921.1,3842.1,LLL,4,4,1
-13.7,2880.6,-9449.7,1746.4,2182.9,509.1,LL,2,2,0
-13.2,9552.0,-9469.4,469.6,469.1,448.1,NO,0,0,0
-4.6,477.5,-471.4,4106.9,4183.2,4087.5,LLL,4,4,1
-25.9,2847.2,-9570.8,2038.8,2129.7,478.9,LL,2,2,0
-7.1,2874.2,-9482.1,2073.6,2101.1,495.8,LL,2,2,0
-2.2,9495.8,-9593.6,2572.6,510.5,522.7,LG,1,1,0
-55.7,9495.1,-9492.3,482.3,484.4,494.4,NO,0,0,0
16.3,9530.9,-9529.0,526.0,473.6,471.3,NO,0,0,0
1.6,2831.3,-9432.4,1964.6,2024.3,485.9,LL,2,2,0
-106.3,9563.3,-9458.9,458.0,480.8,528.9,NO,0,0,0
19.3,2888.0,-9557.9,2060.8,2004.5,491.1,LL,2,2,0
2.7,472.8,-479.4,4144.1,4192.6,3962.1,LLL,4,4,1
-6.1,947.1,-9479.0,3025.2,2466.5,514.1,LLG,3,3,0
3.6,950.1,-9580.4,2980.9,2419.7,522.5,LLG,3,3,0
15.2,9607.6,-9546.4,504.1,458.1,546.3,NO,0,0,0
23.6,2817.1,-9463.8,1941.1,2023.1,511.8,LL,2,2,0
-1.2,482.7,-476.9,3991.6,4159.0,3987.6,LLL,4,4,1
38.4,9467.4,-9602.9,491.1,523.3,510.4,NO,0,0,0
2.3,952.9,-9536.0,3106.9,2436.9,494.7,LLG,3,3,0
-146.5,9480.9,-9516.3,458.5,534.9,529.2,NO,0,0,0
-0.9,474.4,-476.2,3917.7,3597.4,3615.6,LLL,4,4,1
0.5,472.4,-476.6,4198.7,4024.7,3444.0,LLL,4,4,1
0.2,476.3,-475.4,4062.7,4345.9,4086.7,LLL,4,4,1
23.9,9457.7,-9592.2,487.4,529.6,502.2,NO,0,0,0
74.1,9565.5,-9615.9,487.9,488.7,540.0,NO,0,0,0
-2.4,2872.3,-9524.7,2061.7,1947.5,527.5,LL,2,2,0
-119.6,9559.4,-9516.7,529.2,503.7,497.9,NO,0,0,0
-0.5,95.9,-95.5,5039.4,5165.1,5237.5,LLLG,5,5,1
0.3,94.7,-95.0,4832.5,4654.0,5080.0,LLLG,5,5,1
-1.9,474.1,-479.0,3938.3,4078.3,4166.7,LLL,4,4,1
-0.6,95.3,-94.6,5229.9,4896.7,5245.3,LLLG,5,5,1
-27.4,2852.7,-9613.1,2024.4,2039.9,492.7,LL,2,2,0
2.4,475.6,-474.5,4038.8,4084.5,4094.3,LLL,4,4,1
3.5,2874.3,-9489.3,1883.4,1992.8,469.1,LL,2,2,0
4.5,9606.0,-9607.5,2347.7,511.0,510.0,LG,1,1,0
-0.7,95.2,-95.0,5161.6,4883.4,4973.0,LLLG,5,5,1
-42.1,9542.5,-9463.3,485.4,534.3,510.4,NO,0,0,0
4.2,9601.8,-9422.5,2496.8,484.4,516.2,LG,1,1,0
-6.5,949.8,-9500.8,3052.3,2570.0,485.7,LLG,3,3,0
128.3,9512.0,-9546.6,509.7,526.4,463.8,NO,0,0,0
-7.4,9497.6,-9554.9,2362.9,492.9,453.8,LG,1,1,0
-90.5,9519.3,-9548.6,489.0,496.2,524.1,NO,0,0,0
4.9,9464.5,-9509.7,2561.9,503.6,495.4,LG,1,1,0
4.8,472.8,-472.3,4179.5,4043.6,3929.1,LLL,4,4,1
33.3,9522.0,-9452.7,494.8,517.0,533.2,NO,0,0,0
66.0,9531.0,-9483.6,494.7,494.0,505.5,NO,0,0,0
-0.3,95.4,-95.3,4746.3,4844.7,4886.7,LLLG,5,5,1
0.4,95.1,-95.3,5156.7,4933.3,5298.1,LLLG,5,5,1
-3.0,477.9,-473.6,3693.2,3939.2,3773.0,LLL,4,4,1
101.6,9537.7,-9533.0,503.5,492.1,501.7,NO,0,0,0
0.2,2832.7,-9521.5,1912.9,1972.1,483.3,LL,2,2,0
70.2,9503.1,-9439.6,491.4,487.4,503.8,NO,0,0,0
0.2,478.3,-476.6,4135.6,3954.6,3777.5,LLL,4,4,1
-2.7,2867.3,-9491.2,2003.8,1957.4,521.1,LL,2,2,0
-0.7,481.4,-481.2,3832.7,3823.5,4095.1,LLL,4,4,1
6.2,478.1,-474.4,4031.8,3954.3,3854.6,LLL,4,4,1
-7.1,2874.9,-9583.7,1848.5,2003.2,501.2,LL,2,2,0
2.2,9507.7,-9393.8,2436.9,514.1,498.8,LG,1,1,0
12.4,2873.6,-9558.6,2087.0,1968.9,500.2,LL,2,2,0
-0.2,95.8,-95.5,4933.8,4928.2,4908.4,LLLG,5,5,1
-1.6,9500.4,-9551.5,2513.6,492.7,485.0,LG,1,1,0
1.3,475.2,-481.3,4002.1,4014.6,3914.2,LLL,4,4,1
5.9,476.8,-477.9,3949.8,4205.8,3755.1,LLL,4,4,1
-1.8,951.0,-9488.8,2983.2,2430.4,510.6,LLG,3,3,0
-0.1,471.9,-475.6,4084.2,4088.0,4084.0,LLL,4,4,1
-0.3,95.7,-95.2,5236.7,4800.2,5233.1,LLLG,5,5,1
29.3,2854.0,-9451.9,2025.8,1949.7,482.7,LL,2,2,0
1.2,954.6,-9473.7,2834.6,2578.8,459.4,LLG,3,3,0
1.7,2842.4,-9555.5,2003.6,2073.8,496.9,LL,2,2,0
-3.3,2887.1,-9459.9,2124.2,1974.6,534.2,LL,2,2,0
-6.7,2865.3,-9485.8,2048.0,1967.2,540.5,LL,2,2,0
-7.7,9471.7,-9562.8,526.1,486.0,487.6,NO,0,0,0
-0.3,95.1,-94.1,4741.0,5269.3,4851.9,LLLG,5,5,1
-1.2,478.0,-478.5,4042.9,4067.7,4209.6,LLL,4,4,1
-22.0,2883.9,-9561.9,1970.0,1958.1,529.8,LL,2,2,0
-87.7,9507.0,-9603.7,492.7,501.5,526.4,NO,0,0,0
145.9,9480.0,-9616.2,496.9,495.5,494.3,NO,0,0,0
-34.9,9542.0,-9461.0,521.7,486.7,516.2,NO,0,0,0
-0.2,95.3,-95.3,4643.9,5053.5,5057.3,LLLG,5,5,1
0.1,94.9,-94.9,5001.1,5034.0,4889.4,LLLG,5,5,1
0.7,472.9,-474.4,3916.0,3910.5,3974.1,LLL,4,4,1
7.8,2893.0,-9512.1,1998.9,1801.9,512.2,LL,2,2,0
1.4,481.9,-475.2,3837.2,3902.1,4113.1,LLL,4,4,1
1.4,475.6,-472.4,3949.5,3959.8,3910.8,LLL,4,4,1
0.6,9473.7,-9528.6,497.3,531.0,501.3,NO,0,0,0
-86.2,9607.5,-9545.0,515.0,522.7,487.5,NO,0,0,0
2.5,475.6,-476.0,4054.9,4122.0,4094.3,LLL,4,4,1
-10.7,9473.1,-9412.7,485.6,475.3,461.5,NO,0,0,0
60.0,9464.1,-9515.3,450.8,484.4,516.3,NO,0,0,0
-5.7,959.7,-9507.2,3100.3,2605.7,498.7,LLG,3,3,0
-4.8,956.4,-9569.0,3079.6,2565.7,495.5,LLG,3,3,0
8.7,2848.5,-9522.9,2078.4,1897.4,518.6,LL,2,2,0
3.3,952.5,-9445.8,3065.2,2520.6,486.4,LLG,3,3,0
-60.8,9563.8,-9529.4,512.8,490.4,546.4,NO,0,0,0
-0.3,95.5,-95.2,5040.5,5164.1,4978.4,LLLG,5,5,1
21.4,2844.6,-9479.4,2091.0,1941.1,515.1,LL,2,2,0
115.9,9502.3,-9574.4,530.8,498.7,482.0,NO,0,0,0
57.4,9534.4,-9476.2,522.0,502.0,507.9,NO,0,0,0
5.0,952.0,-9540.9,3036.9,2531.0,491.8,LLG,3,3,0
0.8,477.1,-477.5,3698.6,3922.0,4004.5,LLL,4,4,1
-40.9,2860.0,-9544.4,1947.6,2027.5,497.0,LL,2,2,0
-35.0,9558.2,-9509.6,504.9,488.2,488.5,NO,0,0,0
10.4,957.2,-9480.1,3094.2,2548.0,493.5,LLG,3,3,0
-22.4,9591.4,-9526.0,508.7,512.5,484.3,NO,0,0,0
-36.9,9486.8,-9434.3,523.8,467.3,487.5,NO,0,0,0
0.6,965.5,-9544.7,2944.5,2550.1,477.7,LLG,3,3,0
0.8,9602.2,-9577.4,2661.6,504.1,497.7,LG,1,1,0
-4.4,952.2,-9538.7,3000.3,2397.0,486.6,LLG,3,3,0
-2.2,9555.5,-9487.2,513.9,536.7,486.0,NO,0,0,0
45.9,9578.2,-9559.1,488.3,495.4,518.3,NO,0,0,0
-10.3,9627.7,-9479.6,2415.9,511.2,486.1,LG,1,1,0
-11.9,2858.2,-9480.5,1881.8,1973.2,504.8,LL,2,2,0
1.0,964.0,-9528.9,2944.5,2610.3,493.0,LLG,3,3,0
-8.5,2838.2,-9530.6,2051.9,1947.7,495.1,LL,2,2,0
42.0,9529.5,-9549.6,516.5,503.2,495.5,NO,0,0,0
1.8,952.4,-9485.0,3041.8,2329.2,498.2,LLG,3,3,0
9.3,2853.8,-9461.7,1951.7,2008.3,471.6,LL,2,2,0
0.3,95.0,-94.8,4707.7,4839.4,5364.4,LLLG,5,5,1
-5.3,9547.5,-9571.1,2558.9,487.9,505.3,LG,1,1,0
-4.2,2872.0,-9492.4,2071.1,2199.0,509.3,LL,2,2,0
-3.5,475.8,-477.0,4077.7,4019.1,3808.0,LLL,4,4,1
24.1,2866.0,-9552.2,2049.6,1973.3,505.1,LL,2,2,0
-2.7,474.7,-474.7,3925.6,4238.1,4182.6,LLL,4,4,1
4.9,2855.2,-9560.9,2090.0,2157.6,522.5,LL,2,2,0
0.5,95.2,-95.3,5099.9,5475.5,5038.1,LLLG,5,5,1
-149.7,9485.2,-9518.2,479.1,439.3,484.0,NO,0,0,0
7.0,2878.4,-9543.0,1948.3,1995.3,470.1,LL,2,2,0
6.6,474.9,-474.0,3874.1,4093.4,4324.7,LLL,4,4,1
-4.8,9593.6,-9474.8,457.3,506.5,467.8,NO,0,0,0
1.3,478.7,-476.3,4292.7,3987.3,4023.2,LLL,4,4,1
-39.4,9436.8,-9554.3,463.4,472.7,531.0,NO,0,0,0
-0.2,95.6,-94.9,4758.4,4984.5,5159.6,LLLG,5,5,1
-3.4,474.9,-479.9,4096.9,4040.8,4050.3,LLL,4,4,1
3.8,956.0,-9578.8,2914.7,2465.0,532.8,LLG,3,3,0
-9.9,9623.2,-9480.3,473.7,492.7,523.6,NO,0,0,0
-1.1,9513.8,-9587.0,2397.5,468.6,508.1,LG,1,1,0
-4.5,473.9,-475.4,3899.4,3955.9,3854.7,LLL,4,4,1
-17.9,9520.1,-9612.1,511.5,502.6,535.9,NO,0,0,0
0.7,95.0,-94.6,5053.2,4900.9,4880.0,LLLG,5,5,1
-3.0,474.5,-473.4,3730.2,3793.5,4159.5,LLL,4,4,1
-58.9,9517.8,-9553.1,504.6,498.2,481.7,NO,0,0,0
4.1,948.4,-9584.1,3088.0,2461.3,501.7,LLG,3,3,0
0.6,95.2,-94.9,4898.8,5141.9,5097.6,LLLG,5,5,1
0.7,94.9,-96.4,5035.6,4378.0,4619.9,LLLG,5,5,1
-4.6,9570.6,-9506.2,2528.3,542.2,492.6,LG,1,1,0
-15.8,9513.9,-9571.8,520.7,479.5,500.4,NO,0,0,0
-0.4,95.4,-95.3,4679.6,4969.1,5038.7,LLLG,5,5,1
1.3,474.5,-478.1,4229.1,3890.9,4101.6,LLL,4,4,1
-0.1,94.5,-94.8,5117.9,4851.4,5506.0,LLLG,5,5,1
1.8,475.5,-473.2,4119.4,4067.2,4044.4,LLL,4,4,1
0.6,95.0,-95.2,4945.4,5087.2,4924.1,LLLG,5,5,1
77.4,9536.6,-9571.8,481.7,525.1,503.7,NO,0,0,0
3.2,479.2,-480.9,3930.9,4423.2,4018.3,LLL,4,4,1
-1.6,475.8,-478.4,4147.5,3916.9,3955.9,LLL,4,4,1
11.9,9489.4,-9634.4,519.0,519.2,460.0,NO,0,0,0
-16.4,2855.4,-9525.9,1850.9,2061.7,520.6,LL,2,2,0
-0.1,476.5,-480.2,3964.8,3765.2,3978.7,LLL,4,4,1
96.0,9471.8,-9546.3,506.1,512.4,494.3,NO,0,0,0
-4.4,949.5,-9497.9,2908.0,2439.1,483.4,LLG,3,3,0
0.9,96.1,-95.6,4952.5,5129.9,4868.4,LLLG,5,5,1
0.5,951.8,-9591.0,3041.2,2537.8,500.1,LLG,3,3,0
-0.5,95.6,-96.6,4961.3,4946.6,4881.2,LLLG,5,5,1
-1.1,473.8,-473.8,4074.6,4160.2,4043.3,LLL,4,4,1
77.8,9539.5,-9594.1,488.7,516.7,486.5,NO,0,0,0
-4.3,474.9,-475.8,3969.1,3967.9,4163.9,LLL,4,4,1
-3.1,947.6,-9485.1,3077.0,2550.6,475.0,LLG,3,3,0
0.7,480.5,-476.0,4001.4,4099.8,4242.1,LLL,4,4,1
0.1,96.2,-95.6,4806.7,4712.3,4653.5,LLLG,5,5,1
26.3,9620.3,-9536.7,499.0,484.2,483.3,NO,0,0,0
-58.8,9470.7,-9440.8,489.6,473.1,502.5,NO,0,0,0
-1.4,9541.0,-9595.6,2466.2,502.7,475.6,LG,1,1,0
-1.9,479.0,-474.6,4309.8,4045.9,3792.8,LLL,4,4,1
-7.6,952.8,-9629.1,2908.3,2387.7,531.4,LLG,3,3,0
2.4,959.1,-9620.6,2864.1,2485.4,501.6,LLG,3,3,0
-2.8,475.9,-479.1,4478.1,3797.3,3941.2,LLL,4,4,1
-2.3,9491.8,-9540.8,2484.2,516.5,514.8,LG,1,1,0
103.2,9567.1,-9506.0,471.0,492.6,479.5,NO,0,0,0
-1.5,2858.5,-9417.7,2022.0,1939.4,513.1,LL,2,2,0
-0.5,477.9,-477.2,4011.4,3928.8,4020.0,LLL,4,4,1
0.2,2833.6,-9443.0,2002.8,2045.5,482.0,LL,2,2,0
22.1,9505.2,-9545.1,492.0,500.3,504.6,NO,0,0,0
33.2,9567.3,-9541.8,504.5,503.4,494.4,NO,0,0,0
0.6,9514.4,-9567.4,504.1,503.3,501.3,NO,0,0,0
6.5,9492.1,-9550.5,2490.9,511.5,527.0,LG,1,1,0
10.0,9518.8,-9523.2,529.4,489.7,483.7,NO,0,0,0
-0.4,9587.4,-9497.8,2511.2,458.4,503.2,LG,1,1,0
-1.0,95.2,-94.9,4865.3,4834.5,5204.4,LLLG,5,5,1
-77.1,9528.1,-9564.4,471.5,508.7,533.4,NO,0,0,0
-2.4,476.4,-475.5,4117.0,3915.1,3938.6,LLL,4,4,1
-19.2,9556.2,-9554.3,499.6,480.5,484.0,NO,0,0,0
37.3,9527.2,-9588.2,492.9,467.9,503.7,NO,0,0,0
-2.5,476.0,-471.8,4181.1,4348.6,4360.6,LLL,4,4,1
2.1,948.3,-9518.2,2979.0,2607.7,484.3,LLG,3,3,0
5.4,472.8,-479.9,4045.3,4106.9,3950.8,LLL,4,4,1
-14.5,2864.7,-9597.0,1979.8,1933.0,479.8,LL,2,2,0
4.6,2850.4,-9566.7,1991.4,1907.2,507.5,LL,2,2,0
0.7,475.1,-476.9,3939.9,3859.5,3995.2,LLL,4,4,1
73.8,9575.9,-9489.7,515.2,531.0,502.0,NO,0,0,0
3.7,951.7,-9595.1,2775.5,2350.2,484.6,LLG,3,3,0
-11.9,956.4,-9570.7,3049.8,2357.1,513.3,LLG,3,3,0
-3.3,475.1,-477.2,3993.3,4111.2,4032.7,LLL,4,4,1
2.8,9497.2,-9534.7,2308.6,479.5,470.9,LG,1,1,0
1.0,9488.4,-9497.3,2544.8,502.3,481.7,LG,1,1,0
-14.5,9554.8,-9566.6,460.9,458.2,513.7,NO,0,0,0
-1.5,9492.0,-9449.7,2477.6,445.1,479.5,LG,1,1,0
79.1,9516.1,-9503.7,510.5,479.7,518.4,NO,0,0,0
-0.3,944.6,-9513.4,3065.0,2331.9,535.9,LLG,3,3,0
6.8,956.1,-9514.1,2928.5,2456.0,503.4,LLG,3,3,0
2.5,477.0,-471.8,4199.2,4304.0,4092.6,LLL,4,4,1
-2.4,952.5,-9472.2,2974.2,2304.0,533.7,LLG,3,3,0
-2.1,479.1,-478.4,4117.8,4063.2,3734.0,LLL,4,4,1
-64.0,9467.2,-9489.5,502.4,516.1,484.5,NO,0,0,0
0.7,94.7,-95.6,5259.7,5218.1,4893.5,LLLG,5,5,1
-69.2,9535.9,-9503.6,510.7,496.0,494.2,NO,0,0,0
47.1,9501.5,-9483.5,525.8,506.6,484.8,NO,0,0,0
6.6,9500.1,-9535.9,2417.6,499.2,468.0,LG,1,1,0
0.8,474.1,-472.9,3723.7,4078.7,4151.8,LLL,4,4,1
1.2,477.6,-475.3,4120.8,3722.1,4050.7,LLL,4,4,1
-58.3,9447.4,-9573.6,489.2,511.4,475.3,NO,0,0,0
-45.3,9576.2,-9521.2,511.9,491.1,468.0,NO,0,0,0
5.6,946.2,-9582.7,3178.9,2537.4,479.1,LLG,3,3,0
6.8,9512.6,-9411.7,2378.3,453.4,515.9,LG,1,1,0
-73.4,9485.1,-9501.9,512.6,490.2,489.9,NO,0,0,0
0.7,9482.7,-9567.5,2380.1,495.1,504.1,LG,1,1,0
-6.6,949.5,-9632.4,3009.8,2568.9,504.3,LLG,3,3,0
-1.9,9574.6,-9598.8,2643.0,529.3,490.0,LG,1,1,0
4.0,9640.4,-9562.8,2517.5,486.2,489.7,LG,1,1,0
-24.6,9574.4,-9460.7,482.8,525.3,490.6,NO,0,0,0
-0.5,95.2,-95.6,4796.3,4834.2,4724.5,LLLG,5,5,1
-1.4,956.6,-9497.4,2994.3,2373.3,473.4,LLG,3,3,0
-0.0,95.0,-95.2,4604.7,5327.8,4950.3,LLLG,5,5,1
2.8,475.3,-474.7,4052.7,3824.9,3864.8,LLL,4,4,1
2.1,473.7,-474.0,3910.7,4188.8,3944.2,LLL,4,4,1
-1.7,475.2,-477.7,4038.1,4083.4,4050.2,LLL,4,4,1
15.0,9556.0,-9456.4,549.6,508.9,474.9,NO,0,0,0
7.2,9485.2,-9456.3,2532.1,466.1,457.2,LG,1,1,0
-11.6,9553.8,-9576.4,498.7,514.2,484.5,NO,0,0,0
-0.9,475.9,-477.3,4095.7,3930.9,3979.6,LLL,4,4,1
1.8,957.7,-9404.5,2913.8,2613.6,527.5,LLG,3,3,0
-6.1,2879.5,-9495.9,2087.7,2017.8,492.8,LL,2,2,0
-5.2,953.4,-9544.4,3040.0,2441.8,477.4,LLG,3,3,0
-20.4,9528.3,-9633.2,530.0,475.5,477.0,NO,0,0,0
44.1,9559.0,-9524.9,532.0,501.6,490.2,NO,0,0,0
-19.3,2830.1,-9442.9,1934.3,1955.2,516.0,LL,2,2,0
-0.6,94.9,-95.2,5066.8,5082.6,5309.9,LLLG,5,5,1
1.3,478.0,-474.7,3965.3,4031.5,3779.1,LLL,4,4,1
4.1,951.5,-9494.1,2800.2,2404.0,499.9,LLG,3,3,0
-4.6,472.8,-474.3,3749.7,3858.2,4247.0,LLL,4,4,1
26.0,2821.7,-9582.3,1960.1,2082.4,518.3,LL,2,2,0
10.2,2868.1,-9621.6,1998.1,1851.4,507.6,LL,2,2,0
-8.0,2853.5,-9476.0,2008.6,2018.4,531.6,LL,2,2,0
-2.6,479.0,-480.2,3997.7,3785.0,3931.1,LLL,4,4,1
-11.9,9468.0,-9468.1,522.2,487.1,509.9,NO,0,0,0
5.7,950.7,-9548.2,3097.1,2243.9,495.5,LLG,3,3,0
0.1,475.6,-473.6,4143.5,4235.8,4039.1,LLL,4,4,1
3.6,947.8,-9472.7,2882.8,2581.5,491.2,LLG,3,3,0
22.8,9567.5,-9489.7,497.4,530.1,508.6,NO,0,0,0
0.0,95.9,-95.8,5149.8,4788.5,4820.8,LLLG,5,5,1
-7.5,9558.1,-9537.0,2474.0,507.2,506.9,LG,1,1,0
-7.0,942.2,-9552.5,2951.0,2620.6,484.1,LLG,3,3,0
-0.2,94.7,-95.4,4672.7,5260.8,5229.3,LLLG,5,5,1
-1.1,480.1,-475.6,3913.6,3904.6,4000.5,LLL,4,4,1
1.4,477.2,-477.6,3857.8,4093.5,4119.8,LLL,4,4,1
5.9,474.9,-476.7,3849.5,4239.9,4238.8,LLL,4,4,1
-186.3,9537.6,-9548.3,493.3,496.1,509.2,NO,0,0,0
-0.9,943.0,-9527.6,3156.4,2434.5,493.5,LLG,3,3,0
0.4,95.2,-95.4,5075.1,4740.5,5240.2,LLLG,5,5,1
4.5,2856.1,-9587.0,2100.7,2030.9,547.6,LL,2,2,0
-3.3,2870.3,-9535.8,1996.8,2004.8,475.5,LL,2,2,0
-8.7,9523.7,-9549.4,516.6,467.5,519.3,NO,0,0,0
-1.6,959.4,-9723.0,2859.9,2371.6,487.9,LLG,3,3,0
-49.2,9588.8,-9480.8,527.5,499.3,524.5,NO,0,0,0
-1.7,956.7,-9565.2,2816.4,2420.1,514.7,LLG,3,3,0
-40.8,9514.3,-9460.3,507.0,501.6,494.4,NO,0,0,0
-2.4,9555.3,-9456.5,2385.8,464.4,489.7,LG,1,1,0
1.6,2870.9,-9565.9,2052.3,2119.4,498.8,LL,2,2,0
2.7,477.9,-475.0,3916.8,4259.9,4391.3,LLL,4,4,1
-0.5,94.1,-95.5,4970.9,5223.2,4803.0,LLLG,5,5,1
7.4,2867.9,-9573.1,1984.9,1987.1,515.4,LL,2,2,0
19.2,9566.1,-9560.8,502.4,512.9,483.9,NO,0,0,0
-3.9,958.6,-9534.5,2853.1,2627.4,516.0,LLG,3,3,0
-12.9,9588.3,-9475.8,501.3,488.8,512.2,NO,0,0,0
-0.2,9438.5,-9562.3,2447.1,497.1,535.9,LG,1,1,0
-56.5,9527.9,-9591.8,476.1,500.6,476.3,NO,0,0,0
-3.8,2863.0,-9530.1,1930.8,1881.3,494.4,LL,2,2,0
-2.9,479.6,-477.8,3925.5,4225.6,3939.0,LLL,4,4,1
-99.1,9505.6,-9484.2,527.9,462.5,479.1,NO,0,0,0
-3.1,9476.5,-9502.7,2287.6,484.4,481.9,LG,1,1,0
-12.6,2876.9,-9511.7,2013.9,2076.5,495.2,LL,2,2,0
-5.0,9565.7,-9487.5,2478.6,522.4,469.5,LG,1,1,0
-2.5,474.7,-477.4,4035.3,4199.9,4066.4,LLL,4,4,1
-3.8,2869.5,-9508.6,1945.0,1949.2,533.6,LL,2,2,0
7.2,9527.4,-9497.8,496.3,534.7,508.8,NO,0,0,0
1.1,948.4,-9562.5,2976.4,2387.3,529.5,LLG,3,3,0
-1.4,479.7,-475.0,3988.3,3764.1,4077.9,LLL,4,4,1
-2.7,480.3,-478.0,4107.7,4009.2,3787.1,LLL,4,4,1
-4.2,9508.7,-9585.4,2525.6,505.0,512.1,LG,1,1,0
-11.6,9477.5,-9554.4,2571.7,477.7,512.8,LG,1,1,0
6.0,9508.1,-9498.8,520.7,486.2,504.1,NO,0,0,0
-13.8,944.8,-9499.0,3043.0,2708.7,527.9,LLG,3,3,0
-29.6,9608.3,-9527.7,517.3,505.9,526.7,NO,0,0,0
16.2,9534.5,-9381.3,509.0,478.9,517.6,NO,0,0,0
-2.3,9465.2,-9468.9,2458.5,531.1,498.7,LG,1,1,0
5.2,9555.2,-9627.4,445.3,473.0,530.7,NO,0,0,0
-1.7,476.4,-474.7,4035.1,3886.0,3755.6,LLL,4,4,1
-6.3,948.7,-9440.1,2986.5,2501.4,497.8,LLG,3,3,0
-1.3,2842.8,-9466.6,2059.7,2118.1,496.7,LL,2,2,0
44.9,9622.0,-9496.2,491.2,516.6,487.2,NO,0,0,0
0.3,95.4,-95.7,4807.3,5172.7,5196.7,LLLG,5,5,1
-21.4,2840.1,-9457.4,1999.1,2000.1,514.5,LL,2,2,0
-0.7,9527.1,-9492.9,2602.1,507.7,484.5,LG,1,1,0
3.4,476.9,-475.7,4155.5,3827.7,3619.2,LLL,4,4,1
3.9,946.0,-9491.1,2948.0,2566.9,526.4,LLG,3,3,0
-2.8,9492.6,-9575.2,494.6,521.1,507.3,NO,0,0,0
-0.2,95.5,-94.5,5030.5,4757.6,4823.7,LLLG,5,5,1
-1.8,478.5,-471.6,3813.5,4127.7,4071.2,LLL,4,4,1
81.3,9441.0,-9438.4,497.1,504.5,487.9,NO,0,0,0
-5.1,2858.0,-9494.2,1894.3,1986.1,489.1,LL,2,2,0
-3.7,478.4,-476.4,3934.5,3948.6,3971.2,LLL,4,4,1
-39.8,9527.7,-9565.6,491.9,467.5,520.1,NO,0,0,0
6.2,2850.3,-9488.0,1915.3,2002.2,517.5,LL,2,2,0
0.4,477.6,-471.1,4003.4,4031.4,3813.5,LLL,4,4,1
-44.2,9564.7,-9532.8,500.4,481.3,491.8,NO,0,0,0
-2.4,478.4,-474.4,4308.3,4304.8,3906.9,LLL,4,4,1
-1.4,472.3,-474.2,4132.3,3783.7,4183.6,LLL,4,4,1
-3.6,9507.2,-9592.5,2481.0,508.9,509.1,LG,1,1,0
-82.5,9573.9,-9559.9,505.4,505.4,503.8,NO,0,0,0
75.8,9481.4,-9605.3,470.1,472.4,464.0,NO,0,0,0
59.9,9453.5,-9472.8,470.4,483.9,510.6,NO,0,0,0
-5.1,475.6,-477.7,4068.7,4138.7,4087.4,LLL,4,4,1
-21.2,9531.6,-9507.1,468.5,497.3,507.3,NO,0,0,0
28.4,2883.5,-9464.3,2037.8,1956.5,486.0,LL,2,2,0
-3.3,9467.3,-9496.5,2442.9,487.2,531.3,LG,1,1,0
3.9,9496.9,-9587.2,500.4,511.4,473.6,NO,0,0,0
-4.7,9477.0,-9526.5,2576.8,518.1,493.7,LG,1,1,0
26.9,9577.3,-9561.6,496.7,488.1,483.1,NO,0,0,0
2.8,9510.1,-9502.5,2470.9,475.0,496.9,LG,1,1,0
-0.2,95.0,-95.9,4879.3,4922.1,4967.3,LLLG,5,5,1
-0.9,470.9,-477.5,4181.2,3911.3,4264.1,LLL,4,4,1
-39.2,9536.2,-9543.7,484.4,486.4,483.1,NO,0,0,0
7.7,9479.1,-9537.6,512.3,488.6,451.8,NO,0,0,0
1.4,9603.4,-9539.0,2609.6,503.0,495.0,LG,1,1,0
-45.4,2855.1,-9532.1,2037.8,1963.4,474.3,LL,2,2,0
2.4,9578.9,-9562.5,2538.1,483.3,495.5,LG,1,1,0
8.9,2852.8,-9544.5,1932.4,2171.0,517.4,LL,2,2,0
-2.4,9522.4,-9615.8,2435.6,514.2,490.0,LG,1,1,0
35.6,9519.0,-9512.5,496.6,524.4,473.2,NO,0,0,0
77.0,9537.6,-9555.0,492.5,490.5,472.7,NO,0,0,0
-6.7,950.3,-9444.1,3052.8,2490.5,546.7,LLG,3,3,0
-0.1,475.4,-479.7,4106.7,4065.2,4144.2,LLL,4,4,1
-14.0,9542.8,-9542.8,508.3,478.9,494.8,NO,0,0,0
0.0,96.4,-95.0,5339.6,5291.9,4890.3,LLLG,5,5,1
-1.8,475.1,-470.8,4334.1,3826.0,4085.5,LLL,4,4,1
-1.7,9548.2,-9515.4,2533.2,525.3,499.0,LG,1,1,0
-7.7,9521.6,-9487.4,2557.0,533.3,459.1,LG,1,1,0
-0.2,9550.7,-9460.1,2501.8,479.4,472.8,LG,1,1,0
-1.1,2859.1,-9435.5,1932.4,2119.6,515.4,LL,2,2,0
-0.2,95.2,-95.8,5145.0,4703.3,5186.5,LLLG,5,5,1
6.3,9518.7,-9497.5,523.6,480.1,490.1,NO,0,0,0
22.4,9504.8,-9487.5,497.2,543.6,497.9,NO,0,0,0
-0.5,476.0,-477.0,4332.0,3911.2,3762.0,LLL,4,4,1
19.3,2864.6,-9526.3,1949.2,2054.6,530.9,LL,2,2,0
-0.7,951.9,-9528.0,3026.0,2508.9,524.4,LLG,3,3,0
-21.1,2853.7,-9595.5,2073.2,1985.2,472.4,LL,2,2,0
-32.2,9582.9,-9557.4,529.3,531.4,534.4,NO,0,0,0
-12.0,9583.1,-9508.2,2427.7,497.0,474.3,LG,1,1,0
-1.4,9551.7,-9477.8,2507.4,528.3,500.9,LG,1,1,0
2.0,476.9,-479.1,3654.4,4034.2,3960.1,LLL,4,4,1
101.6,9543.4,-9403.1,480.4,516.5,502.7,NO,0,0,0
70.2,9575.0,-9535.8,531.2,477.7,479.8,NO,0,0,0
-54.3,9486.9,-9466.6,479.8,501.2,498.3,NO,0,0,0
-46.8,9528.0,-9450.9,483.4,509.7,518.1,NO,0,0,0
-58.9,9558.4,-9479.3,495.0,517.9,512.6,NO,0,0,0
-2.8,477.5,-474.9,4035.1,4111.5,3914.1,LLL,4,4,1
-2.4,953.3,-9529.1,2874.2,2638.8,516.5,LLG,3,3,0
-10.9,2860.0,-9525.9,1945.3,2067.1,516.7,LL,2,2,0
4.0,2867.2,-9546.5,1883.5,2050.6,493.1,LL,2,2,0
3.5,2855.4,-9453.3,1911.8,2020.1,529.2,LL,2,2,0
-6.3,9536.2,-9604.3,2656.2,500.1,475.1,LG,1,1,0
10.1,9577.0,-9538.9,506.6,545.3,521.8,NO,0,0,0
86.2,9526.1,-9454.1,481.2,485.7,509.9,NO,0,0,0
5.3,9529.1,-9545.2,2560.7,513.9,455.9,LG,1,1,0
0.5,471.0,-476.1,4180.5,4033.4,4207.8,LLL,4,4,1
1.7,474.9,-474.2,3999.1,4044.2,3942.2,LLL,4,4,1
-78.4,9498.1,-9513.1,515.9,504.0,489.2,NO,0,0,0
11.7,2838.3,-9610.4,1853.2,1971.2,519.5,LL,2,2,0
-4.9,943.3,-9467.3,2918.3,2462.6,527.5,LLG,3,3,0
7.6,2867.3,-9548.5,2016.3,2025.0,490.2,LL,2,2,0
-1.1,953.9,-9411.7,2891.5,2512.0,512.2,LLG,3,3,0
2.5,477.9,-473.7,4052.8,4026.9,4084.8,LLL,4,4,1
6.0,9541.7,-9505.7,2559.0,499.9,459.2,LG,1,1,0
-7.5,954.3,-9469.9,2966.4,2338.2,505.4,LLG,3,3,0
4.3,946.2,-9600.4,2974.1,2604.3,464.5,LLG,3,3,0
25.1,9456.0,-9502.9,516.0,536.3,517.8,NO,0,0,0
5.5,9503.2,-9493.6,2495.3,524.3,518.0,LG,1,1,0
50.7,9495.5,-9568.8,487.4,497.5,541.6,NO,0,0,0
2.6,473.3,-475.8,4094.7,3819.6,4106.1,LLL,4,4,1
15.5,2844.5,-9536.3,1897.1,1982.5,487.6,LL,2,2,0
-0.4,94.8,-94.6,4998.8,5129.8,5205.4,LLLG,5,5,1
-7.3,954.1,-9469.2,3234.0,2554.0,503.3,LLG,3,3,0
4.2,957.0,-9491.2,2954.0,2449.9,488.8,LLG,3,3,0
0.9,475.7,-474.3,4099.6,3828.8,4175.6,LLL,4,4,1
8.9,942.1,-9464.5,3121.3,2631.4,465.3,LLG,3,3,0
-9.2,9552.1,-9504.2,504.5,473.6,486.9,NO,0,0,0
67.9,9547.3,-9568.6,462.3,477.9,494.8,NO,0,0,0
5.2,9533.4,-9469.9,491.1,505.6,502.0,NO,0,0,0
40.2,9533.6,-9439.1,517.0,496.8,507.0,NO,0,0,0
-16.7,2858.8,-9570.9,2035.2,2117.4,481.9,LL,2,2,0
10.3,949.2,-9441.5,2892.7,2515.4,514.9,LLG,3,3,0
-4.1,950.6,-9558.2,2958.3,2591.9,474.9,LLG,3,3,0
53.0,9574.1,-9548.3,517.0,506.3,481.2,NO,0,0,0
-15.8,9531.8,-9562.9,518.6,504.9,467.5,NO,0,0,0
5.2,2845.3,-9427.2,2076.5,1978.9,496.5,LL,2,2,0
12.0,9552.7,-9557.8,538.9,520.6,503.7,NO,0,0,0
-5.6,951.9,-9534.8,3194.4,2588.2,506.1,LLG,3,3,0
11.3,2839.6,-9474.7,2020.8,1850.2,507.6,LL,2,2,0
-26.7,9537.8,-9550.0,492.7,496.0,525.4,NO,0,0,0
-0.2,476.2,-475.4,3914.4,4268.2,4137.2,LLL,4,4,1
3.9,9608.5,-9427.2,502.1,525.6,512.0,NO,0,0,0
1.1,96.0,-95.0,4903.3,4759.3,4834.9,LLLG,5,5,1
-1.2,476.3,-473.0,3907.2,4044.5,4058.1,LLL,4,4,1
0.0,475.5,-476.5,3944.6,3676.4,4008.6,LLL,4,4,1
-3.1,9625.7,-9529.2,2561.1,510.4,490.8,LG,1,1,0
-2.8,475.3,-472.7,3939.5,4034.7,4016.9,LLL,4,4,1
-12.2,9539.6,-9593.4,488.0,478.0,506.9,NO,0,0,0
-9.0,9609.3,-9483.8,2282.2,486.8,493.8,LG,1,1,0
0.5,9582.0,-9563.3,2614.1,487.6,476.6,LG,1,1,0
5.7,9478.0,-9550.3,2435.4,487.0,515.6,LG,1,1,0
-0.4,2837.0,-9545.2,1888.4,1865.6,491.4,LL,2,2,0
-1.7,477.0,-477.2,4086.0,4152.8,4073.9,LLL,4,4,1
-36.0,9550.6,-9542.3,509.5,504.3,497.2,NO,0,0,0
-1.2,472.1,-478.6,4260.9,4018.7,3847.6,LLL,4,4,1
57.3,9529.5,-9624.5,465.7,506.3,511.9,NO,0,0,0
-37.9,9565.6,-9534.2,507.0,477.6,482.2,NO,0,0,0
-11.4,2853.2,-9508.8,1925.8,1961.9,488.5,LL,2,2,0
-9.1,2864.6,-9467.1,1976.6,1931.2,543.0,LL,2,2,0
-1.2,9432.9,-9537.0,2355.6,480.8,510.1,LG,1,1,0
-0.8,946.5,-9557.2,2976.3,2593.3,493.8,LLG,3,3,0
-34.1,2845.5,-9587.7,2055.7,2037.3,508.0,LL,2,2,0
-0.1,473.2,-473.9,3772.3,4068.7,3976.3,LLL,4,4,1
-1.2,2835.5,-9456.6,2111.2,1946.1,501.3,LL,2,2,0
7.2,954.5,-9579.2,2852.4,2575.4,518.9,LLG,3,3,0
18.0,2857.9,-9557.6,2003.9,2119.1,500.7,LL,2,2,0
-42.0,9521.0,-9578.7,513.6,501.0,520.1,NO,0,0,0
-0.5,95.5,-95.6,5171.9,4731.1,5162.8,LLLG,5,5,1
-4.0,958.0,-9472.3,3011.4,2383.1,472.7,LLG,3,3,0
-25.6,2882.6,-9394.7,1906.2,2030.7,509.3,LL,2,2,0
-9.5,960.2,-9503.5,3087.2,2534.6,481.8,LLG,3,3,0
40.2,9457.4,-9611.8,504.9,494.4,488.1,NO,0,0,0
-0.7,9567.9,-9563.1,495.2,465.1,501.5,NO,0,0,0
10.1,945.4,-9603.5,3170.8,2477.6,497.8,LLG,3,3,0
-2.5,475.5,-473.4,3980.5,4083.1,4125.7,LLL,4,4,1
40.9,9542.7,-9603.8,501.6,486.9,515.4,NO,0,0,0
-5.0,953.0,-9543.6,3032.4,2465.3,489.8,LLG,3,3,0
-0.6,476.4,-478.0,4200.9,3897.1,3860.0,LLL,4,4,1
5.4,9514.8,-9509.6,528.6,497.3,542.5,NO,0,0,0
4.6,9521.4,-9452.4,481.4,510.7,477.0,NO,0,0,0
6.9,955.4,-9532.0,3053.8,2462.0,467.6,LLG,3,3,0
76.0,9540.7,-9528.4,501.7,477.0,478.4,NO,0,0,0
-6.8,955.8,-9456.8,3040.7,2348.7,512.2,LLG,3,3,0
-73.1,9503.6,-9502.0,506.8,533.8,435.8,NO,0,0,0
2.1,9480.4,-9511.4,2524.0,511.2,535.5,LG,1,1,0
-18.8,2869.7,-9559.9,1926.0,2023.7,494.8,LL,2,2,0
-1.8,9552.6,-9503.9,2482.9,511.1,459.4,LG,1,1,0
-49.2,9569.8,-9539.4,529.1,499.1,518.9,NO,0,0,0
-5.6,967.4,-9500.3,3071.2,2538.4,481.6,LLG,3,3,0
1.9,476.4,-475.6,4140.1,4142.2,3972.3,LLL,4,4,1
-3.6,474.7,-478.8,3971.6,4363.3,4000.8,LLL,4,4,1
0.1,95.8,-95.6,5197.6,4906.9,4824.2,LLLG,5,5,1
-0.8,9561.7,-9612.1,2228.9,522.9,526.5,LG,1,1,0
2.3,9490.6,-9587.3,2394.3,522.3,499.7,LG,1,1,0
3.8,477.4,-476.0,3569.4,4282.2,4009.3,LLL,4,4,1
5.8,9432.1,-9551.1,485.5,489.4,457.3,NO,0,0,0
28.1,9522.8,-9593.9,507.3,504.7,447.3,NO,0,0,0
-0.7,480.5,-474.4,4038.4,3890.1,4049.0,LLL,4,4,1
1.9,9560.9,-9509.1,2540.7,507.9,465.3,LG,1,1,0
2.9,9531.3,-9610.9,525.0,480.4,501.7,NO,0,0,0
-73.5,9501.9,-9559.4,516.4,518.6,501.5,NO,0,0,0
-35.0,9529.9,-9442.7,462.6,458.9,492.1,NO,0,0,0
1.1,9579.2,-9431.1,2638.3,515.1,513.0,LG,1,1,0
-0.5,95.0,-94.4,4867.7,4755.3,5077.4,LLLG,5,5,1
43.0,9548.5,-9534.8,512.7,479.6,481.9,NO,0,0,0
2.2,9512.7,-9411.6,471.9,517.1,492.3,NO,0,0,0
-6.4,9469.3,-9464.9,490.1,523.3,489.0,NO,0,0,0
-1.7,951.3,-9508.0,3032.2,2529.3,486.3,LLG,3,3,0
-2.8,954.6,-9452.4,2828.5,2482.4,488.2,LLG,3,3,0
1.9,9540.1,-9556.9,2532.8,511.4,506.0,LG,1,1,0
-0.7,949.8,-9543.8,3117.2,2437.2,511.5,LLG,3,3,0
0.5,476.4,-477.6,3665.0,3998.5,3879.6,LLL,4,4,1
-16.4,9573.7,-9491.8,506.9,499.1,515.7,NO,0,0,0
-9.8,9472.4,-9551.0,522.1,496.7,497.6,NO,0,0,0
0.8,9487.9,-9523.7,2408.8,478.1,518.3,LG,1,1,0
71.1,9540.7,-9502.1,529.0,494.7,505.5,NO,0,0,0
5.3,9516.3,-9608.5,2551.4,473.6,500.5,LG,1,1,0
0.2,9560.9,-9508.1,2472.7,481.3,514.9,LG,1,1,0
8.3,9532.2,-9521.1,2451.5,488.5,519.7,LG,1,1,0
-9.7,9601.6,-9549.4,480.8,522.2,492.4,NO,0,0,0
5.2,9543.6,-9519.4,2427.9,458.9,505.6,LG,1,1,0
12.1,945.7,-9547.5,3251.0,2443.0,478.0,LLG,3,3,0
17.6,2863.2,-9501.9,2114.1,1946.0,467.3,LL,2,2,0
-0.5,960.8,-9505.2,3025.1,2542.9,474.7,LLG,3,3,0
155.3,9486.9,-9565.6,503.7,503.9,525.0,NO,0,0,0
-8.9,9576.8,-9554.9,2504.1,442.0,484.6,LG,1,1,0
1.1,953.1,-9525.8,2976.0,2352.5,485.0,LLG,3,3,0
-2.1,470.9,-476.6,3911.2,4172.9,4132.4,LLL,4,4,1
-21.7,9532.3,-9499.0,490.8,510.3,467.0,NO,0,0,0
2.1,476.6,-477.1,4184.9,3894.8,3999.9,LLL,4,4,1
0.2,95.4,-94.4,5072.1,4969.1,4963.4,LLLG,5,5,1
0.4,476.2,-478.9,3987.4,3854.7,4135.4,LLL,4,4,1
0.4,95.3,-94.7,5361.8,5167.6,5245.0,LLLG,5,5,1
20.3,2851.7,-9506.7,2107.3,1994.0,474.7,LL,2,2,0
31.0,9513.8,-9531.4,488.9,517.1,515.0,NO,0,0,0
-0.5,478.5,-472.1,4195.4,3640.9,4072.4,LLL,4,4,1
-21.5,9444.4,-9551.9,510.0,466.0,503.1,NO,0,0,0
1.5,477.4,-471.0,3966.7,3895.6,3963.1,LLL,4,4,1
60.7,9574.1,-9508.1,487.1,513.6,480.6,NO,0,0,0
3.8,477.2,-477.2,4301.1,4074.9,4285.5,LLL,4,4,1
6.9,949.8,-9538.3,3254.5,2499.3,497.7,LLG,3,3,0
27.3,2858.7,-9540.0,1948.5,1977.8,504.6,LL,2,2,0
13.7,2850.3,-9489.8,1946.8,2033.0,461.7,LL,2,2,0
4.1,957.8,-9577.1,3045.3,2289.1,495.2,LLG,3,3,0
-1.0,480.5,-478.9,4522.2,3802.2,4335.1,LLL,4,4,1
5.8,951.9,-9617.3,2977.0,2453.4,524.3,LLG,3,3,0
-5.8,962.1,-9497.9,3154.0,2620.1,518.6,LLG,3,3,0
67.0,9560.2,-9482.2,487.6,491.7,497.6,NO,0,0,0
-0.1,482.1,-474.2,4009.3,4079.4,4015.6,LLL,4,4,1
16.0,2855.4,-9531.1,1921.8,1829.7,479.3,LL,2,2,0
-75.4,9496.8,-9532.9,506.5,498.8,515.0,NO,0,0,0
-0.8,9562.1,-9579.4,2571.8,496.2,543.7,LG,1,1,0
-34.5,9473.0,-9594.1,484.3,519.7,509.6,NO,0,0,0
-1.1,473.4,-479.3,4104.7,4055.6,4079.4,LLL,4,4,1
21.6,9529.5,-9456.1,494.9,529.0,480.2,NO,0,0,0
6.6,2849.0,-9510.2,2001.9,2049.7,507.8,LL,2,2,0
2.1,957.0,-9547.5,2872.5,2626.3,490.7,LLG,3,3,0
1.5,479.7,-481.6,3859.1,4145.8,3912.5,LLL,4,4,1
-6.7,954.8,-9533.4,2912.9,2467.8,526.2,LLG,3,3,0
-110.1,9533.8,-9574.2,515.3,522.9,477.8,NO,0,0,0
0.9,95.2,-95.1,4890.2,4858.2,4888.4,LLLG,5,5,1
20.1,2835.3,-9534.3,1923.3,1951.5,539.3,LL,2,2,0
3.3,950.1,-9556.9,3042.5,2641.4,481.3,LLG,3,3,0
6.4,9573.9,-9524.5,2472.4,522.5,486.7,LG,1,1,0
19.4,9581.2,-9597.2,485.6,488.2,497.5,NO,0,0,0
-63.5,9504.7,-9492.1,503.2,478.4,504.1,NO,0,0,0
81.4,9466.3,-9500.5,449.7,491.8,552.7,NO,0,0,0
-11.3,2870.8,-9525.1,1973.7,1928.4,501.9,LL,2,2,0
-0.5,478.8,-475.8,3928.0,3932.0,3975.2,LLL,4,4,1
-0.4,9558.8,-9540.1,2481.8,461.4,513.0,LG,1,1,0
-4.9,9462.4,-9604.0,503.8,500.3,488.4,NO,0,0,0
0.2,95.4,-94.8,5123.1,4698.6,5004.9,LLLG,5,5,1
18.9,9548.2,-9518.5,511.8,512.2,501.0,NO,0,0,0
-7.7,957.3,-9555.4,3061.1,2318.2,477.6,LLG,3,3,0
13.0,9437.0,-9544.0,2364.8,485.3,516.2,LG,1,1,0
28.7,9582.7,-9443.2,495.1,529.5,499.5,NO,0,0,0
25.4,2882.0,-9532.9,2019.0,2061.6,490.1,LL,2,2,0
16.7,9535.2,-9523.0,493.5,497.8,504.8,NO,0,0,0
1.2,951.1,-9537.9,3079.4,2431.8,482.7,LLG,3,3,0
-73.0,9549.0,-9523.4,481.1,481.8,489.8,NO,0,0,0
-0.6,951.1,-9514.9,2933.9,2406.4,493.2,LLG,3,3,0
53.9,9526.3,-9548.3,511.4,478.8,476.2,NO,0,0,0
0.1,476.9,-473.8,3776.3,4144.2,4141.3,LLL,4,4,1
0.8,478.8,-474.5,4166.6,4093.4,4052.0,LLL,4,4,1
-3.5,9461.3,-9473.9,2516.5,526.6,488.4,LG,1,1,0
90.5,9499.8,-9541.7,492.9,516.4,507.5,NO,0,0,0
-8.6,9587.6,-9510.9,488.2,530.3,481.6,NO,0,0,0
1.0,958.4,-9540.5,3197.8,2398.4,458.0,LLG,3,3,0
-26.6,2860.1,-9536.5,1951.5,2037.9,480.9,LL,2,2,0
2.9,9467.0,-9562.7,2495.7,498.3,531.8,LG,1,1,0
-1.4,950.6,-9563.5,2982.3,2607.7,473.6,LLG,3,3,0
-0.3,95.0,-94.6,5197.4,4726.9,4897.4,LLLG,5,5,1
-0.1,96.1,-95.4,4703.0,5043.5,4613.4,LLLG,5,5,1
-4.4,9560.2,-9531.0,506.4,523.7,503.3,NO,0,0,0
-2.9,959.3,-9399.3,2820.4,2515.1,518.4,LLG,3,3,0
3.4,2871.4,-9516.3,1963.9,1883.0,482.7,LL,2,2,0
3.0,476.1,-478.6,3976.7,3978.9,3868.1,LLL,4,4,1
0.7,475.9,-472.6,3993.4,3932.8,3789.8,LLL,4,4,1
0.1,96.3,-95.6,5024.4,4979.6,4962.9,LLLG,5,5,1
1.1,478.2,-477.1,4285.7,4047.2,4029.1,LLL,4,4,1
42.0,9437.1,-9553.7,482.1,528.6,507.3,NO,0,0,0
-7.8,2865.9,-9561.1,1982.5,1937.6,469.6,LL,2,2,0
-0.4,95.5,-95.0,4681.8,5189.9,5235.7,LLLG,5,5,1
20.3,2861.8,-9595.8,1904.3,2137.1,514.4,LL,2,2,0
15.0,9557.9,-9480.2,512.3,465.7,498.1,NO,0,0,0
47.3,9687.8,-9568.5,472.7,514.8,517.3,NO,0,0,0
7.5,9544.4,-9556.7,2533.8,475.0,522.5,LG,1,1,0
-0.4,476.1,-477.6,4341.3,4196.3,4008.7,LLL,4,4,1
-1.9,946.8,-9424.7,3008.8,2463.9,511.4,LLG,3,3,0
116.6,9532.8,-9538.5,502.8,495.9,458.4,NO,0,0,0
-6.7,2880.6,-9539.0,1818.3,2070.8,515.5,LL,2,2,0
-16.7,9459.2,-9523.5,497.1,493.0,520.9,NO,0,0,0
28.8,9600.1,-9556.1,531.5,514.4,513.5,NO,0,0,0
-0.2,94.8,-95.2,5172.8,5054.8,5218.9,LLLG,5,5,1
-0.5,474.8,-475.4,4071.8,4334.5,3933.5,LLL,4,4,1
-5.0,955.4,-9470.8,2947.7,2424.5,486.7,LLG,3,3,0
0.3,476.9,-474.6,4083.3,3966.4,4186.5,LLL,4,4,1
84.3,9538.3,-9557.8,480.7,503.8,532.4,NO,0,0,0
56.1,9549.8,-9499.4,506.7,509.9,508.9,NO,0,0,0
-3.7,953.6,-9552.3,2990.8,2512.6,496.3,LLG,3,3,0
133.5,9569.3,-9481.8,486.2,499.2,493.9,NO,0,0,0
4.3,474.5,-478.3,4107.4,4123.0,3991.9,LLL,4,4,1
-0.3,95.7,-95.1,5308.5,4901.3,5148.9,LLLG,5,5,1
3.7,468.6,-478.7,3959.2,4013.8,3576.4,LLL,4,4,1
1.8,475.0,-475.5,4100.6,3874.3,4006.7,LLL,4,4,1
6.5,2866.2,-9547.1,2081.1,1916.0,524.2,LL,2,2,0
0.0,95.0,-95.4,5324.0,4902.6,5223.6,LLLG,5,5,1
-52.7,9530.1,-9547.5,456.4,520.9,455.8,NO,0,0,0
-61.6,9482.8,-9445.2,526.9,511.3,487.9,NO,0,0,0
-6.6,9587.5,-9477.3,2470.0,510.9,508.7,LG,1,1,0
-11.6,2858.3,-9545.0,1932.7,2002.4,487.8,LL,2,2,0
2.4,478.8,-478.1,3909.9,4079.0,3609.7,LLL,4,4,1
-1.6,475.6,-480.3,3655.5,3707.6,4080.3,LLL,4,4,1
5.2,952.5,-9469.8,2918.4,2634.2,489.4,LLG,3,3,0
1.4,473.9,-477.9,3758.7,3853.3,4094.9,LLL,4,4,1
10.9,9556.6,-9543.5,481.9,523.5,516.6,NO,0,0,0
-91.1,9560.3,-9481.2,509.6,517.6,523.8,NO,0,0,0
1.6,2881.7,-9506.0,1976.3,1889.8,514.0,LL,2,2,0
-11.1,950.5,-9553.8,3111.0,2488.0,506.0,LLG,3,3,0
30.0,9530.7,-9540.0,546.0,495.8,484.2,NO,0,0,0
-1.1,9515.0,-9593.0,2456.1,486.4,518.3,LG,1,1,0
23.8,9557.0,-9553.8,523.8,487.2,495.1,NO,0,0,0
66.7,9541.7,-9510.8,498.7,527.2,505.3,NO,0,0,0
85.0,9540.7,-9468.6,493.0,515.9,499.5,NO,0,0,0
-0.5,95.6,-95.1,5082.1,5133.9,4888.8,LLLG,5,5,1
1.7,477.0,-476.6,4036.1,3998.5,4049.1,LLL,4,4,1
-1.6,477.8,-476.8,4016.1,4048.7,4089.0,LLL,4,4,1
-18.6,2862.5,-9510.8,2043.6,1905.1,477.6,LL,2,2,0
0.8,950.9,-9477.7,2986.7,2308.1,489.1,LLG,3,3,0
-33.4,2843.9,-9475.7,1969.7,2009.7,492.1,LL,2,2,0
-1.0,474.8,-477.5,4201.6,3906.6,4081.3,LLL,4,4,1
-0.6,2861.5,-9440.6,1999.6,1888.2,460.4,LL,2,2,0
1.8,946.7,-9548.7,2909.8,2612.0,497.4,LLG,3,3,0
0.0,95.2,-95.8,4871.7,4911.8,5197.1,LLLG,5,5,1
-23.7,9475.6,-9395.5,484.9,533.1,461.7,NO,0,0,0
-5.8,944.2,-9498.9,3223.0,2551.2,542.5,LLG,3,3,0
-21.5,2853.2,-9524.6,2029.9,2017.4,535.7,LL,2,2,0
0.1,478.9,-474.6,3935.3,4037.1,3955.7,LLL,4,4,1
-15.9,9527.4,-9492.9,529.0,468.2,471.5,NO,0,0,0
25.5,9560.9,-9498.4,517.8,531.8,526.3,NO,0,0,0
3.6,958.2,-9492.8,3028.5,2384.1,511.6,LLG,3,3,0
-0.7,479.1,-477.7,3780.7,3975.1,3801.8,LLL,4,4,1
0.9,95.8,-94.9,5001.3,5189.7,5238.0,LLLG,5,5,1
1.0,95.8,-94.7,5128.5,5051.3,4844.8,LLLG,5,5,1
-0.5,95.9,-95.4,5019.6,5281.5,4974.9,LLLG,5,5,1
-0.6,95.6,-95.8,4924.1,5078.0,4847.9,LLLG,5,5,1
-2.8,473.5,-477.1,4031.9,4100.3,3880.4,LLL,4,4,1
0.7,474.3,-477.6,3671.5,4026.6,3859.6,LLL,4,4,1
-0.7,9500.3,-9617.8,2431.9,519.0,490.9,LG,1,1,0
-3.1,2859.8,-9599.9,1973.8,2053.9,499.7,LL,2,2,0
-4.0,476.1,-477.3,3898.8,4155.1,3876.2,LLL,4,4,1
0.2,94.3,-95.5,5326.4,5270.2,5370.5,LLLG,5,5,1
3.2,9485.5,-9491.2,2477.3,470.9,519.7,LG,1,1,0
-65.9,9600.2,-9600.0,488.7,536.3,495.6,NO,0,0,0
-10.0,9595.3,-9569.5,513.0,508.9,517.0,NO,0,0,0
8.9,2870.4,-9450.2,1896.8,1843.0,489.8,LL,2,2,0
11.1,2841.8,-9546.0,1986.5,1993.7,497.0,LL,2,2,0
-4.8,9485.9,-9516.1,464.4,486.5,489.5,NO,0,0,0
84.2,9531.8,-9571.3,499.3,485.3,488.8,NO,0,0,0
8.1,9466.5,-9528.2,504.4,547.7,508.2,NO,0,0,0
3.3,2855.8,-9550.9,2077.5,1903.2,512.0,LL,2,2,0
7.7,951.1,-9551.0,2984.9,2354.1,499.7,LLG,3,3,0
-1.5,475.6,-474.4,4131.7,3829.3,3977.1,LLL,4,4,1
43.7,9516.0,-9573.1,508.1,504.0,513.1,NO,0,0,0
0.3,480.1,-471.0,4087.8,4005.6,4314.1,LLL,4,4,1
1.6,2886.4,-9539.4,1986.5,1843.3,490.9,LL,2,2,0
-3.8,9468.2,-9539.5,2583.4,499.4,499.7,LG,1,1,0
-20.7,2858.1,-9536.6,1868.8,1969.5,517.7,LL,2,2,0
-5.6,476.1,-474.0,3865.2,3899.7,4088.7,LLL,4,4,1
20.4,9499.2,-9484.6,515.9,534.7,532.7,NO,0,0,0
-56.4,9575.9,-9513.3,485.7,498.2,468.4,NO,0,0,0
-0.6,9526.8,-9561.8,2546.3,530.4,514.8,LG,1,1,0
-8.2,9650.1,-9493.6,502.3,505.0,519.9,NO,0,0,0
-9.0,470.7,-476.9,3926.7,3975.0,4122.4,LLL,4,4,1
-3.6,954.5,-9538.2,3161.0,2531.1,477.7,LLG,3,3,0
6.1,2832.7,-9530.7,1921.3,2043.8,500.4,LL,2,2,0
-58.9,9574.5,-9517.8,492.7,475.2,501.8,NO,0,0,0
-12.7,2871.0,-9528.8,2099.7,2002.6,499.1,LL,2,2,0
3.1,477.2,-474.0,4046.6,4055.5,4109.4,LLL,4,4,1
-46.3,9573.9,-9580.9,468.3,494.0,491.0,NO,0,0,0
2.3,478.8,-478.8,4354.4,4154.4,3935.7,LLL,4,4,1
0.9,471.4,-477.2,4371.2,3955.1,3898.4,LLL,4,4,1
6.4,9461.4,-9529.5,2349.5,508.3,503.1,LG,1,1,0
0.9,9543.0,-9554.3,2590.1,516.3,517.0,LG,1,1,0
-2.9,477.6,-475.9,4034.2,4160.3,4130.0,LLL,4,4,1
67.8,9576.5,-9509.0,520.2,484.4,503.4,NO,0,0,0
13.6,2869.2,-9501.0,2120.8,2069.5,469.9,LL,2,2,0
-4.4,474.1,-481.2,3936.2,4278.6,3945.6,LLL,4,4,1
73.3,9541.0,-9536.0,503.1,502.8,493.5,NO,0,0,0
31.1,9485.9,-9485.7,490.1,528.3,486.4,NO,0,0,0
-19.9,9433.7,-9436.6,534.5,472.5,514.8,NO,0,0,0
-30.4,9502.3,-9585.9,521.4,509.7,486.8,NO,0,0,0
-62.7,9510.6,-9570.2,506.0,526.3,497.9,NO,0,0,0
-4.6,9486.7,-9559.5,2573.8,482.0,508.7,LG,1,1,0
1.9,957.3,-9538.0,2930.8,2706.4,495.8,LLG,3,3,0
-0.4,96.0,-95.9,4991.8,4719.3,4888.8,LLLG,5,5,1
2.8,9572.7,-9482.0,521.4,488.5,500.7,NO,0,0,0
-9.5,9596.7,-9562.2,524.7,504.2,467.8,NO,0,0,0
-1.6,9559.2,-9449.7,2417.7,493.7,496.4,LG,1,1,0
-6.9,9552.8,-9596.2,2486.0,510.1,488.5,LG,1,1,0
0.7,9487.3,-9546.9,484.8,475.3,511.3,NO,0,0,0
-19.1,9550.1,-9587.1,470.1,481.2,493.5,NO,0,0,0
-3.2,950.4,-9527.9,2808.6,2506.9,481.9,LLG,3,3,0
5.0,475.7,-471.2,4099.0,3861.3,3928.8,LLL,4,4,1
1.2,470.3,-476.8,3884.7,3963.2,4222.6,LLL,4,4,1
0.1,95.9,-95.8,5285.5,5162.0,4839.2,LLLG,5,5,1
2.5,478.2,-478.6,3856.6,3955.8,3998.3,LLL,4,4,1
-2.0,478.0,-473.6,3963.1,3702.3,4183.1,LLL,4,4,1
-2.2,474.8,-476.5,3876.0,4301.2,3999.3,LLL,4,4,1
-22.9,2841.7,-9526.6,1976.4,1973.6,481.7,LL,2,2,0
0.5,478.2,-474.8,4187.1,3873.0,3838.3,LLL,4,4,1
45.0,9521.5,-9582.1,514.8,506.0,527.9,NO,0,0,0
-40.6,9505.3,-9587.0,525.2,491.6,466.9,NO,0,0,0
6.4,471.3,-477.4,4148.3,4147.5,4052.9,LLL,4,4,1
1.2,9503.4,-9454.8,2427.0,503.8,514.2,LG,1,1,0
53.8,9397.7,-9555.0,489.4,528.3,502.2,NO,0,0,0
20.1,9545.5,-9576.8,458.2,494.2,528.0,NO,0,0,0
-30.3,9571.5,-9491.1,476.8,503.2,467.5,NO,0,0,0
-9.7,9503.2,-9452.4,539.9,483.3,491.5,NO,0,0,0
-1.1,476.5,-475.8,3863.7,4235.8,4012.7,LLL,4,4,1
0.8,471.5,-478.2,4363.3,3976.3,4017.6,LLL,4,4,1
7.1,9546.6,-9583.4,2416.8,484.7,496.5,LG,1,1,0
8.5,9543.7,-9477.5,2543.6,556.9,494.4,LG,1,1,0
0.2,474.5,-475.5,3823.2,3859.5,3864.6,LLL,4,4,1
117.6,9605.2,-9497.2,481.2,511.1,507.1,NO,0,0,0
-2.0,9554.7,-9369.0,2532.2,488.3,497.3,LG,1,1,0
0.5,474.8,-478.0,3951.9,3958.2,3986.8,LLL,4,4,1
2.2,475.8,-479.3,4178.2,4042.2,4029.6,LLL,4,4,1
-13.3,945.7,-9495.5,3106.7,2573.5,493.5,LLG,3,3,0
-71.0,9507.4,-9582.9,512.9,501.5,524.9,NO,0,0,0
8.9,9506.9,-9535.5,2575.7,481.3,492.2,LG,1,1,0
1.3,946.5,-9528.4,2981.7,2519.8,490.9,LLG,3,3,0
24.4,9443.4,-9546.0,505.9,499.2,506.1,NO,0,0,0
-60.1,9540.9,-9501.1,505.4,519.3,514.1,NO,0,0,0
18.7,9534.8,-9531.8,533.2,482.4,495.4,NO,0,0,0
7.3,2845.0,-9493.3,2082.1,2033.1,498.8,LL,2,2,0
0.6,95.1,-96.5,5145.2,4941.2,4745.9,LLLG,5,5,1
90.7,9508.6,-9565.8,509.6,521.0,532.6,NO,0,0,0
-0.9,478.0,-475.9,4028.6,3820.1,3910.2,LLL,4,4,1
-1.7,965.3,-9532.5,3039.5,2503.1,471.4,LLG,3,3,0
42.6,2838.7,-9497.1,2126.1,1884.4,523.6,LL,2,2,0
-29.7,9459.8,-9583.4,540.8,469.4,481.4,NO,0,0,0
15.2,2842.8,-9526.3,2024.4,1985.1,520.9,LL,2,2,0
0.8,476.0,-473.9,3698.3,3969.8,4377.2,LLL,4,4,1
1.1,475.6,-476.4,4210.1,3570.4,3997.2,LLL,4,4,1
-3.9,9511.9,-9492.0,2545.0,501.0,513.7,LG,1,1,0
-0.4,953.8,-9515.9,2980.6,2540.4,497.5,LLG,3,3,0
-6.3,2846.1,-9606.0,2027.1,1955.4,536.0,LL,2,2,0
2.3,9580.2,-9589.5,510.2,523.3,480.2,NO,0,0,0
-7.8,9486.8,-9469.9,2608.7,467.8,502.7,LG,1,1,0
-0.3,95.0,-95.9,5118.4,4947.0,5278.8,LLLG,5,5,1
1.3,948.7,-9592.6,3132.3,2506.4,452.8,LLG,3,3,0
-1.9,9516.0,-9498.8,2450.3,485.1,498.8,LG,1,1,0
-73.5,9533.4,-9418.8,505.7,509.9,475.7,NO,0,0,0
0.5,94.8,-95.2,5010.7,5062.4,4828.3,LLLG,5,5,1
3.5,953.3,-9551.5,3104.9,2571.9,496.2,LLG,3,3,0
-2.0,2856.4,-9508.1,2120.0,1978.6,496.3,LL,2,2,0
0.8,468.7,-480.3,4187.8,4177.6,4050.9,LLL,4,4,1
7.8,2869.7,-9556.5,1943.5,2058.1,498.5,LL,2,2,0
-2.0,473.7,-476.2,3738.8,4298.8,4064.7,LLL,4,4,1
-31.5,2848.0,-9562.5,2075.4,2084.9,496.8,LL,2,2,0
-7.9,9610.4,-9603.0,2589.1,511.5,506.2,LG,1,1,0
0.2,957.8,-9523.5,2951.6,2442.0,525.0,LLG,3,3,0
-0.9,95.4,-94.4,5107.7,5103.4,5176.0,LLLG,5,5,1
-5.6,2833.0,-9494.0,2020.1,1965.7,511.8,LL,2,2,0
0.6,2857.7,-9581.2,1967.0,2053.1,453.2,LL,2,2,0
-17.2,9504.7,-9648.7,516.7,505.5,478.5,NO,0,0,0
1.6,954.4,-9606.2,3006.7,2448.6,501.9,LLG,3,3,0
-27.7,9545.8,-9590.2,481.1,567.6,530.6,NO,0,0,0
2.3,477.0,-475.6,3908.8,3897.0,4208.1,LLL,4,4,1
-0.3,94.4,-95.2,4826.6,4855.8,4945.5,LLLG,5,5,1
1.6,956.5,-9510.5,2937.6,2597.6,494.9,LLG,3,3,0
60.5,9548.1,-9596.2,497.6,485.0,502.8,NO,0,0,0
-7.8,954.4,-9551.8,2886.8,2702.3,523.0,LLG,3,3,0
-25.0,9576.6,-9478.1,479.4,515.3,486.8,NO,0,0,0
5.6,477.7,-474.7,3983.6,3967.8,4192.6,LLL,4,4,1
-40.9,9569.3,-9592.2,507.9,531.9,484.7,NO,0,0,0
41.5,9414.0,-9654.2,496.3,512.2,498.4,NO,0,0,0
13.3,9524.4,-9562.1,2449.9,478.8,513.3,LG,1,1,0
5.5,944.1,-9518.5,3099.9,2515.2,500.5,LLG,3,3,0
28.2,9555.0,-9581.8,497.0,486.9,495.2,NO,0,0,0
3.1,2903.8,-9590.7,1992.1,1897.1,487.9,LL,2,2,0
-31.7,9516.7,-9451.1,498.1,500.4,475.5,NO,0,0,0
-0.2,95.3,-95.7,4849.0,4769.0,4764.4,LLLG,5,5,1
-60.3,9482.4,-9547.4,470.7,500.1,474.6,NO,0,0,0
64.1,9546.8,-9535.8,488.8,468.6,510.2,NO,0,0,0
7.1,9582.7,-9560.4,2698.6,497.1,506.0,LG,1,1,0
-19.8,2849.0,-9593.6,2048.8,2065.6,506.6,LL,2,2,0
1.2,953.3,-9410.4,3019.0,2561.0,526.0,LLG,3,3,0
42.0,9446.1,-9489.8,529.0,490.9,535.1,NO,0,0,0
-3.0,948.9,-9541.9,2914.1,2557.6,502.7,LLG,3,3,0
-4.7,949.4,-9528.8,2936.3,2567.1,505.3,LLG,3,3,0
6.4,473.7,-475.8,3970.8,4067.5,3808.0,LLL,4,4,1
-32.6,9593.6,-9602.8,496.8,488.2,518.4,NO,0,0,0
0.7,477.7,-473.6,3894.2,3895.1,4043.8,LLL,4,4,1
-3.0,477.0,-475.0,3633.0,3990.9,3914.0,LLL,4,4,1
-0.3,476.0,-472.6,4185.6,3903.9,4200.9,LLL,4,4,1
6.0,9571.9,-9583.0,2518.6,522.2,497.8,LG,1,1,0
-0.9,2875.1,-9501.9,1960.6,2059.5,510.9,LL,2,2,0
-19.7,9508.0,-9593.5,479.9,532.7,499.2,NO,0,0,0
29.4,9619.3,-9491.8,479.4,498.3,514.8,NO,0,0,0
1.8,474.3,-474.7,4245.9,4020.5,3969.5,LLL,4,4,1
-8.0,9622.1,-9558.4,2444.5,510.9,501.9,LG,1,1,0
0.3,476.1,-476.7,3938.8,4022.9,3739.3,LLL,4,4,1
1.8,477.5,-477.2,3875.4,4079.5,4072.2,LLL,4,4,1
-75.8,9559.6,-9502.8,500.8,508.8,466.5,NO,0,0,0
7.4,953.6,-9532.3,2954.5,2597.1,479.3,LLG,3,3,0
-4.4,475.5,-479.7,3904.2,3891.6,4177.9,LLL,4,4,1
34.1,9544.8,-9566.0,527.1,495.2,469.7,NO,0,0,0
-1.8,474.9,-478.9,4087.3,3771.7,4267.9,LLL,4,4,1
5.8,953.8,-9576.9,2878.5,2411.5,517.8,LLG,3,3,0
0.0,95.0,-94.8,4930.6,5212.8,4759.6,LLLG,5,5,1
1.6,475.4,-477.0,3954.8,3840.3,4148.7,LLL,4,4,1
1.0,474.8,-478.4,4086.2,3683.1,3970.3,LLL,4,4,1
-20.8,9513.7,-9495.9,470.1,516.0,481.9,NO,0,0,0
1.7,475.3,-476.4,3866.8,4115.3,3800.6,LLL,4,4,1
-21.5,9494.1,-9561.4,469.0,492.5,537.2,NO,0,0,0
-10.0,9375.7,-9627.0,508.1,485.6,506.4,NO,0,0,0
-7.1,9531.3,-9577.1,2516.3,495.0,517.6,LG,1,1,0
0.2,95.0,-95.9,4994.8,5013.3,5138.2,LLLG,5,5,1
-9.6,957.1,-9539.6,3184.2,2449.4,491.0,LLG,3,3,0
-26.5,2847.1,-9531.1,1979.2,1955.7,491.0,LL,2,2,0
-3.8,946.7,-9562.0,3083.8,2565.1,501.5,LLG,3,3,0
1.9,472.4,-481.1,4032.5,4113.8,4184.6,LLL,4,4,1
-8.7,2874.6,-9574.5,1842.1,2005.3,466.4,LL,2,2,0
-74.9,9495.2,-9501.7,500.1,505.2,479.4,NO,0,0,0
65.8,9540.6,-9472.2,509.4,484.3,494.0,NO,0,0,0
37.1,9538.3,-9469.5,484.3,490.3,533.9,NO,0,0,0
-4.4,952.5,-9539.6,3094.9,2573.5,522.5,LLG,3,3,0
27.1,9551.6,-9538.6,489.8,478.5,475.1,NO,0,0,0
0.5,476.5,-476.2,3890.8,4286.6,4226.3,LLL,4,4,1
-0.6,955.5,-9500.5,3167.4,2498.0,497.4,LLG,3,3,0
3.6,949.2,-9538.0,3275.3,2354.9,457.4,LLG,3,3,0
0.8,94.6,-95.5,4829.7,4922.4,4961.5,LLLG,5,5,1
6.9,9563.5,-9458.7,514.8,514.4,518.1,NO,0,0,0
-11.5,9507.1,-9464.8,511.1,511.6,498.0,NO,0,0,0
-0.7,95.5,-97.0,5272.9,4911.3,4991.5,LLLG,5,5,1
-82.6,9569.3,-9661.4,507.4,486.4,492.1,NO,0,0,0
-0.5,95.5,-95.2,4733.5,4715.3,4790.6,LLLG,5,5,1
-1.0,473.7,-474.4,4045.6,3986.7,3914.2,LLL,4,4,1
0.0,9596.1,-9491.2,2504.7,497.2,507.9,LG,1,1,0
33.1,9483.0,-9544.3,472.2,504.7,518.0,NO,0,0,0
0.5,9558.9,-9444.1,492.8,506.1,499.5,NO,0,0,0
-26.1,9492.9,-9499.5,497.0,494.3,485.7,NO,0,0,0
-14.8,2843.9,-9533.9,1995.7,1992.3,461.2,LL,2,2,0
-1.2,9605.3,-9562.1,2301.5,481.5,517.7,LG,1,1,0
-54.3,9577.2,-9568.6,519.1,501.0,479.5,NO,0,0,0
-38.6,9565.3,-9539.9,505.8,480.6,536.5,NO,0,0,0
32.0,2834.6,-9480.4,2062.9,1930.7,491.9,LL,2,2,0
7.4,9624.9,-9559.9,2296.5,505.5,501.9,LG,1,1,0
1.6,2877.4,-9559.5,2105.2,1980.9,521.7,LL,2,2,0
1.0,95.5,-95.9,4964.1,4661.0,5068.6,LLLG,5,5,1
0.0,96.0,-95.2,5233.0,4965.5,5072.0,LLLG,5,5,1
-4.0,476.5,-472.1,4033.1,4024.8,4031.0,LLL,4,4,1
-23.4,9578.4,-9479.2,477.5,511.7,499.6,NO,0,0,0
-46.3,9478.0,-9590.1,477.8,485.7,490.4,NO,0,0,0
-58.4,9497.6,-9550.5,464.4,500.1,495.4,NO,0,0,0
60.5,9512.9,-9502.5,515.2,506.9,489.7,NO,0,0,0
1.2,475.7,-471.7,4177.1,3847.6,4288.2,LLL,4,4,1
-0.4,477.0,-474.0,4118.1,4181.5,4152.9,LLL,4,4,1
4.3,471.3,-476.4,3838.1,4141.9,3958.8,LLL,4,4,1
4.2,482.0,-475.6,3829.8,3924.4,4187.4,LLL,4,4,1
81.2,9488.7,-9519.7,499.2,527.2,497.7,NO,0,0,0
63.8,9544.7,-9534.9,515.3,536.5,470.1,NO,0,0,0
1.4,945.6,-9527.1,3005.8,2402.6,467.0,LLG,3,3,0
-85.9,9547.2,-9552.7,477.3,516.4,482.4,NO,0,0,0
-4.3,9465.1,-9527.6,2425.8,523.0,493.2,LG,1,1,0
4.3,9541.9,-9470.3,541.5,502.0,503.1,NO,0,0,0
7.5,9575.0,-9591.7,484.1,505.2,515.6,NO,0,0,0
45.8,9502.4,-9580.2,513.0,517.1,484.7,NO,0,0,0
27.8,2885.0,-9539.4,1931.3,2233.4,525.9,LL,2,2,0
-91.0,9604.6,-9533.7,491.9,480.3,515.4,NO,0,0,0
1.5,2860.4,-9533.7,1903.6,1991.1,493.8,LL,2,2,0
0.2,477.0,-482.0,4326.5,3991.7,3805.2,LLL,4,4,1
0.4,94.8,-94.4,4911.3,4769.1,4805.6,LLLG,5,5,1
-0.7,475.1,-473.0,4051.7,4126.6,4067.7,LLL,4,4,1
0.6,2830.5,-9605.1,1875.5,1875.6,491.8,LL,2,2,0
-0.2,95.5,-96.4,5001.4,4721.8,5120.1,LLLG,5,5,1
-29.6,9575.1,-9547.8,467.9,511.9,490.3,NO,0,0,0
11.1,2888.8,-9448.3,2021.4,2020.8,503.9,LL,2,2,0
0.4,94.8,-96.0,4864.5,5297.7,4810.2,LLLG,5,5,1
6.5,952.3,-9527.1,3091.5,2399.3,511.3,LLG,3,3,0
52.6,9446.9,-9506.6,515.6,495.0,448.6,NO,0,0,0
10.2,2829.7,-9502.8,2015.5,1950.4,492.4,LL,2,2,0
-132.6,9575.1,-9520.8,502.0,457.4,529.1,NO,0,0,0
-2.8,477.7,-476.1,3971.4,3837.5,3939.4,LLL,4,4,1
-4.3,473.7,-474.9,3962.2,4142.5,3861.1,LLL,4,4,1
0.3,94.8,-95.3,4651.5,4751.3,5027.0,LLLG,5,5,1
0.4,95.9,-94.7,4650.9,4997.6,5004.5,LLLG,5,5,1
-14.0,9547.1,-9528.0,492.4,515.1,507.6,NO,0,0,0
-3.0,2866.8,-9463.7,2027.1,1932.5,512.0,LL,2,2,0
-5.3,476.3,-475.0,4428.6,3896.6,3894.7,LLL,4,4,1
-5.8,2857.8,-9585.9,2050.0,1982.8,520.3,LL,2,2,0
0.4,95.1,-94.6,5034.3,4933.7,4806.6,LLLG,5,5,1
-2.2,2871.4,-9622.9,1974.9,1935.7,475.3,LL,2,2,0
54.8,9627.8,-9481.2,487.7,537.5,508.6,NO,0,0,0
2.1,9508.8,-9577.4,501.6,486.4,469.5,NO,0,0,0
27.5,2863.2,-9566.5,1964.2,1842.4,472.9,LL,2,2,0
10.4,2859.5,-9601.1,1909.4,2031.7,490.9,LL,2,2,0
-3.4,478.7,-477.5,4168.0,4022.5,3773.6,LLL,4,4,1
0.7,95.6,-95.2,4856.5,4926.3,5344.4,LLLG,5,5,1
-2.1,478.4,-475.5,3877.4,3807.8,4084.5,LLL,4,4,1
-56.9,9607.7,-9475.2,494.9,485.2,500.9,NO,0,0,0
81.0,9528.2,-9579.0,479.5,547.1,524.5,NO,0,0,0
2.6,946.7,-9539.1,3041.9,2628.3,464.8,LLG,3,3,0
0.1,95.0,-94.3,5132.5,4513.1,5099.8,LLLG,5,5,1
-0.1,95.1,-94.9,5218.4,4959.1,5033.2,LLLG,5,5,1
0.4,477.4,-477.3,4079.1,3912.0,4163.5,LLL,4,4,1
3.0,954.9,-9597.5,3016.5,2553.8,522.9,LLG,3,3,0
-8.3,949.6,-9537.9,2979.6,2459.1,457.6,LLG,3,3,0
-2.7,957.9,-9505.0,3217.2,2480.7,539.1,LLG,3,3,0
0.0,95.9,-95.2,4696.8,5155.3,5221.1,LLLG,5,5,1
9.0,9539.4,-9586.9,2525.3,503.9,506.9,LG,1,1,0
-0.4,95.1,-95.5,5289.4,5123.3,4860.9,LLLG,5,5,1
10.6,2844.0,-9566.3,2030.4,2018.0,513.8,LL,2,2,0
3.3,474.2,-475.3,3808.9,4122.3,4008.7,LLL,4,4,1
3.5,947.5,-9507.3,2998.2,2568.6,487.9,LLG,3,3,0
-19.2,9464.4,-9473.0,466.0,497.8,497.2,NO,0,0,0
5.6,952.2,-9529.7,2814.4,2700.4,522.6,LLG,3,3,0
49.4,9624.6,-9515.3,507.1,519.8,507.9,NO,0,0,0
9.4,2837.4,-9519.7,1952.4,2138.9,485.7,LL,2,2,0
0.6,94.4,-95.6,5038.7,4826.8,5069.6,LLLG,5,5,1
-0.1,95.4,-95.2,5082.4,5257.6,4998.8,LLLG,5,5,1
-0.1,96.4,-94.5,5251.4,4941.5,5045.8,LLLG,5,5,1
-19.7,9557.9,-9461.3,459.4,487.0,479.7,NO,0,0,0
-2.1,2842.6,-9485.6,2054.1,1996.5,523.5,LL,2,2,0
41.5,2843.8,-9550.5,2050.9,2008.3,468.1,LL,2,2,0
-59.4,9516.7,-9528.0,492.6,491.0,497.0,NO,0,0,0
-18.1,9618.9,-9505.1,515.4,500.5,486.8,NO,0,0,0
-7.3,478.3,-481.2,4221.5,4330.5,3935.3,LLL,4,4,1
3.9,475.6,-479.6,3831.1,3865.9,3840.5,LLL,4,4,1
0.8,95.1,-95.4,5377.1,4848.8,4977.3,LLLG,5,5,1
-1.4,479.2,-475.2,3898.5,4054.6,4230.0,LLL,4,4,1
25.3,2849.1,-9512.5,1950.2,1981.6,492.2,LL,2,2,0
-0.6,95.1,-95.3,5054.4,4610.2,4707.9,LLLG,5,5,1
55.9,9595.2,-9543.0,517.7,500.3,513.2,NO,0,0,0
4.8,951.0,-9473.4,3010.1,2479.6,493.3,LLG,3,3,0
34.0,9500.5,-9541.2,517.3,508.1,474.0,NO,0,0,0
-45.4,9566.3,-9555.2,553.0,499.2,523.5,NO,0,0,0
-10.8,9550.1,-9572.0,482.4,485.8,487.1,NO,0,0,0
-0.7,9479.0,-9527.1,2538.2,505.4,519.0,LG,1,1,0
4.8,954.0,-9461.7,3206.1,2577.3,478.0,LLG,3,3,0
-6.5,9517.8,-9576.4,505.8,475.6,493.3,NO,0,0,0
4.3,2837.4,-9526.9,2012.6,2094.9,496.4,LL,2,2,0
25.5,9592.1,-9589.4,490.2,501.7,490.5,NO,0,0,0
0.1,95.4,-95.0,5174.1,4922.1,5062.2,LLLG,5,5,1
-2.7,949.0,-9557.4,2850.6,2545.1,478.0,LLG,3,3,0
-3.9,473.5,-479.5,4141.0,3854.4,3659.8,LLL,4,4,1
26.3,2827.5,-9581.2,1979.3,1948.9,506.5,LL,2,2,0
0.2,94.7,-96.1,5158.9,5303.2,4851.0,LLLG,5,5,1
0.4,9536.9,-9510.2,2657.5,483.9,492.6,LG,1,1,0
2.7,9572.4,-9441.4,2478.3,474.4,485.4,LG,1,1,0
9.4,949.7,-9576.9,3182.6,2415.3,512.9,LLG,3,3,0
-17.7,9490.9,-9457.6,488.7,518.3,495.8,NO,0,0,0
4.6,955.0,-9582.0,3177.5,2426.7,485.6,LLG,3,3,0
5.6,946.2,-9487.2,2930.5,2342.4,502.7,LLG,3,3,0
81.9,9538.4,-9594.1,464.3,480.5,503.9,NO,0,0,0
6.2,953.1,-9466.9,3062.3,2349.6,479.1,LLG,3,3,0
-1.8,962.9,-9506.4,2926.9,2615.3,529.5,LLG,3,3,0
0.6,9464.1,-9505.1,480.2,508.3,468.6,NO,0,0,0
-2.1,9455.2,-9609.6,2475.6,516.4,545.3,LG,1,1,0
-2.1,9446.0,-9481.3,2550.5,487.5,520.5,LG,1,1,0
-34.6,9519.8,-9503.8,535.8,505.4,496.7,NO,0,0,0
-13.0,2841.5,-9597.8,2093.3,1919.5,507.1,LL,2,2,0
4.1,9519.9,-9505.0,509.0,500.3,521.8,NO,0,0,0
49.0,9425.5,-9533.1,523.8,507.6,512.0,NO,0,0,0
-25.0,9554.9,-9561.4,527.0,491.0,507.1,NO,0,0,0
1.6,478.8,-481.5,4048.3,3870.2,4089.1,LLL,4,4,1
-3.1,9617.0,-9555.5,2482.8,517.3,519.7,LG,1,1,0
0.9,481.3,-478.1,3781.7,4000.4,4107.3,LLL,4,4,1
-1.3,475.2,-477.3,4065.6,3744.4,3633.6,LLL,4,4,1
-4.1,9451.7,-9665.2,2583.5,518.4,507.1,LG,1,1,0
-1.7,9505.6,-9456.0,465.5,492.6,499.6,NO,0,0,0
-8.6,9484.5,-9598.9,504.8,546.1,490.8,NO,0,0,0
53.5,9469.0,-9572.0,502.4,510.5,479.4,NO,0,0,0
1.0,950.8,-9542.7,3256.1,2484.6,491.4,LLG,3,3,0
-1.6,957.4,-9513.8,2935.2,2517.9,553.2,LLG,3,3,0
-7.5,9450.7,-9454.6,2421.2,521.8,508.6,LG,1,1,0
-4.0,2865.5,-9438.8,2004.9,1964.8,463.8,LL,2,2,0
-27.0,9509.2,-9471.0,490.7,502.9,538.8,NO,0,0,0
29.9,2852.7,-9449.4,2166.4,1933.3,497.1,LL,2,2,0
8.9,9567.1,-9560.6,2498.7,506.1,519.5,LG,1,1,0
36.5,9528.0,-9545.6,503.5,479.7,490.4,NO,0,0,0
-1.6,9496.4,-9521.2,2665.0,500.5,513.6,LG,1,1,0
1.6,476.3,-474.6,4155.9,4047.8,3935.0,LLL,4,4,1
0.3,942.2,-9529.9,2956.7,2461.1,494.4,LLG,3,3,0
0.7,475.2,-478.2,4008.0,3988.5,3989.3,LLL,4,4,1
2.3,9493.3,-9554.5,2537.1,503.0,517.1,LG,1,1,0
-17.6,9482.5,-9478.8,506.8,497.9,529.8,NO,0,0,0
0.4,2872.4,-9563.5,2107.8,2026.5,457.9,LL,2,2,0
46.8,9636.9,-9530.7,492.0,508.3,479.7,NO,0,0,0
-1.6,476.0,-476.8,3729.9,4018.9,3971.6,LLL,4,4,1
3.4,9603.3,-9525.0,2413.9,499.2,483.6,LG,1,1,0
-0.2,478.2,-476.0,3977.7,4207.6,3855.9,LLL,4,4,1
-0.0,95.6,-95.2,5313.4,4768.2,5006.2,LLLG,5,5,1
-11.0,9550.5,-9516.3,485.8,508.1,502.8,NO,0,0,0
2.5,944.9,-9557.2,2830.1,2454.0,507.6,LLG,3,3,0
-0.2,95.2,-95.7,4818.0,5339.9,4870.9,LLLG,5,5,1
10.0,9466.0,-9455.1,2421.2,519.9,507.7,LG,1,1,0
12.5,9506.2,-9521.7,2651.3,484.4,505.5,LG,1,1,0
44.7,9548.8,-9501.1,526.6,529.6,501.3,NO,0,0,0
8.9,2869.8,-9626.3,2052.1,1955.0,478.7,LL,2,2,0
-0.4,95.0,-95.7,4806.0,4584.4,5253.6,LLLG,5,5,1
3.5,477.8,-476.7,4051.9,4103.4,3967.9,LLL,4,4,1
0.3,956.0,-9504.9,3037.8,2582.9,509.9,LLG,3,3,0
17.4,9530.7,-9598.5,496.4,493.4,513.7,NO,0,0,0
12.8,2856.0,-9531.8,2163.6,1953.4,520.6,LL,2,2,0
-3.6,2857.5,-9526.0,1939.4,2211.5,482.6,LL,2,2,0
-0.8,9595.1,-9517.4,2499.8,443.6,494.6,LG,1,1,0
2.0,947.9,-9535.0,3102.8,2369.5,514.4,LLG,3,3,0
-5.1,2852.3,-9470.9,1949.3,2097.4,491.1,LL,2,2,0
-0.8,95.7,-95.1,4779.7,4905.8,5148.6,LLLG,5,5,1
-55.4,9523.6,-9589.7,487.2,511.7,534.7,NO,0,0,0
29.8,9501.3,-9521.6,496.8,520.2,495.5,NO,0,0,0
5.6,2853.6,-9591.0,1954.4,2051.3,477.0,LL,2,2,0
44.3,9530.3,-9590.8,495.7,498.1,531.4,NO,0,0,0
5.7,2850.4,-9505.1,2008.2,1871.3,529.9,LL,2,2,0
2.2,946.5,-9452.7,3142.5,2587.0,512.1,LLG,3,3,0
-13.7,2883.1,-9532.5,2082.7,2131.9,510.6,LL,2,2,0
-5.5,2861.4,-9560.8,1973.6,2174.2,459.9,LL,2,2,0
35.0,9509.3,-9587.5,492.0,533.1,508.1,NO,0,0,0
0.2,95.4,-94.2,4694.7,5012.9,5167.1,LLLG,5,5,1
-0.1,476.8,-476.7,3961.2,3980.5,3859.5,LLL,4,4,1
1.7,2853.8,-9542.2,2014.2,2053.6,525.1,LL,2,2,0
-1.9,471.5,-478.3,3977.8,4166.8,3941.8,LLL,4,4,1
-4.8,479.1,-475.2,4016.3,3953.4,4067.8,LLL,4,4,1
1.1,2833.0,-9596.0,2129.8,2168.4,523.0,LL,2,2,0
-2.0,480.7,-474.6,3833.8,3990.6,3732.0,LLL,4,4,1
-10.8,9462.5,-9618.1,526.6,522.6,524.0,NO,0,0,0
-17.8,9458.2,-9526.1,506.3,495.0,509.9,NO,0,0,0
-17.3,9557.0,-9580.0,499.2,466.6,526.3,NO,0,0,0
-0.1,478.1,-477.1,3825.9,4154.4,3866.9,LLL,4,4,1
0.7,469.8,-477.0,3999.4,3915.1,4080.0,LLL,4,4,1
0.6,95.1,-95.1,4970.7,5046.6,5347.3,LLLG,5,5,1
3.0,952.7,-9602.2,3152.1,2544.6,495.0,LLG,3,3,0
1.0,473.9,-477.6,3824.4,4074.2,3851.9,LLL,4,4,1
-10.0,953.0,-9449.5,3105.3,2395.2,535.5,LLG,3,3,0
64.3,9519.5,-9556.4,493.4,502.0,511.1,NO,0,0,0
7.6,9416.7,-9538.4,2613.6,522.4,494.6,LG,1,1,0
-21.5,9584.6,-9440.5,512.2,521.5,487.7,NO,0,0,0
-0.6,96.1,-95.0,5238.7,5117.2,4838.3,LLLG,5,5,1
0.1,476.7,-474.4,4003.3,3956.3,3932.3,LLL,4,4,1
2.1,477.3,-475.4,3990.6,4012.9,3748.9,LLL,4,4,1
36.9,9537.5,-9468.8,507.7,526.0,508.2,NO,0,0,0
52.1,9558.2,-9488.3,507.0,488.6,532.6,NO,0,0,0
5.6,957.8,-9573.4,2877.8,2511.8,521.5,LLG,3,3,0
-6.4,2846.0,-9517.0,1980.5,1946.4,500.5,LL,2,2,0
-98.9,9515.8,-9585.1,494.0,483.2,508.3,NO,0,0,0
0.4,950.3,-9542.7,3100.1,2430.6,480.2,LLG,3,3,0
-4.5,949.7,-9491.4,3125.9,2458.4,526.6,LLG,3,3,0
-8.2,2840.2,-9627.7,1967.1,2103.2,499.5,LL,2,2,0
40.9,9517.1,-9511.0,511.2,477.3,522.1,NO,0,0,0
-0.4,94.8,-95.5,5013.5,4767.8,5232.6,LLLG,5,5,1
-24.8,9554.9,-9544.5,523.5,508.0,497.4,NO,0,0,0
-0.4,477.8,-478.7,3947.2,4300.0,3773.4,LLL,4,4,1
-12.5,2860.3,-9569.6,1888.2,1904.5,510.1,LL,2,2,0
15.9,2858.5,-9515.3,2031.9,1937.7,496.0,LL,2,2,0
0.8,475.9,-473.8,3852.5,4134.6,4065.0,LLL,4,4,1
0.5,947.6,-9471.9,3100.4,2478.5,511.2,LLG,3,3,0
1.9,9504.1,-9577.0,2498.8,540.5,499.9,LG,1,1,0
-18.6,9559.5,-9461.5,524.2,518.0,502.3,NO,0,0,0
-82.0,9514.4,-9564.0,504.2,481.4,491.2,NO,0,0,0
-76.5,9551.2,-9508.2,498.0,500.5,508.8,NO,0,0,0
4.5,2851.9,-9584.4,1959.6,1989.7,467.3,LL,2,2,0
-1.0,949.3,-9534.3,2861.7,2541.7,524.4,LLG,3,3,0
2.5,478.9,-471.0,3685.5,4099.0,3620.0,LLL,4,4,1
2.6,477.4,-474.4,4018.6,4214.2,4193.6,LLL,4,4,1
-6.2,961.5,-9519.8,3096.8,2566.6,485.1,LLG,3,3,0
-20.3,9457.3,-9582.1,485.8,464.6,497.3,NO,0,0,0
-10.0,949.1,-9530.4,2876.8,2449.2,494.5,LLG,3,3,0
10.4,9555.7,-9550.6,508.1,534.1,494.4,NO,0,0,0
-16.7,2862.0,-9481.6,1946.6,1833.5,483.0,LL,2,2,0
2.6,477.4,-474.3,4020.1,4088.6,3953.8,LLL,4,4,1
-12.6,2894.0,-9511.6,2077.0,2099.2,504.1,LL,2,2,0
54.7,9648.3,-9609.5,476.7,533.8,501.9,NO,0,0,0
8.7,2868.4,-9574.9,1880.4,1996.1,523.4,LL,2,2,0
-26.5,9493.3,-9589.8,505.7,488.7,503.4,NO,0,0,0
1.7,474.4,-481.2,3806.0,4338.3,3835.5,LLL,4,4,1
13.2,2842.0,-9614.7,1905.5,2152.4,499.3,LL,2,2,0
0.8,477.3,-478.9,3797.6,4498.6,3995.0,LLL,4,4,1
5.9,9499.3,-9550.9,2330.3,517.6,515.9,LG,1,1,0
-8.1,2829.7,-9531.7,1919.0,1770.9,500.7,LL,2,2,0
-5.6,9498.4,-9564.6,2435.7,487.8,469.3,LG,1,1,0
0.5,95.2,-94.6,4894.0,5030.1,4860.6,LLLG,5,5,1
11.5,9549.9,-9515.3,499.2,496.3,490.8,NO,0,0,0
-3.6,478.5,-482.0,4082.1,3772.5,3929.8,LLL,4,4,1
-1.2,476.7,-477.0,3926.8,4129.2,4049.6,LLL,4,4,1
0.1,9587.0,-9554.7,2547.0,521.1,496.7,LG,1,1,0
4.1,9567.3,-9603.8,2523.4,513.3,523.9,LG,1,1,0
-6.3,9587.5,-9571.3,486.4,517.5,516.2,NO,0,0,0
2.2,963.0,-9511.3,2864.5,2511.9,501.2,LLG,3,3,0
-33.5,9541.3,-9619.2,501.5,495.5,502.4,NO,0,0,0
0.2,95.2,-95.4,4665.8,4903.7,5063.4,LLLG,5,5,1
13.3,2834.2,-9443.0,1935.1,2034.2,502.0,LL,2,2,0
0.5,95.4,-95.3,4926.5,5146.5,4866.3,LLLG,5,5,1
0.5,478.7,-479.2,3814.3,4095.7,4086.2,LLL,4,4,1
-1.4,470.2,-474.8,4010.5,3923.3,3835.9,LLL,4,4,1
1.3,962.8,-9570.1,2787.7,2420.2,499.0,LLG,3,3,0
3.6,475.7,-478.9,4105.2,3989.4,3846.7,LLL,4,4,1
-0.7,94.2,-95.4,5108.5,4844.7,4279.6,LLLG,5,5,1
-22.6,2853.4,-9491.7,1953.7,1959.9,480.4,LL,2,2,0
-0.5,2870.2,-9541.9,1943.6,1894.3,511.7,LL,2,2,0
-0.3,95.8,-96.5,5116.7,4941.6,5036.6,LLLG,5,5,1
-0.0,475.7,-474.8,3871.9,4102.7,4097.9,LLL,4,4,1
-30.5,9551.2,-9440.2,519.6,483.7,516.7,NO,0,0,0
13.9,946.4,-9595.4,3017.6,2487.6,511.1,LLG,3,3,0
0.8,475.5,-476.5,4111.0,3785.0,3952.8,LLL,4,4,1
20.4,2856.6,-9544.4,1827.5,2001.0,528.3,LL,2,2,0
-81.7,9476.7,-9597.0,498.1,499.8,500.5,NO,0,0,0
0.1,9550.5,-9460.0,2489.5,503.7,518.6,LG,1,1,0
-12.4,951.0,-9541.4,2763.8,2427.7,490.1,LLG,3,3,0
-10.7,951.6,-9490.6,2851.5,2609.2,511.2,LLG,3,3,0
-3.9,9438.2,-9586.5,2456.9,532.6,482.6,LG,1,1,0
-45.6,9550.6,-9490.0,508.3,500.5,504.8,NO,0,0,0
5.0,9574.8,-9524.6,2567.8,493.6,505.2,LG,1,1,0
16.3,9475.0,-9541.1,529.9,485.9,509.7,NO,0,0,0
-2.5,9550.2,-9474.2,2663.6,480.4,519.8,LG,1,1,0
40.3,9486.0,-9467.7,509.7,485.3,531.5,NO,0,0,0
1.5,2861.4,-9498.1,1975.6,1971.5,493.6,LL,2,2,0
-2.1,9513.3,-9573.1,484.4,476.8,486.2,NO,0,0,0
-0.5,9469.2,-9549.4,467.0,485.8,524.1,NO,0,0,0
35.6,9492.4,-9528.6,490.5,511.5,473.2,NO,0,0,0
64.3,9490.3,-9487.1,509.8,502.2,457.2,NO,0,0,0
-2.0,2848.6,-9503.2,2003.8,1909.6,489.5,LL,2,2,0
-8.1,953.6,-9390.7,3109.3,2625.7,513.0,LLG,3,3,0
-0.8,955.9,-9501.0,3068.7,2627.6,473.1,LLG,3,3,0
3.5,2845.9,-9458.8,2143.5,1993.7,465.7,LL,2,2,0
0.5,955.6,-9585.1,3016.1,2550.7,527.2,LLG,3,3,0
-52.1,9504.4,-9488.8,514.6,497.5,491.4,NO,0,0,0
3.2,953.4,-9493.0,2991.4,2428.6,524.1,LLG,3,3,0
23.2,9572.6,-9529.7,507.3,453.7,497.7,NO,0,0,0
-2.9,957.7,-9544.4,3133.6,2485.4,481.9,LLG,3,3,0
-85.6,9564.1,-9590.5,509.3,483.2,517.9,NO,0,0,0
10.8,9508.3,-9505.6,2456.7,515.2,500.1,LG,1,1,0
-4.3,959.4,-9540.9,3163.0,2380.6,523.4,LLG,3,3,0
-78.0,9526.3,-9533.8,498.4,524.1,510.9,NO,0,0,0
-8.5,9493.6,-9567.6,2643.7,480.2,558.3,LG,1,1,0
-0.5,94.7,-94.5,4949.1,4938.6,5097.8,LLLG,5,5,1
2.8,9542.6,-9505.3,2487.4,517.0,495.4,LG,1,1,0
2.9,475.3,-473.5,4074.8,3617.9,4019.8,LLL,4,4,1
0.4,476.7,-481.4,4126.9,4017.0,4237.5,LLL,4,4,1
-0.5,9493.3,-9548.8,2463.2,508.9,505.8,LG,1,1,0
0.8,2848.5,-9522.9,2094.4,2022.7,500.0,LL,2,2,0
0.9,95.4,-96.1,4881.4,4671.3,4865.9,LLLG,5,5,1
79.3,9514.6,-9556.4,489.5,493.4,490.0,NO,0,0,0
-23.6,9599.2,-9515.0,469.1,488.8,538.0,NO,0,0,0
68.1,9514.7,-9544.5,463.4,530.8,488.3,NO,0,0,0
-5.5,2880.4,-9524.2,1981.3,1984.6,541.7,LL,2,2,0
2.2,953.1,-9585.6,3118.5,2573.7,517.0,LLG,3,3,0
-93.6,9524.1,-9501.5,509.3,513.5,504.9,NO,0,0,0
19.6,2866.3,-9444.9,1961.4,2008.5,488.6,LL,2,2,0
-0.2,9514.5,-9549.3,2351.2,485.0,507.8,LG,1,1,0
-23.6,9521.2,-9542.5,494.5,470.9,460.1,NO,0,0,0
16.3,2824.9,-9505.3,1995.1,1938.7,534.6,LL,2,2,0
-0.2,2848.1,-9493.3,1946.6,1884.5,524.5,LL,2,2,0
0.4,476.2,-477.6,3846.4,4194.0,3828.6,LLL,4,4,1
-0.2,9568.4,-9535.2,2531.6,537.5,502.4,LG,1,1,0
-27.7,9540.7,-9589.2,520.9,503.6,481.5,NO,0,0,0
-4.4,474.4,-476.3,3713.5,3868.1,4194.3,LLL,4,4,1
58.4,9483.2,-9465.0,537.5,511.8,507.5,NO,0,0,0
-23.0,9578.4,-9450.6,540.3,466.9,489.0,NO,0,0,0
2.2,9607.3,-9517.6,2308.2,489.9,496.0,LG,1,1,0
38.2,9420.2,-9509.7,513.3,497.5,507.9,NO,0,0,0
4.1,477.3,-477.6,3726.0,4086.0,4301.3,LLL,4,4,1
18.3,2873.2,-9515.5,2029.6,1906.5,513.1,LL,2,2,0
-0.7,472.5,-474.2,4314.6,4184.9,4257.2,LLL,4,4,1
-2.6,9509.0,-9503.6,524.9,497.8,507.0,NO,0,0,0
93.7,9548.8,-9482.9,501.3,481.2,480.2,NO,0,0,0
-33.1,9579.4,-9487.4,547.0,477.0,510.7,NO,0,0,0
2.6,950.1,-9456.4,3026.7,2448.8,500.9,LLG,3,3,0
-1.5,475.7,-475.8,3888.8,3852.8,3987.4,LLL,4,4,1
-26.3,9531.5,-9493.3,461.6,462.7,460.1,NO,0,0,0
1.1,475.8,-474.8,3794.5,4017.9,4397.1,LLL,4,4,1
5.2,9596.7,-9591.1,494.3,511.1,484.6,NO,0,0,0
1.0,479.7,-478.4,3889.8,3904.3,3872.4,LLL,4,4,1
-7.7,2877.1,-9496.4,2108.9,1937.3,504.2,LL,2,2,0
3.8,954.7,-9439.1,2974.6,2352.8,492.7,LLG,3,3,0
-4.6,9579.2,-9544.0,496.0,499.1,495.3,NO,0,0,0
58.5,9475.8,-9459.0,488.8,505.5,515.1,NO,0,0,0
-3.0,947.9,-9545.5,3086.2,2224.3,524.5,LLG,3,3,0
-5.3,475.4,-477.4,3769.3,4181.4,3941.1,LLL,4,4,1
-18.0,2877.2,-9513.2,1943.7,1956.9,498.1,LL,2,2,0
0.2,474.9,-473.0,4034.2,3947.4,3841.5,LLL,4,4,1
-6.8,2873.1,-9565.0,1940.7,1985.5,496.8,LL,2,2,0
-0.5,476.4,-474.8,3812.7,4250.3,4198.6,LLL,4,4,1
0.6,474.3,-472.8,4385.0,4117.0,3962.8,LLL,4,4,1
-37.1,9485.4,-9451.6,486.9,465.7,491.5,NO,0,0,0
-38.9,9473.7,-9447.2,504.1,494.5,500.0,NO,0,0,0
-10.3,950.9,-9641.8,3189.5,2505.2,512.6,LLG,3,3,0
1.0,475.9,-478.0,3967.4,4187.2,4095.3,LLL,4,4,1
-8.1,956.1,-9552.7,2841.3,2579.6,520.4,LLG,3,3,0
41.9,9536.6,-9439.2,509.1,492.5,513.7,NO,0,0,0
92.6,9452.9,-9421.6,496.2,495.0,497.6,NO,0,0,0
3.5,9580.4,-9553.6,2402.8,489.2,480.1,LG,1,1,0
-1.8,472.8,-475.5,3964.7,4058.0,3843.9,LLL,4,4,1
-0.0,94.9,-95.4,5064.2,4999.3,5367.7,LLLG,5,5,1
1.2,96.2,-96.1,5025.3,5063.6,4921.5,LLLG,5,5,1
-0.8,94.9,-95.9,4908.4,4768.4,4781.3,LLLG,5,5,1
5.0,952.9,-9623.2,3091.7,2489.5,481.1,LLG,3,3,0
-10.4,9470.4,-9550.6,474.6,510.8,488.2,NO,0,0,0
3.3,476.5,-478.2,4115.3,3802.0,3961.9,LLL,4,4,1
-35.5,9494.4,-9552.1,504.7,505.9,527.4,NO,0,0,0
-14.7,9578.1,-9436.9,494.9,490.7,467.7,NO,0,0,0
1.5,9476.3,-9628.9,2451.3,517.5,488.2,LG,1,1,0
3.0,951.5,-9600.8,3027.2,2494.0,488.7,LLG,3,3,0
36.6,9514.7,-9576.5,497.6,512.2,486.7,NO,0,0,0
-0.8,96.0,-95.2,5000.0,4971.3,5159.1,LLLG,5,5,1
3.9,959.3,-9577.7,3155.1,2650.6,475.5,LLG,3,3,0
-4.4,9519.2,-9552.4,2651.6,495.8,515.0,LG,1,1,0
0.7,95.5,-96.4,4798.8,4804.5,5096.0,LLLG,5,5,1
-27.6,9576.9,-9563.8,493.5,510.3,506.4,NO,0,0,0
1.5,479.3,-475.5,3872.0,4092.4,3941.1,LLL,4,4,1
-2.4,473.9,-479.8,4225.9,3812.4,4186.2,LLL,4,4,1
167.9,9521.4,-9494.0,519.5,500.6,472.0,NO,0,0,0
-5.1,2853.1,-9459.7,2066.3,2063.8,490.6,LL,2,2,0
-1.9,9520.4,-9489.5,2383.3,518.0,470.8,LG,1,1,0
-12.0,9544.2,-9547.1,501.8,526.4,517.1,NO,0,0,0
-4.4,474.7,-477.1,4051.7,3876.0,3920.8,LLL,4,4,1
6.1,963.1,-9548.0,3047.6,2318.9,517.1,LLG,3,3,0
7.7,944.9,-9574.1,3100.0,2563.9,513.3,LLG,3,3,0
0.1,94.8,-95.5,5140.0,4876.9,5146.3,LLLG,5,5,1
-22.1,2862.0,-9540.1,2044.4,2051.1,509.4,LL,2,2,0
0.6,477.4,-477.3,4009.2,3731.9,4012.8,LLL,4,4,1
-3.5,947.7,-9639.0,2962.3,2551.8,517.1,LLG,3,3,0
6.3,958.9,-9496.4,3237.6,2245.2,511.3,LLG,3,3,0
-0.3,95.2,-94.5,5016.9,4905.6,5172.1,LLLG,5,5,1
1.0,9509.5,-9548.2,2430.8,500.4,490.7,LG,1,1,0
-17.9,9479.6,-9584.9,492.3,494.6,497.9,NO,0,0,0
-0.8,9500.6,-9502.3,2432.9,539.2,476.7,LG,1,1,0
-0.8,959.0,-9528.4,3015.8,2582.2,485.5,LLG,3,3,0
0.7,473.2,-474.9,3998.9,3881.8,4220.2,LLL,4,4,1
13.6,2850.7,-9514.8,2070.6,1942.5,504.4,LL,2,2,0
-2.2,2856.6,-9523.4,2040.6,1949.5,494.3,LL,2,2,0
-0.1,476.9,-475.8,3823.0,3988.4,3759.0,LLL,4,4,1
-2.0,2847.8,-9519.4,2008.9,1854.2,510.2,LL,2,2,0
-26.6,2837.4,-9462.3,2037.8,1915.2,468.6,LL,2,2,0
6.0,2834.8,-9526.5,1996.8,2007.2,515.1,LL,2,2,0
13.9,2839.4,-9595.7,2060.2,1957.4,509.5,LL,2,2,0
-2.9,475.5,-480.8,3895.0,3748.4,4270.7,LLL,4,4,1
-0.5,473.5,-475.6,4357.3,3926.0,3901.4,LLL,4,4,1
16.2,2852.4,-9591.3,2048.3,1976.7,515.6,LL,2,2,0
0.7,474.1,-474.3,4026.8,3832.3,4094.0,LLL,4,4,1
50.8,9625.1,-9486.0,494.1,532.0,516.6,NO,0,0,0
-3.9,951.5,-9500.4,2994.7,2511.8,491.2,LLG,3,3,0
-2.7,9464.6,-9476.8,2599.8,499.4,504.3,LG,1,1,0
-7.6,9541.8,-9528.5,2531.3,495.3,525.6,LG,1,1,0
0.8,95.4,-95.2,5008.5,4832.9,5114.0,LLLG,5,5,1
-0.1,954.4,-9494.6,2920.2,2539.8,535.0,LLG,3,3,0
25.5,2878.2,-9639.9,1937.6,2077.1,535.2,LL,2,2,0
17.4,2864.1,-9462.6,1939.8,2044.7,492.3,LL,2,2,0
0.1,95.1,-95.4,5200.9,4889.3,4559.7,LLLG,5,5,1
0.3,95.6,-94.8,5039.0,4945.2,5198.8,LLLG,5,5,1
17.5,9480.0,-9617.8,528.8,498.2,496.4,NO,0,0,0
-76.4,9542.6,-9588.0,465.8,520.7,530.5,NO,0,0,0
-6.8,478.2,-474.6,4480.7,3810.2,3973.4,LLL,4,4,1
1.2,475.6,-481.1,3990.3,3791.9,4008.2,LLL,4,4,1
-1.9,9482.6,-9506.8,2587.6,471.0,505.8,LG,1,1,0
3.2,479.6,-479.5,3928.6,3564.6,3929.6,LLL,4,4,1
-0.0,480.7,-477.1,4016.0,4075.0,3929.0,LLL,4,4,1
-4.2,960.6,-9484.6,3105.2,2553.3,468.8,LLG,3,3,0
51.2,9588.9,-9540.8,516.9,500.1,477.3,NO,0,0,0
4.0,9510.8,-9514.5,482.8,496.9,516.4,NO,0,0,0
-4.0,955.7,-9514.5,3108.2,2571.8,501.8,LLG,3,3,0
11.3,9577.6,-9583.2,501.9,459.2,525.3,NO,0,0,0
2.5,475.6,-477.9,3844.5,4071.3,3741.5,LLL,4,4,1
3.2,473.1,-475.0,3922.8,3954.8,4028.3,LLL,4,4,1
0.9,474.2,-480.0,4166.0,4102.7,4131.2,LLL,4,4,1
1.7,473.8,-475.7,3845.9,3884.2,3950.6,LLL,4,4,1
-4.9,953.9,-9463.2,2904.7,2692.1,493.9,LLG,3,3,0
-0.1,476.8,-471.9,3921.4,4101.2,4043.7,LLL,4,4,1
0.2,479.1,-477.9,4042.1,3644.5,4050.0,LLL,4,4,1
88.4,9535.0,-9593.8,490.9,504.0,506.6,NO,0,0,0
-0.2,95.0,-94.7,5229.9,4613.7,5071.4,LLLG,5,5,1
-94.7,9600.5,-9594.3,491.3,494.1,506.4,NO,0,0,0
24.0,9533.5,-9562.8,496.4,510.4,498.5,NO,0,0,0
2.6,2862.9,-9525.4,1919.8,1959.0,499.2,LL,2,2,0
-3.0,481.3,-478.5,3698.0,4111.5,3930.4,LLL,4,4,1
-0.7,476.0,-476.2,3903.7,4096.8,4205.9,LLL,4,4,1
-11.9,2872.2,-9526.0,1925.1,2022.0,535.4,LL,2,2,0
8.1,964.3,-9547.8,3068.4,2506.4,512.3,LLG,3,3,0
3.9,951.8,-9562.0,2985.3,2404.5,502.5,LLG,3,3,0
-0.3,474.8,-475.4,3775.1,4063.8,3847.5,LLL,4,4,1
-5.9,957.8,-9564.7,2954.0,2561.9,502.0,LLG,3,3,0
-1.2,9490.5,-9446.7,2462.4,522.1,497.3,LG,1,1,0
-22.3,9567.2,-9452.8,461.0,488.8,489.7,NO,0,0,0
-17.1,2863.2,-9506.7,1847.9,1935.8,498.3,LL,2,2,0
1.2,9576.9,-9550.6,2354.6,493.1,503.0,LG,1,1,0
-10.5,2859.4,-9514.9,1924.0,1990.4,447.4,LL,2,2,0
0.8,474.5,-477.2,3788.0,4146.8,3800.0,LLL,4,4,1
-1.4,477.6,-475.0,3907.2,4282.4,3839.0,LLL,4,4,1
-2.6,9593.3,-9515.3,2575.7,520.5,502.7,LG,1,1,0
-43.2,9566.4,-9628.9,475.9,474.3,460.6,NO,0,0,0
-4.4,949.1,-9508.5,3245.1,2482.7,494.9,LLG,3,3,0
-2.9,9511.9,-9490.2,2424.6,516.3,538.9,LG,1,1,0
29.2,9453.7,-9647.8,524.6,506.7,519.9,NO,0,0,0
5.8,956.4,-9506.6,3090.8,2402.7,508.4,LLG,3,3,0
36.5,9500.1,-9556.2,442.5,477.7,518.4,NO,0,0,0
-13.3,9595.6,-9475.9,472.6,488.8,456.2,NO,0,0,0
5.1,954.8,-9485.3,3161.2,2605.2,516.7,LLG,3,3,0
-0.7,476.4,-474.6,4096.3,4020.4,4201.6,LLL,4,4,1
0.3,95.0,-95.0,4979.3,4897.1,5090.3,LLLG,5,5,1
-5.3,9484.2,-9485.6,464.1,488.5,495.4,NO,0,0,0
-0.4,95.4,-95.2,4858.9,5362.1,4889.9,LLLG,5,5,1
18.3,9529.0,-9492.0,515.4,519.4,497.7,NO,0,0,0
-5.0,957.7,-9519.3,2937.1,2533.3,505.1,LLG,3,3,0
2.2,953.6,-9508.5,3122.6,2387.4,483.2,LLG,3,3,0
0.1,95.3,-95.0,4958.0,4716.2,4903.0,LLLG,5,5,1
5.8,944.4,-9453.0,2815.2,2624.0,515.7,LLG,3,3,0
5.2,9510.6,-9455.8,2434.5,443.9,517.8,LG,1,1,0
-11.4,954.9,-9550.6,3151.9,2461.0,511.9,LLG,3,3,0
-1.0,957.6,-9504.6,2957.1,2301.1,533.7,LLG,3,3,0
4.0,474.4,-474.8,3727.9,4246.1,3941.4,LLL,4,4,1
-38.1,9586.6,-9483.0,504.1,492.4,509.1,NO,0,0,0
-0.2,94.6,-94.6,4879.5,5082.2,5434.8,LLLG,5,5,1
-0.6,95.3,-95.2,4867.7,4774.2,4964.5,LLLG,5,5,1
-28.0,9540.8,-9603.9,506.7,494.7,489.6,NO,0,0,0
73.5,9556.9,-9561.1,495.9,499.1,547.0,NO,0,0,0
-2.2,471.8,-480.3,3719.6,4025.4,4121.0,LLL,4,4,1
-0.0,95.1,-95.6,4514.1,5008.7,5126.9,LLLG,5,5,1
-13.1,2861.1,-9518.2,2012.4,1952.5,489.8,LL,2,2,0
-38.7,9580.4,-9539.5,519.5,481.3,517.9,NO,0,0,0
27.3,9547.0,-9547.0,497.2,518.3,528.5,NO,0,0,0
-28.6,9416.2,-9598.4,503.9,483.3,491.2,NO,0,0,0
23.1,9556.0,-9499.3,516.6,476.1,503.1,NO,0,0,0
-84.6,9587.9,-9457.7,513.4,483.0,481.7,NO,0,0,0
-53.7,9529.0,-9427.0,504.0,477.4,461.0,NO,0,0,0
0.7,94.8,-95.8,5108.0,5014.6,4824.7,LLLG,5,5,1
-7.6,9517.8,-9567.9,2311.1,461.3,475.0,LG,1,1,0
-8.0,9580.0,-9495.5,529.3,500.5,491.1,NO,0,0,0
-96.2,9548.1,-9534.3,488.3,444.1,484.1,NO,0,0,0
-9.2,9589.8,-9634.7,498.7,507.9,543.2,NO,0,0,0
-0.3,94.9,-95.3,5076.9,5178.4,5109.1,LLLG,5,5,1
-0.5,95.2,-95.4,5006.5,5004.9,4998.4,LLLG,5,5,1
-1.2,477.5,-474.6,3596.2,3802.7,3793.5,LLL,4,4,1
-0.7,95.0,-95.1,5132.4,5242.7,4865.5,LLLG,5,5,1
-15.5,2852.5,-9522.9,2049.1,2056.9,476.7,LL,2,2,0
0.8,95.5,-95.6,5139.3,4939.2,5247.1,LLLG,5,5,1
13.9,9593.4,-9560.2,466.6,500.7,492.1,NO,0,0,0
-0.3,95.5,-94.9,5265.8,5159.7,5136.2,LLLG,5,5,1
-10.8,2861.5,-9538.7,1965.4,1815.2,499.5,LL,2,2,0
-0.8,95.8,-94.3,5041.7,5184.4,5263.9,LLLG,5,5,1
-6.5,2868.5,-9548.5,1932.8,1969.9,502.6,LL,2,2,0
199.2,9510.9,-9523.5,488.3,501.4,456.4,NO,0,0,0
-0.0,2862.3,-9554.1,1926.2,1957.6,512.0,LL,2,2,0
-0.4,95.2,-95.0,4978.3,4603.7,5177.6,LLLG,5,5,1
-9.5,9544.4,-9532.2,2402.9,497.6,507.1,LG,1,1,0
-9.0,9568.9,-9496.1,503.1,518.9,484.0,NO,0,0,0
-27.6,9455.6,-9470.1,528.2,522.5,505.6,NO,0,0,0
-0.0,95.4,-94.7,5052.2,4844.4,5237.1,LLLG,5,5,1
-13.4,9477.2,-9489.8,476.9,503.8,502.2,NO,0,0,0
4.1,475.5,-478.3,4163.5,3691.0,4000.5,LLL,4,4,1
2.6,481.2,-479.6,4051.5,4089.5,3907.7,LLL,4,4,1
22.4,2859.0,-9552.6,1760.8,1920.2,489.6,LL,2,2,0
-4.6,9533.3,-9514.4,2559.8,491.6,485.4,LG,1,1,0
-0.9,956.2,-9650.4,3209.8,2342.2,496.0,LLG,3,3,0
0.4,95.4,-94.4,5057.9,4986.1,4905.9,LLLG,5,5,1
2.5,954.4,-9558.1,2986.6,2425.8,521.0,LLG,3,3,0
-6.4,2853.9,-9624.7,1892.8,2027.6,489.3,LL,2,2,0
-6.6,9417.6,-9474.1,507.0,525.1,503.7,NO,0,0,0
-8.4,960.4,-9604.4,3083.2,2467.2,521.1,LLG,3,3,0
-1.1,477.5,-472.8,3861.1,3968.8,4036.4,LLL,4,4,1
33.0,9456.7,-9448.8,520.7,470.0,492.8,NO,0,0,0
-103.5,9549.0,-9595.6,485.2,461.5,477.6,NO,0,0,0
7.7,2846.4,-9544.3,1932.3,2157.7,490.3,LL,2,2,0
0.1,478.2,-481.5,4243.3,3660.3,4329.3,LLL,4,4,1
9.5,9572.9,-9474.2,523.7,515.9,496.8,NO,0,0,0
-10.2,2886.2,-9566.6,2160.5,1954.0,482.3,LL,2,2,0
-4.0,954.1,-9562.6,2944.4,2335.8,503.8,LLG,3,3,0
-11.7,9514.4,-9508.6,2503.1,548.0,509.1,LG,1,1,0
1.2,479.8,-474.2,4045.8,4013.9,3904.6,LLL,4,4,1
3.3,952.7,-9502.6,3076.3,2492.1,466.4,LLG,3,3,0
-6.5,2863.4,-9508.4,2077.1,2054.0,471.4,LL,2,2,0
-10.1,9484.7,-9511.7,499.3,505.7,511.6,NO,0,0,0
-14.5,2873.0,-9520.2,1978.7,2052.2,471.9,LL,2,2,0
2.0,475.3,-478.2,3819.8,4084.2,3847.8,LLL,4,4,1
-6.2,9531.9,-9571.3,497.6,489.3,483.4,NO,0,0,0
-24.8,9633.1,-9452.0,483.4,507.1,496.2,NO,0,0,0
2.9,958.7,-9487.3,3032.3,2486.1,492.1,LLG,3,3,0
4.8,9515.3,-9549.7,514.0,523.2,545.4,NO,0,0,0
-2.8,9469.2,-9534.5,497.8,484.2,510.2,NO,0,0,0
-20.6,2880.6,-9489.3,1967.7,2000.6,495.9,LL,2,2,0
-38.0,2847.3,-9467.8,2004.6,1866.7,507.8,LL,2,2,0
2.3,477.5,-479.2,4048.3,3920.4,4009.5,LLL,4,4,1
12.3,963.9,-9415.3,2968.1,2624.2,472.4,LLG,3,3,0
2.2,9486.6,-9559.5,501.9,503.6,454.6,NO,0,0,0
0.3,480.4,-479.6,4185.0,4239.8,4063.8,LLL,4,4,1
0.2,95.2,-94.7,4941.4,4887.3,5027.0,LLLG,5,5,1
3.5,479.1,-479.2,4058.1,4016.0,3891.7,LLL,4,4,1
-2.4,950.2,-9420.9,2898.4,2326.5,507.1,LLG,3,3,0
2.3,953.9,-9448.7,2967.1,2464.1,476.1,LLG,3,3,0
4.9,961.3,-9496.7,3052.9,2315.4,520.9,LLG,3,3,0
3.8,9514.4,-9383.1,2537.3,499.4,552.9,LG,1,1,0
-0.3,9391.8,-9545.9,490.6,502.9,471.3,NO,0,0,0
3.9,472.0,-477.0,3991.2,4049.4,4255.8,LLL,4,4,1
3.4,951.4,-9554.9,2824.1,2386.7,480.6,LLG,3,3,0
-7.9,2876.1,-9532.9,2023.5,1898.2,502.4,LL,2,2,0
20.7,2870.3,-9569.1,2049.3,2013.0,498.3,LL,2,2,0
-12.1,2855.4,-9543.0,2085.3,1997.6,490.9,LL,2,2,0
1.8,958.1,-9522.7,2979.6,2463.0,486.5,LLG,3,3,0
19.7,9550.3,-9527.8,471.4,511.9,492.2,NO,0,0,0
-0.8,949.5,-9497.5,3044.4,2450.3,456.4,LLG,3,3,0
-19.1,9549.5,-9573.5,489.5,529.1,536.4,NO,0,0,0
-1.6,952.0,-9594.1,3285.4,2405.6,492.2,LLG,3,3,0
4.1,950.3,-9520.0,3167.0,2403.5,484.7,LLG,3,3,0
3.7,9486.2,-9542.8,2660.3,547.9,484.7,LG,1,1,0
5.4,9455.3,-9587.9,493.1,511.9,502.4,NO,0,0,0
-0.3,95.8,-95.4,5256.4,5065.3,4719.6,LLLG,5,5,1
0.1,94.6,-95.4,4812.8,4640.9,5025.5,LLLG,5,5,1
-28.1,9557.7,-9561.5,499.9,470.5,547.6,NO,0,0,0
3.4,474.5,-477.8,3931.5,4198.6,4128.3,LLL,4,4,1
-36.5,9565.0,-9537.9,489.7,525.2,500.5,NO,0,0,0
49.4,9549.7,-9563.6,498.2,506.3,522.3,NO,0,0,0
-103.9,9643.7,-9499.0,519.2,492.6,479.5,NO,0,0,0
5.0,9494.0,-9533.1,2572.5,469.4,451.2,LG,1,1,0
47.8,9606.6,-9457.9,536.0,477.0,468.2,NO,0,0,0
18.5,2872.5,-9590.5,2014.4,2048.6,476.4,LL,2,2,0
0.6,471.7,-476.4,3746.5,4249.7,4205.0,LLL,4,4,1
-0.8,477.0,-478.2,3672.3,4116.4,4106.1,LLL,4,4,1
-54.8,9529.2,-9557.1,461.1,480.3,499.1,NO,0,0,0
85.2,9579.2,-9511.9,521.6,517.2,503.6,NO,0,0,0
-23.1,9572.4,-9551.0,489.9,496.5,451.3,NO,0,0,0
-0.0,95.3,-96.3,5170.6,5222.0,4981.6,LLLG,5,5,1
-0.8,477.1,-478.4,4060.3,4063.4,3796.8,LLL,4,4,1
1.3,95.1,-95.2,4778.8,4807.4,4871.6,LLLG,5,5,1
-13.0,9512.1,-9524.5,489.9,474.4,462.1,NO,0,0,0
-5.1,956.2,-9604.2,2839.6,2487.6,561.2,LLG,3,3,0
1.0,946.9,-9503.5,3137.4,2675.4,503.4,LLG,3,3,0
-40.4,9608.8,-9590.6,521.9,489.6,461.4,NO,0,0,0
-60.4,9591.7,-9597.0,515.0,485.1,516.2,NO,0,0,0
-1.6,474.5,-473.5,3983.1,4057.0,3992.8,LLL,4,4,1
0.6,95.3,-95.7,4947.3,5022.1,4985.6,LLLG,5,5,1
-3.2,9549.0,-9545.0,2494.9,500.0,492.6,LG,1,1,0
60.3,9543.9,-9604.2,501.4,494.5,513.1,NO,0,0,0
0.1,95.4,-96.0,5168.2,4891.7,4758.3,LLLG,5,5,1
70.2,9497.0,-9532.9,536.6,501.4,513.0,NO,0,0,0
-1.9,474.1,-473.5,4005.5,4196.4,3975.0,LLL,4,4,1
-0.3,475.8,-475.1,4251.8,4183.4,3848.8,LLL,4,4,1
-41.6,9610.1,-9559.9,557.5,490.3,496.6,NO,0,0,0
3.6,477.9,-479.7,4039.3,4437.1,4124.1,LLL,4,4,1
-28.0,9495.3,-9566.3,505.8,490.2,483.8,NO,0,0,0
2.6,472.8,-475.7,4119.8,3962.1,3866.9,LLL,4,4,1
-5.5,9430.1,-9488.5,2512.8,489.0,507.0,LG,1,1,0
0.5,475.3,-474.7,3984.7,4145.3,3880.7,LLL,4,4,1
5.4,957.2,-9496.6,2992.0,2336.6,489.1,LLG,3,3,0
-82.2,9494.3,-9500.8,509.6,476.2,503.9,NO,0,0,0
-0.5,475.8,-471.8,3991.8,3982.1,4308.0,LLL,4,4,1
-10.8,2831.4,-9510.3,2085.5,2086.9,484.0,LL,2,2,0
5.4,959.1,-9536.6,2846.4,2476.4,513.1,LLG,3,3,0
1.5,477.3,-483.5,4142.3,3914.0,4023.4,LLL,4,4,1
0.3,95.1,-95.9,5073.2,4865.9,5050.0,LLLG,5,5,1
-0.8,95.4,-94.5,4842.0,4961.6,4638.3,LLLG,5,5,1
5.0,9692.7,-9504.8,512.5,507.5,517.6,NO,0,0,0
1.3,477.0,-474.6,4271.1,3898.1,4053.4,LLL,4,4,1
12.2,2850.1,-9515.2,2094.3,1932.9,502.1,LL,2,2,0
0.6,939.4,-9478.7,3078.6,2531.6,477.0,LLG,3,3,0
4.4,948.1,-9548.9,3043.7,2677.2,504.7,LLG,3,3,0
-1.3,2824.4,-9527.3,1973.8,1959.8,519.7,LL,2,2,0
-3.0,952.4,-9500.9,3133.7,2503.8,543.9,LLG,3,3,0
-9.8,961.1,-9519.7,2982.8,2371.1,528.3,LLG,3,3,0
-1.6,954.8,-9496.0,2875.2,2347.4,521.1,LLG,3,3,0
-34.2,2843.4,-9615.3,2102.0,1994.2,511.7,LL,2,2,0
-9.5,9546.0,-9518.1,2523.3,515.3,520.8,LG,1,1,0
-1.0,473.8,-472.3,4133.0,4072.5,4000.2,LLL,4,4,1
-10.5,2848.9,-9481.3,1925.6,1994.5,482.9,LL,2,2,0
-1.4,476.7,-477.2,3971.3,3952.3,4078.3,LLL,4,4,1
-20.1,9472.3,-9530.7,495.2,516.3,520.2,NO,0,0,0
1.3,480.2,-478.7,3978.1,4303.2,3995.5,LLL,4,4,1
-3.7,9493.7,-9577.9,2676.4,505.1,509.8,LG,1,1,0
3.9,478.5,-473.5,4115.6,3957.1,4015.5,LLL,4,4,1
-3.1,2845.2,-9560.3,2222.9,1924.2,513.7,LL,2,2,0
124.1,9487.5,-9432.3,499.9,491.8,497.6,NO,0,0,0
68.8,9530.3,-9582.3,478.2,504.1,521.2,NO,0,0,0
-6.9,956.8,-9468.5,3066.5,2658.8,488.0,LLG,3,3,0
-16.6,9517.9,-9443.1,481.7,492.9,499.4,NO,0,0,0
-1.1,9575.9,-9464.9,2617.7,509.7,533.0,LG,1,1,0
-2.5,474.6,-477.4,4109.8,4361.7,3783.7,LLL,4,4,1
1.5,9549.5,-9587.9,2410.3,507.2,485.2,LG,1,1,0
0.1,94.2,-94.5,4938.4,4862.1,5300.9,LLLG,5,5,1
-10.0,953.7,-9527.4,2882.4,2565.6,506.9,LLG,3,3,0
-19.3,9469.0,-9590.4,524.6,509.9,499.6,NO,0,0,0
107.4,9502.0,-9549.8,519.9,509.5,516.2,NO,0,0,0
7.8,2862.5,-9500.8,1934.0,1924.8,517.7,LL,2,2,0
-46.7,9496.8,-9571.3,493.7,517.6,508.1,NO,0,0,0
-5.1,2870.2,-9538.5,2079.9,1987.7,486.8,LL,2,2,0
36.2,9479.0,-9437.6,488.0,523.6,463.1,NO,0,0,0
2.9,955.3,-9585.0,2888.1,2513.0,513.9,LLG,3,3,0
41.1,9527.6,-9494.1,505.6,544.8,481.7,NO,0,0,0
21.7,9497.3,-9499.7,503.4,487.4,510.5,NO,0,0,0
-12.2,2866.2,-9515.9,1970.8,2032.7,509.7,LL,2,2,0
2.4,951.4,-9491.5,3030.7,2462.7,495.9,LLG,3,3,0
0.6,9502.0,-9450.7,2565.2,471.0,458.5,LG,1,1,0
-31.1,9530.4,-9556.4,488.3,515.6,515.7,NO,0,0,0
52.1,9599.0,-9484.9,483.2,535.7,529.7,NO,0,0,0
-44.9,9594.4,-9590.8,483.9,508.8,495.8,NO,0,0,0
-1.5,474.9,-474.3,3931.7,4045.1,4035.7,LLL,4,4,1
-27.3,9522.3,-9474.2,494.7,512.0,510.8,NO,0,0,0
-56.9,9582.0,-9486.9,543.5,468.7,486.8,NO,0,0,0
-49.3,9557.8,-9529.7,514.0,506.0,501.6,NO,0,0,0
2.6,472.9,-478.9,4039.0,4101.2,3995.9,LLL,4,4,1
11.3,2871.8,-9515.0,1988.5,2026.0,498.2,LL,2,2,0
0.0,482.7,-475.5,3820.4,4200.7,3845.7,LLL,4,4,1
-70.1,9525.8,-9597.5,521.5,515.4,475.8,NO,0,0,0
3.1,953.2,-9490.1,3095.8,2596.3,489.1,LLG,3,3,0
-0.3,952.2,-9543.3,3055.0,2523.0,508.8,LLG,3,3,0
-0.4,95.6,-94.5,5185.7,4858.1,5034.6,LLLG,5,5,1
-1.8,474.9,-473.2,3991.2,3991.8,4203.6,LLL,4,4,1
13.1,9496.5,-9538.1,501.2,520.1,499.4,NO,0,0,0
50.5,9439.3,-9550.6,501.1,501.0,493.7,NO,0,0,0
15.4,2848.3,-9567.2,2015.7,2141.8,481.3,LL,2,2,0
-5.9,2857.0,-9579.4,2174.5,1975.4,483.7,LL,2,2,0
0.1,945.2,-9545.4,2979.0,2518.3,488.9,LLG,3,3,0
2.2,9528.1,-9478.5,2481.9,482.2,520.3,LG,1,1,0
0.8,95.0,-94.8,5283.3,5088.1,4898.9,LLLG,5,5,1
29.7,9547.9,-9579.5,473.2,527.9,460.4,NO,0,0,0
0.4,478.0,-473.3,3852.3,4102.9,4050.7,LLL,4,4,1
8.2,9509.7,-9542.2,468.9,523.7,502.1,NO,0,0,0
3.2,9493.7,-9535.2,2451.6,520.6,491.5,LG,1,1,0
-8.9,2843.3,-9551.1,2078.2,2039.1,481.2,LL,2,2,0
15.1,9447.6,-9533.8,503.8,479.8,478.7,NO,0,0,0
-2.0,477.4,-479.5,4038.6,4135.9,3933.8,LLL,4,4,1
-8.3,9517.9,-9504.5,2512.8,480.5,476.2,LG,1,1,0
17.5,2851.9,-9570.9,1979.7,2163.7,521.9,LL,2,2,0
1.6,949.7,-9393.6,2758.0,2496.8,518.8,LLG,3,3,0
10.1,948.6,-9563.4,2916.9,2322.6,514.3,LLG,3,3,0
1.6,475.7,-475.1,4462.0,4119.0,4162.3,LLL,4,4,1
16.2,2853.3,-9500.3,2015.9,1945.9,520.6,LL,2,2,0
0.5,94.8,-94.7,4614.2,4656.8,5109.4,LLLG,5,5,1
2.4,475.8,-482.4,4125.3,4112.6,4036.8,LLL,4,4,1
-5.5,9475.7,-9503.1,493.4,485.3,506.6,NO,0,0,0
2.5,9530.2,-9519.3,2543.5,466.3,491.4,LG,1,1,0
3.6,479.0,-476.6,4139.6,4149.9,3932.9,LLL,4,4,1
-20.9,2864.8,-9580.7,1915.2,1993.0,490.4,LL,2,2,0
3.1,2851.1,-9535.8,1994.1,2031.9,486.8,LL,2,2,0
15.3,9529.8,-9455.8,490.9,481.1,484.3,NO,0,0,0
-3.4,9522.5,-9525.2,2603.7,522.9,481.6,LG,1,1,0
4.3,956.9,-9536.4,3026.3,2601.8,504.6,LLG,3,3,0
1.3,957.3,-9557.1,2902.8,2546.9,516.9,LLG,3,3,0
-1.3,478.7,-476.1,4218.7,4014.3,4109.0,LLL,4,4,1
0.2,95.6,-95.8,4753.8,4968.4,5201.0,LLLG,5,5,1
5.7,952.3,-9557.1,2852.5,2605.9,468.2,LLG,3,3,0
5.8,955.6,-9516.3,2882.2,2461.9,538.8,LLG,3,3,0
-1.9,2868.0,-9578.6,1829.1,1883.6,483.7,LL,2,2,0
-14.4,2871.5,-9571.9,2036.7,2008.5,514.3,LL,2,2,0
0.1,947.8,-9571.6,3163.2,2494.2,495.5,LLG,3,3,0
-2.7,481.1,-475.8,4001.9,3767.2,4031.6,LLL,4,4,1
-16.1,2875.4,-9507.3,1858.7,1996.2,483.8,LL,2,2,0
-0.2,475.5,-475.1,3939.9,3872.5,4097.5,LLL,4,4,1
70.8,9559.8,-9624.6,521.7,525.1,530.4,NO,0,0,0
4.6,474.2,-476.5,4025.0,4153.3,4158.0,LLL,4,4,1
-3.9,478.1,-474.2,4005.4,4135.7,3764.7,LLL,4,4,1
-0.5,475.5,-474.6,4232.6,3966.8,3899.3,LLL,4,4,1
27.8,2863.5,-9516.5,2001.2,2006.7,491.3,LL,2,2,0
8.2,2890.7,-9552.6,1965.4,1828.6,511.9,LL,2,2,0
-0.5,2858.4,-9504.9,2044.9,1987.7,506.8,LL,2,2,0
18.6,9564.7,-9506.2,495.6,486.4,493.2,NO,0,0,0
0.8,95.7,-95.1,4913.0,5135.8,5199.5,LLLG,5,5,1
-0.4,95.0,-95.5,4872.0,4751.4,5083.8,LLLG,5,5,1
5.2,476.6,-476.2,3810.7,4000.3,4233.1,LLL,4,4,1
-5.3,950.9,-9512.6,3057.1,2452.8,533.0,LLG,3,3,0
0.5,954.1,-9583.6,3024.7,2560.6,510.5,LLG,3,3,0
15.9,2860.3,-9522.0,2065.7,2052.5,515.9,LL,2,2,0
-1.7,475.2,-481.9,3952.9,3858.1,3913.7,LLL,4,4,1
-14.5,2860.0,-9594.6,2159.5,2170.8,485.4,LL,2,2,0
1.0,9467.0,-9454.8,2334.0,495.6,504.2,LG,1,1,0
47.1,9619.8,-9420.9,515.6,533.7,506.3,NO,0,0,0
-56.1,9530.7,-9504.7,503.7,493.2,502.7,NO,0,0,0
-11.5,9559.7,-9484.8,497.8,503.2,471.9,NO,0,0,0
13.7,9480.2,-9566.9,476.7,488.1,502.6,NO,0,0,0
-88.9,9492.9,-9483.2,499.3,473.0,487.9,NO,0,0,0
1.2,475.8,-477.2,3939.5,3888.2,3671.2,LLL,4,4,1
-13.2,2870.2,-9459.6,1948.4,2049.9,492.2,LL,2,2,0
5.3,9436.2,-9544.4,2527.5,511.9,488.0,LG,1,1,0
-0.5,9498.9,-9362.2,2503.0,505.2,500.3,LG,1,1,0
-5.4,9464.7,-9625.8,2493.1,491.2,482.9,LG,1,1,0
-2.1,946.2,-9553.0,3167.9,2500.8,512.9,LLG,3,3,0
-19.4,2861.0,-9554.3,1931.0,2061.5,482.6,LL,2,2,0
-5.7,476.4,-473.9,3892.7,3924.4,4012.5,LLL,4,4,1
0.1,948.8,-9530.0,2970.1,2447.5,509.7,LLG,3,3,0
-19.4,2854.4,-9466.9,2054.0,1897.2,469.2,LL,2,2,0
-1.3,95.1,-95.5,4877.3,4864.4,5244.9,LLLG,5,5,1
39.8,9593.1,-9617.1,502.7,505.9,483.2,NO,0,0,0
24.4,2869.0,-9526.3,1811.9,1985.8,503.4,LL,2,2,0
3.6,478.8,-471.7,4136.3,3877.7,4108.2,LLL,4,4,1
-0.0,95.4,-95.2,5249.9,5238.2,5071.7,LLLG,5,5,1
4.9,9583.1,-9463.7,2464.4,471.3,458.9,LG,1,1,0
44.2,9610.3,-9598.1,527.5,530.6,528.3,NO,0,0,0
4.0,9488.8,-9529.0,474.3,531.5,526.4,NO,0,0,0
9.2,9559.3,-9486.6,495.5,508.6,472.8,NO,0,0,0
-0.5,94.9,-94.9,4894.8,5354.5,4870.3,LLLG,5,5,1
6.3,952.5,-9541.9,2805.0,2531.1,498.3,LLG,3,3,0
-2.5,474.9,-479.1,4151.0,4054.2,4222.1,LLL,4,4,1
-27.2,2860.5,-9555.9,1985.6,2079.2,493.6,LL,2,2,0
0.1,476.4,-474.6,3918.0,3948.6,4126.3,LLL,4,4,1
-3.5,950.4,-9518.5,3019.4,2452.2,505.3,LLG,3,3,0
9.4,2873.1,-9573.3,2032.2,2097.1,498.0,LL,2,2,0
-14.1,9579.5,-9542.0,488.6,524.0,472.1,NO,0,0,0
45.8,9565.0,-9487.6,490.4,505.4,522.3,NO,0,0,0
-4.3,477.2,-478.2,3836.9,3692.1,3938.1,LLL,4,4,1
-2.4,949.0,-9454.2,2822.1,2507.4,486.1,LLG,3,3,0
87.0,9500.5,-9502.6,506.9,494.9,528.1,NO,0,0,0
0.7,2843.2,-9542.7,2035.5,1938.0,475.8,LL,2,2,0
4.6,2879.6,-9520.0,1902.1,1952.8,515.0,LL,2,2,0
-5.6,954.3,-9475.7,2969.8,2422.1,499.2,LLG,3,3,0
-35.7,2882.7,-9499.6,1956.1,1999.3,471.4,LL,2,2,0
-45.4,9559.5,-9493.7,529.5,516.0,491.0,NO,0,0,0
-85.0,9443.9,-9549.7,517.7,524.9,522.1,NO,0,0,0
-0.1,95.0,-94.9,5020.5,4731.0,4872.6,LLLG,5,5,1
-41.7,9492.6,-9599.8,519.4,483.2,496.1,NO,0,0,0
-38.6,9497.2,-9519.0,506.7,490.1,499.4,NO,0,0,0
-94.5,9589.1,-9512.8,487.0,517.0,469.8,NO,0,0,0
23.3,2861.0,-9476.8,1820.4,2039.7,486.9,LL,2,2,0
-7.4,2865.4,-9563.6,2046.6,2050.9,503.7,LL,2,2,0
0.5,95.7,-94.5,5284.9,4859.7,4918.5,LLLG,5,5,1
2.5,959.7,-9583.3,2847.4,2456.0,497.6,LLG,3,3,0
-7.1,947.0,-9463.0,2973.7,2440.1,520.7,LLG,3,3,0
2.6,9632.6,-9527.7,2651.6,468.8,528.4,LG,1,1,0
-1.3,476.1,-479.0,3794.2,3879.5,3914.2,LLL,4,4,1
5.1,9517.7,-9430.5,517.0,564.3,485.8,NO,0,0,0
10.9,473.7,-481.5,4072.2,4063.2,3921.5,LLL,4,4,1
-1.7,478.0,-473.9,3975.7,4101.0,3875.0,LLL,4,4,1
5.6,9561.9,-9561.6,485.9,512.1,473.3,NO,0,0,0
3.1,959.3,-9434.2,3055.4,2464.4,507.6,LLG,3,3,0
-3.3,9517.2,-9525.8,2509.8,512.3,493.0,LG,1,1,0
77.1,9505.1,-9532.4,503.5,566.6,503.7,NO,0,0,0
1.5,946.2,-9483.5,3004.3,2515.6,480.5,LLG,3,3,0
-8.9,9479.5,-9494.9,504.3,503.8,488.0,NO,0,0,0
-0.6,95.0,-95.5,4869.3,5289.1,4932.8,LLLG,5,5,1
16.7,9560.4,-9502.8,504.3,479.4,470.6,NO,0,0,0
-12.6,9598.6,-9551.8,515.0,505.9,488.8,NO,0,0,0
61.7,9544.1,-9557.7,488.9,513.6,480.1,NO,0,0,0
4.4,9515.6,-9534.5,507.6,524.8,506.2,NO,0,0,0
-9.9,951.7,-9511.4,3123.1,2565.2,534.0,LLG,3,3,0
-2.7,953.5,-9569.0,2998.4,2408.4,491.9,LLG,3,3,0
-0.0,476.3,-478.9,3693.7,3994.3,4192.0,LLL,4,4,1
-0.3,95.7,-94.1,4987.6,5045.2,4891.9,LLLG,5,5,1
23.9,9482.1,-9571.5,496.3,499.1,506.4,NO,0,0,0
6.0,2844.7,-9528.9,1982.2,1982.3,512.0,LL,2,2,0
-0.3,958.2,-9420.1,2856.0,2663.0,494.2,LLG,3,3,0
-117.1,9548.7,-9467.5,473.1,511.8,498.2,NO,0,0,0
13.4,9498.5,-9547.6,486.8,536.6,471.4,NO,0,0,0
38.4,9504.1,-9536.1,507.9,470.3,503.8,NO,0,0,0
0.5,473.6,-476.0,4118.3,4006.8,3811.8,LLL,4,4,1
-6.0,958.4,-9429.4,2998.1,2468.1,479.8,LLG,3,3,0
0.2,95.6,-94.8,5072.8,5024.4,5155.1,LLLG,5,5,1
3.8,479.8,-478.6,3775.8,3934.1,4069.9,LLL,4,4,1
-11.0,9515.4,-9485.6,458.3,492.0,480.0,NO,0,0,0
-2.5,479.5,-473.3,4585.0,3558.2,3959.9,LLL,4,4,1
-34.1,9569.0,-9493.2,510.9,506.4,517.8,NO,0,0,0
-1.0,95.6,-95.2,5196.8,4866.0,5237.1,LLLG,5,5,1
-5.0,951.2,-9573.4,3068.4,2440.8,466.4,LLG,3,3,0
1.5,944.7,-9456.4,3022.2,2494.3,521.5,LLG,3,3,0
2.9,2861.4,-9553.2,2003.5,1974.8,508.4,LL,2,2,0
2.4,953.0,-9583.6,3034.8,2505.2,553.4,LLG,3,3,0
-0.5,95.8,-95.3,5405.2,4834.4,4763.9,LLLG,5,5,1
-21.0,2817.5,-9600.2,1981.3,1976.1,508.6,LL,2,2,0
0.1,953.6,-9561.3,3067.2,2474.2,467.1,LLG,3,3,0
-13.4,2866.3,-9503.1,1942.0,1959.6,497.7,LL,2,2,0
28.7,9439.6,-9589.8,511.4,455.8,531.2,NO,0,0,0
12.7,957.5,-9492.3,2990.4,2506.6,459.9,LLG,3,3,0
-1.3,475.5,-470.7,4148.8,3931.7,3864.8,LLL,4,4,1
-0.4,94.8,-95.2,5143.6,4994.3,4958.4,LLLG,5,5,1
-7.2,964.1,-9536.2,2856.8,2521.7,495.3,LLG,3,3,0
-5.4,2849.1,-9494.8,1912.2,2010.9,492.7,LL,2,2,0
-31.3,9420.4,-9434.2,494.1,530.7,505.4,NO,0,0,0
67.9,9469.3,-9465.2,481.7,513.0,514.7,NO,0,0,0
-0.6,475.1,-479.7,4075.3,3702.9,4105.3,LLL,4,4,1
12.3,2833.1,-9570.1,1997.3,2012.0,514.2,LL,2,2,0
0.4,472.3,-476.5,3947.2,4153.8,3951.4,LLL,4,4,1
0.2,476.3,-471.1,4039.4,4221.1,4058.5,LLL,4,4,1
0.3,2823.4,-9517.7,2012.6,2072.5,470.3,LL,2,2,0
7.2,9491.8,-9512.9,524.7,498.6,490.0,NO,0,0,0
2.5,948.3,-9499.4,3123.8,2673.9,518.6,LLG,3,3,0
-1.2,950.8,-9487.2,3025.9,2530.8,511.2,LLG,3,3,0
-0.4,94.8,-95.6,4977.9,5060.7,5226.7,LLLG,5,5,1
-3.1,475.0,-478.7,4172.4,3996.8,4002.3,LLL,4,4,1
-4.6,2828.6,-9499.1,1983.9,1990.3,514.2,LL,2,2,0
21.7,9622.1,-9531.2,486.0,474.2,508.9,NO,0,0,0
1.3,9547.5,-9547.1,2352.7,504.7,462.5,LG,1,1,0
36.7,9460.8,-9497.7,477.2,458.7,488.8,NO,0,0,0
71.0,9543.0,-9594.3,496.2,529.9,465.9,NO,0,0,0
3.0,951.2,-9489.3,2858.0,2495.0,462.8,LLG,3,3,0
-0.9,9582.8,-9473.5,468.5,468.1,489.6,NO,0,0,0
22.8,2862.5,-9578.8,2020.0,2152.1,521.2,LL,2,2,0
-4.7,9440.9,-9472.3,461.5,512.2,524.4,NO,0,0,0
-0.2,479.9,-476.4,3882.7,3946.5,3881.5,LLL,4,4,1
-19.3,9495.0,-9538.0,497.8,488.2,526.4,NO,0,0,0
-5.9,958.4,-9478.9,3032.3,2469.4,462.5,LLG,3,3,0
-0.5,479.3,-474.2,4002.0,3980.5,3824.4,LLL,4,4,1
66.2,9569.5,-9482.5,522.7,454.0,494.7,NO,0,0,0
-2.2,950.6,-9586.6,2925.1,2508.8,485.4,LLG,3,3,0
0.6,95.2,-95.2,4805.3,5063.4,5038.9,LLLG,5,5,1
1.5,478.6,-473.6,3832.0,4044.1,4088.7,LLL,4,4,1
14.8,2860.5,-9539.0,2079.8,1982.7,477.0,LL,2,2,0
11.5,965.5,-9596.5,2992.5,2359.5,503.3,LLG,3,3,0
-4.4,475.5,-472.5,4049.1,4099.2,4132.0,LLL,4,4,1
-42.5,9510.8,-9566.4,462.6,509.3,463.3,NO,0,0,0
-7.4,2873.9,-9415.9,2009.1,2159.6,467.2,LL,2,2,0
0.8,94.1,-94.3,4885.9,4388.0,4838.8,LLLG,5,5,1
-79.8,9483.6,-9583.7,479.5,490.1,488.4,NO,0,0,0
-6.9,474.4,-477.8,3859.5,4127.4,4082.8,LLL,4,4,1
-0.5,96.3,-95.5,4495.6,5084.4,5432.2,LLLG,5,5,1
0.4,95.0,-95.6,4836.3,5125.8,4744.7,LLLG,5,5,1
-45.0,9486.8,-9589.6,502.4,513.5,480.4,NO,0,0,0
-8.1,950.9,-9471.0,3068.5,2608.0,479.0,LLG,3,3,0
-0.2,95.7,-95.2,4868.0,4791.3,4727.4,LLLG,5,5,1
-5.0,9518.0,-9553.6,2573.8,475.6,499.3,LG,1,1,0
-2.2,9518.4,-9504.2,509.5,487.7,488.2,NO,0,0,0
28.3,9568.7,-9521.8,516.6,519.5,503.0,NO,0,0,0
-20.6,9546.2,-9591.1,472.2,488.6,458.9,NO,0,0,0
3.6,9569.7,-9512.5,493.8,517.3,514.4,NO,0,0,0
17.6,2861.5,-9514.6,2069.9,2023.1,524.2,LL,2,2,0
-0.5,95.3,-95.2,4889.7,4980.3,4813.4,LLLG,5,5,1
-1.1,477.0,-475.2,4012.8,3948.2,4038.4,LLL,4,4,1
-1.0,9536.9,-9564.9,2458.1,518.4,516.8,LG,1,1,0
-1.6,956.6,-9479.3,3026.3,2442.2,501.0,LLG,3,3,0
-24.3,9607.7,-9582.3,503.5,462.8,509.5,NO,0,0,0
-5.2,954.0,-9492.8,2977.9,2551.4,507.2,LLG,3,3,0
-28.5,2847.0,-9510.0,1977.2,2137.2,515.3,LL,2,2,0
-2.8,478.0,-478.9,4147.8,4071.5,3825.5,LLL,4,4,1
17.1,2834.2,-9464.3,1857.1,1987.1,497.5,LL,2,2,0
0.2,95.7,-94.7,4873.0,4957.6,4991.1,LLLG,5,5,1
0.2,481.1,-474.6,3962.1,3936.2,3744.9,LLL,4,4,1
20.3,2856.0,-9563.5,2101.8,2163.3,496.3,LL,2,2,0
19.1,2854.2,-9474.2,2043.4,2016.9,465.5,LL,2,2,0
2.2,478.0,-472.0,3939.2,4006.8,4090.4,LLL,4,4,1
-17.8,9498.4,-9582.8,517.6,486.8,499.3,NO,0,0,0
-8.7,9533.9,-9495.6,2548.7,473.9,487.6,LG,1,1,0
84.8,9548.7,-9556.9,505.1,533.9,514.0,NO,0,0,0
-3.3,478.7,-480.6,4075.4,4163.6,3968.9,LLL,4,4,1
4.3,959.2,-9545.9,3133.9,2473.8,493.2,LLG,3,3,0
0.3,479.5,-476.4,3930.7,3947.2,3993.0,LLL,4,4,1
0.6,94.1,-95.1,4814.5,5017.4,4862.6,LLLG,5,5,1
-0.9,9413.0,-9529.3,2394.1,495.8,488.8,LG,1,1,0
-58.3,9494.1,-9555.1,484.9,507.3,509.0,NO,0,0,0
-18.1,2850.7,-9570.2,1897.1,2017.0,517.5,LL,2,2,0
-3.2,939.6,-9490.4,3035.2,2569.2,523.4,LLG,3,3,0
-7.7,9521.1,-9625.4,2522.9,525.3,503.6,LG,1,1,0
3.3,952.1,-9502.3,3203.2,2453.5,487.2,LLG,3,3,0
1.8,2845.7,-9567.3,1989.6,1936.2,482.9,LL,2,2,0
-1.1,957.7,-9474.0,2846.9,2481.7,485.7,LLG,3,3,0
0.8,94.8,-95.7,5000.8,5036.9,5068.9,LLLG,5,5,1
0.5,471.5,-473.7,3587.7,3859.3,3975.0,LLL,4,4,1
0.1,482.3,-477.0,4006.7,4176.8,3754.8,LLL,4,4,1
-80.6,9562.6,-9622.0,472.8,490.4,483.3,NO,0,0,0
16.5,9532.0,-9615.7,483.9,537.4,528.5,NO,0,0,0
44.5,9533.9,-9482.9,543.6,497.9,499.6,NO,0,0,0
61.4,9600.6,-9565.7,456.5,513.5,508.9,NO,0,0,0
-1.8,9487.4,-9517.2,2488.5,505.3,502.5,LG,1,1,0
-4.5,9523.0,-9552.7,2582.6,501.3,504.6,LG,1,1,0
-15.9,9434.5,-9509.4,494.4,482.3,490.2,NO,0,0,0
-8.8,2846.2,-9527.7,2046.9,2095.8,476.6,LL,2,2,0
-1.0,2859.4,-9509.7,2019.6,1993.3,482.6,LL,2,2,0
-74.5,9576.7,-9536.5,510.2,490.1,499.4,NO,0,0,0
-25.3,2848.1,-9445.7,2105.8,2013.4,526.7,LL,2,2,0
-2.4,478.3,-473.3,4156.9,3743.3,4029.8,LLL,4,4,1
-1.0,955.0,-9414.4,3206.4,2557.6,505.8,LLG,3,3,0
-51.6,9459.1,-9592.8,504.8,505.7,510.1,NO,0,0,0
-0.0,95.7,-95.6,5412.6,4957.1,5041.1,LLLG,5,5,1
2.5,9521.5,-9502.0,2498.2,506.5,523.7,LG,1,1,0
-136.9,9546.7,-9416.1,472.1,480.0,494.8,NO,0,0,0
27.8,9471.1,-9498.5,461.4,528.6,533.7,NO,0,0,0
0.6,476.5,-475.5,4377.8,4154.8,3860.9,LLL,4,4,1
6.0,9545.9,-9475.9,2513.3,471.9,501.7,LG,1,1,0
1.9,473.8,-480.1,3980.0,3880.6,3926.4,LLL,4,4,1
-22.0,9558.0,-9468.7,524.0,512.3,483.3,NO,0,0,0
0.9,9543.0,-9498.3,2266.4,488.5,531.8,LG,1,1,0
4.7,473.5,-474.9,4039.8,4255.7,3987.5,LLL,4,4,1
1.5,476.3,-474.7,4068.5,4100.7,4076.7,LLL,4,4,1
1.8,477.7,-474.4,4065.7,3901.8,3953.6,LLL,4,4,1
-24.0,2888.1,-9452.7,1827.6,1922.3,522.4,LL,2,2,0
0.3,94.8,-95.5,5066.4,4577.0,4826.0,LLLG,5,5,1
0.6,953.2,-9537.3,3100.6,2403.3,523.5,LLG,3,3,0
-95.3,9424.3,-9559.9,473.1,509.8,484.8,NO,0,0,0
25.1,2866.9,-9534.4,2094.7,2044.1,456.1,LL,2,2,0
18.7,9524.0,-9426.5,510.7,481.8,492.5,NO,0,0,0
-0.7,480.5,-477.4,3946.8,4069.7,4063.4,LLL,4,4,1
-59.4,9653.8,-9428.7,523.0,521.8,526.3,NO,0,0,0
0.0,9545.3,-9516.6,510.3,518.9,480.9,NO,0,0,0
-3.1,481.4,-475.9,3916.1,4058.7,3956.2,LLL,4,4,1
1.2,479.7,-476.5,3867.0,4089.4,3988.6,LLL,4,4,1
32.6,9593.8,-9575.6,487.6,511.3,528.8,NO,0,0,0
23.6,9501.6,-9634.6,486.7,501.1,507.9,NO,0,0,0
3.5,947.5,-9537.5,2874.4,2496.4,512.7,LLG,3,3,0
