temperature,vacuum,pressure,humidity,power_output,brush_stress,high_stress
14.7,79.2,1006.35,93.7,481.44,0.61,1
7.5,56.7,1021.83,55.1,501.99,0.337,0
31.1,58.9,1013.92,79.4,446.03,0.801,1
16.3,50.5,1011.65,67.1,482.96,0.518,0
4.7,36.1,1030.76,53.3,515.69,0.273,0
12.0,29.7,1015.3,81.3,496.66,0.501,0
34.0,54.3,1015.68,38.6,451.8,0.659,1
21.9,45.3,1030.02,57.0,471.54,0.562,0
33.2,76.7,1000.19,72.9,441.86,0.807,1
28.2,49.7,1007.07,84.6,460.72,0.762,1
4.8,48.8,1005.33,88.3,511.01,0.423,0
35.2,65.6,1029.63,47.5,457.29,0.696,1
37.0,38.4,1014.62,96.9,446.99,0.934,1
19.4,60.1,1003.59,49.1,484.09,0.478,0
11.1,59.4,1007.67,73.7,492.55,0.47,0
16.0,79.8,1006.2,75.3,476.9,0.561,0
36.0,50.6,1023.09,43.2,445.04,0.712,1
23.8,57.7,996.82,48.0,470.6,0.548,0
14.1,53.4,1018.38,89.2,489.9,0.569,0
5.6,40.8,1018.3,99.6,507.29,0.485,0
31.7,80.4,1030.75,31.3,458.75,0.591,0
35.2,75.9,994.22,63.3,444.97,0.783,1
31.5,63.1,1017.44,76.8,448.09,0.791,1
27.0,56.2,1032.86,35.2,469.9,0.533,0
35.1,73.6,1010.26,59.2,448.53,0.759,1
36.9,56.5,996.15,61.3,445.88,0.792,1
27.2,45.5,1007.44,70.1,456.39,0.701,1
7.4,48.2,1005.88,47.7,502.83,0.305,0
35.8,28.9,1016.51,61.9,453.62,0.767,1
24.3,30.7,997.81,99.7,468.49,0.765,1
36.1,36.4,1001.76,35.5,457.35,0.658,1
6.4,73.6,1023.6,72.1,497.85,0.402,0
13.0,37.1,1009.23,76.1,490.46,0.503,0
22.1,61.2,1003.63,88.1,466.54,0.698,1
22.3,51.5,1004.47,50.9,473.29,0.539,0
23.6,38.4,1025.17,60.2,473.93,0.588,0
6.0,63.0,993.44,66.9,506.22,0.359,0
10.3,29.3,1001.61,26.4,510.21,0.237,0
4.0,26.0,1013.37,63.2,519.92,0.296,0
16.6,77.8,1009.89,73.2,479.57,0.553,0
18.9,58.5,1015.52,52.9,489.0,0.478,0
20.4,63.8,1014.13,76.5,476.63,0.613,1
16.1,45.4,1025.19,68.5,491.92,0.504,0
33.9,65.2,996.32,48.0,449.88,0.698,1
22.4,26.2,1010.96,90.4,476.98,0.69,1
6.7,49.2,1020.54,56.2,514.11,0.309,0
24.9,46.4,1021.63,62.0,480.49,0.596,0
16.2,79.4,1029.89,90.2,472.0,0.632,1
21.3,43.0,1025.49,87.9,476.42,0.669,1
3.3,47.7,1007.65,58.3,514.1,0.281,0
8.6,47.0,1027.06,49.1,512.73,0.304,0
9.1,25.8,1013.68,63.1,508.36,0.374,0
19.0,81.3,1004.28,47.5,476.47,0.483,0
26.0,56.0,1004.79,73.1,471.77,0.67,1
13.3,57.3,1002.27,68.0,489.65,0.477,0
25.0,26.2,1000.64,44.0,477.39,0.532,0
28.7,48.3,1016.11,45.8,466.21,0.601,1
13.0,45.3,996.48,71.6,498.99,0.469,0
19.3,65.3,1031.73,46.6,481.83,0.471,0
23.4,72.0,1011.49,87.1,473.54,0.695,1
15.7,41.6,1023.76,74.6,498.71,0.511,0
27.3,44.8,1006.03,48.7,480.16,0.57,0
34.4,69.4,1021.33,64.1,450.51,0.767,1
6.5,80.9,1015.29,27.2,506.95,0.205,0
23.7,68.0,1020.41,83.9,473.46,0.684,1
9.2,55.1,1016.2,51.9,497.82,0.352,0
1.9,65.6,1018.73,99.2,508.47,0.441,0
19.7,40.6,1015.03,54.1,483.87,0.502,0
18.6,31.2,1026.71,38.9,492.86,0.411,0
29.4,55.5,996.69,83.4,455.79,0.78,1
34.0,29.9,993.17,30.1,460.39,0.607,1
18.3,61.7,1032.38,68.5,482.4,0.547,0
10.7,41.8,1004.98,42.5,498.8,0.328,0
21.5,28.9,1002.1,48.2,472.77,0.52,0
23.1,54.5,1014.91,77.8,466.43,0.668,1
12.3,57.0,1031.08,50.6,496.16,0.383,0
26.5,71.2,1010.57,86.3,463.6,0.744,1
28.2,81.0,1021.71,85.7,455.15,0.778,1
30.9,65.8,999.65,59.2,459.33,0.692,1
8.8,78.5,1017.46,42.7,497.89,0.31,0
9.9,69.7,994.99,74.8,486.91,0.472,0
13.7,45.3,1006.83,42.9,500.88,0.358,0
8.0,39.7,1000.97,30.1,513.45,0.22,0
30.7,63.8,1006.32,67.9,454.05,0.735,1
26.6,29.0,1016.2,68.9,472.48,0.659,1
6.5,72.1,998.05,81.6,498.47,0.44,0
4.0,59.4,1028.61,91.6,509.87,0.43,0
24.7,76.9,1001.56,25.6,470.62,0.468,0
21.7,60.7,1014.32,54.1,476.4,0.539,0
12.1,72.0,993.23,37.1,490.12,0.339,0
9.2,43.7,998.6,74.8,503.22,0.432,0
8.8,63.3,1012.47,83.3,501.09,0.467,0
11.3,71.6,1022.17,42.4,494.07,0.344,0
20.9,80.6,993.98,67.8,474.93,0.587,0
8.6,62.7,1029.74,53.1,500.54,0.345,0
12.0,31.3,1014.22,30.1,499.28,0.292,0
18.8,29.2,994.46,60.2,489.23,0.506,0
25.4,55.0,996.64,39.8,466.85,0.54,0
20.2,78.1,992.34,57.6,466.29,0.556,0
11.3,41.7,1009.8,75.3,493.32,0.477,0
12.6,57.6,1025.05,55.6,488.99,0.421,0
30.9,63.9,1009.37,62.2,454.51,0.714,1
12.9,37.8,1010.29,26.5,500.97,0.284,0
10.1,44.3,1005.83,38.5,511.77,0.28,0
13.9,77.0,997.41,94.7,475.44,0.618,1
21.7,41.9,998.36,34.4,481.27,0.45,0
8.7,39.0,1021.09,47.5,501.53,0.321,0
12.8,75.6,1020.53,92.9,485.33,0.58,0
27.9,75.9,1032.62,60.3,463.5,0.655,1
36.7,78.3,1002.57,37.4,449.13,0.689,1
18.7,41.5,998.51,55.1,482.27,0.498,0
18.8,63.9,1029.98,35.4,484.45,0.416,0
33.9,44.3,1001.14,83.6,449.97,0.841,1
36.7,72.5,1003.77,57.1,445.42,0.774,1
6.6,46.9,998.96,67.4,505.31,0.371,0
36.8,62.6,992.25,60.1,441.78,0.794,1
29.3,73.9,1004.25,77.9,454.28,0.76,1
24.5,26.5,1027.54,87.6,474.35,0.707,1
25.3,62.2,992.39,36.9,463.56,0.535,0
15.7,65.4,1020.92,45.2,487.69,0.415,0
33.4,43.4,999.46,90.1,443.73,0.873,1
36.5,66.1,1000.33,48.3,442.19,0.743,1
33.2,68.0,995.44,96.5,446.95,0.891,1
30.7,26.7,1002.36,48.2,463.02,0.638,1
25.4,58.8,999.04,40.8,477.0,0.524,0
19.0,65.4,1009.09,94.5,477.92,0.667,1
18.8,35.9,1020.4,30.1,492.05,0.38,0
16.0,78.6,1000.32,37.5,487.39,0.389,0
32.3,69.5,1007.8,55.6,451.59,0.709,1
23.1,60.9,1005.03,52.8,467.99,0.565,0
22.2,45.0,1023.37,54.6,474.21,0.55,0
19.9,30.3,1010.58,25.9,495.81,0.368,0
15.1,61.7,1015.65,83.1,487.42,0.561,0
26.2,30.4,994.3,62.9,475.28,0.624,1
10.4,62.0,1032.43,64.1,501.14,0.407,0
15.0,48.8,1025.6,37.4,501.46,0.349,0
24.1,28.3,1018.17,94.4,468.23,0.742,1
15.1,29.7,1020.3,35.2,496.69,0.351,0
26.4,69.0,995.81,44.3,465.92,0.571,0
26.6,33.8,1027.81,58.6,473.17,0.616,1
25.2,36.0,997.71,31.1,476.51,0.484,0
15.7,63.2,1030.74,66.5,489.77,0.496,0
18.8,28.6,999.02,63.2,488.14,0.52,0
22.1,77.1,1024.0,67.6,470.03,0.61,1
22.1,61.9,1000.01,87.9,472.11,0.686,1
16.0,43.8,1009.65,41.0,497.05,0.383,0
4.2,72.9,1017.62,93.4,503.48,0.452,0
24.3,67.4,1027.88,60.5,478.57,0.588,0
26.8,49.2,1007.22,57.1,465.88,0.626,1
8.4,41.3,999.54,88.7,500.43,0.485,0
30.0,43.0,1000.01,86.0,452.31,0.804,1
13.8,59.4,1029.53,62.4,491.92,0.455,0
25.5,35.3,1020.01,92.8,467.54,0.752,1
31.1,71.3,1003.8,48.6,451.76,0.667,1
19.7,39.0,1015.89,67.2,482.88,0.556,0
23.4,77.8,998.61,81.0,465.32,0.687,1
30.3,48.1,1031.07,68.9,452.39,0.739,1
23.6,81.2,1026.54,80.6,469.61,0.678,1
13.5,33.2,1012.3,89.0,493.59,0.554,0
2.1,68.5,1000.83,74.4,506.58,0.347,0
15.0,37.4,1005.81,34.5,499.33,0.341,0
12.8,55.4,1021.94,40.2,495.05,0.349,0
7.2,51.9,1031.89,38.3,509.71,0.251,0
35.9,78.5,996.78,55.4,441.65,0.767,1
23.4,66.4,1016.5,26.9,478.02,0.444,0
18.5,51.8,998.57,87.1,468.52,0.652,1
3.7,65.6,1026.55,92.9,492.84,0.466,0
30.0,66.3,994.46,73.0,447.8,0.76,1
20.1,41.7,1014.53,72.2,482.64,0.581,0
36.6,41.0,1011.5,57.3,447.57,0.77,1
18.5,69.2,994.53,69.0,475.07,0.566,0
7.3,50.1,1007.74,91.0,502.06,0.479,0
26.6,74.9,1001.87,33.3,461.59,0.537,0
20.8,34.3,1000.99,26.9,484.03,0.404,0
2.3,68.9,1007.96,42.0,516.72,0.199,0
3.5,35.5,1025.48,35.7,521.75,0.177,0
23.9,68.7,998.63,47.7,474.09,0.541,0
21.8,32.0,993.33,55.0,479.67,0.537,0
14.9,53.3,1009.17,85.0,492.66,0.556,0
3.4,39.5,1000.94,84.6,519.11,0.377,0
14.0,62.4,1014.73,70.0,483.32,0.505,0
10.5,70.3,1008.69,52.7,494.92,0.375,0
5.1,37.5,1023.34,50.0,517.51,0.26,0
28.5,44.7,1001.45,45.4,465.32,0.599,0
7.1,43.5,1002.49,73.0,500.59,0.408,0
13.1,58.8,1006.93,31.4,493.43,0.32,0
23.4,61.8,997.01,42.3,470.73,0.521,0
10.2,32.7,1022.93,84.4,504.31,0.479,0
2.6,27.0,1010.57,72.8,517.36,0.324,0
33.2,50.1,999.95,51.6,450.34,0.705,1
35.8,48.4,997.87,74.8,446.99,0.832,1
30.0,32.7,1031.42,89.6,457.48,0.808,1
4.3,53.8,1033.0,69.5,508.68,0.347,0
27.8,58.0,1017.87,61.4,461.3,0.663,1
8.9,42.6,1018.79,54.5,504.38,0.345,0
23.9,38.4,1012.81,72.7,470.79,0.647,1
20.1,56.1,1003.5,45.5,488.73,0.462,0
36.1,27.0,996.42,31.2,450.45,0.655,1
20.2,73.9,997.39,61.5,473.93,0.557,0
18.7,77.4,993.82,66.7,469.75,0.57,0
13.2,37.8,996.47,82.8,483.63,0.547,0
33.6,38.8,1029.94,85.1,447.72,0.848,1
16.7,76.8,1000.33,94.2,476.39,0.644,1
2.0,27.8,1002.96,26.7,523.24,0.122,0
13.0,74.4,992.35,96.0,482.31,0.6,1
26.2,73.1,996.16,78.5,458.91,0.72,1
24.6,54.1,1032.29,37.7,477.85,0.501,0
23.5,64.0,1017.43,32.3,468.51,0.486,0
6.7,70.0,1030.75,37.0,503.56,0.254,0
26.6,49.9,992.36,86.5,462.57,0.748,1
36.9,42.3,994.44,91.3,443.63,0.916,1
21.1,50.9,1023.18,66.5,484.25,0.565,0
8.3,49.4,997.7,31.1,506.44,0.241,0
33.0,49.7,999.0,43.0,456.03,0.657,1
25.5,58.6,1019.83,66.1,471.15,0.638,1
14.9,54.2,1001.59,94.3,488.87,0.6,1
6.1,38.2,995.14,43.7,513.38,0.254,0
21.7,63.9,1029.9,96.9,470.97,0.721,1
22.1,26.6,995.59,79.9,478.58,0.641,1
22.4,46.5,1006.99,80.6,479.01,0.646,1
12.4,34.9,1009.74,99.2,482.4,0.606,1
33.1,51.2,1025.36,80.3,447.42,0.824,1
22.9,45.4,1011.31,99.0,469.4,0.745,1
25.5,45.4,1009.35,69.4,468.51,0.656,1
27.0,60.4,1008.24,96.0,465.28,0.786,1
35.2,49.2,1023.2,78.2,450.62,0.832,1
33.7,30.8,1028.03,77.2,455.35,0.802,1
12.2,80.7,995.24,39.1,486.99,0.354,0
31.8,42.0,993.28,26.8,454.97,0.582,0
19.0,47.9,997.83,74.4,475.8,0.592,0
11.2,30.7,1001.03,57.0,500.22,0.388,0
14.4,35.5,992.96,51.4,495.97,0.409,0
3.9,62.2,1008.73,35.9,510.09,0.206,0
34.2,28.8,1008.16,41.8,465.04,0.647,1
20.9,58.3,1013.13,54.2,469.65,0.543,0
6.8,27.2,996.94,40.6,521.77,0.232,0
8.8,62.7,993.64,88.7,495.41,0.499,0
33.0,33.6,1007.58,81.4,455.59,0.812,1
13.5,75.3,1003.69,86.4,481.17,0.57,0
12.9,80.4,1010.62,40.1,489.33,0.362,0
32.7,51.3,1028.41,70.7,453.64,0.769,1
25.7,70.5,1003.49,46.1,469.09,0.564,0
36.6,57.4,998.44,31.1,451.4,0.657,1
19.7,62.7,998.37,27.3,483.77,0.395,0
3.6,38.6,1024.75,47.5,514.29,0.24,0
25.6,32.2,995.82,85.2,467.53,0.723,1
27.5,28.6,1009.71,73.7,464.62,0.703,1
23.6,49.8,1016.57,84.7,469.44,0.695,1
31.1,79.3,1014.8,100.0,442.41,0.891,1
29.0,29.6,1001.67,82.0,458.66,0.764,1
31.0,61.0,1012.29,65.1,457.23,0.722,1
28.9,47.9,1017.51,63.3,461.78,0.682,1
3.6,65.5,1014.14,95.9,503.39,0.455,0
28.1,34.9,1028.78,65.7,467.06,0.672,1
12.1,64.3,997.86,31.3,500.58,0.295,0
30.6,68.6,995.1,37.0,458.37,0.602,1
30.7,61.3,1006.25,61.2,453.25,0.711,1
23.3,70.4,1021.5,86.9,463.85,0.712,1
25.9,79.6,1009.78,91.3,451.06,0.783,1
33.2,42.5,1008.63,74.8,454.64,0.79,1
16.9,43.0,1025.93,77.7,484.24,0.566,0
23.5,30.5,1015.29,98.4,473.04,0.741,1
30.5,40.3,994.99,41.7,459.19,0.618,1
21.8,72.4,1004.0,35.2,467.82,0.481,0
33.0,74.7,996.52,43.4,448.19,0.674,1
5.6,50.5,1009.91,69.2,505.12,0.367,0
34.6,73.4,1000.7,50.9,446.42,0.725,1
15.6,27.3,1020.93,76.4,494.64,0.525,0
28.2,38.9,1013.68,42.8,473.01,0.569,0
33.9,81.2,1025.66,38.6,456.24,0.648,1
18.4,43.6,1013.93,87.0,478.85,0.629,1
8.3,66.8,1009.73,61.2,501.04,0.372,0
3.0,50.4,1007.22,63.3,513.98,0.297,0
33.2,67.7,1004.2,48.1,452.09,0.687,1
21.6,61.0,1032.82,69.0,470.82,0.607,1
36.0,54.0,1010.27,50.6,450.79,0.73,1
3.6,54.3,998.64,67.3,510.98,0.325,0
17.7,41.3,1017.31,49.6,490.6,0.449,0
2.6,43.6,1030.7,55.9,512.2,0.267,0
4.8,27.0,1028.87,26.3,521.86,0.153,0
23.4,34.2,1029.3,75.5,472.82,0.649,1
20.3,75.4,1024.18,62.5,471.59,0.566,0
28.3,53.0,1025.62,91.7,459.8,0.793,1
28.2,67.7,1005.34,43.3,468.07,0.581,0
33.5,32.0,1029.36,38.0,457.1,0.64,1
31.6,79.2,1006.36,33.8,450.32,0.616,1
3.6,65.5,1029.07,78.7,504.05,0.386,0
21.6,40.2,1007.35,51.7,477.72,0.525,0
10.7,71.5,1027.85,29.0,496.86,0.277,0
35.9,46.2,999.83,55.5,446.89,0.757,1
27.1,31.4,1010.31,32.7,479.62,0.504,0
29.5,45.4,1026.47,91.9,456.15,0.814,1
27.7,77.8,1014.44,90.6,455.64,0.79,1
15.5,65.3,1010.01,46.2,487.51,0.417,0
22.1,73.5,1010.89,94.4,468.88,0.718,1
24.7,65.6,994.33,26.7,482.57,0.448,0
29.1,30.4,1029.51,98.1,461.29,0.824,1
2.6,64.8,1005.99,87.6,512.51,0.394,0
34.9,32.3,996.89,54.6,451.45,0.733,1
11.7,38.7,994.93,60.8,495.12,0.419,0
14.8,31.1,995.06,77.2,497.49,0.514,0
2.0,75.4,993.57,42.0,506.81,0.217,0
29.6,48.6,1011.55,31.7,464.99,0.557,0
33.5,60.9,1020.08,57.6,451.01,0.731,1
33.3,45.5,999.2,43.9,461.16,0.653,1
34.1,56.9,1013.17,78.3,443.96,0.834,1
13.2,57.8,1011.17,78.9,491.13,0.516,0
22.9,80.1,1028.54,92.7,470.5,0.718,1
21.9,35.2,1023.28,27.2,482.5,0.421,0
22.7,78.6,1021.4,87.5,464.22,0.707,1
9.6,69.4,1020.27,70.2,493.34,0.437,0
11.3,48.9,1027.7,48.0,500.02,0.354,0
32.4,76.8,1016.18,71.1,444.35,0.786,1
14.7,32.7,999.9,55.7,495.05,0.432,0
4.5,67.3,1020.22,53.9,513.69,0.277,0
30.2,36.6,1012.09,47.0,460.22,0.635,1
30.4,30.8,1016.54,57.1,460.39,0.676,1
25.9,41.4,1000.81,85.2,470.28,0.72,1
7.0,58.7,1007.38,91.9,495.39,0.493,0
15.4,60.5,1014.22,69.6,488.79,0.507,0
17.9,60.7,1021.49,73.5,478.77,0.57,0
28.4,67.9,1010.24,71.2,455.26,0.721,1
31.4,26.2,994.47,82.3,447.99,0.813,1
32.6,38.2,1032.04,50.2,458.8,0.676,1
35.7,72.1,1013.65,35.7,445.34,0.678,1
24.5,53.6,1031.17,51.7,466.12,0.58,0
30.5,64.2,1019.7,60.8,449.97,0.713,1
24.1,54.4,1017.62,93.8,458.01,0.76,1
9.4,59.5,1029.17,72.5,493.75,0.445,0
25.7,50.6,999.86,63.5,463.74,0.644,1
37.0,46.0,1024.75,92.2,447.68,0.913,1
6.1,53.9,994.6,82.4,501.62,0.432,0
20.3,48.8,1015.67,35.8,475.56,0.452,0
36.7,48.1,1024.01,58.4,446.39,0.778,1
6.5,77.8,999.35,75.0,501.42,0.408,0
36.4,54.0,1006.71,46.2,452.96,0.713,1
12.4,57.4,1007.3,50.8,500.66,0.377,0
26.4,81.6,1029.99,58.6,454.31,0.651,1
34.0,73.3,1010.41,39.4,445.08,0.675,1
35.7,25.9,1032.53,37.6,462.29,0.652,1
12.9,31.6,999.75,32.0,500.62,0.306,0
22.9,62.9,1001.32,86.7,463.59,0.707,1
35.9,65.2,1031.3,55.8,445.24,0.761,1
34.0,30.9,1011.06,44.9,459.22,0.669,1
20.3,34.9,1024.81,49.8,485.41,0.488,0
21.9,60.2,1000.73,66.0,474.59,0.591,0
19.8,70.5,1005.61,82.4,465.47,0.653,1
12.1,25.8,1017.23,31.0,500.82,0.293,0
6.4,74.2,1012.72,43.9,505.46,0.274,0
15.1,78.1,1032.34,93.4,483.57,0.61,1
8.8,47.9,998.29,54.7,497.64,0.359,0
13.1,65.4,992.0,55.3,496.08,0.411,0
9.3,35.0,994.72,52.9,504.21,0.344,0
5.4,46.4,1020.16,94.8,504.67,0.468,0
33.7,60.0,1028.7,70.8,461.55,0.764,1
30.2,52.5,995.91,97.2,455.82,0.844,1
4.9,73.2,1012.07,67.4,503.36,0.356,0
20.0,37.9,998.36,69.6,472.27,0.59,0
36.9,55.2,999.91,49.1,448.7,0.738,1
17.9,44.2,996.33,49.4,490.67,0.449,0
36.8,46.7,1020.5,41.2,450.99,0.701,1
12.3,51.2,992.59,35.7,497.57,0.321,0
6.5,79.1,1016.7,59.1,506.23,0.334,0
31.1,62.5,1001.1,51.7,457.57,0.668,1
24.8,34.9,1015.01,31.7,482.64,0.469,0
17.1,56.9,1007.66,59.1,486.57,0.488,0
26.6,43.9,1006.03,67.0,472.89,0.649,1
36.3,42.7,1016.21,68.3,451.0,0.804,1
20.9,49.4,1024.18,82.0,482.7,0.629,1
12.5,56.2,1020.7,33.6,494.72,0.32,0
25.4,46.9,1016.94,62.6,475.16,0.614,1
27.7,32.6,1002.52,62.6,468.88,0.652,1
28.7,46.1,1014.34,61.3,458.74,0.678,1
34.8,78.6,1030.86,32.1,458.52,0.628,1
23.7,63.6,1001.78,98.2,459.63,0.77,1
15.1,60.8,1004.27,66.9,489.84,0.491,0
8.4,69.8,1005.08,80.4,495.34,0.462,0
26.7,54.0,1010.65,88.5,461.24,0.76,1
35.6,64.2,1014.24,63.0,446.36,0.784,1
29.7,69.2,1014.73,92.9,455.7,0.821,1
37.0,66.9,1010.52,37.7,453.21,0.684,1
29.6,46.2,1012.29,60.3,457.42,0.686,1
14.6,30.7,998.08,94.9,486.46,0.604,1
16.0,52.3,1031.86,53.2,486.81,0.452,0
14.3,49.7,1012.68,36.7,499.67,0.343,0
35.4,71.9,1030.79,97.3,443.09,0.925,1
34.1,58.9,1017.03,89.0,445.62,0.874,1
14.9,67.5,1012.55,65.6,488.65,0.487,0
30.1,28.6,1028.83,96.9,458.04,0.837,1
14.2,45.0,998.15,40.3,499.72,0.355,0
15.7,57.0,1000.13,43.2,486.32,0.41,0
12.6,78.4,1032.43,31.0,499.69,0.3,0
21.2,53.5,1027.87,69.0,475.99,0.594,0
37.0,29.7,1022.42,47.5,459.63,0.71,1
13.8,75.9,1031.29,55.4,484.76,0.441,0
19.9,40.1,994.31,29.3,489.29,0.393,0
8.8,53.2,997.37,86.0,493.54,0.492,0
2.7,59.6,1005.62,79.8,509.09,0.37,0
8.9,49.6,1007.87,64.2,497.71,0.397,0
5.7,75.5,1008.99,93.5,498.53,0.478,0
25.9,61.4,1014.22,39.2,472.22,0.532,0
11.6,50.4,1011.7,92.0,493.56,0.546,0
6.0,37.3,1008.4,98.0,500.14,0.497,0
28.3,46.2,1012.38,72.3,460.7,0.713,1
24.4,26.8,1020.21,75.9,478.05,0.651,1
19.2,42.5,1017.83,28.3,489.25,0.382,0
33.2,26.8,996.35,44.8,459.64,0.658,1
10.7,40.7,1005.76,95.3,489.91,0.557,0
23.7,56.8,1024.64,98.2,465.59,0.758,1
17.9,64.8,1027.01,38.2,495.2,0.396,0
5.7,28.9,992.09,33.7,514.73,0.207,0
33.7,37.0,1027.47,98.4,446.13,0.906,1
1.9,65.5,1005.75,67.3,508.73,0.312,0
34.9,33.6,1028.08,75.2,463.04,0.792,1
22.8,41.7,1029.29,59.7,476.51,0.572,0
3.0,65.8,1013.93,81.5,506.47,0.385,0
28.5,75.4,1004.86,60.0,458.53,0.671,1
35.0,77.7,1018.26,68.3,440.52,0.811,1
29.2,68.8,996.34,53.4,458.15,0.653,1
33.0,43.4,1022.09,62.6,455.93,0.735,1
14.5,67.6,1019.0,78.9,481.13,0.55,0
5.1,34.0,999.57,86.2,507.21,0.425,0
14.0,72.3,1016.16,45.8,499.31,0.375,0
28.5,75.4,997.45,69.7,450.33,0.726,1
19.0,55.0,1010.43,89.0,475.53,0.65,1
8.4,38.9,1032.2,63.6,505.51,0.374,0
19.1,52.3,1026.42,64.9,484.67,0.537,0
25.5,72.3,1021.06,32.0,466.0,0.511,0
8.0,32.4,1018.9,86.4,509.24,0.454,0
13.7,66.0,998.78,81.4,488.83,0.536,0
13.1,45.3,1023.96,36.7,504.12,0.32,0
2.0,45.7,1023.76,78.8,502.43,0.372,0
9.1,59.4,993.25,97.8,488.09,0.553,0
28.5,43.2,1012.14,36.7,463.55,0.568,0
32.9,34.1,1015.87,89.6,451.89,0.85,1
23.4,67.3,1022.42,45.5,473.61,0.527,0
3.3,75.5,1025.12,77.6,506.77,0.372,0
4.6,43.8,997.78,45.4,510.5,0.25,0
3.8,73.6,995.14,73.9,507.71,0.362,0
32.2,41.2,998.78,48.6,453.13,0.677,1
22.7,76.9,1005.39,81.2,462.4,0.685,1
27.7,55.8,1020.9,50.0,460.84,0.617,1
32.4,28.0,1022.44,69.7,458.55,0.752,1
18.9,42.0,1027.9,73.6,481.14,0.576,0
8.1,41.8,992.62,61.0,508.58,0.354,0
21.1,31.3,1027.75,47.5,485.56,0.487,0
4.4,58.4,1022.68,70.2,513.81,0.341,0
17.5,76.7,1011.08,86.3,474.41,0.626,1
35.6,54.2,1022.46,47.4,455.89,0.703,1
8.3,75.4,1019.41,69.1,495.54,0.415,0
6.4,79.5,1030.62,60.2,497.87,0.355,0
25.4,40.8,1014.15,93.0,462.97,0.76,1
15.3,70.1,992.37,63.4,485.26,0.488,0
15.2,40.0,1012.95,38.9,495.73,0.368,0
33.1,50.8,993.41,82.5,452.92,0.822,1
35.7,49.5,993.69,89.5,444.77,0.894,1
24.9,41.4,1027.16,29.0,481.6,0.462,0
8.5,29.0,1027.27,39.5,509.92,0.27,0
3.2,31.0,1009.96,56.2,521.42,0.256,0
10.5,42.7,1004.88,79.0,496.71,0.476,0
23.4,48.3,1026.4,100.0,471.9,0.749,1
36.9,52.1,1002.97,66.3,443.47,0.818,1
25.4,56.6,1024.02,92.1,474.26,0.734,1
14.1,55.8,1015.16,63.2,491.55,0.462,0
21.2,34.1,1016.45,92.8,481.65,0.677,1
11.0,53.2,1005.26,64.5,499.15,0.418,0
14.9,80.2,998.49,89.2,473.65,0.611,1
14.0,26.2,1019.65,85.8,488.56,0.558,0
30.0,65.0,996.65,53.1,452.66,0.672,1
3.7,30.0,1011.27,57.9,518.89,0.273,0
27.7,62.3,1029.8,93.4,452.95,0.807,1
32.7,39.0,1012.14,72.1,461.0,0.76,1
34.5,80.1,1000.48,80.4,443.22,0.848,1
11.5,35.8,1015.8,34.6,505.48,0.292,0
30.6,55.3,1020.13,90.5,451.18,0.83,1
31.2,44.1,1030.6,26.3,467.35,0.548,0
30.7,59.8,1030.77,50.2,460.83,0.651,1
15.9,39.8,1010.06,35.4,497.66,0.358,0
36.4,61.4,1027.13,29.7,453.97,0.644,1
34.1,34.2,1019.18,35.9,463.03,0.626,1
26.4,35.5,1009.37,82.2,464.04,0.727,1
8.5,25.8,1011.78,65.5,507.81,0.379,0
35.9,75.3,1013.64,84.3,439.33,0.886,1
35.6,33.8,1023.3,68.8,445.87,0.808,1
22.9,53.6,1021.29,87.6,468.9,0.7,1
18.7,71.3,1012.4,48.4,481.39,0.474,0
20.2,27.6,1001.06,91.4,477.89,0.668,1
34.0,35.6,1011.82,68.4,455.31,0.77,1
23.6,56.3,1018.48,29.4,472.74,0.467,0
25.7,78.5,992.45,56.4,459.46,0.625,1
20.4,38.5,1006.68,64.8,479.08,0.561,0
3.1,41.2,1009.88,75.6,512.05,0.351,0
7.1,67.1,1011.36,80.8,496.49,0.447,0
27.5,33.7,1019.89,84.8,467.15,0.743,1
9.4,81.1,1023.8,60.6,493.75,0.397,0
29.9,62.3,1006.12,95.1,447.66,0.848,1
18.1,62.6,1014.05,57.6,491.03,0.483,0
23.2,49.2,1021.69,94.1,465.28,0.737,1
3.1,44.3,1021.61,95.4,518.68,0.418,0
20.7,63.9,1005.9,54.8,468.17,0.547,0
20.5,73.1,1026.53,87.4,477.27,0.657,1
36.9,70.2,1005.1,97.0,439.55,0.948,1
9.3,80.5,996.5,92.0,488.3,0.532,0
8.2,66.0,999.81,66.7,499.05,0.397,0
7.1,70.1,1026.47,69.3,492.16,0.41,0
27.8,57.0,1001.79,69.6,458.06,0.703,1
18.7,45.8,1019.38,81.4,483.18,0.602,1
17.4,76.2,1001.44,73.8,479.29,0.565,0
36.0,51.4,1026.12,38.6,452.88,0.678,1
8.4,26.2,1016.32,38.4,510.93,0.262,0
25.7,42.4,1032.96,71.1,469.64,0.663,1
13.2,58.8,1007.79,55.1,493.53,0.416,0
32.2,67.0,1001.52,40.7,452.23,0.647,1
18.7,32.7,994.33,67.5,486.72,0.539,0
34.5,49.5,1003.55,87.9,443.79,0.877,1
11.9,65.5,1027.99,83.6,489.44,0.524,0
2.2,37.7,1029.19,29.9,522.38,0.139,0
32.9,58.6,1025.35,68.2,448.84,0.771,1
12.8,41.9,1013.27,69.3,498.02,0.459,0
23.5,55.2,996.95,55.2,472.23,0.57,0
3.6,72.1,998.97,77.0,505.94,0.375,0
31.1,62.7,1018.03,68.4,456.27,0.738,1
8.0,38.2,994.38,77.1,501.11,0.432,0
23.7,40.1,1013.4,53.5,476.91,0.557,0
15.6,78.0,1013.43,37.0,485.66,0.385,0
16.9,44.0,1008.15,61.6,494.43,0.48,0
9.0,68.3,998.62,26.5,500.23,0.243,0
13.8,40.2,999.82,77.5,488.61,0.522,0
28.8,66.3,1026.67,80.6,453.94,0.766,1
31.2,46.1,1001.78,31.6,463.47,0.577,0
19.9,50.9,996.67,53.6,480.22,0.508,0
6.4,36.0,1022.0,28.2,516.48,0.189,0
11.7,76.1,1001.94,75.9,484.3,0.501,0
31.0,72.7,996.02,98.4,448.45,0.872,1
25.6,38.1,1030.21,93.9,459.86,0.773,1
2.5,36.2,1009.74,28.4,518.52,0.143,0
7.0,61.9,1031.72,42.6,502.52,0.281,0
2.8,44.1,994.96,89.5,511.44,0.405,0
3.9,33.3,1023.39,82.7,516.18,0.381,0
3.7,74.2,1028.66,81.4,502.76,0.4,0
11.9,74.4,1006.55,85.8,483.7,0.545,0
36.2,41.8,1026.14,67.7,446.55,0.809,1
36.1,64.0,1008.46,78.0,446.66,0.849,1
35.6,62.4,1028.52,38.2,448.15,0.682,1
27.8,69.6,1010.88,82.5,458.33,0.754,1
19.2,65.6,1012.69,37.9,476.48,0.446,0
14.5,35.1,1003.25,75.2,485.73,0.527,0
36.8,75.4,1032.0,53.1,452.71,0.745,1
2.5,45.5,1026.98,47.1,517.96,0.22,0
15.6,32.5,997.93,45.9,490.43,0.411,0
11.7,27.2,997.08,48.9,509.09,0.344,0
23.1,51.0,1017.66,32.2,477.38,0.463,0
31.0,70.7,1011.67,61.4,453.74,0.713,1
19.0,29.8,1018.59,94.9,474.54,0.676,1
13.9,63.1,999.13,31.8,491.14,0.335,0
6.3,32.6,1008.49,88.8,499.75,0.464,0
27.6,32.5,1027.1,43.4,470.66,0.57,0
22.7,35.9,1000.9,67.7,477.52,0.601,1
15.2,62.1,1029.83,80.9,481.96,0.564,0
30.9,60.2,1027.38,33.1,461.37,0.584,0
24.9,65.4,999.11,57.0,466.17,0.605,1
33.8,73.3,1003.86,35.5,452.48,0.642,1
17.6,77.1,1016.14,37.3,475.38,0.429,0
27.0,32.2,1010.8,83.9,459.44,0.749,1
2.8,45.7,1006.89,77.1,507.4,0.364,0
19.7,41.0,998.92,31.7,485.12,0.41,0
34.7,51.0,1032.54,99.9,445.53,0.924,1
14.0,28.4,1023.68,25.7,497.93,0.298,0
24.6,56.1,1030.02,46.2,470.44,0.55,0
32.5,49.2,1030.06,94.9,450.64,0.87,1
29.1,40.0,994.5,54.1,459.0,0.653,1
18.5,76.7,1014.48,60.4,485.11,0.511,0
28.4,43.8,1011.88,76.6,457.32,0.739,1
18.3,63.2,1022.3,93.9,474.42,0.665,1
24.0,43.4,1010.55,36.4,479.9,0.486,0
12.7,30.5,1008.5,34.1,505.37,0.303,0
19.4,31.2,1010.76,42.8,488.69,0.443,0
19.4,72.2,999.81,58.0,476.13,0.53,0
21.3,81.5,1026.98,88.9,469.36,0.687,1
36.9,67.6,997.11,53.8,440.0,0.774,1
10.3,54.6,1030.76,47.7,497.12,0.348,0
32.6,79.6,995.45,69.0,444.27,0.78,1
35.7,49.3,999.94,38.6,448.6,0.683,1
23.5,27.2,992.19,64.4,471.49,0.609,1
19.7,26.1,1022.66,74.5,485.08,0.581,0
22.7,43.6,1004.94,86.3,472.38,0.686,1
25.4,65.6,1017.28,28.2,473.73,0.48,0
3.9,36.4,1001.44,29.8,518.7,0.164,0
14.7,44.4,1004.61,76.9,491.91,0.523,0
15.0,31.7,1030.06,95.9,487.5,0.611,1
31.4,45.7,1002.12,75.4,453.87,0.773,1
12.9,28.6,1015.31,87.6,496.46,0.538,0
19.7,32.3,1021.84,54.2,485.79,0.498,0
2.1,48.3,1032.86,86.6,517.2,0.375,0
26.9,54.9,1024.32,82.7,462.97,0.735,1
34.4,69.0,1028.79,46.2,444.24,0.708,1
15.7,80.6,1015.6,59.5,483.44,0.481,0
14.6,53.8,1003.31,83.2,485.19,0.56,0
33.0,44.5,1021.12,40.3,452.64,0.653,1
24.7,66.9,1019.52,66.5,466.35,0.64,1
24.5,33.4,1008.57,41.2,481.89,0.506,0
16.3,33.1,1011.37,75.0,488.66,0.539,0
23.2,61.4,1007.23,53.3,466.2,0.572,0
28.5,61.8,1020.98,38.1,458.48,0.584,0
7.8,50.9,1005.53,90.7,500.58,0.486,0
4.2,30.0,1007.67,30.5,517.35,0.172,0
2.8,80.1,999.81,49.6,511.92,0.245,0
24.8,64.1,999.74,49.7,467.43,0.572,0
20.2,70.7,1021.27,59.7,477.96,0.541,0
31.1,55.5,1032.14,90.4,449.99,0.838,1
34.9,80.2,992.73,33.0,442.97,0.663,1
21.4,30.4,1023.23,33.7,484.57,0.437,0
5.9,37.3,1030.17,53.9,513.04,0.293,0
5.4,37.0,1001.76,26.0,515.58,0.171,0
22.3,46.2,995.53,54.2,482.59,0.532,0
32.3,28.1,1008.79,35.6,466.26,0.599,0
5.8,76.4,1011.14,48.3,504.42,0.288,0
5.0,76.7,1016.54,37.8,507.92,0.229,0
33.2,74.2,1007.33,79.2,445.04,0.826,1
32.6,36.9,1016.31,96.0,453.12,0.87,1
12.0,68.4,1023.32,59.8,487.04,0.435,0
9.7,74.3,1013.46,53.9,495.89,0.369,0
4.0,32.6,1029.85,87.4,510.99,0.411,0
28.5,41.8,1006.91,26.8,471.04,0.514,0
24.2,27.9,1027.63,93.6,466.99,0.742,1
34.0,53.5,1011.24,99.0,445.61,0.912,1
30.8,45.0,1018.95,87.7,460.92,0.802,1
17.6,39.2,1006.58,49.2,494.08,0.439,0
28.5,29.8,1008.55,55.2,464.35,0.64,1
31.2,29.1,1002.52,96.4,451.06,0.861,1
11.6,34.5,1008.07,69.0,501.17,0.439,0
25.3,68.8,1013.91,71.3,462.05,0.675,1
20.3,32.2,1020.73,85.0,480.25,0.638,1
12.5,70.1,1011.11,43.7,494.43,0.361,0
29.9,63.7,994.19,30.4,467.62,0.55,0
16.6,76.2,1028.67,57.8,481.69,0.487,0
27.8,74.2,1021.83,90.0,455.57,0.79,1
22.0,62.1,1004.89,77.2,471.58,0.643,1
17.8,56.1,1020.84,93.4,470.01,0.666,1
3.8,64.2,999.73,64.0,513.14,0.311,0
18.7,61.9,1017.03,100.2,472.79,0.697,1
31.5,34.7,993.95,60.2,458.78,0.704,1
28.1,34.5,1027.17,39.3,475.87,0.55,0
22.3,69.4,1025.73,40.6,473.62,0.496,0
3.5,73.7,994.91,54.5,514.92,0.266,0
18.4,76.5,996.26,89.0,469.5,0.656,1
32.0,42.8,1026.3,51.9,459.43,0.675,1
22.9,50.3,1008.32,57.2,475.37,0.566,0
31.5,26.4,994.7,58.0,466.62,0.679,1
4.1,61.4,1032.58,73.5,506.25,0.366,0
8.0,57.6,1026.32,89.0,503.43,0.476,0
26.1,33.8,1011.98,45.7,477.67,0.55,0
18.7,48.6,1022.33,82.3,481.0,0.61,1
5.8,80.7,1016.66,46.0,502.28,0.282,0
13.6,35.8,1007.34,85.6,488.07,0.553,0
21.4,41.2,1026.57,86.6,472.75,0.672,1
34.7,31.2,1007.11,72.2,455.65,0.793,1
32.5,44.3,1028.97,81.3,462.26,0.792,1
20.7,43.9,994.26,93.2,479.63,0.677,1
16.8,52.3,1015.22,85.0,482.88,0.595,0
29.0,80.0,1008.18,60.4,454.28,0.686,1
14.8,75.2,1030.59,46.9,492.17,0.403,0
16.9,68.7,1005.19,94.7,481.23,0.64,1
13.5,60.9,995.84,45.3,491.99,0.383,0
31.4,75.9,1016.76,63.8,455.78,0.723,1
5.9,70.6,997.36,77.4,498.33,0.417,0
33.5,75.9,1022.21,50.2,444.56,0.714,1
4.8,51.6,1028.53,45.4,510.42,0.252,0
18.7,46.0,1026.87,52.1,484.1,0.483,0
29.5,34.2,1017.63,41.2,470.7,0.582,0
31.7,80.7,1016.67,76.4,441.06,0.806,1
36.6,68.5,1016.82,49.7,451.42,0.732,1
16.9,37.3,1018.67,68.2,489.95,0.516,0
16.7,62.7,1006.35,29.7,494.91,0.35,0
21.5,53.2,1016.46,87.2,483.27,0.655,1
5.8,29.4,1002.82,68.1,510.53,0.354,0
22.6,42.7,1023.0,94.8,471.55,0.721,1
13.1,31.8,1010.99,65.5,499.77,0.444,0
27.9,49.6,992.42,27.1,467.05,0.516,0
33.2,74.9,1029.66,54.1,456.89,0.701,1
11.8,44.0,996.45,29.4,502.54,0.28,0
13.9,72.4,1010.98,38.6,488.05,0.369,0
21.9,59.7,1016.57,48.4,476.83,0.517,0
9.1,34.0,1018.6,36.8,510.21,0.265,0
26.4,35.2,1001.23,78.2,467.87,0.703,1
22.3,54.1,1001.24,34.7,480.87,0.459,0
28.9,32.4,1018.79,68.9,473.68,0.68,1
3.4,42.0,1027.33,72.1,518.72,0.327,0
26.2,32.9,1002.57,44.5,472.61,0.556,0
28.8,32.8,1002.1,48.4,467.38,0.611,1
36.8,67.1,1004.78,66.1,438.77,0.824,1
6.4,32.7,1032.94,92.9,507.43,0.466,0
31.6,57.6,1002.88,61.4,455.59,0.716,1
17.1,36.9,1005.36,63.5,495.31,0.489,0
1.8,65.1,1010.66,87.9,505.74,0.4,0
19.6,36.5,1000.92,89.5,480.72,0.649,1
16.2,26.8,993.95,98.5,486.16,0.637,1
22.8,62.1,1029.42,46.4,475.57,0.521,0
12.0,74.0,1032.94,38.5,499.06,0.326,0
28.8,57.0,993.45,59.0,461.75,0.663,1
4.5,52.3,1022.7,42.6,512.17,0.235,0
26.9,57.2,1003.55,56.5,465.81,0.625,1
30.1,54.2,1015.88,96.4,452.31,0.846,1
32.1,56.0,1001.56,72.3,447.19,0.781,1
35.2,54.8,1026.36,41.6,445.59,0.696,1
10.8,66.9,1008.4,72.7,491.31,0.465,0
17.0,47.7,1028.11,57.7,487.7,0.48,0
14.2,42.5,1000.39,79.7,490.71,0.531,0
10.6,54.4,998.17,100.1,489.02,0.576,0
16.4,48.1,998.27,65.9,484.52,0.512,0
6.7,79.6,1029.78,26.9,506.4,0.207,0
30.6,69.0,1031.82,53.6,457.31,0.671,1
17.2,45.0,1030.88,70.7,487.87,0.533,0
8.6,37.3,1015.45,68.2,504.18,0.397,0
32.4,63.8,995.65,97.4,436.97,0.905,1
2.9,35.6,1009.96,64.0,518.08,0.291,0
31.2,75.3,1027.78,40.1,462.66,0.612,1
6.6,71.6,1017.06,28.3,511.16,0.202,0
19.1,56.0,1024.77,69.7,476.68,0.572,0
8.3,66.9,1014.1,30.6,504.88,0.243,0
4.6,51.7,1007.09,38.7,507.33,0.23,0
35.5,47.5,1025.39,94.8,449.28,0.905,1
30.2,28.0,1005.34,26.6,473.91,0.524,0
18.0,76.1,1008.87,80.3,473.17,0.61,1
29.2,66.7,1001.14,58.6,456.06,0.678,1
31.2,65.4,1032.92,63.5,453.59,0.724,1
26.1,48.4,1028.8,54.6,474.66,0.592,0
33.9,35.6,1004.89,55.0,458.81,0.709,1
15.5,30.0,1015.82,39.1,497.78,0.369,0
11.8,53.8,1008.34,58.6,509.54,0.383,0
28.7,42.4,1013.83,99.8,452.1,0.845,1
32.8,30.7,1016.26,69.0,458.6,0.754,1
30.1,53.8,1027.19,27.7,466.76,0.542,0
15.5,34.5,1001.51,48.0,496.12,0.407,0
13.0,62.9,1030.55,76.2,493.27,0.498,0
9.8,71.4,1030.4,63.0,492.88,0.413,0
35.7,27.6,1008.91,80.6,458.09,0.832,1
15.5,47.1,1006.37,82.0,488.69,0.559,0
8.1,81.2,1001.94,92.3,485.93,0.525,0
4.8,41.6,1020.05,25.7,526.4,0.142,0
5.3,68.4,1016.8,67.4,505.45,0.356,0
25.2,63.4,997.65,48.5,469.84,0.566,0
25.9,30.2,1030.57,44.2,484.03,0.529,0
29.0,74.2,992.2,91.7,449.16,0.822,1
20.5,53.5,1023.9,48.6,479.04,0.498,0
33.1,44.9,1015.56,51.8,456.32,0.693,1
15.1,36.4,1032.27,31.2,494.8,0.339,0
5.2,50.2,1017.97,54.8,512.02,0.292,0
10.6,45.3,1002.33,51.3,490.57,0.379,0
2.9,59.3,1030.61,65.0,518.3,0.294,0
14.6,37.2,1011.62,85.3,487.0,0.565,0
11.6,77.7,1016.1,95.3,485.75,0.574,0
4.2,28.6,1011.5,58.3,516.69,0.285,0
28.7,60.7,1025.39,91.6,458.6,0.8,1
22.2,39.6,1021.56,29.1,483.26,0.429,0
16.2,43.1,1015.49,89.1,486.41,0.598,0
20.4,45.6,1023.82,43.3,480.6,0.473,0
13.8,49.5,1021.78,71.6,496.12,0.484,0
8.9,45.7,1026.02,50.2,498.27,0.34,0
13.7,45.5,1028.03,75.1,491.17,0.506,0
14.0,63.9,992.14,93.4,483.62,0.597,0
26.3,50.8,1030.36,40.1,481.29,0.522,0
33.8,80.2,1028.04,77.0,448.85,0.816,1
13.6,67.6,1004.31,80.3,482.01,0.545,0
21.0,31.9,992.39,90.5,475.08,0.678,1
3.9,62.6,1019.24,81.0,505.22,0.396,0
24.4,52.2,1007.53,75.5,468.06,0.67,1
5.3,30.8,1021.7,77.0,515.2,0.375,0
10.0,56.7,1011.94,53.7,498.87,0.365,0
27.6,81.2,1011.96,77.7,459.7,0.73,1
15.9,74.8,1019.07,28.8,490.07,0.347,0
23.8,42.8,993.76,33.2,483.26,0.463,0
35.7,51.3,1030.16,36.2,454.82,0.661,1
13.1,61.9,1003.37,29.3,492.45,0.314,0
9.6,76.5,1025.43,48.1,490.27,0.355,0
26.1,43.0,1014.13,89.7,461.77,0.757,1
28.5,73.6,1013.49,50.2,461.58,0.626,1
27.1,77.6,1010.25,71.9,453.61,0.713,1
5.8,29.0,1021.02,26.6,514.26,0.181,0
9.5,74.7,995.63,58.5,490.45,0.396,0
15.4,28.8,1023.17,49.9,494.29,0.417,0
19.2,60.4,1018.88,47.9,478.28,0.482,0
26.9,77.9,994.14,26.3,462.54,0.511,0
25.4,43.2,1000.24,61.6,473.51,0.614,1
4.9,44.4,1020.43,41.0,505.32,0.246,0
6.3,52.0,1007.8,40.5,510.94,0.248,0
7.6,53.1,1005.19,56.2,503.96,0.339,0
4.2,66.3,1003.57,83.7,509.33,0.402,0
10.5,76.3,1006.84,30.0,497.21,0.279,0
7.6,49.7,1010.96,36.2,506.18,0.255,0
7.3,77.5,1008.24,64.3,496.47,0.383,0
30.1,69.6,1010.54,39.1,459.21,0.604,1
33.0,46.7,1001.84,62.2,456.04,0.733,1
33.5,27.0,996.26,81.4,456.67,0.814,1
16.2,26.9,994.59,42.1,493.99,0.395,0
37.0,51.1,999.3,54.3,448.43,0.76,1
32.5,76.5,1025.64,58.8,449.0,0.729,1
31.9,50.8,1028.51,81.5,455.92,0.799,1
7.0,36.9,1007.82,61.9,517.34,0.328,0
14.8,67.8,1022.37,49.9,489.88,0.42,0
5.7,56.8,1017.75,29.7,517.21,0.186,0
26.2,75.3,999.13,85.8,460.64,0.746,1
2.4,27.5,1012.31,75.9,512.67,0.345,0
2.7,55.4,1013.73,48.1,518.95,0.223,0
18.1,78.9,1015.23,91.7,472.48,0.658,1
29.1,32.6,994.54,35.2,467.43,0.56,0
32.3,54.9,992.52,93.6,446.3,0.871,1
2.5,30.0,1013.4,26.1,525.04,0.122,0
18.6,36.4,1032.75,39.7,494.92,0.41,0
26.0,37.1,1006.84,87.9,473.88,0.724,1
27.0,74.3,1003.83,50.7,456.24,0.622,1
24.8,42.9,996.06,45.1,478.7,0.53,0
24.9,73.9,1019.82,57.7,459.57,0.621,1
20.2,43.3,1020.59,79.8,481.49,0.615,1
21.1,65.2,1022.7,40.8,468.75,0.494,0
3.2,70.7,1026.55,60.6,511.19,0.294,0
25.9,81.3,1006.56,87.3,457.51,0.754,1
31.4,64.1,1016.39,62.5,455.2,0.719,1
12.0,71.7,995.67,89.2,486.24,0.554,0
16.0,46.3,1029.8,30.4,493.47,0.347,0
5.2,71.7,1022.26,38.3,501.39,0.247,0
2.6,59.4,993.64,56.7,508.99,0.277,0
18.9,27.6,1023.28,57.3,489.15,0.495,0
18.7,68.4,1020.73,66.6,481.08,0.546,0
11.4,26.6,1010.37,89.5,501.88,0.517,0
23.1,75.8,1013.57,98.9,458.13,0.769,1
3.2,74.4,1010.82,83.5,501.5,0.406,0
19.2,48.7,1014.64,42.7,488.23,0.442,0
18.6,42.8,1024.67,80.3,483.42,0.596,0
16.9,49.5,1002.42,60.0,489.27,0.484,0
18.2,39.0,1019.88,50.9,480.99,0.478,0
31.9,45.0,1002.35,38.9,464.69,0.611,1
3.5,76.3,1031.07,70.0,499.24,0.36,0
11.5,69.0,1022.97,95.5,483.89,0.578,0
30.7,29.2,1001.7,88.8,459.71,0.808,1
36.4,75.2,1010.56,88.8,429.37,0.929,1
26.8,37.9,1021.92,34.9,473.48,0.522,0
18.6,66.7,998.64,31.0,478.93,0.407,0
31.9,50.8,1003.75,61.5,453.45,0.724,1
13.0,35.2,1028.48,96.2,491.59,0.582,0
26.3,51.0,999.9,85.6,456.99,0.753,1
29.7,36.8,996.21,53.3,471.16,0.632,1
17.4,68.6,1021.91,62.2,481.44,0.515,0
22.1,50.6,1021.0,54.2,487.49,0.521,0
21.7,36.7,1001.04,42.4,483.8,0.477,0
9.5,54.5,1005.06,26.8,507.92,0.234,0
16.4,50.5,994.82,43.9,493.74,0.405,0
4.5,48.6,1025.87,56.0,508.1,0.296,0
34.8,60.3,995.21,28.4,454.79,0.62,1
31.9,72.5,1014.84,70.0,451.61,0.762,1
21.4,66.8,997.62,31.0,480.01,0.435,0
21.9,30.1,1014.52,55.5,480.43,0.538,0
19.9,76.7,998.79,78.9,468.82,0.633,1
6.0,67.3,998.43,82.0,501.39,0.43,0
17.5,78.7,1020.55,86.7,472.17,0.632,1
14.0,66.8,1011.4,41.9,487.22,0.385,0
16.3,45.3,1013.69,60.6,483.65,0.492,0
2.6,26.7,1013.84,44.4,517.11,0.212,0
10.7,74.5,992.14,91.7,479.91,0.563,0
17.5,28.0,998.88,81.0,484.57,0.584,0
26.2,50.9,1031.84,91.8,461.83,0.766,1
28.8,41.1,992.11,74.7,459.48,0.732,1
1.9,31.3,997.47,98.3,513.78,0.427,0
30.8,68.2,1026.31,79.6,449.19,0.793,1
3.1,68.0,1003.86,81.3,510.04,0.379,0
35.5,32.0,994.38,94.4,454.01,0.893,1
20.1,38.1,1000.31,47.8,484.14,0.48,0
23.8,45.6,1031.41,50.2,466.68,0.564,0
6.6,81.0,1013.89,98.1,495.25,0.514,0
17.1,43.3,1004.46,56.6,488.32,0.474,0
29.5,27.6,1003.06,28.1,470.14,0.531,0
28.8,64.2,1013.95,82.2,455.54,0.77,1
29.8,76.7,1013.9,50.5,459.94,0.644,1
31.0,46.1,1007.85,26.6,468.52,0.544,0
9.3,63.6,1002.68,92.0,500.75,0.506,0
23.9,66.2,996.7,93.8,469.43,0.734,1
29.9,52.9,1005.07,75.0,456.86,0.749,1
18.0,69.7,993.6,29.8,479.27,0.395,0
7.1,62.6,1011.51,42.8,501.31,0.285,0
12.3,49.5,1017.5,90.1,489.82,0.554,0
21.2,62.1,1019.35,53.0,477.2,0.527,0
11.3,46.5,1027.66,29.5,505.31,0.27,0
9.9,62.0,1014.49,83.4,491.2,0.498,0
7.7,74.0,999.35,93.9,491.13,0.517,0
15.1,28.9,1006.02,42.5,497.56,0.378,0
19.0,35.0,1012.5,82.0,479.01,0.616,1
32.8,70.8,1023.43,83.1,444.46,0.838,1
30.2,42.1,1022.01,67.7,455.97,0.725,1
11.2,69.8,1003.66,58.7,499.07,0.398,0
20.9,71.7,998.67,74.3,462.74,0.638,1
4.4,27.9,1024.95,31.2,522.53,0.168,0
10.4,48.6,1032.01,94.3,494.16,0.542,0
21.6,26.8,1002.19,37.4,481.84,0.459,0
19.0,72.1,1007.46,31.4,481.24,0.408,0
24.4,76.5,1027.48,60.5,468.36,0.609,1
8.8,26.9,1022.3,76.7,504.34,0.434,0
17.8,36.3,1012.79,74.7,488.11,0.555,0
21.2,46.1,1017.0,42.7,479.94,0.48,0
10.5,36.3,1022.03,98.5,497.58,0.553,0
32.5,33.1,996.95,46.4,459.03,0.659,1
22.8,72.7,1023.54,67.0,464.93,0.625,1
18.0,47.3,1002.85,81.7,474.83,0.612,1
17.1,79.5,1009.84,50.3,479.0,0.468,0
12.4,34.5,1014.66,51.1,500.42,0.378,0
16.3,39.7,1021.51,51.9,495.74,0.432,0
17.1,40.5,1010.92,94.5,477.17,0.648,1
34.1,80.3,1010.7,49.4,449.59,0.707,1
27.4,32.5,1015.98,63.4,476.56,0.637,1
23.6,60.3,1028.37,87.8,470.61,0.705,1
20.6,49.5,1003.45,72.1,479.28,0.593,0
15.1,50.0,994.17,70.2,486.25,0.511,0
25.2,32.2,994.69,89.4,468.64,0.732,1
18.2,68.1,1015.55,43.7,482.05,0.448,0
7.6,61.9,1006.29,34.2,500.83,0.257,0
35.1,26.8,1002.69,55.2,460.76,0.718,1
14.2,63.3,1023.44,34.6,493.09,0.346,0
2.7,73.5,1009.91,91.6,502.25,0.431,0
31.9,44.7,1012.77,43.7,460.71,0.639,1
7.1,72.1,1024.28,69.4,497.38,0.4,0
9.4,35.7,1015.16,60.3,499.99,0.382,0
24.9,79.9,1012.69,82.9,461.85,0.717,1
20.3,77.9,1016.21,91.7,473.64,0.679,1
2.6,74.8,999.26,74.7,507.18,0.353,0
19.3,32.3,1007.52,47.6,493.67,0.452,0
6.2,79.3,1008.73,69.9,498.27,0.39,0
15.1,70.6,1003.66,77.4,484.41,0.544,0
4.5,79.8,1024.64,72.7,504.21,0.371,0
32.4,59.8,1024.05,95.6,454.15,0.864,1
34.5,35.0,1001.77,71.0,447.68,0.801,1
25.7,41.4,1020.99,95.3,469.18,0.761,1
17.3,47.2,1016.17,85.1,483.02,0.601,1
16.7,54.7,998.48,89.2,484.43,0.608,1
21.3,36.5,994.72,55.5,480.32,0.531,0
33.7,57.2,1022.98,51.3,447.0,0.715,1
6.7,73.6,1011.68,32.7,508.3,0.226,0
32.1,67.5,1027.78,35.2,455.28,0.617,1
25.4,60.7,1012.28,92.9,453.07,0.781,1
36.1,57.3,1002.41,34.8,452.77,0.664,1
26.1,66.8,1029.09,52.6,465.25,0.602,1
24.9,65.4,1031.77,75.4,463.85,0.683,1
33.2,60.6,993.82,72.8,455.65,0.778,1
22.9,66.4,1001.76,36.7,481.12,0.472,0
24.6,71.9,1019.78,75.6,465.09,0.678,1
23.2,58.8,1027.79,71.9,476.61,0.625,1
31.3,70.3,1025.08,86.9,450.44,0.825,1
32.9,69.2,1012.58,47.5,453.61,0.678,1
34.4,69.0,992.08,26.3,457.0,0.603,1
23.7,46.1,993.94,60.1,470.49,0.595,0
27.9,52.3,999.79,75.1,454.98,0.733,1
6.8,81.0,1031.02,73.4,494.18,0.419,0
31.7,32.3,995.13,55.9,455.2,0.696,1
12.7,29.0,1007.77,96.0,495.84,0.57,0
19.0,45.9,1021.73,71.0,481.76,0.566,0
8.8,25.6,1005.35,57.9,509.15,0.349,0
2.3,53.0,1007.26,46.1,518.2,0.213,0
21.8,75.8,1000.61,31.8,472.69,0.458,0
25.4,70.1,1016.7,60.3,473.19,0.61,1
24.8,69.3,1001.86,34.9,472.77,0.503,0
18.1,79.4,995.18,35.4,474.6,0.428,0
8.5,32.9,1015.23,28.5,517.98,0.21,0
17.9,73.4,1001.21,52.2,473.77,0.495,0
12.3,64.3,1017.91,42.6,499.37,0.345,0
3.3,60.6,1014.24,52.2,510.11,0.265,0
7.1,74.2,1024.42,78.1,502.45,0.424,0
32.5,58.4,998.1,55.7,456.49,0.701,1
12.6,30.6,1008.71,41.6,499.29,0.344,0
4.4,40.1,1029.39,50.3,513.05,0.263,0
31.2,62.3,994.86,94.8,452.34,0.852,1
15.2,73.7,1025.12,77.4,486.17,0.541,0
25.1,32.8,1016.85,94.1,474.99,0.738,1
15.7,25.6,1024.59,35.8,499.6,0.353,0
25.5,27.2,1004.24,52.7,474.49,0.578,0
17.0,49.1,1024.35,51.3,489.65,0.45,0
33.7,63.0,1026.47,83.2,444.1,0.849,1
18.3,46.5,1026.84,29.8,490.88,0.376,0
4.3,64.4,1009.54,61.1,509.34,0.313,0
8.6,58.1,1016.44,31.5,506.82,0.245,0
5.1,62.4,993.14,39.6,502.95,0.247,0
28.4,54.5,1015.75,85.4,453.23,0.782,1
28.4,55.1,999.87,70.1,461.19,0.705,1
12.3,69.4,1010.71,26.1,492.29,0.293,0
3.9,77.8,1031.69,38.8,508.01,0.222,0
30.3,54.0,1023.56,49.1,463.09,0.638,1
22.0,46.8,1012.94,62.0,478.93,0.568,0
32.1,31.7,1008.04,29.0,471.02,0.562,0
20.9,36.0,1016.06,86.8,478.6,0.656,1
4.7,39.5,997.78,52.0,514.19,0.27,0
23.1,48.5,1017.01,65.7,476.19,0.6,1
2.1,71.5,999.87,66.1,509.85,0.308,0
8.8,59.6,1017.03,49.1,507.17,0.317,0
11.5,33.5,1025.56,91.8,491.6,0.549,0
34.2,51.8,1021.95,49.1,449.39,0.708,1
32.8,70.0,999.62,65.7,452.43,0.752,1
15.3,65.6,1001.8,34.5,489.06,0.366,0
19.5,43.2,1012.08,59.7,486.32,0.517,0
6.8,58.5,1013.21,81.2,498.83,0.44,0
9.4,52.2,992.67,48.3,506.43,0.321,0
33.9,66.7,1021.97,95.6,443.24,0.902,1
9.8,66.1,1030.82,31.4,500.07,0.271,0
36.1,77.3,996.65,87.6,437.04,0.907,1
2.0,52.7,1014.02,62.9,512.95,0.287,0
23.0,43.1,1003.5,81.3,469.43,0.675,1
24.7,44.9,1032.25,58.9,471.59,0.599,0
34.2,59.1,1002.6,52.7,450.58,0.72,1
15.5,39.9,1015.04,79.3,486.0,0.553,0
13.3,58.4,1009.65,73.5,484.39,0.509,0
37.0,58.0,1009.84,80.5,448.52,0.865,1
3.7,64.9,993.09,30.6,517.68,0.167,0
5.5,76.9,1013.79,61.5,503.3,0.339,0
35.1,76.2,995.69,26.9,443.27,0.64,1
27.7,67.4,1011.21,65.3,469.33,0.662,1
26.0,58.9,1002.2,36.8,469.17,0.53,0
19.1,43.9,998.41,32.1,489.26,0.396,0
34.8,48.0,994.02,62.1,449.69,0.766,1
22.7,44.3,1031.93,43.3,477.47,0.504,0
22.9,61.3,1021.07,73.2,469.54,0.641,1
31.3,63.4,999.01,80.7,451.18,0.799,1
2.1,49.0,1001.35,25.7,513.58,0.138,0
16.4,66.5,998.81,77.0,476.61,0.573,0
33.9,41.9,1014.54,62.5,452.52,0.751,1
34.6,65.9,1021.82,81.1,442.47,0.854,1
35.0,27.2,995.43,28.6,462.39,0.608,1
11.0,80.0,1013.71,54.4,490.58,0.395,0
17.0,35.8,1012.15,46.0,490.77,0.426,0
35.4,53.0,1019.18,93.8,444.65,0.909,1
4.0,74.5,1002.29,70.5,503.91,0.357,0
20.4,73.1,1027.52,52.3,477.18,0.516,0
23.3,53.4,1014.9,27.5,476.74,0.448,0
24.4,27.3,1018.0,58.2,479.19,0.578,0
4.5,26.8,1016.15,33.0,522.62,0.176,0
10.1,66.0,1021.33,89.2,493.56,0.518,0
3.2,78.0,1025.21,93.0,497.22,0.452,0
25.0,32.8,1014.89,34.6,481.97,0.485,0
21.5,76.7,1010.94,94.2,467.05,0.715,1
18.0,49.5,1010.89,32.9,488.28,0.389,0
34.9,50.9,998.73,86.4,438.28,0.887,1
12.1,28.5,1030.21,90.9,498.79,0.537,0
5.1,26.8,1001.32,61.2,516.61,0.307,0
5.4,67.5,1020.84,28.5,508.27,0.196,0
21.4,59.3,1020.69,63.9,474.38,0.578,0
25.7,74.6,998.6,84.7,458.54,0.74,1
11.8,75.8,1021.33,80.9,495.19,0.501,0
21.0,61.8,1001.62,67.0,472.29,0.591,0
6.7,61.5,992.66,38.3,500.39,0.264,0
21.5,61.8,995.13,80.8,475.61,0.645,1
7.3,30.3,1025.93,30.1,511.3,0.217,0
12.8,55.7,1005.51,41.4,494.06,0.356,0
23.9,27.8,1026.47,31.4,486.61,0.45,0
14.2,40.3,997.84,30.1,497.12,0.32,0
12.2,68.0,1009.16,31.0,494.98,0.306,0
23.7,72.5,1022.31,27.1,471.91,0.461,0
13.8,68.0,1010.45,50.5,490.28,0.41,0
10.6,31.4,993.44,59.5,497.72,0.398,0
17.5,27.1,993.69,66.9,488.3,0.52,0
2.7,68.0,998.87,43.8,513.82,0.216,0
8.9,78.7,1032.58,48.4,494.68,0.34,0
26.0,53.4,1020.9,36.7,470.95,0.526,0
33.4,48.0,1007.61,91.4,449.37,0.868,1
30.2,47.2,1006.18,52.1,459.04,0.657,1
29.7,27.1,1007.52,91.3,467.02,0.792,1
11.6,76.4,993.99,58.1,493.6,0.41,0
2.7,61.4,1029.31,78.6,507.6,0.369,0
17.2,50.7,1013.75,58.2,481.02,0.496,0
36.8,77.2,992.36,37.1,439.88,0.707,1
26.7,80.7,1006.42,59.6,461.85,0.644,1
8.4,63.0,1026.3,33.5,507.48,0.25,0
26.9,50.4,1001.38,94.1,461.84,0.783,1
17.5,61.2,1020.54,27.5,487.77,0.364,0
7.2,55.6,1030.48,81.1,498.43,0.445,0
26.5,36.6,1009.05,61.9,465.17,0.643,1
30.2,47.4,1009.99,91.5,456.38,0.82,1
32.0,32.2,1016.03,67.4,451.31,0.753,1
26.9,81.0,1017.87,61.5,459.41,0.658,1
8.9,48.2,1011.93,99.5,504.25,0.526,0
19.5,65.0,1004.88,42.0,472.56,0.473,0
31.1,34.7,1011.36,71.1,463.15,0.734,1
30.7,80.1,1021.55,71.8,455.35,0.748,1
4.9,37.0,1018.24,32.7,519.64,0.184,0
25.1,53.1,998.64,93.2,462.44,0.759,1
8.0,57.4,1020.18,53.2,504.4,0.331,0
3.1,47.7,1020.91,41.6,514.03,0.213,0
5.8,37.8,1030.56,70.1,501.02,0.381,0
15.8,61.6,1015.65,90.2,482.52,0.607,1
30.2,39.9,1014.85,82.4,463.86,0.768,1
9.7,34.3,994.36,63.1,503.77,0.39,0
23.4,30.7,1014.51,34.9,476.07,0.481,0
13.4,70.0,1001.02,66.1,487.71,0.474,0
15.3,33.3,1030.41,67.1,497.37,0.479,0
28.8,54.9,1000.17,98.9,455.84,0.835,1
26.1,35.3,992.84,91.1,458.15,0.77,1
18.7,36.7,1011.62,43.1,487.4,0.44,0
25.8,51.6,1024.31,81.6,467.79,0.71,1
10.9,72.7,1013.51,60.0,494.96,0.407,0
27.6,75.4,1029.98,30.0,468.17,0.522,0
11.0,73.3,996.69,89.0,490.65,0.534,0
30.3,77.6,1025.21,90.0,452.71,0.822,1
21.2,35.9,999.05,45.6,484.4,0.483,0
22.3,45.8,1028.16,51.2,474.75,0.536,0
13.1,66.2,1005.15,61.2,491.37,0.443,0
3.6,58.0,999.61,50.6,510.98,0.259,0
2.0,76.7,1024.06,42.2,518.68,0.193,0
25.2,58.9,1009.97,59.9,470.34,0.611,1
29.5,46.1,1005.06,41.7,470.69,0.585,0
18.7,66.8,999.11,55.3,480.78,0.502,0
15.0,57.1,1032.54,75.5,483.58,0.537,0
8.5,71.6,1006.61,47.0,502.66,0.315,0
18.8,25.7,1031.15,46.4,487.27,0.454,0
10.9,39.2,1003.2,94.3,489.77,0.556,0
28.6,69.0,1020.45,51.7,458.45,0.639,1
20.6,46.7,999.18,36.6,482.0,0.445,0
19.3,58.6,994.37,35.8,489.77,0.412,0
16.8,75.8,1021.09,34.0,488.47,0.38,0
4.0,78.0,1006.0,33.5,506.71,0.203,0
33.9,51.7,1017.49,32.2,468.25,0.598,0
14.3,78.3,997.77,30.1,491.51,0.332,0
6.4,36.0,994.46,31.7,514.12,0.208,0
13.9,57.1,1022.45,99.4,481.3,0.626,1
5.9,72.0,1007.91,57.8,494.16,0.346,0
2.0,34.3,1002.82,31.7,516.78,0.154,0
31.3,45.9,1031.34,72.6,463.2,0.743,1
21.1,36.8,1028.64,91.4,482.77,0.668,1
28.9,40.4,993.62,52.8,469.28,0.624,1
34.4,28.4,1031.58,40.2,461.57,0.649,1
17.7,68.1,998.41,30.5,483.32,0.387,0
11.5,40.0,1027.76,75.4,496.36,0.473,0
34.5,35.3,1014.34,47.3,465.38,0.671,1
32.0,30.0,1027.21,59.7,460.93,0.703,1
28.9,31.3,994.13,81.1,468.13,0.74,1
24.1,53.7,1008.39,75.9,468.76,0.667,1
21.9,39.5,997.56,65.1,480.1,0.577,0
28.1,78.1,1016.65,51.2,462.64,0.624,1
2.5,44.6,1006.46,83.7,508.22,0.385,0
10.4,74.9,1022.66,94.0,485.89,0.557,0
37.0,41.7,1032.3,66.5,441.01,0.824,1
7.3,29.7,1006.92,94.5,506.51,0.484,0
18.0,79.8,994.29,61.7,472.0,0.537,0
12.8,28.8,1017.91,56.8,500.0,0.406,0
24.7,59.5,1007.69,65.5,465.27,0.638,1
6.9,42.5,1004.92,79.5,502.49,0.427,0
26.2,39.0,1005.99,63.8,471.42,0.636,1
16.2,30.2,996.72,80.7,485.59,0.567,0
33.4,72.7,997.69,65.9,444.49,0.776,1
24.7,63.5,1022.86,31.1,470.5,0.491,0
21.1,36.7,993.69,59.0,470.91,0.563,0
33.5,57.4,1032.68,72.8,451.81,0.79,1
18.2,50.0,1027.71,69.7,479.8,0.556,0
35.3,74.3,992.7,83.7,439.48,0.878,1
31.7,50.0,1002.71,85.4,462.95,0.798,1
12.3,33.6,1010.74,34.3,495.97,0.318,0
21.0,79.7,1030.28,88.4,465.49,0.689,1
34.5,59.5,1027.82,80.9,446.28,0.844,1
22.1,75.1,1014.88,43.3,471.47,0.509,0
13.8,45.0,1013.72,78.7,494.93,0.514,0
35.3,28.3,1029.63,67.5,453.03,0.786,1
21.6,37.1,1023.3,98.1,472.62,0.721,1
35.4,57.2,1005.18,53.6,452.34,0.733,1
16.6,57.4,996.02,53.1,478.95,0.474,0
35.9,55.5,1015.88,56.8,448.55,0.758,1
24.1,39.0,1030.96,52.1,475.04,0.558,0
20.1,77.4,1007.77,34.3,479.24,0.436,0
10.2,37.0,994.29,94.3,491.8,0.544,0
20.0,80.0,1006.43,45.7,485.89,0.467,0
5.0,32.0,1013.57,46.0,518.04,0.242,0
31.6,31.4,1013.53,64.9,463.33,0.714,1
15.2,65.8,1032.89,71.1,478.02,0.533,0
34.1,61.4,1002.58,53.9,443.72,0.736,1
27.6,40.6,1012.14,90.0,462.85,0.773,1
32.5,32.2,1012.49,97.9,452.02,0.879,1
7.8,30.0,997.56,78.9,502.72,0.434,0
18.6,68.2,996.25,74.3,478.57,0.581,0
23.8,81.5,1008.99,62.5,463.35,0.62,1
31.4,29.1,1031.81,38.4,465.39,0.602,1
24.5,46.6,1018.59,31.6,470.23,0.491,0
4.0,75.3,1008.61,30.8,510.39,0.186,0
27.9,42.7,992.36,98.8,453.85,0.829,1
20.4,53.7,1019.37,47.3,487.73,0.475,0
32.3,31.7,997.64,58.6,456.27,0.711,1
26.2,51.1,1001.35,31.2,472.05,0.504,0
21.6,52.7,1009.32,78.9,466.68,0.656,1
19.6,67.4,1002.85,94.3,465.11,0.698,1
28.5,75.8,1026.98,57.2,462.52,0.652,1
36.5,78.0,994.19,42.4,437.75,0.729,1
13.0,36.0,1019.95,91.0,485.91,0.572,0
30.4,56.1,1012.48,31.9,459.79,0.577,0
3.5,72.7,1021.74,26.0,515.87,0.15,0
34.9,36.2,996.54,72.9,448.59,0.812,1
32.9,48.3,999.42,88.9,451.33,0.848,1
23.0,67.7,1026.15,71.5,467.26,0.64,1
30.9,78.4,1006.04,55.6,453.94,0.689,1
31.7,70.2,1002.2,25.8,458.96,0.568,0
28.7,44.2,1016.17,71.4,459.23,0.718,1
27.9,38.6,1018.34,97.6,461.11,0.81,1
15.5,50.9,993.94,49.5,483.6,0.438,0
4.3,37.1,1011.06,63.5,514.58,0.311,0
11.5,76.1,1032.41,38.9,502.46,0.315,0
33.2,36.2,1020.99,30.7,471.65,0.578,0
29.8,50.0,1025.1,78.0,462.56,0.749,1
37.0,48.3,1010.55,51.9,451.03,0.746,1
3.9,43.0,1017.14,38.0,520.49,0.193,0
19.8,61.7,1020.8,50.4,477.92,0.5,0
19.0,62.5,1001.75,80.3,474.34,0.618,1
30.5,74.4,994.03,71.9,447.56,0.763,1
13.0,64.3,1025.66,81.8,490.01,0.528,0
25.8,42.4,1001.85,81.6,466.44,0.713,1
13.4,60.4,1017.73,77.5,489.08,0.517,0
15.6,65.1,1010.81,43.7,487.6,0.408,0
27.5,79.1,1024.94,74.0,459.23,0.714,1
3.2,62.3,1014.17,64.5,508.78,0.315,0
32.1,59.3,1010.58,93.2,449.87,0.86,1
11.2,51.1,1031.66,57.0,501.04,0.387,0
15.6,28.0,1022.75,94.6,491.46,0.604,1
27.7,45.5,999.05,69.2,467.42,0.681,1
11.3,34.9,1008.7,34.9,499.81,0.302,0
21.6,74.5,1011.33,52.0,468.9,0.543,0
8.0,69.1,994.8,64.9,491.38,0.404,0
22.9,36.2,996.87,67.0,474.96,0.606,1
9.5,56.3,1015.79,41.5,504.12,0.301,0
13.0,66.1,992.84,66.9,493.39,0.462,0
18.4,51.7,995.95,49.9,478.65,0.482,0
32.8,80.5,1015.53,90.0,442.51,0.87,1
37.0,65.6,1019.08,93.2,444.08,0.925,1
34.7,39.4,1031.88,53.6,458.98,0.712,1
25.7,72.8,1017.9,40.5,457.88,0.564,0
6.5,73.4,1019.51,55.8,499.5,0.334,0
15.3,47.6,1026.35,47.5,492.83,0.41,0
3.7,42.0,1018.04,36.1,521.65,0.181,0
28.1,55.7,1012.35,98.3,455.49,0.826,1
2.6,42.2,992.93,55.0,515.33,0.257,0
2.6,34.2,1011.31,62.2,514.63,0.288,0
30.1,41.5,1020.5,86.0,462.54,0.784,1
25.3,53.5,1001.78,40.3,472.89,0.529,0
16.4,29.4,1014.73,59.3,486.61,0.482,0
23.1,72.5,1008.1,66.7,462.66,0.632,1
19.2,40.8,1010.78,51.9,484.68,0.486,0
22.7,73.6,1002.5,86.4,466.92,0.697,1
17.0,63.8,1031.91,39.8,490.72,0.402,0
13.5,32.3,1016.26,59.3,500.17,0.423,0
21.7,78.1,1002.53,46.9,464.47,0.533,0
22.8,39.2,1028.8,60.7,483.73,0.562,0
14.5,51.8,1005.83,30.8,497.64,0.325,0
3.0,42.1,1004.75,29.9,521.37,0.15,0
11.8,52.4,1016.1,38.6,504.83,0.313,0
15.7,48.1,1027.97,92.0,478.13,0.621,1
24.9,66.9,1005.27,33.6,466.37,0.511,0
15.4,25.4,1025.45,47.6,494.54,0.407,0
5.8,78.2,994.17,81.5,492.7,0.444,0
29.6,51.8,1009.51,95.0,460.05,0.82,1
36.6,44.8,1012.07,61.5,450.15,0.781,1
6.7,45.1,1007.61,58.4,508.32,0.33,0
10.5,59.8,1015.42,74.8,499.18,0.454,0
33.7,39.5,1001.24,41.2,453.55,0.662,1
29.3,67.4,1012.57,89.9,458.27,0.799,1
5.7,62.1,997.81,59.8,507.76,0.325,0
22.6,29.7,1003.9,31.8,485.4,0.441,0
19.0,71.2,1027.14,97.5,475.25,0.685,1
3.1,48.0,1012.27,61.7,513.61,0.293,0
31.9,36.1,1030.77,75.5,463.16,0.761,1
30.9,71.0,1011.56,42.6,452.12,0.64,1
34.2,32.3,1015.0,55.3,452.37,0.726,1
25.9,53.2,1030.39,77.6,468.58,0.694,1
16.2,27.4,1010.97,50.6,493.6,0.43,0
21.0,53.1,1011.89,55.9,481.23,0.528,0
32.4,31.0,1020.95,82.9,459.95,0.802,1
33.4,33.2,1019.13,41.1,458.74,0.648,1
19.3,28.6,994.15,76.1,478.93,0.596,0
6.8,56.1,993.29,79.3,503.24,0.424,0
23.4,46.1,1032.94,64.2,478.64,0.592,0
10.8,72.8,1030.03,83.5,488.84,0.513,0
10.0,74.1,1027.99,33.5,498.58,0.285,0
19.6,29.3,1015.31,51.2,491.03,0.474,0
4.7,28.7,999.93,82.9,506.69,0.409,0
19.3,34.5,1026.56,28.0,495.77,0.369,0
12.5,68.5,1015.31,29.3,491.63,0.309,0
29.0,76.5,1005.93,66.5,455.15,0.709,1
28.1,48.4,1013.94,41.6,462.65,0.585,0
8.9,69.9,1032.5,41.6,502.87,0.297,0
2.8,35.5,1018.5,96.8,512.63,0.432,0
28.4,37.6,1002.21,93.6,464.43,0.793,1
25.2,45.3,1018.53,94.6,471.78,0.748,1
11.3,35.7,1005.0,94.1,491.49,0.555,0
9.6,54.2,1000.59,45.0,510.48,0.303,0
21.6,66.5,993.27,49.8,469.08,0.534,0
30.3,47.5,1002.27,64.6,466.53,0.693,1
19.6,54.7,1022.33,82.0,480.7,0.618,1
13.6,52.3,1027.47,81.9,488.3,0.538,0
31.9,67.7,998.8,63.7,452.97,0.734,1
28.9,78.6,1004.55,93.1,446.71,0.831,1
1.9,74.8,994.9,60.2,511.54,0.278,0
30.1,56.3,1018.55,71.9,462.05,0.729,1
10.9,43.5,998.54,26.5,509.01,0.246,0
17.7,60.6,996.47,73.3,478.96,0.567,0
26.9,77.7,1027.84,30.5,468.6,0.516,0
16.2,75.7,997.83,60.9,480.58,0.497,0
25.2,39.1,1030.93,35.4,475.29,0.504,0
16.7,34.9,1030.0,97.3,492.54,0.625,1
21.3,60.9,1014.91,30.2,476.35,0.438,0
3.2,40.6,1007.26,82.0,510.27,0.382,0
11.0,63.9,996.43,50.0,498.16,0.363,0
19.4,50.8,1009.06,92.5,474.66,0.671,1
28.5,26.3,1027.09,38.9,468.73,0.566,0
19.5,69.3,1011.77,67.4,473.5,0.573,0
23.2,37.2,1024.79,83.4,470.6,0.684,1
11.4,71.1,1000.61,44.3,491.01,0.358,0
24.4,56.0,1015.31,75.2,467.13,0.671,1
34.0,31.1,994.69,39.6,448.17,0.669,1
2.9,34.4,1004.4,40.0,517.48,0.196,0
3.6,37.7,1016.77,47.5,515.35,0.238,0
30.4,76.8,999.5,27.8,461.32,0.557,0
14.4,46.3,996.52,79.6,481.22,0.552,0
29.2,57.8,1013.02,85.1,452.84,0.791,1
4.3,38.7,1017.84,38.9,523.55,0.196,0
26.5,67.6,996.32,87.2,452.48,0.77,1
30.9,57.3,1018.33,77.0,448.77,0.784,1
35.1,62.2,995.8,95.6,443.65,0.915,1
3.1,78.2,993.11,75.3,502.44,0.37,0
15.7,30.4,1015.1,45.3,493.99,0.403,0
17.1,30.0,1032.86,89.1,484.31,0.612,1
23.0,38.7,1022.4,61.1,473.95,0.585,0
3.4,49.5,1009.69,73.5,511.19,0.348,0
6.4,67.5,995.7,95.4,495.62,0.499,0
15.4,52.0,1030.33,74.5,492.27,0.52,0
34.3,52.1,1020.35,79.3,441.97,0.845,1
17.4,43.9,1004.57,67.7,483.27,0.533,0
5.2,35.4,997.09,92.3,505.35,0.454,0
17.7,68.1,1004.31,92.3,474.1,0.652,1
26.2,57.2,1014.48,87.4,461.59,0.749,1
36.0,25.6,1011.44,33.0,455.56,0.65,1
18.5,69.2,1013.98,85.1,470.74,0.639,1
23.5,48.5,1000.3,59.0,471.87,0.587,0
3.0,56.7,1022.97,88.3,512.45,0.401,0
14.6,72.3,1010.56,50.3,480.76,0.438,0
35.9,65.4,1015.36,43.8,446.98,0.709,1
6.6,46.8,998.92,60.5,508.83,0.335,0
29.0,42.1,999.64,67.8,457.83,0.709,1
20.1,69.3,1018.23,31.2,480.95,0.42,0
34.4,37.5,1029.41,80.5,454.05,0.826,1
23.9,75.4,995.51,84.3,462.94,0.709,1
15.9,32.3,1025.95,78.6,494.91,0.536,0
4.3,46.1,1014.6,82.2,509.55,0.396,0
20.6,30.5,1002.06,70.0,485.27,0.572,0
22.7,53.3,1021.63,63.6,471.59,0.597,0
2.9,26.5,992.05,57.7,515.71,0.271,0
9.5,49.4,1032.54,53.1,505.32,0.345,0
26.4,70.6,998.75,56.9,452.95,0.647,1
30.6,77.4,1030.69,58.2,453.31,0.696,1
32.2,57.5,1029.84,77.6,450.47,0.797,1
18.5,30.9,1027.97,59.9,490.19,0.5,0
14.1,70.4,1031.64,36.6,496.26,0.346,0
19.6,74.8,1004.57,67.6,476.82,0.568,0
4.3,69.9,1017.81,96.6,492.05,0.489,0
5.3,69.4,1029.76,29.7,507.54,0.201,0
26.9,77.6,1002.39,47.6,462.85,0.596,0
12.2,48.4,1015.49,76.3,496.49,0.484,0
20.8,76.8,1016.39,70.5,471.55,0.604,1
20.4,77.6,1010.41,53.9,475.19,0.526,0
30.0,31.0,998.75,98.5,463.84,0.83,1
34.4,34.3,1005.21,31.4,456.17,0.626,1
11.3,38.6,1016.19,100.1,493.58,0.576,0
4.7,51.1,995.34,56.4,504.02,0.309,0
15.4,74.2,1029.89,64.2,479.0,0.505,0
33.0,69.1,998.94,28.6,454.6,0.602,1
35.2,30.8,1005.03,37.2,453.29,0.663,1
6.8,57.0,1001.7,57.3,504.29,0.334,0
20.8,71.5,994.86,70.4,472.78,0.601,1
27.4,29.9,992.54,99.0,464.75,0.803,1
24.3,40.3,1030.07,62.3,469.47,0.613,1
20.6,29.1,999.93,62.5,485.12,0.543,0
10.2,58.0,1029.19,44.3,497.24,0.333,0
1.9,59.1,1025.19,58.3,513.69,0.267,0
21.3,63.7,1022.29,74.8,467.69,0.634,1
12.6,38.6,1027.69,82.6,498.07,0.511,0
29.6,63.7,1025.53,98.5,459.8,0.835,1
6.3,31.5,1012.1,47.0,511.02,0.274,0
33.6,40.9,999.09,29.5,450.75,0.619,1
25.6,55.8,1007.11,82.0,470.82,0.703,1
13.5,78.1,1031.99,51.2,491.89,0.407,0
20.5,35.6,1011.05,65.2,480.49,0.561,0
19.1,30.4,1032.42,54.3,486.49,0.491,0
35.4,33.9,998.14,72.9,449.09,0.816,1
4.5,53.9,1011.5,45.9,511.54,0.249,0
13.1,56.3,1027.54,28.1,505.99,0.282,0
10.3,78.7,996.73,54.7,494.71,0.381,0
4.3,79.5,1014.24,39.7,508.65,0.228,0
18.6,40.0,993.09,27.0,488.13,0.373,0
36.0,63.8,1018.52,27.1,453.05,0.632,1
35.4,28.8,1029.68,79.6,458.01,0.825,1
34.7,48.9,1004.83,75.8,453.16,0.812,1
36.0,42.6,1028.58,93.6,442.43,0.919,1
17.6,62.0,1014.09,29.2,482.5,0.382,0
25.1,55.5,1000.54,40.2,474.49,0.523,0
11.5,65.2,1021.71,83.5,482.6,0.533,0
24.4,32.7,1000.78,91.8,478.07,0.714,1
15.1,75.1,1011.4,77.2,483.29,0.545,0
16.7,65.3,999.0,57.6,483.44,0.484,0
35.4,57.1,1000.19,63.7,448.32,0.781,1
24.0,29.3,1009.91,80.3,474.86,0.671,1
2.1,53.9,994.0,55.5,509.33,0.266,0
15.6,27.3,1021.13,52.8,501.14,0.418,0
3.5,35.6,1005.04,86.6,513.88,0.396,0
23.9,36.3,1011.42,26.4,480.55,0.443,0
8.3,59.4,1030.16,88.7,500.36,0.484,0
34.8,57.2,1028.18,47.2,452.0,0.701,1
11.8,74.4,1016.87,70.7,486.86,0.477,0
23.1,29.9,1015.82,33.1,480.47,0.461,0
25.0,54.6,1028.87,92.9,463.66,0.755,1
26.6,54.8,1026.73,81.8,464.55,0.726,1
28.9,52.1,1005.52,59.5,458.38,0.674,1
19.6,58.1,1028.45,60.6,473.97,0.546,0
27.8,43.5,1019.6,53.2,465.81,0.622,1
26.3,58.0,1030.97,91.0,461.23,0.766,1
10.2,26.8,997.94,56.9,502.29,0.373,0
11.3,50.3,1010.97,74.0,498.31,0.461,0
20.1,27.7,1031.58,81.9,478.55,0.628,1
29.7,41.5,1024.38,59.4,464.46,0.67,1
25.1,67.0,1004.75,84.1,456.73,0.735,1
24.0,34.9,1031.9,47.9,485.94,0.519,0
22.1,67.8,1018.29,59.6,468.36,0.58,0
33.0,62.5,1019.19,54.4,460.13,0.694,1
20.4,69.7,993.6,49.6,479.38,0.5,0
4.7,31.5,1020.36,87.6,508.35,0.424,0
18.8,58.4,995.65,29.9,484.63,0.393,0
7.1,80.4,997.16,35.4,498.9,0.261,0
24.6,66.5,1026.7,67.4,475.32,0.625,1
11.1,27.8,1010.17,50.1,505.4,0.35,0
26.6,71.2,1001.85,83.8,457.18,0.749,1
7.2,76.8,995.05,62.0,499.39,0.367,0
23.9,50.1,1020.22,89.8,470.44,0.717,1
1.9,65.3,1023.98,27.6,521.6,0.128,0
8.7,75.3,1028.31,73.7,487.63,0.453,0
11.0,38.3,992.5,50.0,502.96,0.353,0
13.3,79.5,1005.41,67.6,486.69,0.481,0
26.4,38.1,1011.36,46.5,469.87,0.572,0
23.0,58.2,998.12,67.8,472.1,0.616,1
2.0,31.8,1024.67,31.5,521.42,0.145,0
32.5,60.8,1008.81,31.9,450.18,0.619,1
12.0,39.3,1020.14,69.6,503.66,0.441,0
7.6,56.3,1021.25,95.6,497.91,0.509,0
25.9,71.2,1016.22,44.1,474.94,0.546,0
18.7,43.8,1022.27,35.3,488.29,0.407,0
18.9,58.5,997.78,57.9,473.21,0.53,0
27.5,43.9,1027.43,42.4,467.42,0.572,0
32.7,46.8,995.59,92.0,453.43,0.855,1
28.3,30.1,997.09,33.0,466.59,0.545,0
14.1,76.8,1026.93,33.5,489.86,0.346,0
23.5,34.9,1009.66,81.0,475.14,0.667,1
30.0,55.1,995.96,84.2,453.71,0.793,1
28.3,47.1,1020.11,99.0,461.36,0.819,1
19.1,29.5,995.71,41.8,490.95,0.431,0
23.4,45.7,994.34,85.9,469.92,0.697,1
18.3,32.1,994.12,28.5,485.92,0.38,0
11.9,54.5,1024.63,63.9,497.31,0.429,0
22.9,41.0,1017.45,87.3,474.31,0.688,1
16.5,31.2,1029.64,54.3,495.34,0.445,0
5.1,43.7,1025.65,48.4,517.73,0.254,0
23.2,58.8,1032.35,74.8,469.91,0.65,1
36.1,35.7,1029.28,86.4,442.94,0.89,1
24.3,76.1,1003.21,65.1,463.3,0.636,1
11.6,80.5,1015.18,82.6,490.62,0.515,0
3.1,28.2,1032.93,58.3,522.24,0.263,0
30.7,53.9,1023.81,82.0,452.47,0.794,1
33.4,46.2,998.46,27.6,462.71,0.586,0
31.8,80.1,994.71,68.0,441.67,0.773,1
7.0,32.8,1001.54,65.2,503.94,0.369,0
3.8,31.2,1023.39,89.3,513.49,0.411,0
10.2,43.5,1028.03,81.2,503.39,0.468,0
2.8,57.0,1017.74,63.2,509.4,0.304,0
4.4,57.5,1014.15,60.9,511.13,0.308,0
23.1,43.5,1021.03,98.6,469.78,0.745,1
28.5,81.1,1024.1,77.2,455.81,0.745,1
2.1,51.6,1006.89,94.5,505.43,0.43,0
21.8,39.4,1027.63,60.3,481.39,0.555,0
19.1,62.2,1018.59,68.0,478.52,0.561,0
13.9,49.5,1013.41,42.6,495.78,0.369,0
5.5,53.4,1032.47,57.7,512.69,0.305,0
14.4,54.5,1011.83,97.5,493.66,0.598,0
10.8,78.7,994.5,91.1,484.64,0.552,0
32.5,50.8,1014.53,49.6,457.84,0.674,1
33.0,25.5,1031.17,45.2,471.43,0.634,1
23.9,72.8,1001.84,74.7,460.38,0.677,1
24.8,39.0,1007.58,50.4,469.03,0.571,0
18.7,56.9,1012.95,67.7,484.12,0.545,0
30.0,39.0,1027.73,61.9,464.28,0.684,1
15.7,65.7,1029.47,75.1,483.55,0.543,0
31.5,73.0,1001.5,78.1,449.42,0.794,1
13.0,73.0,1021.16,26.2,487.63,0.31,0
25.1,78.1,1012.71,83.2,465.72,0.712,1
10.6,80.4,1000.9,39.9,491.35,0.331,0
22.6,27.3,1030.56,47.2,483.93,0.505,0
21.5,80.5,1012.79,55.6,474.23,0.546,0
3.7,49.2,1014.21,85.2,514.0,0.393,0
4.7,76.3,1028.2,41.4,501.11,0.254,0
21.7,59.4,1029.02,53.0,474.83,0.537,0
4.9,47.3,1028.55,48.7,522.97,0.241,0
35.1,34.1,992.69,28.4,461.52,0.61,1
10.4,27.5,1003.67,70.6,504.89,0.425,0
16.8,78.3,1027.53,61.6,486.25,0.495,0
11.5,25.9,1030.55,29.5,511.36,0.259,0
29.1,59.7,992.41,80.0,453.21,0.768,1
10.5,68.8,1006.9,35.4,505.77,0.284,0
35.4,32.0,1006.03,58.9,457.66,0.742,1
11.8,70.0,1023.02,46.1,500.46,0.351,0
31.5,69.4,1019.42,26.5,460.63,0.565,0
33.4,59.4,997.15,33.0,450.81,0.631,1
24.2,35.5,1007.38,87.9,466.34,0.721,1
33.0,80.7,994.25,56.6,446.21,0.731,1
33.6,73.4,1032.71,69.8,444.72,0.794,1
8.8,29.0,1030.26,79.9,498.98,0.457,0
20.4,63.0,995.79,38.0,481.27,0.451,0
35.4,46.1,1003.78,60.8,446.95,0.772,1
23.7,36.0,1024.96,92.2,472.5,0.719,1
23.7,68.6,1003.27,77.5,471.51,0.663,1
10.4,35.7,994.67,94.7,499.28,0.533,0
12.4,36.7,1022.99,51.6,503.16,0.374,0
35.8,28.8,1021.18,31.2,458.62,0.635,1
28.5,54.3,1020.59,56.1,465.08,0.642,1
29.0,44.9,1025.6,25.7,473.89,0.508,0
31.9,60.5,1010.62,42.6,457.66,0.641,1
26.7,62.4,1017.55,33.1,474.81,0.511,0
18.1,73.2,1024.69,49.0,481.09,0.47,0
33.1,43.8,1025.31,54.8,455.86,0.705,1
24.8,72.4,1009.77,67.8,462.23,0.655,1
23.7,71.6,1031.14,72.5,465.82,0.654,1
34.1,54.8,1009.07,87.6,437.86,0.883,1
24.2,41.6,1012.56,34.0,480.29,0.477,0
5.1,46.4,1006.06,36.1,510.04,0.22,0
33.7,69.6,992.97,94.7,445.07,0.893,1
7.4,56.4,1029.4,47.9,505.35,0.301,0
20.7,45.1,1029.84,28.4,486.73,0.404,0
33.3,25.9,1005.55,46.9,469.38,0.648,1
30.2,43.1,1021.44,35.9,472.94,0.564,0
34.4,66.6,994.44,37.5,451.33,0.659,1
18.1,61.3,997.8,87.7,474.24,0.638,1
28.9,74.2,1000.0,27.5,465.94,0.53,0
31.5,49.3,994.15,25.9,455.03,0.574,0
1.9,45.3,1010.14,67.5,513.1,0.304,0
12.5,72.1,996.3,86.8,480.53,0.561,0
18.2,56.0,1032.71,96.2,475.66,0.67,1
35.8,67.4,1011.97,96.4,438.73,0.935,1
29.7,71.4,1015.32,85.0,454.26,0.792,1
28.2,40.4,1030.33,99.8,463.46,0.817,1
26.8,49.3,1002.1,99.5,459.15,0.81,1
27.9,58.3,1011.22,97.5,459.28,0.813,1
4.6,75.3,1019.8,38.5,513.34,0.217,0
15.8,39.8,1007.09,71.3,492.13,0.512,0
28.8,65.1,1000.3,85.2,454.17,0.784,1
20.7,74.7,1004.49,61.2,466.98,0.574,0
10.5,41.5,1024.59,44.5,504.18,0.323,0
4.5,76.1,996.48,29.4,511.95,0.183,0
20.2,66.6,1020.79,70.0,467.8,0.603,1
10.7,76.9,1021.71,41.8,495.49,0.332,0
14.6,61.1,995.6,77.8,487.19,0.534,0
34.3,34.3,1032.15,64.2,457.38,0.753,1
35.5,46.3,996.87,75.1,453.45,0.817,1
4.5,56.8,999.11,48.6,513.34,0.256,0
28.9,27.5,1010.72,88.8,459.43,0.788,1
10.3,59.7,1016.54,81.0,488.16,0.499,0
32.9,31.7,1022.57,41.8,463.76,0.635,1
31.5,65.7,1002.56,85.2,447.91,0.826,1
18.0,61.3,1005.96,87.6,478.26,0.628,1
22.9,60.7,1010.12,34.7,477.94,0.47,0
20.4,54.2,1015.25,62.5,483.35,0.543,0
32.3,32.0,1004.53,94.7,449.71,0.868,1
18.5,70.0,996.27,59.9,482.19,0.515,0
23.6,70.9,1030.82,94.4,467.67,0.737,1
8.2,77.0,1016.02,74.3,499.27,0.427,0
28.3,65.5,1026.98,65.3,461.2,0.685,1
29.5,47.0,1013.85,44.3,462.77,0.611,1
14.8,37.7,1002.81,88.9,492.22,0.571,0
29.8,79.7,1015.04,58.1,456.95,0.681,1
18.2,50.6,1021.46,44.8,481.97,0.452,0
35.2,57.4,1030.26,72.8,450.69,0.811,1
30.8,72.4,1009.26,97.0,447.73,0.866,1
13.8,57.3,995.89,25.7,491.22,0.31,0
4.6,43.3,1025.55,35.6,512.42,0.208,0
17.9,25.8,1032.92,64.7,491.49,0.509,0
27.3,42.2,1012.81,93.4,460.94,0.787,1
10.0,63.5,1000.58,40.3,502.73,0.304,0
26.3,48.7,1016.14,71.1,462.5,0.683,1
30.1,48.1,1018.25,63.0,459.07,0.7,1
32.0,78.0,1001.49,98.9,444.27,0.893,1
16.0,54.6,1026.44,92.0,482.51,0.616,1
30.2,48.8,1021.03,48.3,468.17,0.623,1
30.9,63.1,996.52,77.3,449.3,0.784,1
11.4,59.8,1002.54,57.8,495.69,0.403,0
17.0,51.9,1002.2,52.0,480.61,0.47,0
11.9,58.1,1014.54,70.6,493.34,0.464,0
12.4,56.1,1027.2,36.3,500.38,0.319,0
14.5,39.9,1003.68,83.1,486.41,0.556,0
3.6,37.5,1008.07,81.2,508.52,0.387,0
37.1,42.7,993.75,84.5,443.29,0.892,1
23.8,70.1,1030.14,88.5,464.89,0.721,1
32.6,40.0,1001.24,52.1,456.84,0.687,1
12.3,28.4,1032.99,77.4,502.04,0.479,0
27.6,79.4,1009.58,85.7,455.4,0.77,1
21.9,56.1,1031.44,55.0,481.69,0.534,0
30.2,39.8,1023.65,28.8,464.96,0.552,0
28.3,53.2,1016.63,26.0,466.97,0.516,0
22.9,68.2,1023.1,68.9,472.93,0.617,1
17.4,48.2,1011.63,83.1,476.88,0.606,1
25.3,40.8,1013.7,80.5,466.61,0.702,1
25.2,53.7,1032.92,49.7,470.55,0.57,0
18.4,42.3,994.37,49.4,485.9,0.464,0
36.9,44.4,1028.05,57.3,451.96,0.765,1
2.7,37.9,992.65,31.5,523.58,0.148,0
36.9,60.4,1032.6,54.3,441.78,0.772,1
33.7,59.1,1023.68,68.7,449.27,0.78,1
27.4,56.6,996.0,81.7,461.58,0.74,1
3.7,37.4,1015.46,63.8,516.3,0.302,0
29.7,55.0,1023.13,51.5,461.76,0.644,1
21.1,74.9,1017.63,48.7,474.55,0.514,0
28.6,43.0,1006.1,69.4,465.03,0.697,1
10.8,72.5,1017.02,78.0,488.32,0.492,0
8.6,49.7,1002.66,80.8,500.12,0.456,0
33.6,68.6,1009.53,65.3,442.4,0.78,1
33.9,68.3,1008.89,32.0,450.59,0.633,1
28.2,63.5,997.82,34.2,464.1,0.554,0
28.3,69.6,1030.86,97.2,459.94,0.815,1
36.6,53.4,1030.81,54.2,445.38,0.762,1
17.2,42.0,1011.89,47.2,494.57,0.426,0
27.7,48.4,1000.38,66.5,463.33,0.679,1
22.3,75.8,1028.94,84.5,465.69,0.688,1
21.4,54.8,1022.03,56.9,474.36,0.55,0
1.9,56.0,1001.23,62.2,514.65,0.28,0
14.2,41.4,1016.06,61.6,489.52,0.461,0
32.8,65.7,1027.09,36.6,461.52,0.618,1
7.3,37.6,996.1,99.1,506.07,0.503,0
15.0,37.1,999.39,28.2,508.71,0.297,0
27.8,70.4,997.91,67.7,460.51,0.69,1
28.5,65.7,997.94,56.2,454.22,0.665,1
19.9,42.2,1008.96,42.3,485.53,0.453,0
36.2,31.9,1012.16,34.6,455.87,0.658,1
20.2,81.0,1014.55,98.8,467.37,0.719,1
24.3,59.6,998.32,44.7,478.11,0.526,0
33.0,62.4,1003.99,85.1,446.08,0.845,1
10.1,76.7,1002.87,48.2,496.15,0.35,0
35.1,43.3,997.99,54.8,457.11,0.725,1
10.0,69.7,992.41,56.1,494.19,0.384,0
32.8,31.4,1002.25,44.4,464.91,0.643,1
23.9,40.2,993.75,80.7,469.75,0.682,1
25.4,64.7,1001.97,35.6,461.09,0.534,0
25.6,66.0,1018.8,35.8,480.17,0.5,0
7.5,34.4,1022.48,46.0,509.18,0.287,0
24.3,80.9,1017.59,61.1,464.36,0.619,1
33.2,29.0,1029.05,38.2,467.47,0.617,1
24.5,30.9,1014.99,62.0,476.11,0.6,1
27.5,29.8,1032.49,42.6,477.19,0.553,0
33.2,70.6,1024.86,88.5,440.59,0.872,1
17.3,79.4,1006.63,78.4,476.7,0.587,0
30.5,43.2,1032.43,64.1,456.53,0.713,1
19.4,45.3,1029.44,49.0,485.82,0.474,0
34.9,35.1,1014.42,75.6,446.8,0.827,1
28.3,63.9,1030.58,28.3,466.9,0.526,0
11.2,71.9,1016.3,68.8,496.07,0.444,0
3.3,40.2,1022.17,86.6,513.19,0.395,0
9.1,32.6,1024.95,43.8,507.53,0.299,0
22.7,49.4,1013.57,72.7,475.3,0.626,1
3.5,59.3,1010.91,41.2,514.45,0.213,0
27.4,39.5,1019.72,97.1,460.28,0.804,1
12.7,31.5,1018.82,43.9,497.08,0.359,0
25.0,46.0,1027.2,63.1,469.87,0.622,1
10.8,49.2,1011.33,30.5,505.73,0.267,0
11.9,54.9,997.16,74.3,496.76,0.472,0
17.7,30.0,1018.67,61.3,485.8,0.504,0
23.2,48.0,994.18,62.8,475.89,0.59,0
20.0,26.3,994.32,78.3,479.41,0.611,1
24.6,60.0,997.32,29.6,477.67,0.469,0
29.2,70.2,1019.59,26.7,464.75,0.533,0
16.1,73.7,1002.32,98.6,473.81,0.66,1
34.8,80.6,1014.15,63.2,442.9,0.783,1
20.1,51.9,1014.45,85.0,473.58,0.65,1
34.5,74.3,1021.97,70.8,445.97,0.804,1
19.3,58.9,997.71,66.3,480.95,0.551,0
12.6,27.3,1029.46,79.1,494.45,0.504,0
10.7,54.4,996.15,44.4,500.05,0.333,0
23.6,52.2,1031.16,90.6,465.12,0.728,1
31.3,44.7,996.77,82.9,448.99,0.812,1
25.6,80.8,997.24,79.6,456.54,0.722,1
14.1,65.3,1014.07,61.8,487.21,0.465,0
26.1,39.3,997.49,46.6,469.71,0.569,0
26.3,52.6,1024.24,66.3,461.55,0.667,1
11.6,38.4,1024.48,43.5,505.79,0.328,0
15.5,46.2,1029.44,45.9,489.37,0.413,0
11.6,60.8,1018.1,91.0,493.78,0.542,0
9.4,64.2,1013.19,96.2,487.88,0.55,0
4.4,69.5,1025.92,68.3,505.78,0.35,0
19.2,52.6,994.85,42.1,481.37,0.453,0
12.8,49.2,1025.83,59.2,497.66,0.42,0
5.2,25.8,1030.98,98.9,511.56,0.469,0
35.7,77.5,1022.48,60.6,438.89,0.79,1
19.3,36.3,1003.52,78.5,485.99,0.59,0
2.0,28.8,1013.03,95.9,513.57,0.418,0
20.2,35.7,994.65,64.3,473.53,0.569,0
10.5,73.3,994.98,39.4,500.31,0.31,0
36.3,66.7,1023.63,95.8,432.81,0.95,1
20.3,34.6,1018.25,86.2,476.35,0.651,1
11.7,26.7,997.62,45.6,496.2,0.356,0
4.4,74.5,1021.66,56.2,505.92,0.3,0
18.0,31.6,994.76,87.7,486.92,0.611,1
32.7,41.6,1003.52,65.3,453.34,0.748,1
34.8,67.9,998.95,52.6,455.67,0.716,1
3.8,38.7,1007.18,53.6,519.31,0.257,0
28.3,68.3,1005.01,99.3,451.38,0.841,1
25.2,34.6,1031.92,56.5,474.15,0.59,0
5.9,27.3,1020.58,68.4,516.63,0.344,0
29.9,33.5,1020.79,42.6,469.39,0.594,0
21.2,51.0,996.45,63.0,476.53,0.569,0
29.9,69.0,1028.96,92.4,452.17,0.828,1
32.8,31.9,1025.07,75.8,453.83,0.791,1
17.4,60.4,1022.27,90.9,477.85,0.636,1
18.5,33.8,1009.81,83.1,482.9,0.606,1
9.8,72.8,1010.27,97.7,496.17,0.544,0
26.7,71.9,1006.43,68.8,455.47,0.693,1
26.7,66.6,999.26,95.6,447.92,0.815,1
7.9,76.5,999.31,32.9,498.38,0.26,0
12.9,65.9,1004.51,66.4,486.51,0.472,0
35.1,30.0,1004.29,76.7,452.9,0.821,1
35.6,39.4,1003.67,41.0,454.84,0.679,1
33.4,38.0,1012.87,81.8,448.94,0.83,1
10.3,60.3,1017.88,63.0,495.04,0.413,0
3.2,70.9,999.33,43.9,515.93,0.218,0
8.4,55.5,1003.45,76.1,497.59,0.44,0
2.7,71.3,1031.02,34.5,519.56,0.168,0
1.9,41.5,1021.17,75.0,513.98,0.332,0
26.3,74.4,1031.43,35.2,464.57,0.536,0
7.9,39.3,1023.76,62.2,499.98,0.374,0
15.5,72.8,1012.11,58.8,490.37,0.462,0
19.3,50.5,1002.52,37.2,485.41,0.427,0
27.3,71.9,1031.6,79.6,464.73,0.723,1
27.5,52.7,1021.74,65.8,457.03,0.687,1
25.2,62.4,1026.05,81.9,465.51,0.709,1
21.3,60.6,993.79,27.4,474.42,0.431,0
4.3,52.2,994.35,33.1,516.82,0.185,0
16.4,72.5,1022.96,76.8,477.5,0.57,0
16.8,32.6,995.74,41.1,497.4,0.392,0
20.1,63.0,998.57,49.8,483.1,0.49,0
18.0,36.6,1007.75,66.1,483.23,0.533,0
36.0,38.5,998.18,96.3,444.63,0.926,1
28.7,69.8,1019.27,70.9,453.26,0.728,1
7.2,49.6,1026.71,48.0,507.09,0.296,0
20.9,45.0,1014.79,27.1,480.88,0.413,0
3.7,54.6,1000.85,97.2,501.15,0.467,0
35.6,63.6,1014.86,42.3,444.91,0.704,1
18.2,74.8,999.26,57.5,480.72,0.505,0
22.9,33.0,1017.38,54.9,480.11,0.547,0
28.0,74.8,1003.39,43.2,465.97,0.583,0
9.1,53.8,1005.72,52.4,490.21,0.367,0
11.5,47.4,1011.01,95.5,489.48,0.567,0
12.2,51.6,1018.94,54.2,498.83,0.391,0
17.0,35.7,1001.59,33.9,483.69,0.392,0
34.1,34.6,992.84,73.9,452.62,0.799,1
33.4,56.1,1014.86,28.7,467.94,0.58,0
8.6,65.6,993.1,64.0,499.78,0.39,0
11.8,56.9,1009.59,99.7,489.86,0.586,0
3.4,54.2,1002.56,62.2,511.1,0.304,0
29.0,79.9,996.92,39.4,460.37,0.591,0
32.6,38.0,1001.51,74.1,452.95,0.783,1
27.9,71.3,997.46,76.5,453.79,0.739,1
15.2,68.5,1022.2,25.7,494.28,0.319,0
8.7,61.2,1001.15,77.4,497.3,0.449,0
22.2,59.7,1028.45,66.7,476.59,0.594,0
8.9,39.4,1006.99,73.8,499.43,0.432,0
21.9,42.9,1026.36,25.7,484.31,0.411,0
18.7,77.0,992.57,56.6,478.08,0.513,0
28.7,70.6,998.19,98.9,441.11,0.864,1
9.4,68.3,1013.78,35.4,502.47,0.278,0
28.1,50.1,994.02,51.1,465.13,0.618,1
6.3,34.3,994.73,47.5,514.06,0.27,0
22.3,32.8,1023.85,72.9,476.41,0.619,1
36.1,35.9,1011.77,36.9,456.63,0.665,1
16.0,32.0,992.56,39.8,492.77,0.386,0
9.6,43.9,1024.23,66.0,497.34,0.413,0
4.5,41.4,1020.25,38.1,510.46,0.22,0
9.5,69.1,997.22,45.0,501.17,0.321,0
31.9,35.4,1024.72,60.8,460.55,0.707,1
25.1,32.8,1007.28,65.7,474.28,0.626,1
12.2,75.8,1001.62,37.6,494.83,0.332,0
30.6,27.5,1015.66,58.9,465.11,0.676,1
12.0,63.9,1013.61,60.5,494.41,0.423,0
27.2,75.7,995.86,84.3,447.62,0.776,1
21.3,55.8,1015.43,67.3,474.27,0.591,0
16.0,55.1,1009.9,83.0,485.31,0.574,0
10.8,75.7,1024.55,29.5,495.45,0.284,0
25.8,45.9,1024.81,50.4,468.11,0.584,0
14.6,29.0,998.85,92.9,486.55,0.596,0
13.8,58.6,1016.26,53.4,489.07,0.425,0
34.1,40.8,1028.7,58.9,458.64,0.727,1
21.1,80.8,1002.53,66.4,463.03,0.607,1
18.7,58.2,1026.27,38.5,491.46,0.413,0
2.1,29.9,998.81,95.6,511.71,0.422,0
22.0,78.5,1021.77,81.0,470.81,0.66,1
17.7,64.9,994.67,81.3,475.36,0.606,1
7.6,26.9,1014.8,86.6,507.0,0.454,0
9.2,73.1,1000.04,38.8,497.96,0.299,0
11.4,69.3,1008.98,37.7,492.8,0.329,0
14.3,67.8,1000.73,69.0,482.1,0.507,0
15.3,57.9,1028.58,58.4,494.62,0.45,0
20.0,78.6,999.0,82.5,466.25,0.654,1
25.3,60.9,1019.92,48.5,470.17,0.567,0
18.6,51.0,1004.0,77.5,483.37,0.585,0
14.3,34.4,1017.93,91.2,490.96,0.577,0
35.7,40.2,1026.66,85.4,445.69,0.876,1
9.9,80.8,1014.45,46.1,489.78,0.352,0
18.4,35.8,1019.68,87.5,490.41,0.609,1
5.7,47.4,1008.25,86.6,501.65,0.444,0
3.7,65.1,1019.37,89.9,507.58,0.424,0
16.6,72.7,1029.05,37.8,488.14,0.394,0
4.1,28.2,993.11,89.1,510.83,0.419,0
7.0,27.0,997.65,96.7,502.45,0.498,0
20.6,54.0,1023.53,34.9,490.51,0.421,0
35.9,48.4,1031.85,60.5,445.43,0.779,1
16.5,66.9,1002.8,97.4,475.41,0.658,1
5.6,38.7,1012.85,90.7,505.01,0.453,0
27.4,33.0,994.36,90.4,466.85,0.764,1
35.0,30.2,1000.27,47.2,463.24,0.681,1
9.4,42.8,1001.45,42.7,505.83,0.301,0
5.4,25.7,1012.66,27.1,522.12,0.162,0
17.8,45.4,1010.69,89.5,480.06,0.63,1
26.0,51.9,1026.3,62.0,462.66,0.644,1
30.2,76.0,1017.13,54.8,455.11,0.675,1
15.2,67.7,1025.92,92.8,478.04,0.62,1
14.1,69.9,1007.94,93.1,479.49,0.606,1
27.9,44.6,1009.15,39.8,471.27,0.558,0
27.7,50.9,1028.95,97.5,459.57,0.811,1
12.2,77.6,1013.04,79.2,482.83,0.522,0
31.9,43.7,1004.84,60.5,451.46,0.724,1
15.3,77.4,1025.55,47.8,478.77,0.439,0
29.1,71.4,1028.59,38.6,454.68,0.6,0
7.5,78.1,1016.37,28.6,507.3,0.221,0
10.7,25.7,1005.23,42.2,506.65,0.311,0
8.5,63.6,1009.48,84.6,504.04,0.462,0
31.1,74.1,998.05,86.6,452.17,0.818,1
24.5,27.4,1032.65,53.4,481.24,0.556,0
9.4,59.6,1009.63,34.5,505.55,0.268,0
20.0,73.4,1029.29,79.6,472.14,0.63,1
6.7,61.0,1027.41,33.5,520.15,0.207,0
15.7,51.5,998.87,33.7,487.66,0.37,0
14.2,76.8,1000.97,77.5,488.36,0.527,0
11.5,42.7,995.93,38.4,500.32,0.317,0
36.0,46.9,1020.09,60.6,454.89,0.762,1
36.0,57.0,999.75,56.0,443.24,0.767,1
25.5,66.8,1010.68,75.1,465.6,0.684,1
11.5,57.8,998.6,47.3,497.01,0.359,0
22.2,29.3,1024.74,66.5,483.27,0.58,0
22.4,65.1,1021.2,52.5,472.12,0.547,0
2.8,78.2,999.34,33.8,513.13,0.179,0
32.9,29.6,1015.78,92.6,454.73,0.856,1
18.4,39.4,1017.46,35.9,487.81,0.407,0
19.8,57.4,1010.56,46.1,481.25,0.476,0
32.4,71.8,992.73,59.5,444.67,0.739,1
28.6,41.2,1000.48,52.5,468.72,0.621,1
7.8,37.1,1029.22,88.1,504.25,0.469,0
6.4,25.4,1012.96,81.9,508.34,0.42,0
2.8,61.1,1021.59,38.5,515.09,0.194,0
28.1,78.4,1005.0,29.2,461.25,0.538,0
20.8,56.9,993.68,92.6,469.03,0.697,1
11.0,69.3,1008.2,68.9,494.01,0.447,0
34.3,61.4,995.25,64.0,452.87,0.761,1
22.9,76.6,1012.73,36.7,471.71,0.49,0
22.6,69.9,1019.46,42.7,475.36,0.504,0
11.5,60.9,1017.09,37.5,501.04,0.312,0
27.2,35.5,1007.96,68.3,468.09,0.671,1
4.5,29.5,1021.35,35.7,526.49,0.178,0
22.8,49.0,1003.34,57.5,481.29,0.554,0
23.5,70.2,1022.32,98.4,460.16,0.767,1
18.5,43.4,1004.07,80.1,481.77,0.597,0
17.1,53.2,1015.91,60.5,490.33,0.486,0
29.7,29.2,1016.18,93.5,463.27,0.808,1
24.1,46.0,998.44,48.7,471.71,0.551,0
26.4,35.5,1032.12,96.4,467.45,0.776,1
8.9,69.8,1031.15,29.4,506.1,0.242,0
32.0,58.9,993.99,29.6,457.11,0.591,0
5.3,28.5,998.33,60.7,513.48,0.313,0
2.2,47.8,1022.28,31.1,528.0,0.133,0
14.9,51.3,996.31,61.3,490.79,0.465,0
4.1,34.6,1021.68,63.9,505.34,0.329,0
36.7,32.0,1017.21,93.1,444.88,0.919,1
18.5,52.9,1032.04,38.0,481.26,0.429,0
23.0,77.4,1009.35,66.1,467.28,0.618,1
10.0,39.9,993.98,82.0,504.76,0.466,0
2.0,68.8,992.3,67.5,508.99,0.314,0
12.7,55.3,1029.9,50.7,498.3,0.384,0
1.9,38.7,1029.98,45.4,521.43,0.199,0
6.7,32.4,1001.87,93.3,502.26,0.482,0
30.7,58.9,1013.17,88.7,461.15,0.805,1
14.9,64.9,1009.45,57.2,481.41,0.467,0
4.5,50.2,1006.32,66.7,511.91,0.332,0
18.2,67.0,1017.68,94.0,478.52,0.656,1
12.3,72.1,1025.54,78.5,487.67,0.512,0
18.1,70.2,1013.11,73.9,474.5,0.583,0
32.4,55.9,1032.81,45.7,466.32,0.64,1
31.4,35.8,1007.03,47.7,459.69,0.651,1
9.8,60.3,994.97,100.0,489.44,0.567,0
2.1,73.3,1032.42,91.4,509.98,0.409,0
34.0,36.1,1031.27,91.3,451.15,0.871,1
16.8,50.1,1015.17,89.3,483.11,0.612,1
7.3,25.6,1028.33,91.5,511.15,0.462,0
18.6,55.8,998.82,83.4,481.27,0.612,1
13.6,73.7,1005.89,55.0,479.28,0.449,0
5.0,74.8,993.74,47.8,502.84,0.28,0
24.5,73.1,1010.88,36.2,472.26,0.505,0
15.0,37.2,996.24,29.7,495.4,0.33,0
31.5,49.4,1014.25,38.4,462.19,0.609,1
9.8,75.7,1029.28,98.3,495.48,0.548,0
7.6,34.8,1026.86,96.5,506.19,0.496,0
26.7,28.2,1005.76,85.7,470.36,0.731,1
36.4,62.9,999.2,84.7,444.33,0.884,1
19.6,58.2,1030.94,32.7,487.2,0.409,0
16.8,40.3,1029.43,31.5,497.22,0.353,0
4.9,76.7,1020.44,66.9,492.57,0.375,0
11.5,61.8,995.73,32.9,495.41,0.305,0
6.3,56.2,1017.48,49.9,507.23,0.293,0
24.6,70.0,1015.12,40.2,463.94,0.539,0
36.1,76.7,1013.83,86.7,435.57,0.906,1
29.6,66.8,1011.92,82.8,454.87,0.782,1
26.0,51.0,1027.2,99.0,465.36,0.786,1
28.0,27.1,1018.14,31.7,479.47,0.511,0
14.2,37.6,1030.1,52.8,496.9,0.411,0
4.4,77.1,992.05,92.0,504.04,0.448,0
34.2,39.4,1027.65,58.9,461.92,0.721,1
15.4,72.7,1015.71,33.0,488.62,0.361,0
9.4,33.0,1009.62,69.0,502.47,0.413,0
32.6,66.5,1027.41,85.7,444.62,0.846,1
35.0,67.4,994.59,56.5,447.61,0.749,1
32.0,67.3,1012.44,74.4,439.96,0.804,1
10.9,34.8,1000.25,96.1,498.77,0.545,0
34.0,37.3,1001.36,60.2,453.0,0.743,1
34.3,61.7,997.9,38.3,454.06,0.656,1
34.5,32.3,1013.42,59.4,453.83,0.742,1
16.0,66.2,999.26,39.7,481.67,0.409,0
28.1,40.5,1026.97,79.8,458.0,0.747,1
22.0,45.0,1002.05,97.3,465.49,0.736,1
3.9,41.7,1008.06,56.7,511.64,0.286,0
29.4,59.9,1013.77,49.2,457.68,0.639,1
32.6,81.0,1020.28,83.2,450.62,0.824,1
29.2,30.8,997.26,58.7,465.03,0.661,1
6.6,50.5,1007.31,70.2,496.55,0.399,0
21.9,53.7,1020.07,35.5,485.57,0.447,0
18.5,61.8,1003.47,91.3,471.89,0.662,1
10.7,54.4,994.84,65.6,496.68,0.424,0
9.3,55.4,1024.52,49.8,506.2,0.328,0
13.0,44.2,999.1,60.2,490.24,0.441,0
34.1,56.3,993.84,81.1,443.37,0.847,1
8.9,67.6,997.16,97.8,495.36,0.537,0
25.2,79.1,1002.99,53.2,468.12,0.589,0
33.9,73.2,1027.9,65.6,448.37,0.772,1
30.6,28.6,1009.19,80.2,462.85,0.766,1
27.9,49.0,1016.98,30.4,469.92,0.523,0
36.4,47.0,995.6,41.6,454.03,0.692,1
29.9,34.2,1015.38,56.8,459.79,0.671,1
2.3,48.7,1030.01,89.2,503.66,0.414,0
14.0,31.4,1011.06,36.4,494.43,0.348,0
28.0,74.8,1032.78,67.4,460.74,0.691,1
19.4,72.7,1012.51,81.4,470.13,0.635,1
32.5,64.5,1017.92,61.9,455.75,0.728,1
8.8,45.2,1005.15,40.8,507.29,0.284,0
18.8,33.3,993.16,42.0,485.49,0.441,0
24.6,51.4,1003.43,52.0,472.7,0.569,0
21.3,39.4,1027.04,64.3,473.11,0.581,0
27.8,39.1,1032.16,30.8,476.91,0.51,0
30.5,37.5,1029.29,91.0,455.15,0.823,1
13.6,47.0,993.81,30.7,493.49,0.323,0
21.9,39.7,998.3,49.3,482.98,0.508,0
20.3,27.6,1003.0,40.9,492.55,0.438,0
15.5,59.6,1014.16,62.4,485.67,0.486,0
27.8,75.2,1002.92,75.8,454.7,0.734,1
10.2,57.8,1009.1,43.5,501.59,0.321,0
7.1,36.8,1014.55,30.5,509.33,0.22,0
19.6,45.1,1007.68,38.8,483.25,0.44,0
22.0,66.3,1002.7,68.4,467.8,0.616,1
14.7,70.9,1031.6,77.6,484.42,0.54,0
6.8,36.7,1001.86,66.6,503.37,0.374,0
9.9,28.0,1001.77,67.4,501.96,0.413,0
8.0,55.1,1015.68,39.2,506.38,0.27,0
4.6,29.4,1007.78,68.9,513.14,0.339,0
36.1,69.3,1006.27,96.4,436.69,0.942,1
6.5,62.2,1020.77,28.1,516.99,0.189,0
22.2,81.2,1017.33,97.4,455.72,0.758,1
3.9,26.8,1014.8,84.5,516.69,0.387,0
3.3,60.1,1008.57,87.9,511.47,0.405,0
31.7,76.5,992.91,42.1,447.03,0.657,1
18.4,58.4,1026.22,76.3,479.1,0.586,0
29.0,32.3,1024.18,74.7,465.89,0.721,1
29.2,74.1,1028.42,67.3,450.58,0.723,1
6.3,45.6,1020.6,68.8,507.51,0.369,0
32.5,75.4,1032.06,66.3,455.43,0.746,1
22.9,45.8,993.47,29.4,479.46,0.446,0
7.3,72.3,1018.17,77.0,505.69,0.416,0
10.7,43.8,1006.62,27.1,504.29,0.256,0
27.7,57.2,1009.9,79.8,461.16,0.736,1
27.2,67.4,1005.52,45.3,467.13,0.581,0
3.2,75.4,1006.4,93.5,502.68,0.444,0
20.2,28.1,1028.06,94.6,485.32,0.666,1
14.1,38.0,1011.47,32.2,496.79,0.328,0
18.7,56.1,1031.32,69.9,486.5,0.549,0
9.2,72.7,1016.85,83.4,488.94,0.495,0
35.5,32.9,1028.18,87.0,453.5,0.865,1
13.1,39.9,1024.65,74.5,492.99,0.494,0
35.1,32.0,1024.59,50.3,461.6,0.698,1
8.4,69.6,995.89,88.1,497.39,0.488,0
19.5,35.6,1028.65,83.9,488.1,0.61,1
21.0,74.4,1011.74,58.3,474.77,0.551,0
16.2,57.5,1029.27,32.4,490.84,0.363,0
26.6,27.3,1007.14,71.4,474.43,0.664,1
22.5,31.1,1017.86,29.6,486.02,0.43,0
20.8,54.9,1031.75,44.8,481.43,0.481,0
15.7,80.9,1013.71,84.5,474.78,0.598,0
3.2,53.4,1017.72,36.3,519.99,0.18,0
22.1,50.8,1003.58,46.7,475.11,0.516,0
27.0,51.2,1016.74,87.2,456.67,0.768,1
28.8,34.2,1018.34,70.7,464.17,0.705,1
13.4,78.5,1029.18,70.4,483.22,0.5,0
33.5,71.7,993.28,66.8,442.23,0.785,1
33.7,36.0,1018.79,62.3,457.57,0.739,1
16.4,31.0,1007.98,58.0,489.23,0.471,0
29.3,77.8,1027.91,45.2,461.57,0.615,1
12.3,31.3,1006.08,79.8,498.36,0.495,0
26.9,78.8,993.01,70.5,464.83,0.683,1
1.9,36.5,1022.04,41.1,527.69,0.169,0
35.5,52.2,1001.17,63.3,448.87,0.78,1
8.4,59.1,1000.47,71.4,497.78,0.42,0
27.2,55.9,1001.78,65.0,460.07,0.674,1
8.3,36.8,1019.04,38.0,504.83,0.272,0
7.5,39.9,1001.7,95.6,498.17,0.507,0
33.6,53.7,1006.44,55.6,450.31,0.725,1
2.2,71.6,998.82,66.6,510.75,0.309,0
21.9,56.5,996.28,64.8,469.02,0.598,0
19.3,33.7,995.31,33.6,484.62,0.413,0
12.5,45.3,1028.29,81.5,491.48,0.519,0
18.1,25.5,1005.05,47.8,482.96,0.461,0
13.2,39.5,1006.84,78.1,489.06,0.517,0
17.1,31.0,1019.04,35.7,488.41,0.39,0
12.3,29.3,1021.83,66.0,490.45,0.456,0
9.7,34.7,1031.41,78.5,504.83,0.449,0
21.1,48.6,1008.0,56.0,478.14,0.536,0
3.9,63.0,1015.77,66.3,505.35,0.337,0
33.3,70.7,1012.42,39.6,446.39,0.665,1
33.6,40.7,999.85,85.1,444.28,0.855,1
23.1,73.3,1009.09,37.6,465.44,0.509,0
26.6,54.8,1014.59,94.4,466.13,0.773,1
37.0,71.7,1009.45,92.8,437.8,0.935,1
30.7,57.7,998.57,35.7,458.55,0.597,0
14.6,65.4,1004.25,88.5,485.18,0.581,0
13.6,29.8,1029.01,99.9,497.22,0.592,0
16.0,61.5,1023.52,60.0,487.14,0.479,0
15.1,39.4,1009.86,72.5,504.93,0.484,0
25.6,57.9,1014.64,39.5,476.19,0.522,0
21.8,50.4,1001.32,49.4,476.68,0.52,0
30.9,70.7,1013.91,88.3,444.77,0.837,1
15.7,31.0,1015.98,38.0,499.13,0.363,0
11.0,81.4,1004.58,90.9,485.28,0.552,0
17.0,64.0,1003.32,64.4,478.68,0.524,0
29.2,29.2,1009.07,77.2,466.12,0.732,1
9.6,30.6,1010.48,39.7,513.0,0.277,0
12.2,49.3,1007.17,98.5,490.9,0.583,0
17.4,27.7,1004.91,92.2,487.6,0.622,1
27.4,25.4,1004.28,76.6,465.33,0.711,1
20.0,30.1,1016.8,41.5,491.24,0.44,0
19.7,60.6,1016.69,47.0,476.18,0.488,0
26.3,36.0,1029.32,29.7,475.8,0.492,0
30.6,44.4,1021.5,45.8,463.65,0.626,1
26.7,54.6,1022.78,35.5,466.81,0.537,0
6.0,65.6,1021.21,80.0,500.55,0.424,0
11.6,65.5,1018.46,31.2,501.14,0.287,0
27.0,30.5,1018.78,40.9,474.08,0.548,0
23.8,61.3,1013.17,59.5,467.6,0.6,1
36.1,64.9,1026.06,92.9,440.66,0.92,1
7.3,53.5,1001.98,43.5,502.19,0.289,0
21.0,64.4,1014.72,81.6,471.73,0.65,1
13.6,80.0,1020.21,34.0,500.7,0.322,0
35.5,61.0,1004.08,100.2,429.75,0.965,1
29.3,50.0,1010.13,57.6,461.44,0.665,1
36.3,28.3,1006.64,57.2,459.4,0.742,1
14.2,76.9,996.92,88.6,471.13,0.605,1
5.0,60.2,1031.8,26.3,511.97,0.176,0
11.5,36.7,1011.98,64.9,497.82,0.428,0
24.2,64.0,992.34,84.9,467.54,0.706,1
3.3,72.4,1014.39,32.3,516.21,0.172,0
29.7,35.9,999.07,51.0,466.92,0.631,1
5.7,61.4,994.29,76.6,509.2,0.39,0
35.3,53.1,1023.68,83.5,446.58,0.862,1
23.2,30.9,1027.9,84.9,474.94,0.68,1
25.4,73.3,1004.9,69.3,458.9,0.674,1
14.5,37.4,1026.95,26.0,497.13,0.307,0
12.7,51.4,1014.2,94.9,489.71,0.577,0
4.1,65.1,1006.7,93.1,504.6,0.448,0
18.3,81.3,1025.57,44.9,478.55,0.46,0
12.6,47.2,1025.65,69.1,495.17,0.463,0
28.1,42.6,997.22,75.0,463.88,0.716,1
23.1,48.6,1018.6,94.7,472.02,0.725,1
29.5,33.7,1010.63,97.6,459.86,0.829,1
21.0,67.4,996.09,49.2,470.4,0.523,0
8.5,46.1,1017.95,96.5,502.01,0.514,0
30.4,68.1,1022.39,72.9,441.81,0.777,1
7.5,35.0,1003.37,86.5,500.9,0.466,0
30.4,31.3,1012.0,42.9,465.72,0.609,1
8.3,69.8,1017.37,72.0,497.03,0.424,0
34.6,63.4,1026.4,93.9,437.45,0.915,1
2.1,34.7,1000.59,61.3,513.19,0.282,0
35.1,56.9,1015.08,41.7,458.06,0.67,1
7.7,41.3,998.43,33.6,510.24,0.237,0
20.1,58.9,1017.35,41.4,478.81,0.465,0
14.7,66.1,1018.91,81.0,472.6,0.577,0
19.1,41.1,1029.94,83.1,475.63,0.627,1
30.3,42.9,1032.65,84.2,463.5,0.777,1
13.8,41.1,1011.82,67.0,492.0,0.474,0
11.4,75.8,1005.47,41.5,497.09,0.335,0
36.5,49.7,1026.48,42.7,451.01,0.703,1
12.6,26.6,995.91,84.4,493.63,0.526,0
14.0,57.7,1017.18,55.0,495.82,0.419,0
13.3,48.3,1014.87,87.5,488.52,0.557,0
21.3,70.5,1023.75,27.0,486.13,0.406,0
5.6,61.7,1007.52,87.6,498.64,0.454,0
8.9,38.3,1008.72,42.8,499.09,0.309,0
19.7,51.3,1010.92,78.4,471.11,0.624,1
16.0,49.4,1028.61,44.0,485.58,0.418,0
27.9,53.0,996.65,64.1,462.26,0.674,1
4.8,57.0,1027.38,72.8,511.53,0.361,0
4.6,62.9,1011.76,35.2,511.3,0.209,0
22.5,48.1,1022.71,69.1,472.46,0.615,1
32.8,62.1,1029.86,71.4,447.34,0.785,1
3.3,67.7,1017.81,62.3,508.61,0.308,0
21.7,75.6,1027.8,93.4,460.33,0.728,1
25.3,42.9,1015.63,83.7,468.75,0.71,1
33.0,26.2,1025.37,79.9,462.63,0.792,1
26.1,57.5,1026.67,25.8,476.53,0.473,0
8.5,53.1,1030.88,89.6,501.89,0.487,0
11.6,28.8,1001.56,64.9,497.47,0.43,0
25.6,33.1,1029.14,79.8,467.71,0.7,1
14.0,70.6,1007.54,47.0,492.79,0.394,0
25.1,29.5,1003.88,31.8,477.7,0.483,0
7.2,52.3,1020.69,86.6,502.69,0.459,0
21.7,51.5,994.08,73.7,468.47,0.632,1
18.7,68.5,1026.91,55.3,486.21,0.491,0
22.4,32.6,1016.62,64.9,474.33,0.594,0
6.8,49.3,998.24,43.2,513.22,0.26,0
31.8,69.0,1008.39,72.1,449.05,0.775,1
22.9,35.6,1010.83,60.7,472.18,0.586,0
5.6,50.5,1022.97,82.2,506.38,0.417,0
28.0,50.4,1015.96,34.0,474.96,0.529,0
14.7,50.5,1021.27,80.4,483.27,0.554,0
33.9,26.3,1005.06,33.0,461.01,0.617,1
17.4,55.4,1032.59,32.8,487.84,0.384,0
9.3,56.5,1020.38,88.8,493.34,0.509,0
10.1,72.8,1012.94,91.3,483.33,0.548,0
35.8,72.2,998.16,98.2,428.03,0.964,1
16.3,70.9,1010.67,76.6,478.48,0.565,0
15.3,53.2,1003.21,89.4,485.18,0.592,0
19.9,56.8,1025.96,68.1,477.33,0.572,0
27.8,74.0,997.98,97.8,452.31,0.827,1
31.4,66.0,1021.53,82.3,452.41,0.804,1
18.3,73.6,1025.44,98.3,475.85,0.679,1
7.1,59.2,1004.89,74.4,497.6,0.419,0
30.6,31.1,1020.1,39.2,467.65,0.592,0
35.9,59.2,1005.85,98.2,437.08,0.947,1
2.6,46.9,1029.15,92.7,507.86,0.423,0
27.5,43.3,1011.05,60.3,467.63,0.643,1
15.2,37.4,993.09,37.4,491.16,0.372,0
10.0,67.1,1012.33,59.8,490.98,0.406,0
28.1,42.7,1027.1,36.9,471.37,0.549,0
19.2,29.9,1028.18,93.7,483.49,0.655,1
30.5,46.2,1025.81,49.3,465.55,0.636,1
37.0,60.0,1008.36,58.9,445.11,0.785,1
17.1,48.7,1010.45,46.4,484.28,0.442,0
21.5,80.3,1014.0,51.7,466.88,0.545,0
9.4,69.5,1008.69,91.1,489.16,0.528,0
2.0,61.5,1001.24,76.1,515.33,0.335,0
19.8,80.8,1006.35,55.6,476.09,0.524,0
18.6,50.9,1020.81,69.0,480.18,0.557,0
7.7,51.0,1012.63,60.3,496.95,0.37,0
27.1,63.3,992.09,76.3,454.4,0.73,1
4.3,48.6,1022.12,77.9,509.04,0.38,0
4.6,74.5,1031.6,87.2,499.38,0.44,0
11.1,39.1,1027.06,85.8,495.54,0.512,0
13.0,48.0,1007.73,87.0,497.01,0.535,0
10.6,29.0,1010.06,37.1,508.05,0.287,0
15.7,43.2,1017.13,77.9,490.45,0.54,0
4.8,32.6,1015.97,44.5,519.01,0.232,0
16.5,45.6,997.49,60.3,489.6,0.48,0
20.8,25.7,994.86,78.9,481.52,0.617,1
28.8,37.0,1027.38,33.2,470.95,0.542,0
36.0,42.0,1005.37,98.3,442.14,0.938,1
23.8,52.3,1028.32,61.1,478.65,0.584,0
20.0,46.4,998.2,58.2,478.64,0.532,0
26.0,66.0,1026.14,77.3,461.77,0.707,1
33.7,43.5,1010.0,70.2,453.27,0.779,1
10.0,48.9,1001.08,82.7,490.81,0.497,0
10.6,57.2,1014.02,90.7,485.99,0.545,0
27.8,46.1,1021.04,76.4,463.62,0.719,1
34.8,35.1,996.14,32.7,462.89,0.621,1
15.8,59.7,1014.04,56.2,484.56,0.467,0
23.8,64.1,1024.09,63.4,459.67,0.631,1
15.0,58.7,1008.11,33.8,492.55,0.352,0
32.3,66.6,1008.41,64.3,453.22,0.74,1
24.4,30.1,1015.91,49.8,481.98,0.539,0
25.8,62.4,997.84,60.5,465.39,0.63,1
15.0,75.2,1002.09,83.6,477.73,0.581,0
23.6,37.5,1027.7,64.7,469.89,0.614,1
18.2,34.8,1003.64,49.3,486.47,0.461,0
6.7,27.6,1004.45,48.3,517.44,0.27,0
20.1,68.0,1016.84,92.4,473.18,0.681,1
27.7,76.8,992.28,66.8,459.21,0.688,1
27.6,72.9,1009.94,69.4,460.74,0.695,1
15.5,65.7,1029.68,74.3,487.88,0.529,0
26.7,33.2,993.04,67.2,468.63,0.661,1
7.4,39.9,994.64,66.0,508.9,0.367,0
10.3,62.9,1005.49,93.3,490.84,0.543,0
15.6,65.8,1011.01,37.2,491.23,0.376,0
11.3,74.8,996.13,45.6,489.78,0.365,0
11.3,50.3,1022.17,67.5,491.39,0.449,0
6.9,78.4,1023.36,50.4,508.39,0.3,0
6.0,49.2,1024.77,32.4,516.21,0.202,0
13.8,50.1,1011.87,54.5,494.7,0.418,0
12.1,72.4,1003.81,99.0,480.78,0.605,1
18.2,76.1,1013.38,87.0,471.15,0.643,1
4.3,40.7,1018.73,46.4,520.47,0.231,0
25.1,62.0,1023.88,87.1,462.77,0.734,1
15.5,51.5,996.94,76.7,484.24,0.546,0
33.6,58.8,1005.34,68.2,448.83,0.779,1
23.8,61.1,1014.8,36.1,476.87,0.488,0
35.1,56.6,999.07,94.8,442.34,0.914,1
31.4,70.7,1006.17,95.2,449.55,0.861,1
11.0,39.7,996.58,40.5,504.39,0.312,0
4.1,74.6,1013.46,39.4,502.93,0.236,0
30.3,79.1,1006.4,98.5,449.76,0.862,1
2.4,27.1,996.02,78.9,511.62,0.359,0
10.6,70.4,1018.68,33.6,497.22,0.295,0
13.3,60.8,1011.7,44.8,495.2,0.372,0
15.7,70.9,1009.06,50.0,484.48,0.441,0
8.7,62.6,1021.08,97.2,492.73,0.538,0
11.6,54.0,1030.27,71.0,498.61,0.452,0
27.9,30.0,1005.68,45.9,469.43,0.586,0
33.1,80.6,1025.04,60.6,446.64,0.747,1
16.2,75.8,997.76,67.7,474.8,0.537,0
32.8,37.2,1002.9,53.4,460.93,0.686,1
37.1,47.5,1017.78,30.3,453.67,0.655,1
12.2,31.3,1023.38,34.0,496.15,0.316,0
28.3,55.1,997.24,52.1,465.38,0.624,1
13.9,70.4,997.1,87.1,486.29,0.567,0
29.9,49.1,1002.88,68.5,454.74,0.728,1
14.0,36.3,995.7,65.4,493.03,0.466,0
33.3,41.8,998.52,62.8,450.41,0.75,1
14.9,63.0,1016.77,82.7,477.34,0.577,0
15.8,77.0,995.75,36.4,482.11,0.392,0
26.6,59.0,1008.87,46.5,465.46,0.583,0
11.5,42.6,1027.25,96.9,492.62,0.567,0
30.5,71.1,1029.58,75.7,449.02,0.775,1
9.4,43.3,1005.4,38.9,506.79,0.283,0
27.0,62.5,996.31,98.5,451.48,0.824,1
5.7,29.3,1003.8,66.5,509.42,0.348,0
9.7,46.4,1030.64,60.3,498.77,0.388,0
21.8,39.0,1003.32,26.2,489.42,0.401,0
16.5,70.9,999.81,58.7,478.14,0.497,0
8.0,39.6,1004.32,60.7,506.78,0.355,0
15.6,32.2,992.75,81.0,485.38,0.562,0
8.0,58.7,1004.18,49.9,502.63,0.321,0
33.4,62.4,1022.22,63.9,448.63,0.759,1
9.1,31.8,996.23,29.3,515.28,0.225,0
28.8,59.6,1022.13,84.4,456.19,0.776,1
10.9,80.3,1010.42,58.7,497.47,0.398,0
19.7,63.8,992.61,28.5,482.69,0.402,0
23.4,79.5,997.33,93.3,465.04,0.736,1
34.2,40.5,1004.01,99.7,449.25,0.91,1
18.3,26.0,1026.55,87.3,496.68,0.593,0
16.0,25.4,1018.11,41.2,491.71,0.395,0
23.0,56.4,1016.15,44.1,478.71,0.508,0
24.3,53.8,1004.64,34.4,472.49,0.495,0
23.4,53.7,1021.59,66.1,471.8,0.614,1
3.5,81.3,1032.69,59.0,498.73,0.316,0
14.0,65.4,1020.23,76.8,485.69,0.527,0
35.6,49.9,1018.72,56.5,446.74,0.757,1
26.7,54.6,1019.2,47.6,465.96,0.587,0
33.0,70.9,1029.48,96.0,439.13,0.902,1
23.4,72.0,1018.72,81.1,471.25,0.675,1
9.9,61.4,998.23,64.6,489.41,0.426,0
20.8,80.4,1009.49,98.8,466.72,0.726,1
18.2,33.8,1015.98,30.3,497.31,0.363,0
1.9,74.0,1030.07,98.9,503.59,0.45,0
31.4,41.9,1014.82,60.9,465.35,0.693,1
24.1,34.4,992.75,30.7,482.4,0.459,0
21.4,58.0,1023.18,72.1,477.24,0.605,1
23.2,26.2,1013.24,66.1,475.78,0.604,1
6.7,55.8,997.65,32.7,508.48,0.226,0
11.9,44.1,1003.89,35.9,500.38,0.312,0
32.2,48.0,999.24,87.0,449.29,0.838,1
11.5,54.7,1002.36,70.3,489.5,0.466,0
19.6,26.1,1027.65,36.4,491.33,0.415,0
11.3,35.5,1029.02,43.7,506.32,0.324,0
18.8,30.6,1027.25,87.8,484.94,0.625,1
17.6,53.2,1032.25,87.0,476.6,0.625,1
15.8,79.7,1006.13,31.5,482.49,0.372,0
7.0,81.2,1006.26,74.9,497.44,0.42,0
16.3,70.3,1020.83,46.6,481.44,0.44,0
15.2,64.7,1017.51,62.2,489.99,0.473,0
24.3,49.7,1022.98,75.8,480.44,0.645,1
36.7,49.3,993.85,54.8,448.07,0.76,1
35.3,70.9,1021.97,57.9,447.77,0.758,1
2.4,33.5,997.27,43.6,523.59,0.194,0
3.5,65.4,994.28,58.0,506.94,0.296,0
9.8,76.0,1011.66,45.2,492.58,0.342,0
13.0,76.5,1002.27,56.4,489.69,0.427,0
24.5,52.0,1000.15,79.5,466.49,0.69,1
3.9,45.8,1019.73,50.0,519.63,0.243,0
27.1,33.6,1000.46,48.7,474.95,0.578,0
12.2,62.9,1027.38,48.2,500.52,0.364,0
2.2,79.6,1023.32,73.6,494.07,0.37,0
23.6,54.9,1018.26,81.0,465.99,0.687,1
4.1,67.9,1026.69,93.3,503.39,0.45,0
14.0,74.8,996.72,80.7,473.37,0.568,0
14.0,48.3,1020.51,75.4,488.07,0.517,0
4.4,62.8,1022.76,99.4,494.89,0.495,0
24.3,65.3,1004.73,47.7,473.15,0.547,0
4.1,52.2,992.02,58.5,514.84,0.289,0
26.0,75.4,1029.22,94.5,460.12,0.779,1
32.5,52.1,1025.88,40.8,460.38,0.634,1
35.2,27.2,992.55,34.8,452.92,0.654,1
20.7,31.1,1029.57,89.7,475.2,0.673,1
27.1,62.9,997.13,59.5,458.2,0.655,1
5.1,39.1,1017.97,25.7,511.12,0.175,0
10.2,31.7,1024.77,43.6,506.5,0.311,0
11.1,30.5,1020.91,28.9,508.55,0.259,0
13.2,54.1,993.46,100.0,487.53,0.607,1
2.2,33.1,1021.28,50.7,523.7,0.22,0
35.0,66.7,992.79,94.4,436.49,0.923,1
8.8,65.4,1018.82,27.5,502.36,0.241,0
6.3,50.6,1031.75,48.0,511.17,0.278,0
34.8,70.7,1032.45,30.2,446.61,0.644,1
23.3,39.3,1026.73,60.0,478.02,0.576,0
7.4,71.1,1004.39,48.0,496.89,0.318,0
27.7,77.3,1021.7,37.4,465.93,0.557,0
32.2,76.2,1032.58,78.3,451.01,0.799,1
10.1,31.3,1011.92,44.0,507.19,0.31,0
2.0,48.8,1025.41,86.2,508.81,0.389,0
8.5,38.5,1016.78,36.1,504.45,0.267,0
20.1,65.1,1031.6,64.1,486.07,0.542,0
13.9,46.2,1024.38,69.2,484.7,0.498,0
35.8,57.5,1004.67,28.6,449.07,0.643,1
34.0,45.3,993.04,75.4,454.1,0.8,1
10.0,28.4,1032.04,71.5,505.55,0.423,0
17.6,35.6,1005.0,89.5,484.27,0.62,1
25.4,38.0,1009.31,26.8,479.2,0.464,0
13.9,81.4,1012.45,81.8,479.02,0.56,0
25.1,44.5,1017.86,77.5,472.3,0.677,1
5.9,73.4,998.91,35.4,512.95,0.22,0
11.7,57.4,993.39,27.7,501.84,0.273,0
27.8,45.5,1025.39,30.8,463.09,0.538,0
30.5,78.3,1021.97,94.9,449.45,0.851,1
8.9,26.0,1002.43,60.3,504.35,0.369,0
11.5,48.3,1008.89,90.3,494.77,0.536,0
25.0,67.8,1032.38,43.9,468.38,0.55,0
4.0,34.2,998.73,40.4,523.18,0.198,0
22.8,36.2,1004.79,53.9,481.39,0.539,0
31.2,66.5,1021.66,97.2,450.04,0.866,1
11.9,46.4,1029.74,37.9,499.89,0.32,0
25.4,47.7,1008.6,35.8,478.09,0.502,0
9.4,45.5,996.43,82.9,501.95,0.47,0
6.2,56.7,1016.78,60.5,517.31,0.314,0
11.4,77.8,998.25,95.0,495.63,0.552,0
13.2,64.9,1015.68,49.1,491.51,0.396,0
5.6,29.6,1016.31,100.2,506.36,0.489,0
24.5,70.4,1012.26,30.1,475.53,0.474,0
25.5,64.6,1020.9,98.0,459.98,0.788,1
7.9,63.5,1029.45,60.2,502.47,0.361,0
18.1,78.4,996.05,90.9,464.42,0.67,1
7.2,56.9,1014.38,59.9,504.96,0.347,0
36.6,35.9,1030.73,70.9,448.47,0.823,1
8.4,78.5,1002.61,59.1,499.42,0.368,0
24.9,39.4,1016.47,71.3,469.45,0.655,1
14.4,53.0,1024.35,98.8,486.51,0.618,1
9.8,78.2,1019.27,67.4,488.88,0.438,0
28.9,43.9,1004.52,40.7,469.18,0.577,0
20.5,70.4,1025.11,59.8,475.6,0.549,0
17.3,69.5,1014.09,87.8,480.2,0.618,1
14.0,69.2,1007.8,60.4,490.14,0.452,0
11.6,40.0,1013.68,94.3,490.92,0.56,0
29.9,78.0,996.93,81.4,451.26,0.786,1
11.4,71.5,997.68,37.2,497.25,0.317,0
33.0,77.3,1002.99,68.8,448.06,0.776,1
12.8,66.0,1029.52,93.4,484.23,0.584,0
3.0,39.9,1003.77,78.8,509.47,0.369,0
36.9,66.8,1000.76,93.8,433.33,0.947,1
22.2,44.1,1020.64,71.6,477.98,0.61,1
22.5,45.7,1005.41,31.4,475.19,0.458,0
3.1,77.7,1022.77,55.0,509.31,0.275,0
32.8,45.4,1026.42,99.8,446.94,0.9,1
3.5,77.2,998.33,78.2,502.3,0.386,0
4.7,47.5,1019.6,83.1,508.77,0.406,0
36.6,27.8,1031.92,33.2,460.47,0.647,1
24.7,68.6,1011.18,43.0,469.94,0.539,0
32.8,46.0,995.55,44.0,459.38,0.652,1
23.6,47.1,1016.17,38.0,483.49,0.48,0
9.6,64.5,1024.78,94.9,488.01,0.547,0
26.7,70.7,1001.98,92.3,447.8,0.802,1
7.8,73.2,1014.46,59.8,494.68,0.374,0
16.3,78.5,997.83,42.8,480.5,0.426,0
17.9,55.7,1011.51,66.5,481.33,0.537,0
19.4,69.6,1008.58,85.5,466.72,0.658,1
21.6,28.7,1026.71,42.4,483.36,0.477,0
22.2,39.6,1016.23,26.7,486.97,0.413,0
30.8,76.4,1009.08,70.9,450.28,0.756,1
18.7,77.5,1017.86,92.4,467.58,0.677,1
34.0,39.8,1014.44,56.8,454.44,0.726,1
5.9,74.8,1029.08,44.3,502.98,0.275,0
6.4,44.5,1022.57,57.3,504.22,0.33,0
28.6,67.9,1008.67,38.5,464.46,0.574,0
5.6,75.8,1022.82,33.5,505.51,0.223,0
6.2,45.1,1024.02,71.8,511.45,0.371,0
4.8,47.3,1022.24,34.6,517.12,0.196,0
22.4,67.2,1025.07,49.5,479.2,0.522,0
21.1,26.9,1007.73,99.4,479.04,0.707,1
19.1,58.6,1013.25,76.3,483.1,0.585,0
9.5,77.4,1023.14,40.3,500.69,0.302,0
17.5,52.1,1010.88,94.1,478.48,0.648,1
35.1,81.2,1032.75,40.9,449.47,0.685,1
7.4,76.8,1031.54,49.2,503.18,0.311,0
18.3,64.7,992.66,25.9,478.36,0.385,0
24.4,76.2,1010.47,42.1,467.84,0.537,0
24.7,76.4,998.99,65.7,466.59,0.637,1
7.1,45.2,1013.2,57.8,505.9,0.336,0
32.0,76.7,1028.01,96.8,447.58,0.877,1
19.4,70.8,1017.53,36.9,479.93,0.437,0
3.5,55.2,1001.66,43.5,509.71,0.233,0
7.1,47.8,996.87,57.6,509.3,0.328,0
33.6,65.2,1005.28,84.1,440.9,0.858,1
14.5,75.6,1024.76,38.1,494.03,0.361,0
11.1,67.3,1023.84,56.2,492.51,0.4,0
21.3,26.7,995.88,92.9,477.67,0.687,1
6.8,78.7,1002.69,73.1,496.6,0.413,0
20.7,50.4,1027.13,83.8,477.17,0.644,1
20.6,76.4,1007.84,44.8,472.4,0.497,0
26.3,72.7,1028.27,88.0,448.78,0.779,1
18.1,37.8,997.71,67.4,488.3,0.528,0
27.2,69.3,1002.84,49.0,456.22,0.618,1
6.4,76.5,1028.83,45.7,503.98,0.284,0
11.6,33.6,1016.59,98.0,494.66,0.568,0
24.9,77.8,1012.41,48.3,458.93,0.585,0
7.6,39.2,1027.7,99.3,501.64,0.516,0
15.3,74.5,996.32,90.4,470.8,0.626,1
35.8,37.5,1012.36,39.6,450.53,0.684,1
35.5,73.8,1019.98,28.2,450.19,0.636,1
6.8,70.9,1026.73,61.3,502.62,0.354,0
29.9,26.1,1000.22,92.6,461.14,0.812,1
20.7,53.2,1006.78,48.1,474.53,0.507,0
9.6,45.1,998.56,67.2,505.82,0.401,0
13.4,41.1,1023.18,53.6,502.07,0.395,0
11.8,34.0,1009.25,51.6,500.71,0.373,0
28.0,44.2,1030.93,43.2,461.42,0.593,0
29.0,81.5,1024.46,89.8,452.36,0.808,1
12.8,40.4,1014.22,99.1,491.12,0.593,0
4.1,61.9,1024.58,65.6,511.6,0.324,0
16.5,51.0,997.64,38.5,496.9,0.379,0
9.5,74.3,1000.84,31.3,503.49,0.261,0
35.0,47.4,1002.33,62.7,446.89,0.775,1
32.8,69.5,1016.47,40.1,450.89,0.653,1
12.4,45.3,1004.18,96.3,489.4,0.581,0
25.7,32.3,1010.84,88.9,469.61,0.734,1
33.8,71.8,997.93,65.5,447.0,0.773,1
23.6,77.7,1014.28,51.3,472.62,0.555,0
27.8,63.3,1030.24,29.9,476.82,0.506,0
10.8,39.8,1020.64,47.7,503.87,0.34,0
5.8,72.7,1017.04,47.4,506.44,0.279,0
21.9,77.9,1002.94,29.6,474.75,0.445,0
35.0,77.1,1024.92,53.7,443.13,0.747,1
17.9,49.3,1002.15,54.8,487.88,0.477,0
36.4,27.6,1026.86,90.5,447.7,0.9,1
25.6,49.2,1019.88,28.6,473.31,0.485,0
25.6,72.7,1012.12,42.2,459.27,0.567,0
17.7,66.4,994.0,74.1,482.66,0.562,0
34.3,39.1,1001.47,80.0,449.77,0.832,1
29.6,70.7,1002.94,64.1,457.92,0.701,1
24.1,57.3,1031.6,39.2,473.25,0.511,0
35.5,43.7,1031.8,89.1,439.92,0.9,1
5.0,44.9,992.47,68.1,511.24,0.344,0
3.5,30.3,1006.4,40.8,522.88,0.195,0
23.0,58.2,1019.37,66.5,473.73,0.608,1
3.6,59.4,995.79,64.1,512.57,0.31,0
19.5,80.0,999.2,93.2,468.27,0.687,1
36.6,31.5,1013.09,32.4,451.08,0.663,1
29.5,76.5,1029.24,91.2,453.46,0.817,1
26.4,57.5,1031.01,78.7,462.87,0.714,1
8.7,70.3,1023.23,46.5,505.56,0.309,0
14.1,30.9,1007.58,44.0,500.72,0.367,0
27.9,55.9,1027.64,29.8,472.52,0.516,0
35.2,62.5,992.81,76.4,453.29,0.82,1
2.3,35.4,994.31,72.2,517.5,0.319,0
12.8,36.6,1015.18,37.9,498.09,0.334,0
24.9,74.4,998.03,62.4,466.7,0.626,1
14.9,52.5,1012.86,96.9,482.36,0.624,1
18.1,30.9,1030.6,32.2,492.26,0.379,0
14.4,62.7,1000.0,54.4,484.84,0.443,0
27.3,76.5,1015.13,98.8,449.53,0.832,1
31.3,47.7,1015.21,44.0,458.34,0.638,1
24.7,33.8,997.98,41.9,480.06,0.515,0
9.7,35.1,1004.87,29.6,509.88,0.244,0
29.0,36.0,1000.68,73.8,469.7,0.709,1
6.8,44.8,1024.16,81.2,501.96,0.435,0
19.9,61.6,992.35,84.8,472.92,0.648,1
6.4,51.0,998.71,30.1,515.32,0.198,0
12.0,80.5,994.15,30.4,495.83,0.3,0
34.0,59.8,1014.32,93.1,447.35,0.885,1
7.8,59.0,1009.11,97.8,501.38,0.513,0
4.0,26.1,1016.74,32.8,525.06,0.165,0
12.3,33.9,995.23,33.6,500.72,0.306,0
29.9,46.4,1001.34,64.5,462.87,0.695,1
13.1,58.0,998.0,37.1,499.51,0.331,0
35.8,31.9,1001.51,90.6,443.95,0.902,1
6.9,66.3,1012.47,78.6,494.77,0.44,0
14.4,71.6,999.63,69.6,487.73,0.499,0
32.0,49.4,1007.96,78.6,456.72,0.787,1
4.6,55.1,1027.75,86.3,504.86,0.426,0
5.7,77.3,1026.67,80.0,501.1,0.42,0
23.1,40.0,999.52,97.1,471.97,0.735,1
34.0,30.0,994.61,87.5,453.36,0.851,1
24.8,53.9,999.61,41.0,473.46,0.525,0
4.6,69.8,1018.14,75.3,500.6,0.39,0
9.8,79.4,1003.12,60.0,493.4,0.4,0
27.4,79.9,1032.67,37.1,461.76,0.561,0
18.4,53.0,1009.32,89.8,480.85,0.636,1
13.4,33.9,1010.17,75.6,496.67,0.494,0
17.2,45.9,1019.33,51.1,486.58,0.457,0
30.9,79.5,1000.81,57.7,450.62,0.703,1
15.2,62.9,998.09,40.5,495.14,0.376,0
6.0,28.1,999.17,58.5,508.68,0.322,0
3.4,79.8,1016.63,36.0,509.75,0.201,0
12.3,74.3,1016.99,41.4,487.72,0.363,0
9.9,41.1,1010.69,51.6,501.82,0.35,0
25.7,47.2,1010.55,40.9,475.21,0.531,0
10.6,50.1,1016.6,40.5,496.95,0.323,0
24.6,81.3,1031.83,90.5,459.85,0.748,1
25.7,41.1,1018.2,69.0,463.42,0.667,1
30.1,67.8,1032.65,70.3,449.73,0.747,1
34.6,31.5,1020.01,65.9,441.35,0.795,1
17.4,73.8,1004.65,37.6,484.4,0.409,0
12.6,71.8,1009.25,73.5,488.29,0.494,0
9.7,53.7,999.5,51.4,502.37,0.345,0
30.0,25.9,1007.55,37.2,473.0,0.567,0
28.5,44.0,1031.28,89.9,467.7,0.772,1
4.6,28.7,1019.42,33.0,512.28,0.197,0
4.6,42.9,994.12,87.7,503.21,0.435,0
33.7,44.0,1008.54,97.2,450.31,0.893,1
14.5,52.7,996.15,86.9,488.27,0.568,0
15.9,29.8,1008.07,43.3,488.18,0.409,0
24.7,68.3,1005.05,37.1,466.85,0.522,0
30.8,71.0,1019.17,39.0,449.31,0.63,1
8.0,39.0,1016.31,90.8,498.29,0.493,0
18.3,77.3,1014.61,91.4,470.3,0.663,1
3.6,45.5,1003.55,43.4,519.03,0.215,0
20.0,29.5,1012.3,89.0,480.29,0.651,1
36.0,65.1,1002.66,83.7,445.14,0.873,1
25.2,67.5,1000.93,80.5,465.3,0.704,1
2.9,76.7,1009.36,96.5,497.76,0.461,0
36.7,80.2,1032.97,99.3,433.96,0.966,1
9.9,75.7,1029.72,94.4,482.53,0.559,0
27.6,79.4,996.97,92.3,452.86,0.802,1
21.6,37.1,1025.86,43.8,482.87,0.483,0
28.6,66.1,1002.28,97.6,462.14,0.815,1
10.9,69.7,992.59,50.7,496.16,0.368,0
8.5,46.9,1008.35,43.8,504.69,0.298,0
34.1,46.1,992.15,74.0,450.43,0.804,1
11.3,33.2,1020.67,33.0,506.92,0.28,0
34.0,75.7,1025.37,99.5,443.36,0.919,1
31.0,54.7,1006.44,93.8,447.77,0.855,1
18.3,27.2,1009.3,63.5,485.16,0.521,0
22.6,44.8,1011.15,86.4,475.05,0.679,1
31.4,53.9,1023.22,80.2,455.32,0.79,1
9.0,77.0,1008.91,39.0,501.77,0.289,0
36.5,29.1,1006.62,42.4,456.38,0.691,1
29.5,38.2,1022.34,76.7,463.12,0.74,1
9.8,32.3,994.12,81.7,505.44,0.462,0
7.2,59.6,1019.15,37.9,498.25,0.273,0
2.4,65.6,992.58,64.9,513.33,0.298,0
6.2,34.0,1030.49,81.8,507.34,0.42,0
32.0,67.2,1019.67,46.7,457.07,0.659,1
14.1,69.7,1032.62,74.7,482.41,0.526,0
34.3,75.2,1005.86,82.5,445.16,0.851,1
15.3,40.5,994.32,70.4,491.23,0.504,0
12.6,74.2,1030.31,61.2,488.26,0.445,0
6.5,78.7,1014.4,65.0,501.04,0.368,0
2.2,79.6,1019.25,88.6,505.74,0.407,0
23.4,77.6,1004.16,73.3,465.25,0.656,1
27.1,74.5,1024.42,39.1,464.84,0.56,0
23.1,37.3,1025.01,76.3,478.99,0.638,1
4.4,77.2,1007.69,42.8,505.9,0.247,0
22.1,52.6,1024.41,43.0,480.24,0.49,0
15.1,76.9,1032.06,60.9,483.09,0.48,0
24.0,72.7,1004.9,80.7,464.62,0.693,1
5.0,69.9,1010.66,86.7,500.47,0.44,0
30.5,60.0,1021.49,66.4,454.78,0.725,1
29.6,46.5,1023.09,57.5,471.1,0.648,1
32.4,26.8,1026.19,82.5,454.69,0.81,1
23.1,77.0,1028.23,93.6,462.19,0.74,1
4.6,48.3,1018.36,57.3,513.34,0.292,0
3.7,76.6,1011.11,88.7,501.83,0.432,0
11.4,71.4,1009.91,31.2,495.33,0.297,0
36.0,26.2,1031.12,48.7,455.98,0.712,1
5.1,66.8,1006.4,64.3,508.49,0.335,0
34.6,80.3,1001.52,29.0,449.53,0.631,1
25.8,57.4,1021.64,42.5,473.75,0.541,0
15.8,59.1,996.1,26.6,493.36,0.331,0
16.9,29.4,1026.86,63.3,493.52,0.488,0
28.8,44.9,1013.34,72.4,465.56,0.71,1
35.0,64.6,1016.71,94.9,446.32,0.906,1
29.8,74.0,1002.86,56.3,456.14,0.675,1
12.8,54.7,1030.22,73.3,490.93,0.49,0
24.0,58.4,992.63,96.4,468.43,0.748,1
24.1,52.3,1028.65,85.8,470.3,0.703,1
10.4,48.2,1028.4,88.7,498.31,0.511,0
9.9,53.6,1004.34,83.7,494.5,0.493,0
9.1,64.1,1000.03,53.9,495.98,0.363,0
24.6,52.3,1005.16,54.6,470.01,0.585,0
31.1,64.1,1020.4,38.4,455.31,0.619,1
13.3,56.8,1019.3,97.5,479.8,0.614,1
26.9,71.1,1030.28,84.9,460.84,0.749,1
35.5,30.1,1007.03,62.4,453.96,0.765,1
22.7,43.4,1029.84,30.7,476.48,0.455,0
33.5,71.3,1008.46,92.9,442.38,0.888,1
14.4,27.9,995.74,31.8,497.32,0.328,0
16.6,80.8,1026.47,26.0,487.41,0.348,0
7.1,74.5,1027.06,61.6,500.51,0.362,0
4.4,39.2,1018.28,43.6,517.69,0.226,0
22.0,53.7,1009.15,56.2,479.31,0.544,0
11.8,66.2,1015.78,65.2,488.81,0.451,0
23.3,36.2,1006.57,44.8,470.82,0.53,0
11.6,32.9,1004.69,94.3,495.39,0.552,0
3.9,51.3,1026.69,33.4,516.7,0.182,0
6.5,41.1,1031.54,94.2,500.91,0.485,0
17.6,28.7,1010.81,64.9,493.22,0.504,0
13.9,39.8,996.81,99.5,489.45,0.61,1
20.7,62.1,992.37,53.2,472.27,0.532,0
25.9,71.5,1009.82,70.6,463.41,0.676,1
29.7,28.2,1013.7,99.9,457.95,0.844,1
11.2,76.6,1017.34,37.7,501.3,0.309,0
20.0,49.3,1012.36,68.3,471.75,0.586,0
5.7,43.9,995.91,46.2,518.12,0.25,0
15.2,52.8,1026.98,51.7,492.89,0.425,0
18.5,72.1,1022.37,39.7,479.33,0.44,0
36.9,62.6,1013.17,56.7,453.72,0.758,1
15.5,66.9,1006.19,90.7,477.01,0.616,1
3.4,33.5,1026.71,78.1,520.24,0.348,0
9.1,45.0,1031.15,42.6,504.21,0.3,0
3.1,55.6,1011.62,67.4,510.93,0.321,0
24.2,57.1,1010.38,48.3,469.69,0.556,0
12.5,81.1,1012.83,86.4,484.0,0.553,0
23.6,52.9,1028.96,87.0,471.6,0.699,1
30.7,25.5,1024.18,87.1,462.23,0.796,1
25.8,58.0,1001.14,80.2,463.66,0.712,1
14.7,37.0,1026.66,65.0,490.19,0.478,0
6.5,72.8,1013.32,78.1,504.28,0.414,0
8.0,78.0,1019.52,86.4,495.2,0.481,0
12.0,36.5,1004.42,76.2,491.49,0.492,0
15.2,74.1,1011.94,37.5,485.0,0.385,0
26.5,31.8,1010.36,59.3,466.01,0.631,1
36.5,31.5,1026.17,94.9,447.38,0.919,1
8.3,67.2,1011.75,87.6,488.93,0.502,0
6.0,26.6,995.8,52.4,500.7,0.313,0
16.0,28.5,1011.97,43.0,486.29,0.413,0
12.8,60.8,1005.67,73.0,486.69,0.497,0
2.4,81.3,1017.19,45.4,515.57,0.217,0
18.3,68.3,1005.13,95.8,478.0,0.665,1
20.7,54.0,1013.19,60.3,477.78,0.549,0
6.0,68.9,1000.96,67.4,503.32,0.368,0
27.5,73.2,1031.76,45.5,467.78,0.584,0
27.7,64.3,1025.38,59.5,466.91,0.644,1
27.0,63.1,1022.14,71.2,459.47,0.698,1
15.8,26.0,997.49,49.9,487.1,0.436,0
16.6,53.9,992.75,54.5,485.03,0.468,0
28.6,63.6,1000.19,77.5,455.61,0.747,1
23.8,36.8,1029.96,98.2,467.93,0.754,1
2.6,41.6,993.2,58.6,518.14,0.266,0
28.1,56.7,1011.89,80.5,459.77,0.746,1
10.5,49.0,1022.1,47.7,502.61,0.339,0
23.9,77.4,1015.87,44.0,471.85,0.531,0
16.9,64.5,996.47,60.5,490.56,0.484,0
2.9,49.2,997.49,99.2,510.31,0.447,0
21.6,60.6,1018.97,56.7,472.41,0.556,0
12.7,36.3,1005.84,67.7,495.83,0.456,0
29.9,38.8,995.13,56.5,463.68,0.662,1
21.0,34.8,1008.76,76.0,482.71,0.606,1
29.6,72.0,1010.86,96.8,451.11,0.845,1
22.3,49.9,1007.97,75.9,471.78,0.641,1
10.4,59.0,1025.18,95.4,489.28,0.556,0
21.3,80.0,1008.22,26.4,478.65,0.418,0
24.7,46.2,1008.08,98.6,461.1,0.779,1
11.5,76.6,1004.26,95.0,485.98,0.572,0
10.0,54.7,1017.59,53.5,497.05,0.368,0
27.8,26.3,1029.16,91.3,469.44,0.768,1
25.9,28.0,1025.92,67.9,472.91,0.646,1
15.5,73.7,1029.58,30.3,494.16,0.341,0
3.2,58.2,998.12,76.1,510.26,0.359,0
18.6,54.5,999.98,52.6,480.98,0.489,0
30.9,40.0,993.6,27.5,461.32,0.562,0
3.9,49.9,1003.19,50.0,517.62,0.247,0
30.0,32.0,999.98,44.3,462.35,0.617,1
23.3,60.4,1014.29,82.9,471.27,0.681,1
14.3,41.3,1031.45,55.1,495.34,0.424,0
25.2,62.6,1027.56,36.1,469.74,0.517,0
6.3,37.7,1018.6,29.5,515.83,0.195,0
29.8,52.4,1002.97,33.8,473.98,0.549,0
24.4,42.7,995.43,83.0,463.22,0.709,1
32.7,57.7,1010.64,72.8,449.21,0.786,1
33.1,27.7,1001.14,28.3,466.12,0.579,0
10.7,65.4,1019.2,51.2,498.6,0.363,0
8.3,78.8,993.04,39.4,502.56,0.282,0
17.7,53.3,1023.37,75.3,474.46,0.583,0
7.8,34.3,1025.76,77.5,503.04,0.428,0
10.5,41.6,992.4,40.2,497.6,0.319,0
29.6,55.9,999.69,60.1,456.35,0.688,1
2.9,57.6,1016.43,39.4,522.99,0.183,0
33.2,78.7,1032.96,84.4,441.93,0.853,1
10.3,54.1,1004.4,31.5,505.97,0.265,0
35.3,29.2,1014.3,83.1,453.89,0.846,1
7.0,71.3,1003.92,47.2,504.47,0.296,0
18.6,75.9,1015.46,33.0,491.32,0.391,0
11.0,71.1,1021.08,51.0,490.41,0.382,0
7.9,77.5,1022.17,95.8,494.68,0.519,0
21.3,31.2,1013.04,80.3,478.6,0.634,1
10.3,76.1,1009.57,63.7,490.36,0.425,0
11.3,62.8,998.41,58.5,495.36,0.406,0
13.5,40.4,1029.89,76.1,494.91,0.5,0
34.1,36.2,1008.34,69.2,451.94,0.782,1
20.5,68.8,1027.51,61.5,476.17,0.555,0
19.5,49.7,1027.43,52.1,481.49,0.496,0
16.4,55.1,1016.03,28.3,493.18,0.344,0
28.3,64.0,1018.58,87.5,457.52,0.781,1
8.0,42.0,1024.45,47.5,508.41,0.3,0
6.0,52.6,1019.09,85.9,507.45,0.434,0
3.9,60.4,1026.08,36.2,515.46,0.197,0
32.3,51.3,1015.28,61.7,449.0,0.738,1
9.0,66.9,1025.53,57.5,502.59,0.362,0
7.8,33.7,1012.58,45.7,511.37,0.285,0
2.4,73.5,1023.82,45.5,507.81,0.232,0
7.1,56.1,1009.57,57.4,507.18,0.333,0
31.1,36.3,992.55,64.9,455.72,0.725,1
27.9,48.1,1007.33,46.7,465.75,0.597,0
17.8,41.0,1026.52,50.3,490.99,0.452,0
2.7,25.6,1005.9,73.7,518.11,0.328,0
31.9,47.6,1006.37,81.9,449.84,0.812,1
20.9,66.5,1025.18,40.4,475.35,0.477,0
8.6,73.2,1030.36,51.8,502.8,0.335,0
21.7,42.8,993.22,68.6,468.07,0.613,1
26.8,72.9,992.04,75.5,458.84,0.714,1
31.1,49.8,1021.15,41.9,462.21,0.62,1
3.2,77.0,1004.26,40.6,505.81,0.225,0
6.1,55.1,1032.37,95.1,508.33,0.469,0
25.9,68.4,1022.47,39.8,463.25,0.553,0
36.7,42.8,1023.35,84.0,443.13,0.887,1
35.7,66.3,1022.55,86.2,444.86,0.882,1
30.2,58.2,994.42,99.8,443.08,0.879,1
34.1,42.0,1004.98,98.2,451.71,0.898,1
36.1,51.0,1004.43,29.3,452.4,0.642,1
31.0,45.8,1014.58,37.2,462.65,0.599,0
25.5,50.4,998.52,95.4,460.7,0.776,1
32.8,58.6,1025.17,66.0,461.24,0.736,1
7.9,77.8,1008.16,56.0,492.96,0.364,0
37.0,43.7,1016.21,99.2,446.61,0.944,1
35.7,38.0,1025.21,51.4,452.76,0.726,1
35.2,78.8,1029.08,41.8,451.83,0.684,1
26.8,62.4,1016.44,31.4,468.38,0.518,0
11.1,53.7,1010.06,89.1,496.58,0.523,0
26.6,56.5,1020.62,29.5,473.23,0.499,0
4.5,32.5,1019.0,67.6,511.78,0.336,0
5.8,28.5,1031.44,70.3,519.0,0.346,0
22.9,60.5,1002.3,79.8,467.13,0.673,1
11.6,31.0,1031.65,33.5,509.76,0.28,0
22.8,60.1,999.01,88.9,465.01,0.711,1
20.2,45.8,1023.6,72.3,473.7,0.6,1
29.8,69.5,1000.13,33.4,466.41,0.563,0
35.1,72.7,996.88,68.5,437.46,0.818,1
2.3,62.5,1002.74,56.2,509.2,0.271,0
17.8,31.6,1012.87,93.5,482.04,0.642,1
21.9,57.4,1004.36,92.3,463.47,0.718,1
26.0,60.6,1025.69,42.7,471.97,0.548,0
10.3,76.5,1031.22,59.7,492.43,0.405,0
19.2,79.6,994.79,88.9,468.04,0.667,1
19.2,66.7,1017.12,41.4,476.45,0.461,0
13.7,39.7,994.95,81.8,493.07,0.53,0
4.8,43.5,1024.45,63.0,510.38,0.324,0
16.1,69.7,999.97,55.6,487.53,0.462,0
33.8,28.7,994.96,83.8,447.95,0.845,1
4.7,31.3,1027.72,37.9,522.91,0.197,0
17.8,50.7,1006.38,60.6,486.18,0.502,0
12.0,77.2,1011.07,41.9,493.12,0.352,0
33.0,35.4,1029.48,57.2,463.31,0.7,1
6.8,63.6,1017.81,58.3,502.71,0.341,0
21.6,69.3,996.56,82.6,462.15,0.679,1
21.9,46.5,1008.68,85.5,474.07,0.67,1
29.2,63.9,1029.51,63.5,465.48,0.679,1
23.4,77.1,1006.75,46.7,467.6,0.545,0
24.0,43.2,1002.93,96.6,462.66,0.76,1
17.2,46.8,1003.02,80.4,481.86,0.584,0
17.0,27.3,992.5,31.8,502.84,0.345,0
6.2,68.2,1026.7,50.1,498.77,0.31,0
28.9,36.2,1023.29,49.4,474.56,0.601,1
28.4,80.8,999.5,34.7,460.18,0.566,0
21.3,46.9,1019.3,88.5,468.63,0.687,1
17.0,73.3,1000.51,83.7,480.98,0.596,0
35.7,55.3,1022.82,66.7,451.95,0.789,1
21.9,26.4,1012.94,34.7,482.97,0.45,0
24.3,39.7,994.19,94.0,470.6,0.738,1
27.2,51.7,998.05,59.3,469.34,0.633,1
20.5,81.6,1017.51,57.8,475.78,0.542,0
12.9,62.7,1012.83,73.2,494.78,0.483,0
27.1,66.4,1009.36,84.0,457.74,0.753,1
13.2,55.1,1032.84,55.5,497.83,0.409,0
29.9,45.2,1018.99,75.7,461.1,0.744,1
17.8,73.6,998.48,43.7,477.88,0.451,0
6.2,62.8,1023.43,34.3,503.45,0.237,0
18.7,39.9,1000.11,71.2,478.21,0.57,0
36.5,46.5,1004.92,50.1,452.44,0.73,1
17.1,42.8,1003.24,48.1,493.55,0.43,0
26.3,67.5,1011.34,94.6,460.92,0.781,1
5.6,80.3,1005.48,35.1,501.87,0.238,0
26.7,75.6,995.76,27.1,459.39,0.518,0
20.8,64.3,999.31,78.6,464.58,0.65,1
4.1,57.0,1022.9,99.0,505.84,0.468,0
21.4,66.0,1010.51,58.2,474.1,0.556,0
5.8,77.9,996.51,93.4,491.91,0.493,0
10.0,37.3,1029.6,31.9,508.9,0.258,0
37.0,45.1,1026.54,64.9,444.76,0.811,1
17.3,37.2,996.96,42.6,487.01,0.423,0
35.5,52.1,1017.59,98.3,444.2,0.929,1
34.2,37.4,1011.82,42.3,460.2,0.658,1
16.5,59.6,997.12,85.7,480.99,0.599,0
22.0,28.1,993.54,29.9,480.73,0.436,0
8.7,71.8,1000.53,53.0,493.79,0.358,0
7.1,36.6,1010.86,84.1,496.2,0.461,0
7.9,54.3,992.92,78.3,495.26,0.448,0
24.9,65.1,1002.28,84.0,464.55,0.716,1
12.9,34.4,1008.21,84.8,495.83,0.527,0
29.4,52.4,1001.59,79.0,452.18,0.769,1
8.9,25.7,993.07,32.7,510.95,0.245,0
37.0,78.3,1021.3,74.1,439.92,0.857,1
24.7,65.9,1025.71,29.3,471.17,0.482,0
27.5,77.4,1024.75,55.1,466.67,0.624,1
21.2,70.0,1029.38,28.9,471.5,0.442,0
33.9,36.8,1026.88,52.0,465.63,0.684,1
26.5,66.3,1005.77,96.2,445.5,0.82,1
9.1,33.2,1002.83,27.7,507.39,0.234,0
19.9,60.5,1012.43,40.2,486.26,0.443,0
9.0,46.9,1027.29,81.8,506.57,0.451,0
30.6,57.6,1026.16,53.8,462.86,0.66,1
35.6,73.3,1031.57,29.9,447.54,0.649,1
28.7,59.5,1002.9,30.9,462.63,0.548,0
4.4,34.6,1004.72,85.3,507.91,0.413,0
20.8,76.6,996.37,81.8,468.88,0.654,1
34.2,70.3,1006.34,27.0,452.53,0.613,1
14.4,61.0,1003.84,93.1,481.9,0.604,1
33.6,32.3,1014.41,47.4,458.53,0.675,1
2.2,30.3,993.23,33.4,534.11,0.129,0
21.4,79.2,1003.77,72.4,473.59,0.613,1
9.5,70.7,1027.08,27.4,499.49,0.253,0
6.1,38.3,1006.74,41.2,515.07,0.24,0
10.5,62.2,1012.15,56.9,501.27,0.379,0
20.8,30.5,1024.39,71.2,479.89,0.59,0
30.6,63.1,1003.76,85.8,446.37,0.822,1
21.1,46.5,1014.6,84.6,477.33,0.652,1
16.0,71.3,993.59,67.9,480.79,0.522,0
24.5,68.8,999.5,54.0,464.14,0.593,0
33.2,26.2,1021.06,69.7,454.4,0.768,1
30.5,26.7,1016.58,32.5,477.15,0.546,0
2.9,26.2,1019.5,73.2,518.12,0.328,0
24.7,73.5,1005.81,77.7,461.47,0.695,1
23.7,54.1,1002.09,95.8,458.4,0.763,1
6.0,72.3,992.29,80.8,494.74,0.438,0
3.7,69.0,1002.01,61.5,505.57,0.315,0
19.2,36.2,1026.98,32.4,490.56,0.396,0
24.7,45.9,1012.01,26.8,486.35,0.441,0
34.8,72.3,1013.41,70.2,440.18,0.817,1
4.7,35.1,995.29,32.1,515.29,0.188,0
15.2,55.2,1032.55,49.2,494.25,0.412,0
2.1,70.3,1006.74,50.6,516.02,0.233,0
23.0,71.7,1006.0,52.2,466.37,0.565,0
29.1,37.2,1029.34,44.9,475.45,0.583,0
35.0,36.6,1002.88,76.5,446.56,0.832,1
24.1,35.2,1002.67,94.8,469.91,0.74,1
21.5,61.0,1027.66,39.9,482.85,0.467,0
22.1,32.3,1024.14,49.9,481.11,0.516,0
23.6,29.3,1006.33,53.9,474.77,0.561,0
30.3,38.5,1006.22,53.0,465.51,0.649,1
26.0,62.5,996.51,61.5,462.4,0.642,1
17.3,40.5,1010.66,82.0,486.63,0.582,0
25.6,36.1,1022.44,26.5,478.06,0.467,0
20.6,75.0,1001.79,62.2,468.49,0.574,0
2.5,34.6,1003.31,67.9,505.91,0.327,0
7.6,51.7,1026.97,90.0,497.14,0.487,0
35.2,36.8,992.33,40.7,449.01,0.685,1
6.0,27.5,1016.5,89.1,509.64,0.442,0
15.5,52.2,1014.73,94.2,486.31,0.612,1
15.8,68.6,1013.24,46.4,490.07,0.417,0
13.8,70.1,1001.33,75.5,477.5,0.536,0
2.5,64.7,1004.11,73.6,503.55,0.354,0
5.2,80.5,1029.68,51.7,508.04,0.286,0
10.4,78.8,1004.93,42.2,496.9,0.327,0
31.0,81.2,1025.46,86.4,443.89,0.833,1
25.6,67.4,1015.44,52.1,464.71,0.595,0
5.0,66.9,1027.74,44.6,513.07,0.247,0
29.1,55.6,1008.63,79.6,453.71,0.765,1
19.4,78.0,1017.78,95.5,463.36,0.706,1
28.9,68.5,1013.56,58.4,463.32,0.66,1
36.1,39.0,997.56,88.1,446.44,0.89,1
34.3,41.5,1008.43,78.4,452.34,0.82,1
17.0,45.2,993.64,58.2,485.93,0.485,0
14.6,52.0,1023.42,48.1,494.68,0.401,0
18.1,61.3,1027.74,55.9,480.03,0.499,0
2.5,42.2,1028.21,36.8,518.11,0.178,0
31.3,69.3,1008.72,29.5,458.15,0.58,0
19.5,78.5,1002.56,74.9,471.24,0.608,1
22.3,64.4,1017.73,46.5,474.54,0.519,0
13.9,28.2,1006.31,56.5,501.27,0.414,0
20.1,62.1,998.49,27.2,482.54,0.401,0
3.3,64.1,995.38,64.8,509.88,0.315,0
16.8,81.2,997.05,66.0,477.65,0.531,0
24.3,73.7,1031.26,75.6,469.66,0.666,1
29.8,70.4,1014.49,68.6,457.73,0.721,1
31.6,33.3,1005.91,45.4,466.32,0.63,1
19.6,55.1,1031.2,79.4,476.27,0.617,1
10.1,50.3,992.97,46.6,506.66,0.323,0
9.9,40.3,997.01,80.1,498.16,0.471,0
33.3,73.5,1003.98,61.2,452.48,0.739,1
34.8,52.1,998.43,96.9,444.97,0.914,1
32.3,45.2,1003.05,81.4,453.34,0.808,1
26.1,50.0,1024.05,37.0,470.35,0.53,0
9.1,60.1,1014.44,81.4,497.3,0.47,0
23.4,44.4,1019.33,83.1,469.03,0.687,1
2.3,47.9,1031.47,34.8,525.58,0.153,0
8.1,62.0,1019.81,53.7,496.34,0.349,0
24.9,55.9,1000.13,79.1,465.5,0.695,1
28.1,41.9,1023.23,75.9,471.73,0.703,1
14.7,32.2,1011.19,78.7,493.07,0.528,0
28.3,78.3,993.92,47.6,459.53,0.617,1
28.9,40.6,998.69,57.1,464.31,0.652,1
1.9,67.7,1022.02,33.3,519.43,0.155,0
20.1,63.7,998.61,55.3,477.33,0.524,0
15.3,66.2,1014.92,93.4,487.7,0.604,1
3.7,68.9,1016.8,69.1,496.24,0.364,0
18.3,47.8,1019.4,93.5,475.74,0.66,1
34.3,57.2,993.7,39.9,450.35,0.669,1
35.4,41.4,1018.11,43.5,453.49,0.689,1
22.6,56.0,1025.24,93.7,469.29,0.72,1
13.9,60.2,998.33,33.9,496.3,0.333,0
20.9,67.4,999.58,82.8,469.73,0.658,1
15.5,57.2,998.18,60.2,487.04,0.474,0
16.3,75.7,1029.08,83.7,483.81,0.583,0
11.9,43.3,1032.19,50.5,492.68,0.385,0
28.1,53.4,1010.42,72.6,459.02,0.716,1
9.9,50.9,994.62,75.0,499.23,0.449,0
15.8,64.0,1002.71,86.1,482.13,0.591,0
31.9,50.6,1008.89,88.1,455.83,0.826,1
15.2,78.8,1005.22,92.1,474.9,0.623,1
5.4,36.9,1013.64,69.0,509.29,0.356,0
36.6,75.8,1003.08,38.6,444.24,0.701,1
35.2,62.6,993.98,66.1,449.54,0.786,1
17.7,60.2,998.6,69.3,482.59,0.543,0
19.3,56.2,1016.87,31.1,487.5,0.398,0
34.5,64.2,1025.6,96.0,437.91,0.921,1
24.4,77.7,1014.62,44.8,476.68,0.529,0
11.0,42.8,1000.83,42.7,504.56,0.32,0
10.3,37.4,1008.59,89.6,493.95,0.522,0
28.6,79.1,1016.97,91.5,451.52,0.812,1
19.7,75.3,1012.26,79.1,473.58,0.623,1
35.5,80.8,1000.56,46.0,445.82,0.716,1
9.0,25.4,1010.63,50.4,512.62,0.314,0
25.2,44.7,1011.77,45.7,481.37,0.533,0
21.7,38.3,992.38,36.4,481.99,0.457,0
29.6,80.0,1004.54,31.3,456.22,0.573,0
17.6,81.2,1012.91,97.5,466.69,0.687,1
36.2,69.4,1010.58,67.8,445.9,0.811,1
28.0,51.2,1028.6,97.3,456.67,0.819,1
9.1,67.5,1006.53,78.1,496.53,0.458,0
4.0,40.3,1031.16,94.0,515.61,0.428,0
3.8,79.1,1019.98,75.1,507.52,0.366,0
34.6,57.9,992.24,42.5,456.57,0.672,1
36.3,78.9,1001.1,77.1,437.44,0.866,1
19.1,71.8,1025.63,59.3,480.37,0.523,0
3.0,32.6,1021.11,65.9,524.64,0.287,0
31.7,58.2,1022.01,85.4,439.0,0.846,1
31.6,58.4,1027.1,79.3,456.38,0.787,1
35.9,60.1,1004.56,66.4,441.92,0.81,1
3.9,43.5,1007.32,58.5,517.63,0.281,0
14.7,76.9,1002.97,66.7,483.57,0.498,0
21.0,77.0,995.12,39.8,468.48,0.49,0
33.8,49.3,997.82,48.2,452.1,0.694,1
26.5,30.2,1015.94,43.7,476.1,0.549,0
18.8,43.9,1002.28,53.5,481.56,0.494,0
3.7,48.9,1020.33,61.0,507.21,0.31,0
9.5,33.4,1016.77,86.1,506.32,0.474,0
8.5,39.3,1015.44,30.2,506.45,0.24,0
27.7,58.2,1003.93,51.2,460.9,0.622,1
15.7,48.3,1006.69,61.2,489.57,0.475,0
17.2,63.1,1031.58,69.4,480.51,0.542,0
21.1,63.9,1002.05,36.2,476.76,0.46,0
16.7,32.9,1028.53,64.3,489.87,0.498,0
20.7,36.5,1014.31,42.6,485.05,0.465,0
27.9,44.5,1024.63,44.6,469.32,0.582,0
19.4,74.8,999.45,86.6,471.56,0.653,1
27.1,80.2,1014.96,87.3,458.3,0.766,1
2.9,79.3,1029.89,58.2,513.1,0.278,0
19.5,25.7,1019.36,50.7,486.1,0.481,0
10.4,31.9,1024.18,88.5,499.08,0.508,0
10.7,57.6,997.35,70.0,492.97,0.45,0
18.6,50.9,1022.41,43.2,491.33,0.431,0
24.8,62.4,1014.77,48.7,467.0,0.569,0
29.5,36.7,1013.73,76.6,461.06,0.744,1
24.8,45.1,1032.77,93.7,466.63,0.75,1
28.8,46.6,992.59,30.8,465.62,0.544,0
19.0,81.1,1025.71,86.0,469.56,0.65,1
25.6,62.2,1015.16,91.2,469.92,0.742,1
2.1,67.2,1012.24,98.4,504.58,0.447,0
35.0,68.6,1027.79,84.6,444.05,0.868,1
34.2,57.9,1009.1,95.2,443.73,0.903,1
31.8,44.7,1025.07,73.8,456.22,0.766,1
5.6,61.9,1023.13,31.4,512.4,0.201,0
3.1,38.6,1024.12,34.6,517.86,0.176,0
21.8,66.0,997.89,80.4,464.77,0.668,1
20.1,30.4,1018.76,96.5,482.32,0.679,1
28.0,64.6,1029.87,32.2,466.08,0.539,0
13.3,54.4,1031.18,81.6,496.91,0.516,0
16.9,37.7,1025.65,99.1,481.23,0.656,1
5.5,56.0,1018.32,28.3,510.83,0.191,0
10.4,44.1,993.26,91.7,491.61,0.536,0
4.3,78.3,1015.35,91.1,493.25,0.464,0
2.7,75.4,1017.29,39.7,510.75,0.206,0
37.0,41.6,1027.15,84.9,451.66,0.876,1
36.4,60.9,1012.25,44.0,449.64,0.71,1
27.0,75.2,1025.93,96.8,455.46,0.808,1
23.6,79.3,1015.49,97.1,458.03,0.768,1
22.0,32.5,1011.29,44.3,489.27,0.477,0
28.4,25.5,992.81,70.4,461.09,0.707,1
22.9,65.1,1029.47,63.0,472.62,0.594,0
22.2,48.3,1005.1,29.2,483.62,0.43,0
21.9,61.0,994.3,84.4,469.83,0.675,1
33.3,59.3,1004.03,39.3,449.42,0.658,1
3.2,34.3,993.32,70.1,520.35,0.314,0
25.5,76.1,1030.02,95.0,453.07,0.79,1
16.5,65.9,1001.76,55.0,485.51,0.467,0
19.7,78.5,1020.55,32.7,480.15,0.424,0
9.3,45.5,1004.65,73.4,491.51,0.451,0
30.0,65.0,1024.43,52.0,452.32,0.668,1
16.8,68.2,1007.8,70.0,482.73,0.537,0
25.2,72.0,1021.28,51.0,467.33,0.582,0
26.1,75.1,1010.5,31.8,462.23,0.525,0
27.2,60.0,1011.26,99.5,457.76,0.816,1
22.1,71.7,1001.48,35.8,470.22,0.481,0
10.5,58.8,1025.8,63.8,496.89,0.414,0
20.6,51.2,1022.34,68.1,475.5,0.584,0
35.1,67.3,1000.49,90.8,443.8,0.895,1
12.7,45.3,998.57,84.7,494.99,0.525,0
32.4,30.6,1003.1,78.8,465.01,0.776,1
35.7,40.7,1005.56,46.7,449.05,0.715,1
19.3,50.8,994.4,66.6,479.16,0.557,0
13.4,27.1,1022.14,58.9,498.72,0.423,0
8.2,79.3,1019.64,46.6,490.57,0.334,0
10.1,40.7,1011.21,70.9,497.21,0.438,0
19.8,48.7,1012.24,66.0,473.65,0.571,0
8.2,68.2,1030.08,73.0,502.63,0.415,0
7.0,77.6,1031.01,30.6,509.35,0.219,0
15.7,67.4,1018.34,82.6,481.86,0.576,0
32.2,71.2,999.96,33.6,454.84,0.612,1
29.3,77.6,1001.78,66.9,453.17,0.718,1
11.2,47.0,1025.68,65.3,493.85,0.435,0
36.0,38.3,1004.88,53.5,445.77,0.751,1
23.0,51.6,1018.68,92.5,470.64,0.717,1
10.4,45.1,1016.22,70.7,498.0,0.439,0
4.3,45.5,1013.53,94.5,503.13,0.458,0
21.6,56.7,1024.47,93.8,469.73,0.709,1
18.8,42.2,994.27,53.3,480.89,0.494,0
25.1,68.3,1019.62,32.3,469.4,0.502,0
28.9,30.2,1030.14,40.0,468.55,0.576,0
35.3,27.2,1007.26,91.6,444.44,0.899,1
7.1,70.2,1031.28,63.6,502.52,0.366,0
17.3,30.9,1008.69,38.8,487.82,0.407,0
12.8,46.5,999.97,78.0,491.14,0.508,0
15.6,74.1,1000.0,47.3,481.34,0.435,0
30.7,50.4,1016.29,97.1,457.46,0.845,1
28.0,37.3,1026.01,56.8,467.96,0.634,1
32.0,67.4,1015.17,77.0,449.22,0.795,1
4.0,33.8,1019.76,89.6,518.4,0.405,0
34.0,59.7,1018.82,40.3,455.98,0.657,1
19.4,64.1,1003.81,89.6,468.62,0.671,1
25.8,48.6,992.84,58.4,468.27,0.616,1
4.1,61.6,1020.31,87.0,504.29,0.424,0
31.9,25.4,993.56,88.8,454.52,0.831,1
22.5,79.1,998.33,65.3,463.81,0.617,1
29.1,64.0,1014.19,31.2,462.68,0.554,0
34.0,25.9,1010.1,53.6,456.02,0.71,1
4.6,43.7,1000.55,50.8,511.38,0.27,0
29.8,38.4,1005.0,83.5,460.28,0.775,1
14.9,40.4,1016.03,84.3,485.21,0.568,0
11.6,74.0,1001.67,31.4,500.36,0.29,0
19.6,56.8,1027.33,47.6,482.79,0.477,0
18.3,39.3,1025.54,66.1,484.91,0.532,0
32.6,80.0,1010.29,80.1,448.33,0.816,1
2.3,29.2,1024.19,54.2,515.07,0.252,0
33.1,54.0,1009.39,70.0,450.05,0.778,1
29.4,73.8,1022.68,30.0,458.49,0.561,0
6.7,47.1,1022.19,29.9,508.17,0.215,0
17.1,46.3,992.52,27.2,489.99,0.353,0
17.6,62.1,993.18,71.0,491.19,0.532,0
19.6,61.1,1012.69,51.2,470.15,0.516,0
15.0,75.8,1015.19,93.2,479.69,0.616,1
9.9,61.4,1004.83,76.8,482.68,0.489,0
27.1,56.1,996.64,93.6,458.6,0.79,1
21.0,79.4,993.6,58.6,466.46,0.569,0
31.7,43.1,1013.18,27.4,467.79,0.557,0
28.2,41.0,1012.84,60.3,468.45,0.649,1
28.6,56.4,1018.91,47.9,461.0,0.618,1
19.9,59.9,1023.04,78.4,479.49,0.61,1
16.7,71.4,999.39,46.0,477.76,0.449,0
29.2,53.2,1003.34,53.3,465.2,0.638,1
30.3,78.6,1032.74,29.6,456.91,0.572,0
30.6,34.1,1019.13,30.5,459.34,0.574,0
19.7,66.7,999.96,65.1,483.66,0.546,0
33.2,26.8,1005.05,57.0,461.37,0.704,1
28.0,39.5,1001.74,44.9,467.4,0.588,0
36.6,26.2,997.17,69.2,447.87,0.817,1
17.4,27.5,996.42,55.8,490.2,0.471,0
33.8,38.6,993.61,78.4,450.75,0.818,1
12.3,29.3,1015.95,87.0,493.13,0.535,0
24.7,55.8,1008.42,81.4,466.44,0.699,1
34.4,39.1,1010.82,33.1,458.99,0.626,1
20.3,55.0,1006.2,46.8,479.79,0.487,0
2.3,39.5,1018.9,31.7,526.45,0.139,0
22.9,76.9,1013.35,90.6,461.52,0.726,1
35.5,74.5,1009.79,78.9,435.46,0.869,1
7.1,75.2,1012.76,56.9,501.42,0.341,0
20.5,37.6,1002.07,53.9,484.68,0.508,0
23.9,51.2,1032.15,95.2,468.61,0.742,1
32.6,77.5,1028.21,40.3,452.6,0.648,1
9.9,31.2,1010.79,84.6,503.27,0.479,0
33.1,40.1,1005.38,98.9,448.98,0.895,1
18.2,29.7,993.53,54.8,493.41,0.469,0
33.9,26.1,1014.75,95.9,466.64,0.857,1
1.9,81.1,1015.51,97.4,506.75,0.436,0
13.9,33.1,1004.33,45.6,499.53,0.374,0
33.6,30.6,1012.99,80.6,450.26,0.825,1
25.8,43.5,1030.73,53.0,474.01,0.583,0
27.5,31.3,1006.29,40.7,463.29,0.573,0
12.4,55.1,1024.09,55.5,500.74,0.394,0
23.2,53.2,1011.59,93.8,464.21,0.737,1
4.0,33.4,1026.61,89.7,516.01,0.41,0
36.3,51.9,1031.95,70.8,450.41,0.814,1
16.9,79.5,1030.46,98.5,471.59,0.673,1
25.3,66.8,1017.83,44.7,462.21,0.568,0
30.9,51.2,1018.87,61.6,462.2,0.696,1
14.8,32.1,1022.06,25.6,500.19,0.303,0
28.3,37.5,1017.19,55.0,465.0,0.636,1
29.9,59.6,1010.03,81.2,459.1,0.77,1
26.5,34.6,996.0,26.2,475.82,0.479,0
11.3,30.8,1009.54,47.2,504.83,0.342,0
23.3,38.9,997.39,27.4,481.54,0.438,0
22.2,81.0,996.1,75.2,468.81,0.643,1
23.2,64.1,1019.49,59.0,465.9,0.595,0
6.0,78.9,1030.28,76.8,496.76,0.418,0
8.3,59.0,1013.58,95.0,497.35,0.515,0
32.4,51.5,1022.81,72.7,448.23,0.784,1
27.4,75.4,996.83,92.9,454.73,0.798,1
29.7,74.8,1027.58,62.4,458.31,0.694,1
29.1,46.5,1027.94,29.2,469.86,0.531,0
11.9,59.7,1020.04,72.0,494.41,0.467,0
9.2,50.7,1010.41,71.9,494.17,0.438,0
27.0,72.6,1006.56,41.9,462.98,0.573,0
21.0,67.0,1005.25,99.3,465.46,0.734,1
30.5,59.6,1018.38,67.8,458.62,0.724,1
13.6,72.9,1023.61,57.4,490.81,0.435,0
29.5,57.7,1031.15,83.6,455.14,0.783,1
9.3,52.6,1025.49,61.1,502.14,0.381,0
11.3,36.2,997.16,38.9,505.15,0.307,0
30.9,64.7,1004.13,33.0,462.65,0.58,0
36.3,69.3,996.36,62.4,438.32,0.806,1
22.0,27.5,1010.95,63.0,479.4,0.571,0
10.0,77.5,1031.14,82.3,488.48,0.501,0
28.6,55.0,1022.28,86.4,454.85,0.785,1
3.2,70.1,1008.11,60.6,505.31,0.306,0
34.3,49.5,1014.39,68.2,453.66,0.777,1
24.2,71.8,1022.58,84.8,461.82,0.717,1
4.2,34.2,1011.33,43.0,522.9,0.211,0
18.0,27.3,1031.18,69.5,485.88,0.54,0
17.0,40.9,1021.29,48.7,487.68,0.443,0
33.5,28.4,999.39,96.0,448.63,0.889,1
15.4,70.1,1004.47,90.7,477.56,0.614,1
18.4,78.6,1021.36,54.8,468.47,0.522,0
30.9,60.9,998.85,80.1,454.42,0.785,1
7.7,25.9,993.75,98.7,504.36,0.509,0
31.2,47.3,1000.6,96.4,451.18,0.86,1
5.2,36.6,1001.32,90.0,503.98,0.448,0
29.1,77.1,1005.08,62.0,452.46,0.697,1
25.3,79.4,995.08,54.9,459.63,0.614,1
32.3,76.4,1010.53,62.2,445.34,0.747,1
12.7,79.2,1010.62,95.7,474.93,0.61,1
29.6,37.4,993.62,29.6,465.18,0.547,0
6.2,73.4,1020.81,30.8,508.26,0.214,0
34.5,64.3,1000.84,52.4,448.18,0.727,1
31.4,75.5,1007.92,72.3,448.5,0.772,1
3.0,26.9,1021.5,33.3,530.16,0.145,0
36.7,49.3,1028.16,93.7,441.17,0.93,1
28.2,32.4,1012.54,73.3,462.53,0.713,1
15.7,41.4,1018.42,84.6,483.81,0.58,0
14.8,68.2,1003.19,81.5,490.07,0.546,0
6.4,28.2,1011.07,36.8,519.57,0.218,0
7.1,65.9,1032.62,59.2,495.94,0.362,0
24.3,33.8,993.98,26.2,470.96,0.466,0
4.2,34.4,1022.75,70.5,518.18,0.331,0
28.4,56.4,1029.94,99.7,454.39,0.838,1
21.4,69.8,1013.75,46.4,476.38,0.504,0
14.1,54.4,1007.13,56.6,495.98,0.427,0
6.8,44.5,1024.17,38.1,513.25,0.239,0
11.4,47.8,997.33,54.8,495.72,0.391,0
31.7,57.3,1001.54,69.4,458.07,0.744,1
20.3,58.4,1016.01,97.2,474.17,0.701,1
12.7,65.5,1004.37,68.7,489.55,0.473,0
30.9,33.7,1016.62,42.3,466.57,0.61,1
16.6,53.1,1004.25,45.5,485.87,0.43,0
5.0,75.4,1032.64,43.9,503.86,0.262,0
19.8,74.4,1028.41,73.5,469.82,0.608,1
36.7,56.9,1003.86,92.8,440.54,0.927,1
8.5,58.9,993.37,92.5,497.44,0.507,0
6.4,60.4,1015.0,46.3,502.35,0.29,0
16.4,77.6,1032.79,94.1,473.52,0.647,1
5.9,29.9,1017.01,56.1,512.92,0.302,0
25.5,70.2,998.56,77.9,460.34,0.707,1
16.4,75.2,997.6,36.4,488.38,0.386,0
13.9,43.3,998.11,79.9,490.91,0.528,0
2.3,31.6,1022.05,79.6,511.61,0.361,0
27.1,40.8,1008.43,78.5,463.42,0.72,1
3.5,77.5,1009.47,69.9,504.09,0.349,0
27.3,36.7,997.98,33.9,472.28,0.526,0
27.7,54.5,1030.38,26.9,468.69,0.51,0
7.2,45.4,1022.51,34.7,513.23,0.23,0
31.4,81.0,1011.27,30.4,459.45,0.582,0
19.2,26.8,996.55,93.4,476.26,0.669,1
15.2,27.6,997.3,32.3,496.27,0.341,0
18.2,73.9,1027.69,81.8,479.25,0.605,1
15.5,51.9,1007.25,63.5,485.43,0.49,0
10.0,41.8,1018.31,71.2,499.66,0.434,0
9.2,32.2,1031.93,84.8,501.19,0.477,0
24.3,46.6,1032.69,37.5,478.7,0.495,0
4.1,77.1,1028.68,36.1,509.14,0.21,0
10.7,46.5,1002.52,86.2,489.88,0.521,0
15.0,45.0,1023.28,43.9,492.78,0.392,0
5.2,77.4,1019.13,95.3,503.91,0.47,0
2.8,53.7,1018.37,33.7,519.85,0.166,0
25.5,73.7,1016.67,91.6,460.5,0.761,1
12.1,52.5,1006.82,58.9,491.7,0.422,0
34.8,46.3,1001.71,36.1,455.21,0.65,1
22.6,55.2,1001.63,42.7,473.87,0.507,0
14.5,78.3,992.43,47.3,489.54,0.407,0
16.6,78.3,1012.08,67.8,476.64,0.537,0
36.6,64.4,1025.89,98.8,436.31,0.958,1
27.9,37.5,1030.46,70.9,464.53,0.696,1
25.6,67.0,1029.14,59.5,463.28,0.628,1
2.0,60.3,1003.88,44.9,520.93,0.199,0
4.6,77.2,1019.19,69.7,503.24,0.362,0
30.1,71.3,1024.51,69.0,451.71,0.738,1
8.0,65.3,995.84,53.2,499.08,0.341,0
5.2,26.7,1030.48,41.1,518.49,0.223,0
2.7,67.4,1017.96,92.4,512.38,0.414,0
4.6,64.8,1023.54,31.6,512.29,0.192,0
5.8,46.8,1012.85,71.0,512.7,0.361,0
7.8,63.6,1013.71,61.6,504.3,0.363,0
24.8,77.9,1010.81,37.9,463.71,0.533,0
23.5,40.6,994.53,32.4,475.9,0.471,0
2.1,53.3,996.12,81.2,500.44,0.387,0
16.6,26.5,1004.81,32.2,492.45,0.364,0
18.1,55.8,1028.31,37.2,488.67,0.408,0
30.6,57.7,1026.65,59.6,455.08,0.699,1
20.1,29.6,995.38,76.4,480.98,0.601,1
2.0,29.5,1018.59,78.1,522.4,0.329,0
10.6,40.5,996.85,87.4,491.87,0.521,0
8.1,75.2,1026.25,45.6,491.48,0.327,0
28.4,25.9,1013.17,80.8,464.3,0.742,1
7.6,80.1,1008.63,89.9,487.21,0.508,0
24.4,25.8,1023.53,80.0,480.48,0.663,1
21.8,36.4,1005.22,40.9,485.63,0.467,0
12.3,43.9,1031.51,79.4,495.82,0.499,0
18.8,68.6,1031.26,73.6,477.62,0.582,0
27.6,52.9,1012.12,91.0,456.36,0.79,1
2.3,31.3,997.1,39.2,521.53,0.178,0
21.2,74.8,1024.84,53.6,473.11,0.537,0
29.6,52.2,1023.88,56.8,459.73,0.668,1
1.9,44.7,1030.34,53.4,516.81,0.24,0
36.2,64.4,996.18,47.8,445.02,0.733,1
3.5,78.1,993.27,64.4,505.89,0.324,0
4.8,53.1,1014.42,84.3,509.76,0.41,0
6.2,75.0,1021.22,76.9,497.22,0.421,0
16.2,67.8,994.39,38.1,484.97,0.398,0
32.2,35.9,1009.96,35.5,458.61,0.612,1
8.0,34.2,1004.92,41.0,519.26,0.252,0
32.8,57.0,1020.09,47.4,452.7,0.679,1
29.5,67.2,993.99,91.7,456.42,0.813,1
2.6,30.6,993.21,43.1,520.09,0.201,0
15.4,26.5,995.94,35.2,496.34,0.354,0
17.1,77.9,1029.99,99.1,474.08,0.673,1
25.9,53.0,1022.02,58.0,466.12,0.62,1
24.6,72.8,1012.51,36.1,471.1,0.508,0
12.1,35.6,1021.2,96.4,495.64,0.566,0
32.2,57.8,1015.5,39.1,455.19,0.634,1
34.6,66.9,1021.29,98.4,444.19,0.919,1
7.0,35.0,1003.84,97.8,504.09,0.499,0
34.0,72.6,1010.31,28.1,449.98,0.62,1
29.8,68.7,1025.99,67.3,458.43,0.715,1
8.6,36.0,1008.83,50.8,508.82,0.318,0
2.1,26.9,1010.02,66.9,512.4,0.306,0
5.3,69.6,1032.54,41.7,509.93,0.244,0
3.5,38.1,999.61,49.3,520.62,0.233,0
34.1,64.5,1023.84,88.9,446.09,0.872,1
16.9,55.1,1024.01,98.7,481.14,0.656,1
21.2,53.5,1011.27,75.7,479.7,0.612,1
30.9,72.2,1010.29,60.5,457.44,0.701,1
12.3,77.8,997.65,68.9,484.22,0.48,0
36.2,71.3,1029.12,60.0,450.64,0.77,1
24.2,61.2,1032.77,82.7,464.58,0.704,1
5.2,33.6,1027.89,41.8,514.64,0.234,0
19.7,40.1,998.11,94.1,481.93,0.665,1
19.1,75.7,997.48,97.8,467.71,0.702,1
21.5,41.2,1022.3,51.8,480.51,0.519,0
25.9,60.9,993.17,54.4,465.05,0.607,1
32.9,44.2,1002.61,93.3,455.6,0.857,1
4.2,47.2,1018.65,37.1,516.25,0.201,0
12.3,65.2,1028.83,49.7,498.77,0.374,0
25.8,61.7,1008.69,98.7,463.69,0.786,1
30.0,33.2,1018.6,57.8,469.49,0.657,1
24.7,51.1,1016.7,62.4,470.66,0.615,1
4.6,26.9,1012.17,40.7,521.29,0.21,0
10.9,76.8,1000.3,95.5,487.69,0.564,0
26.1,73.2,1020.17,91.8,454.99,0.78,1
7.6,63.7,1023.81,39.5,502.13,0.276,0
4.7,61.1,1003.0,98.3,505.76,0.472,0
3.2,40.2,1013.13,71.5,512.48,0.336,0
3.8,46.9,1019.16,42.7,513.21,0.226,0
31.4,74.3,1016.93,99.1,441.23,0.893,1
3.0,62.2,1019.75,29.0,515.14,0.158,0
34.5,35.5,1013.92,27.2,461.43,0.599,0
10.3,28.0,1009.69,100.0,496.18,0.559,0
18.6,36.7,1021.04,36.3,493.19,0.4,0
32.6,80.3,1014.67,66.3,443.07,0.771,1
22.6,63.0,1026.46,65.2,466.21,0.613,1
8.8,73.9,1021.23,65.8,498.06,0.402,0
12.8,50.3,993.51,40.9,494.39,0.353,0
33.7,34.8,1003.02,48.7,457.47,0.684,1
11.5,49.6,1010.6,30.2,497.73,0.289,0
34.1,73.1,992.91,29.5,451.01,0.624,1
7.6,39.4,1018.7,53.2,503.09,0.329,0
3.6,34.4,998.8,93.3,517.63,0.417,0
30.6,68.1,1023.59,71.4,458.16,0.74,1
31.5,27.8,992.49,97.1,455.99,0.857,1
24.3,43.2,1013.9,66.1,470.15,0.626,1
11.5,75.0,1030.76,79.9,483.55,0.517,0
20.9,63.6,996.32,55.6,475.37,0.538,0
18.1,56.8,1021.31,51.1,481.22,0.478,0
29.0,71.2,1001.58,77.0,451.79,0.758,1
11.3,53.2,999.16,73.9,497.03,0.464,0
28.7,41.1,1001.7,86.1,464.82,0.765,1
34.5,59.8,1019.72,42.5,445.27,0.693,1
36.7,66.4,1010.52,53.9,441.95,0.769,1
26.7,63.6,1000.34,50.5,460.86,0.609,1
34.6,61.6,1023.46,30.0,451.11,0.632,1
3.2,55.1,1010.06,49.9,516.1,0.242,0
34.4,35.3,1017.03,35.4,461.11,0.631,1
31.5,69.5,1008.65,94.8,449.88,0.859,1
8.6,41.6,1024.74,80.2,505.15,0.443,0
10.2,46.1,1009.92,89.8,496.48,0.516,0
36.0,56.0,1021.86,88.1,442.65,0.897,1
22.9,54.8,1008.36,58.6,470.35,0.581,0
30.8,46.4,1031.42,36.9,467.05,0.587,0
14.0,73.7,1015.02,58.6,481.33,0.463,0
29.7,39.9,1028.32,44.6,465.08,0.609,1
2.6,46.8,997.57,89.6,514.67,0.397,0
4.2,43.5,1004.37,49.3,513.42,0.256,0
22.1,72.3,1017.58,44.7,468.81,0.52,0
1.8,62.2,997.57,32.4,517.65,0.154,0
6.4,80.7,1030.99,91.3,497.26,0.48,0
33.7,36.6,996.11,83.0,454.27,0.828,1
24.8,78.7,1002.39,71.1,460.41,0.672,1
6.2,59.5,1001.01,78.9,508.85,0.405,0
27.0,31.4,1009.29,40.4,468.0,0.557,0
4.6,64.0,1021.07,45.5,509.55,0.252,0
20.7,74.2,1013.47,80.5,466.66,0.652,1
13.3,29.1,1021.42,77.1,492.34,0.507,0
24.1,54.1,999.82,52.9,466.81,0.578,0
10.4,60.2,1008.88,87.4,498.46,0.505,0
36.4,43.2,1021.66,30.5,449.95,0.655,1
17.2,47.4,1001.01,72.2,486.16,0.543,0
21.7,35.1,1010.37,94.4,478.33,0.696,1
33.9,26.6,1010.22,35.0,465.15,0.617,1
15.3,47.2,1000.22,75.3,492.22,0.522,0
28.7,55.0,999.69,38.6,471.56,0.561,0
6.7,76.1,995.27,87.1,486.53,0.488,0
8.8,59.6,1020.06,94.0,495.39,0.52,0
11.2,31.2,995.53,69.7,499.84,0.44,0
26.2,67.3,995.99,61.7,464.49,0.641,1
35.9,71.7,993.7,49.6,439.7,0.747,1
9.7,29.9,996.14,92.7,498.95,0.518,0
32.0,53.3,1028.09,67.3,453.07,0.749,1
18.2,64.5,1012.53,92.1,478.98,0.647,1
26.0,62.1,1018.52,66.6,468.57,0.65,1
23.4,41.2,1022.49,69.1,474.9,0.62,1
14.4,54.3,996.25,60.6,495.71,0.446,0
19.4,69.4,1023.77,39.8,479.97,0.449,0
2.1,74.4,998.28,61.1,518.38,0.271,0
33.1,26.4,1008.44,31.2,457.41,0.608,1
32.6,41.6,1003.82,36.3,460.9,0.615,1
16.4,60.0,992.74,59.5,483.97,0.487,0
32.6,57.9,1009.92,95.1,452.1,0.869,1
31.4,79.0,1005.99,61.5,446.61,0.733,1
29.7,48.5,1012.24,57.9,463.82,0.665,1
14.0,71.9,1012.95,90.4,479.44,0.594,0
25.6,31.5,1030.3,34.3,478.06,0.498,0
4.6,46.0,1009.36,31.3,515.27,0.185,0
22.1,36.6,1024.8,47.8,480.73,0.508,0
25.9,78.6,1030.54,89.1,460.26,0.756,1
27.2,69.1,1009.39,44.3,465.56,0.58,0
26.6,43.6,1029.04,79.9,465.84,0.716,1
16.6,37.1,1020.5,73.9,494.72,0.525,0
22.4,63.4,996.98,75.2,461.58,0.66,1
17.9,72.6,1000.61,46.8,482.58,0.455,0
33.3,36.2,995.93,96.4,458.18,0.87,1
36.2,75.6,1000.73,30.9,456.65,0.641,1
29.6,73.0,1003.05,88.9,451.25,0.813,1
23.7,31.1,1016.08,86.7,477.05,0.689,1
12.0,69.0,997.62,61.4,489.2,0.437,0
23.5,62.9,1015.63,78.4,462.6,0.683,1
16.8,64.7,1016.03,42.6,489.9,0.413,0
25.6,28.0,1013.02,33.9,470.08,0.512,0
7.2,78.6,1021.1,72.9,496.57,0.417,0
2.0,80.6,1027.54,87.8,503.11,0.407,0
4.9,43.1,1007.57,92.4,508.92,0.445,0
17.3,47.9,1017.6,27.7,498.52,0.341,0
34.8,72.9,1024.05,48.6,448.97,0.713,1
34.5,31.9,1029.99,30.6,456.56,0.622,1
10.3,70.2,1005.2,86.9,495.25,0.509,0
13.8,67.9,1007.18,48.2,494.12,0.394,0
11.9,63.4,993.21,43.2,492.04,0.357,0
34.2,64.9,1015.32,65.2,445.21,0.78,1
34.9,75.2,1022.37,25.8,453.16,0.614,1
36.0,59.4,1011.38,88.3,440.34,0.902,1
29.0,32.1,1005.42,89.8,458.64,0.795,1
18.2,71.4,1013.45,36.4,488.69,0.405,0
31.5,29.7,1020.32,67.1,457.83,0.734,1
21.0,77.9,1016.99,48.4,469.33,0.522,0
6.8,49.0,1015.24,99.5,502.07,0.508,0
9.3,59.7,1002.81,44.5,499.59,0.32,0
25.7,61.4,997.77,88.2,461.54,0.747,1
6.4,34.2,1000.78,77.3,513.32,0.391,0
11.7,71.3,1030.9,46.2,495.06,0.361,0
20.2,49.5,993.59,36.4,482.23,0.439,0
31.1,43.7,1025.13,46.0,467.68,0.625,1
26.1,42.4,1009.91,82.6,460.66,0.731,1
3.9,37.0,1003.28,80.6,512.27,0.381,0
22.3,56.4,1016.32,65.6,470.32,0.603,1
8.7,73.5,1000.55,87.9,486.84,0.512,0
16.8,51.5,994.98,31.7,490.54,0.367,0
21.6,69.0,1030.98,51.4,475.25,0.529,0
36.2,55.8,1023.51,72.9,444.41,0.834,1
17.9,65.6,993.63,60.3,473.31,0.528,0
33.6,31.9,1030.07,67.2,455.18,0.761,1
24.2,60.1,1021.8,72.1,472.45,0.645,1
17.8,62.9,1002.65,27.4,488.07,0.366,0
9.3,43.6,1000.6,68.2,502.42,0.409,0
7.4,47.2,1011.18,48.0,510.26,0.292,0
30.0,78.9,1012.34,48.4,455.09,0.648,1
22.8,41.8,1007.23,56.2,470.86,0.57,0
3.6,47.9,1023.01,92.7,509.61,0.431,0
36.2,69.1,1005.76,96.8,432.36,0.954,1
28.8,75.0,997.52,91.0,448.6,0.817,1
14.2,54.4,1004.58,44.2,485.46,0.399,0
34.2,39.5,1003.5,75.0,448.01,0.814,1
23.4,68.1,1022.96,54.7,473.71,0.565,0
9.0,61.2,1030.24,75.2,499.35,0.44,0
33.9,69.4,1028.11,44.2,450.8,0.682,1
12.3,45.1,1003.22,39.6,500.76,0.33,0
7.2,45.5,1032.63,39.4,520.77,0.234,0
16.0,44.1,1011.14,40.6,490.65,0.394,0
26.7,41.4,1030.25,79.6,468.06,0.711,1
34.4,56.7,1010.04,46.7,449.93,0.699,1
35.0,64.3,1030.74,69.7,447.11,0.803,1
4.0,59.9,1029.98,71.0,511.3,0.345,0
21.8,74.6,1008.33,99.4,471.53,0.73,1
18.3,76.0,1011.03,42.8,478.63,0.452,0
26.9,31.2,1017.96,74.2,463.31,0.701,1
13.0,67.4,1024.7,28.5,493.62,0.307,0
34.5,64.6,1029.37,32.1,450.01,0.641,1
17.7,70.8,997.14,41.4,478.5,0.44,0
23.6,26.2,1031.62,62.1,482.37,0.578,0
15.1,32.7,1020.91,60.6,492.55,0.461,0
23.2,50.9,1018.08,96.3,472.51,0.73,1
26.9,75.0,1010.3,51.8,463.18,0.612,1
31.5,56.3,994.78,77.1,448.95,0.791,1
26.0,40.1,998.24,35.3,488.1,0.486,0
23.3,78.6,999.55,46.4,461.92,0.554,0
8.2,64.6,1022.78,85.4,501.92,0.467,0
22.1,30.4,994.55,76.9,473.74,0.639,1
17.3,57.5,1023.54,34.0,486.12,0.391,0
32.7,80.5,1006.95,26.5,457.07,0.586,0
27.7,66.7,1015.4,75.2,455.89,0.728,1
27.2,40.1,1015.67,31.0,473.62,0.511,0
33.2,48.0,1020.88,70.8,452.79,0.776,1
36.1,56.3,1028.56,28.6,453.6,0.637,1
25.7,50.3,1011.18,79.3,465.27,0.705,1
29.2,58.2,1023.69,40.8,463.26,0.592,0
24.5,46.8,1009.51,40.5,478.56,0.509,0
5.9,74.0,1028.86,82.4,502.5,0.428,0
37.0,60.9,1028.68,85.8,446.83,0.889,1
30.7,68.9,992.93,65.4,450.92,0.732,1
26.4,48.1,1031.05,38.2,469.13,0.54,0
4.2,32.0,994.84,55.6,506.63,0.295,0
19.5,75.1,1026.45,41.8,468.81,0.481,0
8.1,33.5,1000.69,75.2,504.08,0.42,0
13.1,51.7,1009.79,34.6,498.32,0.323,0
23.7,81.4,1004.7,31.1,465.82,0.489,0
30.1,53.1,1025.98,88.7,454.92,0.81,1
30.8,47.3,1028.2,47.0,468.41,0.624,1
31.8,67.2,1026.93,55.6,454.58,0.697,1
27.1,55.9,1021.96,86.3,469.82,0.738,1
18.0,45.0,1020.01,49.4,486.68,0.459,0
19.2,58.9,1026.07,73.0,483.89,0.571,0
35.0,66.5,1027.45,80.9,440.38,0.861,1
25.9,33.6,1029.82,37.1,483.68,0.501,0
29.1,63.8,1016.68,35.2,459.97,0.576,0
6.8,63.7,1003.62,77.2,504.17,0.414,0
31.8,30.2,1025.08,70.8,460.84,0.745,1
15.5,35.3,1026.2,55.5,493.95,0.442,0
30.8,35.5,1030.98,69.2,465.54,0.719,1
12.3,50.1,1001.91,26.0,503.18,0.271,0
29.8,52.9,1019.97,65.6,454.35,0.716,1
13.2,72.4,997.56,98.9,479.19,0.62,1
22.2,65.8,992.04,78.3,469.43,0.655,1
10.9,69.1,1023.35,91.5,493.52,0.537,0
23.5,31.4,1017.79,39.4,480.19,0.491,0
18.6,65.9,1032.52,34.5,486.98,0.405,0
35.1,81.2,1019.33,91.4,437.38,0.91,1
18.6,67.5,1011.0,55.3,474.43,0.513,0
25.4,37.1,1002.81,74.4,472.75,0.666,1
16.4,71.3,1016.4,95.7,476.72,0.646,1
5.4,72.3,1006.1,45.7,505.3,0.271,0
31.3,27.6,1021.43,30.9,468.04,0.566,0
13.5,47.6,1024.07,87.2,491.01,0.553,0
29.6,44.2,998.68,88.2,454.03,0.805,1
5.3,32.6,1032.49,33.9,521.24,0.19,0
12.2,29.4,1016.76,30.6,502.82,0.288,0
33.2,80.6,1000.52,27.7,448.49,0.612,1
14.1,55.6,1002.56,80.5,489.82,0.534,0
36.1,35.3,1004.28,81.3,452.12,0.851,1
10.5,74.2,1012.03,45.5,487.42,0.361,0
34.9,74.5,995.01,54.7,449.71,0.737,1
3.7,38.5,1014.27,81.5,511.7,0.382,0
31.6,74.1,1000.65,40.5,456.37,0.631,1
12.3,59.3,1012.29,85.6,500.02,0.515,0
12.1,56.6,1002.78,74.2,489.04,0.49,0
8.7,52.2,1012.66,98.7,500.12,0.529,0
35.9,36.5,1002.78,53.3,450.09,0.741,1
14.4,80.2,1029.78,95.6,470.52,0.637,1
4.8,64.1,998.08,60.9,509.74,0.316,0
33.9,73.5,995.7,45.8,447.29,0.695,1
30.1,67.4,1014.64,47.2,460.33,0.634,1
11.2,73.2,1013.9,57.5,489.15,0.413,0
18.5,75.6,1023.31,75.2,471.31,0.598,0
29.2,78.7,1012.39,48.6,462.54,0.625,1
15.9,31.4,1000.72,49.7,491.58,0.428,0
4.0,74.0,1024.63,88.6,500.15,0.438,0
12.0,35.1,1032.98,97.1,496.55,0.565,0
29.3,39.7,1012.75,77.0,460.06,0.744,1
3.2,41.0,1025.45,41.4,521.17,0.198,0
23.0,77.1,1009.81,49.1,465.35,0.554,0
9.0,48.4,992.85,26.6,505.38,0.233,0
28.7,29.9,1024.83,74.0,464.06,0.718,1
30.2,72.9,1009.65,50.8,462.78,0.643,1
8.5,33.5,1010.18,72.2,499.05,0.422,0
16.7,64.7,1016.99,44.2,485.03,0.427,0
6.2,75.2,1008.81,32.6,515.43,0.207,0
19.3,50.1,996.82,42.9,483.78,0.452,0
25.3,45.9,1010.66,44.2,472.34,0.546,0
34.1,53.6,1029.02,68.7,442.38,0.799,1
23.0,26.6,1029.64,50.7,484.02,0.524,0
21.7,27.4,1004.49,99.3,476.08,0.719,1
6.2,55.6,1000.25,52.9,500.29,0.318,0
11.4,60.2,1023.17,33.5,508.72,0.28,0
29.5,39.0,1018.71,37.1,471.8,0.564,0
15.1,62.7,1032.08,77.9,486.64,0.541,0
36.6,70.4,1026.55,36.2,447.9,0.684,1
27.7,40.0,1020.76,41.8,472.94,0.561,0
13.4,74.3,992.25,46.7,494.64,0.382,0
22.7,63.8,1000.73,48.4,466.35,0.547,0
28.6,45.1,1026.66,78.8,464.89,0.734,1
6.9,32.9,1003.57,47.8,513.5,0.279,0
12.8,36.5,1029.07,87.0,491.36,0.543,0
10.6,61.6,994.39,35.7,494.51,0.308,0
10.4,72.8,1001.0,78.6,493.9,0.479,0
20.0,79.5,993.92,66.2,466.2,0.589,0
12.3,30.2,999.31,93.3,498.24,0.549,0
10.1,35.3,999.62,39.5,509.22,0.288,0
35.9,62.3,1029.33,77.8,439.1,0.861,1
15.6,55.8,1018.66,96.1,477.05,0.639,1
12.9,67.9,1002.84,39.5,495.53,0.346,0
28.3,63.1,1003.26,95.2,461.59,0.803,1
15.3,56.7,1004.27,57.4,488.25,0.458,0
27.6,25.6,1014.1,72.5,475.39,0.678,1
15.2,51.0,1018.77,65.2,481.5,0.502,0
36.0,25.9,1013.25,78.8,450.15,0.844,1
35.1,73.3,1021.13,38.4,444.63,0.684,1
10.7,53.9,1020.37,34.3,496.47,0.301,0
4.0,53.9,1024.13,39.5,509.88,0.222,0
16.1,62.5,1009.42,92.8,474.43,0.637,1
9.1,57.9,993.69,75.3,489.03,0.461,0
35.7,70.3,1031.04,34.8,447.81,0.669,1
29.9,31.5,993.86,42.4,468.88,0.595,0
28.7,50.8,999.56,81.3,462.04,0.752,1
23.3,63.4,1031.54,54.7,474.63,0.562,0
8.6,34.1,1022.98,55.6,503.62,0.348,0
19.1,65.0,1013.52,96.9,481.12,0.672,1
16.2,79.5,994.26,52.9,476.69,0.474,0
31.3,50.0,1014.12,35.6,464.4,0.592,0
10.4,54.8,1031.31,85.6,491.45,0.512,0
13.9,71.4,1007.16,59.9,480.74,0.469,0
16.3,64.8,1030.28,58.4,493.78,0.463,0
12.9,25.5,1029.16,29.8,499.89,0.299,0
6.0,47.2,997.53,50.6,509.59,0.288,0
18.6,70.1,1012.77,61.7,477.12,0.534,0
32.8,39.5,1026.13,87.3,454.36,0.835,1
17.9,44.3,1016.43,89.6,482.34,0.627,1
25.6,76.0,1019.17,30.0,471.77,0.493,0
6.9,43.3,993.88,85.0,499.15,0.456,0
5.6,73.4,1014.84,61.7,507.68,0.332,0
15.1,43.8,1017.09,58.5,489.02,0.459,0
16.9,66.1,998.11,75.6,475.03,0.575,0
14.8,45.3,992.86,77.1,493.67,0.521,0
8.7,44.2,1019.66,41.3,508.78,0.281,0
27.5,44.1,1005.56,67.6,467.88,0.672,1
23.8,77.0,1012.89,54.5,459.7,0.596,0
2.9,60.8,1020.56,55.2,509.9,0.272,0
26.8,64.6,1013.64,44.9,463.76,0.582,0
30.3,29.2,1027.13,77.5,459.98,0.757,1
23.0,40.7,993.55,39.8,478.77,0.49,0
27.9,71.9,1006.87,92.6,466.44,0.779,1
8.4,41.7,1029.5,85.1,506.72,0.457,0
19.9,74.6,1002.47,87.6,470.34,0.665,1
21.6,30.7,1019.25,68.5,478.77,0.59,0
31.4,72.1,1017.19,47.3,454.83,0.658,1
19.2,37.2,1008.55,96.0,477.74,0.677,1
25.3,62.1,1030.68,50.5,473.34,0.569,0
9.7,37.6,1010.4,55.7,502.5,0.363,0
34.6,44.0,1014.41,50.4,457.8,0.7,1
33.5,31.6,1007.52,59.3,460.2,0.719,1
36.1,71.2,1032.22,62.3,445.15,0.789,1
22.4,38.1,1009.6,87.2,471.67,0.688,1
16.8,49.5,998.83,66.8,481.44,0.526,0
6.4,40.1,1011.23,40.9,512.3,0.248,0
34.0,65.0,1020.39,33.7,450.51,0.641,1
19.3,37.7,997.38,44.6,489.26,0.448,0
24.9,28.2,1009.57,72.4,477.33,0.645,1
21.0,37.4,1002.1,48.4,477.4,0.506,0
27.1,58.5,1015.93,90.7,460.07,0.776,1
13.4,62.4,1024.41,90.1,483.64,0.578,0
18.3,37.9,1002.93,89.3,487.67,0.62,1
5.1,54.0,997.87,38.4,503.08,0.243,0
13.4,31.2,1001.15,94.3,489.8,0.582,0
24.7,37.4,1007.18,37.6,471.92,0.513,0
22.6,52.2,1017.21,35.0,480.56,0.463,0
33.2,79.8,1019.53,27.7,455.0,0.6,1
37.1,30.7,1009.0,88.6,446.47,0.903,1
12.1,54.8,1010.87,72.2,491.77,0.477,0
29.5,80.5,1001.28,58.8,447.0,0.7,1
10.8,64.8,1019.97,97.6,489.75,0.568,0
4.8,79.4,1032.3,96.9,500.44,0.479,0
8.5,49.6,1008.23,43.1,507.78,0.288,0
18.4,61.2,998.98,98.0,471.2,0.688,1
6.5,52.0,1003.2,59.0,508.15,0.33,0
16.0,66.4,1023.17,38.3,484.98,0.396,0
6.3,64.0,1008.32,88.5,498.08,0.467,0
27.6,59.4,1011.65,45.8,475.53,0.57,0
25.1,79.0,1014.57,72.4,461.5,0.678,1
30.7,36.9,1021.97,67.3,455.86,0.729,1
16.1,60.6,1025.87,91.5,482.54,0.615,1
6.2,56.4,1017.86,52.5,505.07,0.306,0
24.9,63.2,1016.02,86.0,461.04,0.731,1
22.3,55.3,998.64,90.7,471.38,0.701,1
2.5,39.8,1021.28,97.1,510.8,0.433,0
4.9,69.1,1009.07,51.2,507.03,0.284,0
14.6,51.0,995.17,54.2,491.91,0.431,0
27.7,57.6,995.5,95.6,455.77,0.81,1
33.3,42.7,1021.75,57.8,454.44,0.722,1
31.3,65.0,1001.85,81.5,443.04,0.818,1
29.0,66.2,1022.42,55.9,455.81,0.666,1
3.0,36.0,1006.82,99.6,509.9,0.451,0
33.7,33.1,1015.98,75.4,461.66,0.783,1
29.5,69.3,994.13,96.1,454.84,0.834,1
26.2,27.1,1006.41,73.5,473.92,0.669,1
21.0,41.8,995.4,74.8,474.38,0.618,1
7.1,60.6,1011.66,81.6,498.3,0.446,0
23.6,65.6,1014.26,89.8,458.67,0.737,1
3.0,55.6,1027.31,80.4,504.74,0.385,0
5.2,39.3,1024.86,39.0,524.92,0.202,0
13.7,57.5,992.71,42.1,497.26,0.362,0
7.6,77.8,1022.19,28.1,507.97,0.218,0
35.2,47.5,1010.2,72.9,451.63,0.809,1
6.7,64.0,1005.98,45.4,507.06,0.281,0
17.0,61.9,1000.12,33.4,489.65,0.379,0
27.7,30.0,1017.31,29.1,474.02,0.508,0
15.3,54.1,1016.82,83.1,487.62,0.563,0
22.1,43.9,1009.84,92.0,471.01,0.705,1
35.0,49.4,996.7,81.0,447.22,0.848,1
24.9,53.8,1007.07,93.7,462.23,0.759,1
14.1,36.9,1014.49,25.6,494.63,0.305,0
13.1,55.9,1022.97,75.0,490.21,0.501,0
5.5,53.1,1010.04,58.4,501.77,0.329,0
24.9,79.2,1024.16,73.8,467.81,0.669,1
2.3,34.8,995.7,83.3,518.17,0.362,0
17.7,42.1,1031.77,97.8,478.24,0.666,1
12.3,63.9,994.26,48.1,491.98,0.381,0
10.1,66.3,1030.72,54.5,498.42,0.37,0
28.7,26.2,1009.25,59.4,469.6,0.649,1
3.8,79.8,1022.08,60.8,508.03,0.308,0
26.1,78.3,1008.93,59.0,465.17,0.627,1
24.9,39.0,1010.86,31.5,475.42,0.485,0
31.5,45.3,1002.62,45.4,460.33,0.641,1
3.6,47.9,1004.01,95.1,509.12,0.442,0
10.7,47.4,1007.82,36.5,508.23,0.286,0
32.1,66.3,1000.45,36.9,458.36,0.618,1
12.2,69.6,1027.77,28.3,496.92,0.291,0
34.1,73.6,992.1,79.1,440.04,0.844,1
32.6,55.3,1021.2,63.7,465.58,0.716,1
14.9,38.7,996.12,76.9,494.41,0.52,0
22.1,50.5,1023.63,61.6,476.0,0.573,0
20.7,35.6,1000.09,89.0,469.91,0.68,1
32.7,78.2,1032.67,82.8,453.39,0.818,1
14.9,48.5,1009.02,85.0,492.2,0.557,0
12.1,53.7,1005.46,44.5,502.31,0.344,0
27.4,67.7,992.46,66.5,467.89,0.667,1
3.1,67.2,1021.86,82.8,506.94,0.391,0
15.4,36.0,1022.47,80.4,492.1,0.544,0
14.9,31.4,1008.47,97.4,493.6,0.603,1
22.9,60.8,993.48,62.0,469.25,0.597,0
4.8,62.1,1018.71,26.3,508.63,0.18,0
27.9,72.5,1015.02,94.0,455.95,0.806,1
29.5,66.9,993.64,69.7,452.18,0.734,1
21.2,29.5,996.62,91.2,475.17,0.683,1
16.2,67.5,1007.42,76.4,475.77,0.569,0
21.4,39.7,1008.02,29.1,486.55,0.415,0
6.3,81.3,1024.89,50.8,497.79,0.316,0
31.9,27.0,996.89,28.4,466.59,0.565,0
28.7,66.6,997.15,32.5,461.39,0.557,0
20.8,55.1,1025.77,28.3,490.54,0.397,0
10.9,79.4,993.23,29.5,499.99,0.276,0
20.7,59.8,1028.47,57.4,477.49,0.539,0
25.8,69.0,1032.77,38.0,468.58,0.534,0
16.7,70.8,1013.91,97.1,476.94,0.655,1
26.4,52.1,993.55,35.7,460.76,0.547,0
31.7,79.0,1013.44,86.6,450.59,0.828,1
21.0,77.9,1017.0,86.8,467.18,0.68,1
7.3,58.0,1026.84,28.4,508.6,0.215,0
3.5,59.1,1001.63,47.1,510.35,0.246,0
17.2,72.7,1025.57,87.0,477.46,0.619,1
27.1,46.2,1025.47,46.4,473.01,0.572,0
4.8,37.1,1020.54,50.2,521.53,0.25,0
21.4,37.5,1022.2,59.5,486.88,0.536,0
30.4,70.4,1012.73,42.6,460.53,0.618,1
17.8,61.3,1000.22,36.0,483.69,0.409,0
34.2,68.8,1017.93,76.6,445.4,0.825,1
29.4,74.8,1007.66,92.3,447.11,0.833,1
13.6,49.8,1019.65,62.1,496.61,0.442,0
11.8,51.5,1032.56,75.9,496.33,0.478,0
8.9,76.4,1011.43,63.0,492.88,0.403,0
6.2,70.2,1021.85,41.6,509.75,0.254,0
29.5,66.6,1010.8,90.2,453.11,0.813,1
5.7,35.1,1021.49,50.8,514.39,0.276,0
2.6,78.0,1018.73,69.7,506.64,0.334,0
22.8,30.2,1023.45,29.5,483.1,0.438,0
9.9,34.1,1012.71,41.7,506.25,0.301,0
34.6,45.6,1027.03,28.8,452.55,0.624,1
13.7,61.5,1018.19,77.4,487.92,0.522,0
22.2,32.6,1005.5,53.6,478.67,0.537,0
8.3,58.2,1012.68,51.0,495.34,0.343,0
22.0,62.5,1023.89,84.5,467.01,0.682,1
17.3,50.9,992.78,29.0,495.62,0.351,0
7.6,52.0,1017.54,77.7,505.81,0.421,0
31.3,58.8,1007.46,74.8,454.73,0.768,1
13.6,70.1,1019.0,100.0,484.11,0.618,1
6.6,39.0,1017.86,44.9,510.99,0.269,0
23.0,57.9,1031.44,26.4,475.64,0.443,0
25.6,51.4,1020.58,63.2,468.33,0.632,1
27.0,67.1,1005.51,81.2,457.83,0.741,1
25.2,42.0,1011.44,89.0,467.48,0.734,1
7.2,35.4,1020.82,50.4,510.34,0.298,0
4.7,51.2,1024.46,37.5,509.43,0.221,0
29.1,29.7,995.78,76.3,457.76,0.745,1
35.0,56.8,1009.11,51.6,442.9,0.739,1
34.7,29.6,1027.84,40.8,461.5,0.655,1
7.9,72.1,1015.22,77.4,488.47,0.458,0
4.4,72.9,1031.72,59.9,514.92,0.297,0
33.3,40.4,998.32,56.3,460.49,0.704,1
28.5,45.1,1001.59,96.0,455.75,0.82,1
33.3,75.7,1013.97,66.4,449.94,0.765,1
24.2,40.7,1028.73,36.5,470.65,0.506,0
18.6,50.3,1014.88,48.6,483.45,0.469,0
4.4,50.0,1032.02,91.2,512.63,0.427,0
33.4,43.0,999.59,32.0,462.46,0.604,1
4.4,49.1,1010.61,49.0,511.11,0.261,0
10.1,60.8,1002.93,54.7,492.99,0.383,0
26.6,58.7,1013.26,75.3,464.78,0.7,1
13.3,40.3,1018.27,89.1,495.12,0.55,0
6.6,75.0,1023.13,26.6,508.65,0.2,0
14.2,43.9,999.98,69.2,494.7,0.481,0
12.5,56.8,1022.24,82.2,492.3,0.519,0
21.4,36.7,1030.26,31.3,484.55,0.428,0
4.8,56.9,1018.57,55.3,512.05,0.289,0
29.7,46.7,996.83,30.1,459.49,0.562,0
27.5,81.1,1005.79,97.4,446.88,0.833,1
8.0,76.4,996.21,70.0,499.08,0.408,0
8.2,38.5,1032.92,63.7,503.83,0.375,0
3.4,70.3,1007.48,59.9,506.27,0.303,0
28.4,34.0,1018.43,67.3,465.12,0.686,1
24.2,74.8,1006.09,59.9,459.36,0.623,1
8.6,38.7,1022.56,47.7,509.58,0.305,0
19.7,57.7,1026.38,52.9,477.26,0.511,0
2.9,39.2,1014.96,42.6,522.91,0.195,0
25.7,71.5,997.41,81.1,459.92,0.722,1
19.6,62.4,1018.9,65.7,475.89,0.563,0
34.4,36.8,997.26,52.4,455.77,0.71,1
3.6,58.9,1027.13,89.2,503.55,0.429,0
23.7,49.5,1019.63,34.9,478.03,0.479,0
26.2,35.8,1025.29,86.2,466.48,0.735,1
35.7,70.3,998.47,96.7,436.9,0.939,1
13.7,70.3,1027.98,31.6,493.68,0.327,0
22.1,45.5,998.69,79.9,478.81,0.64,1
9.5,64.7,994.44,32.5,496.79,0.279,0
35.3,32.5,1032.59,53.9,453.37,0.73,1
8.8,35.1,996.78,97.0,502.58,0.518,0
20.6,34.9,992.01,78.8,484.3,0.609,1
18.1,41.7,1015.19,93.3,480.05,0.649,1
11.1,36.1,1022.78,75.3,497.78,0.465,0
25.6,26.8,995.34,32.4,476.3,0.494,0
29.8,41.2,1027.29,51.0,463.28,0.64,1
27.9,43.7,1010.61,44.0,469.07,0.58,0
10.1,63.7,1019.35,57.1,495.49,0.386,0
18.0,29.7,1028.87,77.7,491.03,0.564,0
2.5,42.8,1029.43,46.6,516.54,0.22,0
25.4,74.4,1021.66,46.9,467.17,0.568,0
13.8,25.8,1019.52,52.6,502.23,0.395,0
35.3,61.3,993.27,40.9,447.61,0.69,1
31.5,53.2,1001.53,51.6,451.08,0.685,1
36.7,75.5,1018.69,41.6,442.66,0.718,1
25.2,62.2,1012.25,37.6,470.42,0.522,0
36.1,32.5,1010.47,70.1,455.82,0.799,1
2.4,26.8,996.45,43.3,520.64,0.197,0
22.5,76.3,1010.35,76.0,463.21,0.661,1
28.7,48.5,1027.36,37.2,466.8,0.566,0
34.5,39.4,1024.89,46.2,454.59,0.688,1
32.9,55.9,1022.83,55.0,457.17,0.702,1
13.3,70.4,1000.39,32.5,494.12,0.325,0
33.6,35.9,1028.38,59.5,460.88,0.72,1
10.1,65.4,1008.58,74.5,492.11,0.463,0
19.5,30.0,1029.09,68.2,478.04,0.567,0
14.3,32.2,1003.75,30.8,493.89,0.33,0
17.5,46.0,1009.81,27.2,494.56,0.349,0
22.7,36.5,1017.43,61.1,476.19,0.578,0
15.9,48.9,1002.52,66.3,486.1,0.505,0
27.7,54.5,1012.25,68.7,458.12,0.698,1
28.3,77.7,1003.8,80.7,451.18,0.767,1
30.9,26.8,1017.45,70.8,469.87,0.717,1
26.7,58.3,994.37,88.7,457.94,0.768,1
25.2,74.2,1003.0,46.1,468.19,0.561,0
31.3,62.3,992.31,98.1,448.19,0.875,1
18.4,69.9,998.57,60.6,481.91,0.517,0
3.5,70.6,1006.04,91.9,502.41,0.441,0
28.1,36.1,997.75,37.9,463.34,0.568,0
5.9,77.7,996.58,43.2,498.39,0.28,0
32.1,56.0,1007.32,47.9,451.94,0.675,1
15.4,63.5,1003.58,94.3,473.59,0.636,1
26.6,28.5,1005.1,93.2,465.87,0.769,1
25.7,34.0,1030.28,49.5,478.74,0.559,0
11.0,35.7,1001.59,56.6,500.42,0.385,0
33.9,35.8,1022.83,83.5,456.0,0.829,1
33.5,38.7,1006.67,34.9,455.89,0.63,1
29.9,75.8,1022.15,78.9,456.11,0.767,1
30.7,37.1,1030.23,78.3,458.4,0.768,1
22.8,41.1,992.15,84.0,463.65,0.695,1
34.5,55.2,1021.24,86.9,445.14,0.871,1
7.9,57.1,1002.57,33.6,513.27,0.233,0
17.0,79.2,1023.67,37.6,479.67,0.414,0
28.3,54.3,1001.9,68.2,463.64,0.691,1
8.5,56.3,993.17,57.1,493.29,0.374,0
8.5,74.9,1004.61,89.1,494.6,0.499,0
26.6,61.8,994.42,69.3,465.65,0.673,1
25.8,27.6,1006.06,88.9,473.59,0.727,1
5.1,36.1,996.86,79.9,511.07,0.393,0
8.3,57.9,1005.25,77.3,500.17,0.439,0
26.1,48.1,999.21,89.7,463.54,0.754,1
33.6,62.0,1002.43,77.9,451.82,0.812,1
5.2,48.0,1027.7,99.7,509.73,0.475,0
31.6,53.5,997.76,94.3,448.34,0.862,1
29.5,59.3,1020.5,86.4,455.79,0.793,1
23.0,48.3,1013.25,37.4,470.47,0.497,0
33.4,65.2,1023.46,93.0,443.08,0.887,1
29.6,67.9,1021.05,82.7,452.79,0.786,1
4.0,69.3,1005.83,61.4,510.7,0.307,0
5.6,38.4,1023.88,67.0,507.46,0.354,0
14.9,46.0,1011.99,67.6,489.07,0.494,0
35.0,52.8,1012.89,88.5,447.19,0.878,1
16.2,66.1,1030.49,66.3,484.92,0.511,0
20.5,65.0,1023.16,96.8,464.68,0.72,1
10.5,78.0,993.35,56.1,496.81,0.384,0
36.2,80.3,1001.51,25.8,444.07,0.646,1
13.5,53.4,1028.32,98.9,486.04,0.61,1
5.7,36.2,993.88,80.1,510.73,0.401,0
3.2,40.4,1020.58,41.9,520.87,0.2,0
3.3,36.9,994.11,85.0,515.87,0.384,0
26.8,68.8,995.8,81.2,455.82,0.743,1
36.2,65.2,1020.73,89.7,443.67,0.902,1
5.5,39.5,996.92,49.4,509.52,0.278,0
8.3,64.0,998.14,38.2,500.44,0.282,0
37.0,34.3,1001.01,98.0,440.4,0.951,1
16.0,37.9,1022.69,55.2,496.44,0.441,0
3.4,63.6,1014.33,41.3,514.14,0.213,0
5.3,47.3,1008.64,51.2,511.59,0.279,0
9.1,32.5,1016.7,40.1,505.45,0.288,0
11.6,73.9,1016.36,97.5,484.05,0.587,0
32.6,41.4,997.5,62.0,455.1,0.73,1
18.5,43.5,1026.55,65.9,484.5,0.534,0
25.1,51.7,1016.87,59.0,469.11,0.609,1
27.3,54.7,992.37,31.7,469.82,0.523,0
20.6,67.7,1006.88,89.4,467.11,0.686,1
22.3,67.7,999.37,41.5,474.11,0.499,0
15.2,57.1,1030.12,55.2,490.65,0.444,0
23.5,71.0,1011.89,59.3,468.4,0.595,0
26.4,54.0,992.62,42.9,465.07,0.567,0
24.4,39.3,1009.73,81.2,471.02,0.687,1
11.9,58.8,1032.49,86.9,494.91,0.526,0
4.8,48.4,1016.92,41.1,520.97,0.215,0
10.6,30.5,1020.94,29.3,503.76,0.264,0
30.7,69.6,999.51,54.5,446.55,0.696,1
16.3,77.5,1028.21,85.6,485.42,0.588,0
14.3,37.1,1008.49,62.2,500.19,0.443,0
2.0,50.6,998.42,68.8,516.92,0.303,0
2.2,36.6,1003.94,26.7,525.09,0.12,0
14.1,78.1,1026.0,55.9,489.37,0.438,0
30.1,42.8,1029.77,86.3,462.74,0.786,1
33.4,63.1,1024.98,71.8,450.61,0.787,1
8.1,54.0,992.93,83.1,494.27,0.471,0
31.4,37.9,1018.56,59.1,463.64,0.688,1
3.1,36.3,1018.29,43.8,521.33,0.206,0
9.4,59.4,1005.28,33.7,501.06,0.275,0
7.4,75.6,1029.92,84.1,494.89,0.466,0
28.9,81.5,993.31,68.4,453.84,0.718,1
23.1,70.3,1028.19,49.6,465.01,0.558,0
12.3,58.0,1027.96,97.5,491.84,0.579,0
24.4,69.2,1015.12,29.5,462.96,0.495,0
9.1,35.2,1017.73,70.0,497.34,0.424,0
22.2,32.8,1031.62,94.1,478.52,0.699,1
36.0,58.2,1011.15,81.2,440.17,0.874,1
13.6,42.4,1002.78,32.3,496.11,0.325,0
5.0,79.2,1010.18,39.2,508.92,0.233,0
25.5,41.6,1015.19,81.0,466.76,0.706,1
33.1,50.5,1031.41,89.6,452.23,0.852,1
14.9,69.5,1006.82,52.6,486.43,0.439,0
20.8,38.6,996.64,38.6,481.63,0.456,0
13.9,35.1,998.25,45.5,497.72,0.377,0
6.3,42.8,1031.95,78.9,506.07,0.412,0
8.3,45.1,1010.53,60.2,501.21,0.368,0
31.4,46.9,1015.57,93.5,449.41,0.854,1
6.2,27.4,1029.1,28.0,516.0,0.187,0
22.8,52.0,998.97,58.3,481.25,0.557,0
24.9,59.8,1010.56,90.9,463.02,0.747,1
35.7,72.6,1020.02,66.2,435.84,0.819,1
11.6,78.8,1023.54,79.2,486.54,0.509,0
17.7,62.8,1010.8,86.2,471.46,0.633,1
6.2,78.3,1005.15,32.6,506.14,0.226,0
31.2,42.0,1029.24,27.9,469.02,0.551,0
12.2,55.5,1016.12,97.6,482.95,0.597,0
25.8,77.4,1028.98,83.5,460.63,0.732,1
21.0,80.7,992.98,84.5,469.0,0.667,1
6.5,76.4,1020.68,35.7,503.78,0.246,0
27.2,71.8,1012.52,74.9,459.07,0.716,1
10.8,50.9,1007.47,25.7,506.0,0.247,0
24.7,72.3,994.46,40.2,470.83,0.526,0
3.8,52.7,1029.23,72.8,513.41,0.345,0
32.6,27.3,1032.12,52.8,465.5,0.673,1
35.0,64.0,995.61,44.1,444.82,0.705,1
19.9,52.6,1005.67,35.0,487.31,0.42,0
31.8,48.3,1012.72,88.9,447.62,0.844,1
20.8,74.7,1003.03,69.8,466.65,0.611,1
24.4,75.7,1000.33,41.2,464.4,0.54,0
19.5,56.1,999.52,40.7,479.9,0.454,0
34.5,41.9,1030.03,67.7,449.15,0.785,1
21.9,39.4,1022.01,73.7,477.53,0.617,1
25.3,44.0,995.04,27.1,469.42,0.483,0
21.0,77.9,1020.1,44.8,470.44,0.506,0
9.5,26.7,1009.19,47.5,508.23,0.316,0
35.4,44.4,1020.87,36.7,452.59,0.664,1
21.3,70.2,994.04,55.2,465.34,0.561,0
25.0,27.5,1016.73,53.9,478.51,0.569,0
21.1,69.8,993.14,26.6,478.18,0.418,0
26.0,75.4,1007.32,36.5,458.93,0.55,0
17.8,30.7,1031.73,29.7,489.12,0.373,0
24.2,62.4,1025.81,31.3,478.31,0.47,0
28.6,60.8,1024.11,26.8,469.59,0.518,0
5.5,44.1,1014.87,82.1,504.02,0.42,0
12.1,28.3,1001.64,71.7,498.67,0.461,0
19.6,70.5,992.99,48.6,479.87,0.487,0
5.5,42.4,994.03,80.8,501.87,0.419,0
6.5,78.9,996.46,97.8,494.51,0.513,0
20.4,53.9,1003.39,84.3,470.8,0.656,1
12.7,47.8,1016.97,86.7,488.36,0.548,0
34.2,64.8,1029.45,28.2,454.07,0.615,1
5.2,27.4,1031.22,50.8,515.33,0.269,0
25.0,62.5,1019.87,43.7,474.64,0.536,0
7.1,70.4,995.96,97.2,491.21,0.524,0
18.1,30.7,1007.69,48.4,489.6,0.45,0
28.0,68.3,1003.4,58.7,458.61,0.661,1
11.9,31.8,1013.72,31.5,501.46,0.292,0
34.3,25.9,1006.76,36.3,462.96,0.631,1
2.4,74.9,1007.15,98.9,506.27,0.449,0
29.3,45.4,1009.58,62.7,465.03,0.678,1
13.2,44.5,995.02,70.5,488.77,0.487,0
34.4,58.7,1010.45,97.1,442.83,0.914,1
14.6,36.6,993.39,90.6,487.59,0.585,0
23.6,31.1,996.35,27.0,481.33,0.441,0
19.0,46.7,998.83,48.2,487.41,0.463,0
24.6,51.0,996.71,70.7,465.58,0.658,1
35.3,63.5,1027.96,93.8,442.65,0.911,1
33.3,51.6,1024.04,85.3,451.54,0.838,1
11.6,56.7,994.08,56.2,489.04,0.413,0
28.6,42.6,1019.24,65.6,462.86,0.686,1
21.1,57.6,1011.35,93.0,473.5,0.693,1
28.3,27.5,1010.71,48.2,481.4,0.576,0
4.0,32.4,1002.33,64.4,518.69,0.303,0
34.9,60.0,993.49,58.4,445.97,0.759,1
10.0,39.1,1009.48,40.9,511.82,0.289,0
15.6,50.4,1028.57,89.1,487.56,0.59,0
21.6,72.8,999.96,53.3,475.59,0.536,0
29.9,60.5,1020.28,59.2,463.06,0.674,1
17.4,51.7,1001.32,56.1,486.82,0.479,0
4.8,47.1,1004.56,55.5,510.96,0.292,0
8.9,48.8,1014.6,51.2,509.46,0.322,0
5.0,40.1,999.56,95.0,505.71,0.463,0
19.1,69.1,998.05,38.3,473.75,0.451,0
32.0,57.2,1004.27,25.7,459.6,0.569,0
7.1,75.7,1017.96,42.2,507.06,0.272,0
25.4,30.6,1024.57,30.5,481.84,0.473,0
34.2,42.7,1023.32,25.7,467.66,0.577,0
13.9,28.8,1006.09,45.2,502.24,0.367,0
32.8,34.4,1025.33,64.6,459.98,0.733,1
10.7,49.1,1020.91,27.8,511.41,0.244,0
17.7,39.6,1014.97,57.5,484.71,0.492,0
16.6,79.7,1020.32,47.4,488.67,0.431,0
33.7,43.4,1003.68,31.1,464.65,0.599,0
30.5,42.9,1006.24,54.2,456.92,0.672,1
2.8,75.3,1024.78,88.7,507.41,0.41,0
22.5,67.1,1008.57,56.3,467.82,0.573,0
29.9,53.7,999.81,46.5,470.06,0.609,1
5.9,34.3,1009.32,91.5,510.92,0.448,0
6.3,56.7,1004.26,39.6,506.55,0.254,0
30.0,30.0,996.86,72.4,462.19,0.729,1
9.2,27.7,1032.79,34.9,517.66,0.244,0
28.6,39.3,992.75,60.7,460.39,0.672,1
10.2,76.2,1006.91,28.0,501.72,0.259,0
21.7,41.4,1000.63,62.3,474.22,0.575,0
7.4,57.3,1010.81,30.1,497.87,0.245,0
30.4,29.1,996.71,99.0,463.62,0.837,1
23.3,62.1,1013.33,82.8,472.71,0.678,1
32.3,47.3,1007.28,79.3,449.26,0.808,1
30.0,63.7,1021.65,43.5,464.48,0.609,1
36.5,26.6,1008.66,54.8,456.62,0.74,1
4.5,74.2,1001.68,59.3,499.63,0.326,0
17.2,64.4,1006.52,65.1,478.15,0.53,0
21.2,31.3,1023.43,74.7,471.72,0.624,1
22.3,62.4,993.45,65.0,465.97,0.609,1
4.5,31.3,1016.09,38.2,519.05,0.203,0
6.5,65.2,1012.15,83.6,499.36,0.446,0
11.6,77.3,1032.31,77.4,482.85,0.509,0
5.8,43.4,1006.63,78.0,509.8,0.396,0
8.6,29.2,1021.97,58.8,511.69,0.345,0
22.7,80.6,1008.06,66.9,467.22,0.619,1
36.5,67.9,1004.75,98.7,431.37,0.967,1
22.1,63.5,1016.64,52.3,473.66,0.541,0
25.5,50.1,1013.45,61.8,467.36,0.629,1
15.5,67.7,1005.94,85.7,479.66,0.591,0
7.4,26.2,1003.52,26.0,516.16,0.192,0
16.3,61.2,1023.25,64.6,488.56,0.498,0
32.8,50.2,1003.27,41.0,460.75,0.637,1
13.1,53.0,1025.32,47.1,506.43,0.357,0
11.4,44.1,1016.57,51.8,502.33,0.366,0
21.5,57.0,1011.3,80.8,470.64,0.655,1
2.8,50.6,994.8,28.8,516.23,0.154,0
27.6,44.9,1022.89,54.0,470.84,0.613,1
22.8,78.6,1019.06,68.8,462.1,0.638,1
33.6,36.4,1024.62,71.9,455.41,0.781,1
14.0,59.4,999.91,89.4,485.21,0.578,0
32.8,30.0,998.91,44.4,465.54,0.642,1
22.1,74.4,994.27,47.5,474.03,0.521,0
22.1,70.0,1018.98,48.6,471.64,0.53,0
14.5,58.1,1028.87,74.2,492.98,0.508,0
11.9,49.7,1022.95,92.9,498.95,0.542,0
23.4,56.5,1002.85,79.3,467.64,0.674,1
7.6,47.9,1025.59,76.2,504.77,0.418,0
7.1,40.2,1024.36,74.2,514.25,0.385,0
6.1,33.7,1012.57,40.2,513.09,0.241,0
5.1,72.2,1032.87,77.6,502.56,0.4,0
16.6,34.9,994.25,68.0,485.46,0.521,0
16.1,79.3,999.35,42.4,482.2,0.419,0
30.1,65.8,999.46,78.8,453.62,0.773,1
30.7,30.7,1004.69,71.8,455.07,0.749,1
33.3,64.6,1024.95,90.4,447.75,0.866,1
11.2,36.7,992.87,32.9,504.71,0.284,0
11.9,35.2,1004.19,52.5,509.61,0.359,0
37.0,42.2,1005.86,38.7,452.86,0.689,1
35.4,26.6,995.93,42.4,457.87,0.676,1
23.6,61.2,1031.71,70.0,476.97,0.621,1
3.3,32.0,1026.64,62.9,515.34,0.296,0
26.8,61.1,1000.74,68.8,463.5,0.678,1
3.6,65.5,997.7,57.9,503.08,0.304,0
15.7,30.1,1031.89,47.6,498.5,0.403,0
7.7,35.5,1003.44,81.2,507.4,0.434,0
35.3,62.8,1003.25,84.3,442.8,0.874,1
33.2,56.6,1006.99,56.6,455.57,0.715,1
32.6,43.8,1016.4,42.3,464.52,0.632,1
27.7,76.3,1013.21,69.9,464.13,0.69,1
22.7,42.3,1011.96,58.9,474.25,0.573,0
8.6,26.0,1004.31,46.6,507.72,0.304,0
8.5,32.6,1009.48,41.3,514.24,0.269,0
15.5,25.5,1004.5,74.1,486.52,0.531,0
20.8,67.6,1013.17,45.5,481.87,0.483,0
28.0,58.7,1018.18,50.6,464.02,0.617,1
36.1,57.2,1008.33,54.4,444.11,0.759,1
6.1,36.0,1013.27,36.7,515.54,0.222,0
20.3,49.1,1017.29,79.1,475.56,0.624,1
7.4,76.8,1023.45,34.8,502.25,0.255,0
34.9,69.3,1019.0,39.9,447.01,0.683,1
23.3,51.3,1002.73,62.3,466.67,0.608,1
32.6,72.6,1014.07,90.6,441.89,0.871,1
12.2,62.0,1028.52,96.3,482.07,0.592,0
30.7,70.6,1008.15,65.3,454.93,0.723,1
2.7,65.9,1022.58,77.3,506.2,0.367,0
22.3,29.3,1026.24,58.4,482.79,0.549,0
30.6,68.8,1016.38,36.5,459.76,0.598,0
20.1,51.5,1012.58,99.4,469.5,0.716,1
9.1,32.2,994.52,74.3,499.54,0.437,0
3.5,73.1,1006.32,71.0,505.13,0.352,0
26.0,29.3,1014.33,59.1,474.25,0.609,1
30.5,35.5,1017.0,99.2,451.29,0.864,1
19.9,35.3,1003.29,65.7,483.74,0.55,0
28.9,28.5,1032.58,98.1,460.74,0.823,1
4.2,50.7,1032.53,34.1,517.43,0.187,0
14.6,53.2,1010.49,37.1,488.93,0.369,0
24.6,42.1,997.68,41.5,471.0,0.53,0
35.3,50.2,1022.7,67.9,453.68,0.785,1
25.2,51.4,994.44,38.7,472.53,0.522,0
8.1,36.8,1003.49,42.2,505.4,0.286,0
34.0,80.7,994.07,73.2,442.09,0.816,1
10.7,77.0,1021.72,44.1,503.95,0.325,0
9.4,73.5,992.89,89.1,482.65,0.533,0
8.1,51.0,995.85,95.7,499.11,0.512,0
28.8,27.7,1030.09,90.4,458.31,0.796,1
28.7,31.3,993.7,85.8,461.17,0.771,1
28.2,45.9,1010.58,77.5,467.45,0.72,1
22.4,47.1,1023.91,56.1,479.77,0.548,0
33.1,70.9,1010.48,88.2,446.28,0.858,1
23.2,40.2,1031.92,85.7,468.66,0.697,1
29.6,70.1,1021.92,44.4,458.71,0.62,1
5.4,77.0,1000.58,48.5,506.64,0.279,0
21.2,37.8,1027.34,45.2,481.19,0.487,0
29.2,39.6,1032.57,60.3,463.8,0.67,1
14.0,40.1,996.33,81.3,490.73,0.536,0
17.4,77.4,1028.99,38.1,486.76,0.407,0
28.3,26.5,1029.75,39.0,479.88,0.542,0
14.4,35.9,1015.89,36.2,492.38,0.356,0
31.1,67.3,1022.7,61.7,451.08,0.72,1
27.6,61.6,1021.66,78.5,456.9,0.738,1
24.3,47.6,996.86,96.5,467.62,0.753,1
31.1,26.0,1020.39,100.0,460.25,0.855,1
25.0,61.7,999.19,26.4,481.81,0.453,0
11.1,55.7,1008.77,80.4,485.58,0.51,0
3.9,76.7,993.82,89.6,502.48,0.436,0
4.6,37.5,997.03,61.1,517.38,0.299,0
7.5,58.0,1011.46,58.1,494.86,0.364,0
16.0,78.9,993.97,68.5,483.53,0.52,0
32.7,72.5,995.76,44.9,450.64,0.672,1
3.6,34.3,1013.9,29.7,518.03,0.161,0
2.6,51.0,1012.08,57.4,514.34,0.269,0
31.8,54.2,1024.87,82.3,449.61,0.814,1
35.2,79.9,1003.42,61.6,442.41,0.783,1
14.8,69.5,998.55,71.5,483.47,0.519,0
4.3,69.4,993.45,35.6,506.63,0.215,0
2.2,37.5,1008.3,65.5,519.31,0.287,0
21.3,76.9,992.23,68.7,468.0,0.609,1
35.5,62.5,1005.94,52.0,443.07,0.745,1
19.4,55.1,1024.71,93.9,481.16,0.662,1
30.3,79.6,1015.19,83.2,453.12,0.794,1
25.9,72.9,1029.29,91.4,461.22,0.763,1
28.7,52.6,993.0,27.8,465.71,0.53,0
31.5,75.8,1031.68,48.0,464.65,0.643,1
21.1,44.6,1030.3,94.4,466.96,0.712,1
23.8,74.6,1028.66,75.2,467.54,0.663,1
28.2,73.8,1023.65,69.3,449.14,0.724,1
17.6,72.1,1001.25,97.7,473.42,0.674,1
17.9,35.0,1032.95,93.6,489.37,0.63,1
15.2,79.5,1023.63,87.3,485.52,0.582,0
27.4,53.8,1032.38,95.8,456.84,0.806,1
10.2,63.0,1002.27,54.4,496.37,0.375,0
25.0,56.7,1006.73,36.6,471.27,0.515,0
4.2,67.7,1015.61,80.8,505.07,0.398,0
26.6,39.0,993.52,67.5,464.7,0.668,1
29.6,27.0,1012.49,85.9,462.21,0.779,1
25.4,35.5,1022.73,98.9,469.53,0.772,1
13.2,30.3,997.85,46.0,501.54,0.364,0
32.9,64.1,993.63,46.3,460.94,0.659,1
8.2,50.0,1023.59,87.8,495.15,0.49,0
4.8,51.6,1014.27,76.4,515.48,0.367,0
35.6,69.4,1001.75,93.5,437.3,0.924,1
29.3,77.4,1003.55,64.7,453.35,0.709,1
2.3,33.8,1013.78,85.6,515.57,0.376,0
23.4,59.3,1025.06,78.7,476.03,0.656,1
21.6,72.6,1026.96,47.3,472.36,0.518,0
32.0,33.7,1031.51,84.0,460.97,0.8,1
31.9,50.1,1003.04,45.9,457.73,0.653,1
30.3,74.5,1028.96,72.4,454.8,0.747,1
18.3,25.8,1029.98,86.6,484.88,0.614,1
13.0,49.4,1016.25,43.8,498.02,0.36,0
15.6,55.4,1013.93,75.4,494.17,0.522,0
19.0,45.2,1003.63,78.5,480.37,0.599,0
4.3,53.3,1015.19,26.0,518.77,0.153,0
2.1,53.5,1002.78,68.8,513.71,0.31,0
29.4,27.6,1014.27,66.2,467.12,0.689,1
32.0,36.2,1001.7,67.3,460.94,0.733,1
15.6,45.0,1014.29,89.3,479.4,0.607,1
19.5,64.8,1024.94,82.2,473.75,0.633,1
8.9,31.2,1020.17,46.1,504.1,0.313,0
29.1,42.8,998.51,56.7,465.15,0.651,1
18.2,41.9,1014.96,26.9,486.46,0.372,0
2.3,45.1,1000.34,69.0,510.98,0.319,0
9.4,56.0,1005.31,39.6,506.36,0.288,0
30.8,27.9,1014.48,25.8,473.94,0.528,0
11.6,79.7,1025.82,96.9,478.5,0.596,0
12.3,72.6,1020.08,62.0,494.15,0.433,0
30.0,54.3,999.78,59.9,455.74,0.692,1
8.4,28.0,993.62,49.9,514.74,0.301,0
27.2,54.9,1023.96,27.8,465.69,0.513,0
27.0,36.0,1002.89,62.9,464.23,0.655,1
18.4,41.9,1026.01,67.0,481.06,0.544,0
28.8,61.2,1000.78,47.8,449.85,0.642,1
25.1,72.3,1016.05,59.6,463.82,0.622,1
26.1,38.3,1006.1,98.0,469.51,0.775,1
23.2,30.9,1001.77,94.0,474.02,0.719,1
16.6,52.6,1025.38,44.5,491.43,0.415,0
30.2,50.8,1029.14,86.5,460.48,0.792,1
15.7,29.0,1024.86,61.3,491.72,0.472,0
2.2,37.2,1006.83,86.6,508.88,0.393,0
12.3,49.2,999.09,91.6,487.61,0.564,0
12.1,36.3,1018.21,26.3,506.48,0.263,0
6.2,25.8,1026.35,72.0,515.66,0.364,0
25.9,50.8,1025.89,34.7,478.18,0.502,0
27.4,35.6,1032.25,82.1,467.65,0.729,1
26.4,26.8,1019.51,40.1,471.59,0.543,0
4.7,65.8,995.29,90.3,505.92,0.44,0
7.1,26.7,1032.33,84.6,508.45,0.438,0
34.4,65.6,1010.81,55.3,442.18,0.749,1
3.2,74.6,998.83,62.0,510.06,0.302,0
6.3,45.8,1019.85,42.9,512.27,0.255,0
24.6,41.0,1005.61,58.6,475.77,0.589,0
34.7,49.7,995.21,89.8,456.37,0.861,1
7.2,80.4,1027.88,45.1,494.64,0.309,0
10.2,72.8,1005.44,94.6,491.22,0.547,0
9.6,47.2,992.34,26.4,503.1,0.243,0
30.7,67.4,1017.6,31.8,454.89,0.59,0
33.3,81.6,993.89,37.1,457.11,0.634,1
11.9,70.6,996.81,62.5,490.57,0.438,0
34.6,38.9,1030.97,49.2,451.87,0.707,1
19.6,66.7,995.46,30.3,477.17,0.419,0
3.5,70.0,1014.25,45.5,513.49,0.233,0
10.5,75.0,998.44,54.1,491.99,0.386,0
15.8,44.8,1030.19,63.8,486.2,0.494,0
32.6,32.9,1029.25,61.9,458.71,0.723,1
17.1,29.8,998.0,61.6,491.02,0.49,0
33.6,80.7,1002.46,49.8,446.43,0.71,1
22.6,51.7,1028.17,37.6,473.3,0.488,0
30.8,60.8,1022.17,57.5,466.29,0.671,1
24.6,61.9,1020.55,97.8,460.34,0.776,1
30.3,40.2,1001.15,89.2,454.47,0.816,1
6.4,54.8,1001.18,76.6,493.76,0.428,0
26.2,31.3,997.3,100.0,465.2,0.793,1
9.7,33.4,1002.16,72.1,505.34,0.422,0
9.0,77.1,1016.08,55.2,492.49,0.373,0
4.0,77.8,992.63,57.3,503.65,0.305,0
33.1,53.0,1014.02,49.9,458.37,0.681,1
35.6,33.6,1006.86,76.6,447.6,0.836,1
29.8,37.1,1014.62,37.8,472.61,0.568,0
9.6,32.7,1011.34,78.2,502.05,0.452,0
13.1,27.0,1011.08,86.8,488.91,0.551,0
5.5,67.5,999.58,68.3,503.6,0.365,0
13.0,48.6,1032.84,55.7,497.66,0.408,0
30.9,65.7,1028.75,69.5,448.7,0.755,1
25.5,36.3,1019.32,83.0,468.76,0.71,1
33.3,79.0,1002.28,41.7,450.91,0.665,1
27.6,81.2,1004.07,99.3,450.48,0.835,1
28.1,58.6,1005.62,50.4,461.0,0.623,1
33.1,48.0,1016.62,50.2,453.7,0.691,1
31.6,27.9,1016.32,28.6,470.55,0.555,0
34.2,67.1,1029.41,68.1,442.91,0.796,1
28.4,49.1,1024.56,48.4,478.42,0.583,0
32.9,44.0,1008.57,91.5,445.01,0.872,1
2.1,80.2,1018.9,39.4,511.07,0.198,0
15.6,52.7,1010.3,86.8,482.3,0.592,0
17.0,58.3,1016.84,61.3,483.06,0.503,0
36.0,48.1,1012.62,97.4,441.22,0.937,1
11.6,34.4,1023.2,98.6,497.14,0.566,0
27.1,73.2,1008.89,69.8,457.54,0.697,1
25.0,66.8,995.17,54.8,465.32,0.599,0
22.8,79.0,1027.18,73.7,470.61,0.64,1
22.0,56.8,994.42,56.7,480.93,0.543,0
10.4,59.0,1008.69,90.8,493.56,0.529,0
14.4,30.0,1009.08,60.7,496.97,0.445,0
20.3,74.4,1013.29,63.4,471.31,0.57,0
35.3,32.8,996.54,88.4,452.47,0.87,1
10.6,58.8,998.28,51.2,496.96,0.365,0
11.7,54.2,1005.91,92.6,484.02,0.569,0
3.0,25.6,1007.53,86.8,505.61,0.408,0
21.3,52.3,1007.66,76.0,474.63,0.626,1
3.0,68.8,1023.65,70.4,501.9,0.35,0
8.2,51.9,1019.55,74.6,494.12,0.439,0
2.5,77.4,1012.02,44.8,509.1,0.228,0
27.3,39.1,995.2,74.6,460.88,0.712,1
2.4,39.9,1007.89,52.5,520.71,0.234,0
21.0,29.8,1018.96,39.7,492.8,0.441,0
18.6,53.8,1007.18,82.2,479.82,0.61,1
7.0,75.1,1028.05,34.2,507.03,0.238,0
18.8,59.2,1007.82,98.1,471.06,0.694,1
28.0,36.4,1011.94,65.7,460.78,0.684,1
2.1,48.0,1009.18,48.4,516.74,0.223,0
31.9,40.5,995.49,55.9,458.7,0.691,1
4.5,70.6,996.89,78.4,505.64,0.391,0
33.8,64.4,1030.95,86.5,448.21,0.855,1
4.3,81.4,1030.81,25.8,511.55,0.167,0
27.4,80.2,1001.43,100.2,442.39,0.852,1
4.3,44.3,1028.02,29.6,515.73,0.173,0
21.3,48.4,999.47,43.4,482.87,0.478,0
22.3,75.1,1007.93,75.6,468.49,0.647,1
6.8,57.4,1006.06,90.6,497.98,0.48,0
26.6,76.3,997.23,26.0,469.35,0.492,0
17.4,26.9,1014.11,42.6,489.23,0.42,0
26.1,46.8,1021.52,72.0,467.53,0.675,1
8.8,65.0,1032.31,59.5,500.84,0.371,0
9.4,52.9,995.28,84.2,498.81,0.481,0
27.9,76.6,1004.03,75.2,460.08,0.723,1
4.8,81.2,1010.49,74.4,495.86,0.398,0
13.9,77.8,997.02,88.1,480.02,0.583,0
36.5,60.2,1013.86,27.8,450.76,0.644,1
19.5,31.2,1012.13,89.0,478.05,0.65,1
4.1,76.1,1006.6,83.5,493.98,0.431,0
29.8,32.4,1018.5,72.8,463.1,0.728,1
4.3,34.2,1024.18,56.8,516.88,0.28,0
28.1,73.6,994.32,58.8,456.79,0.665,1
13.5,43.1,996.55,51.7,502.31,0.388,0
2.8,61.6,997.66,99.2,497.0,0.473,0
15.6,28.4,1010.95,46.6,496.99,0.401,0
30.0,46.5,1018.98,82.2,462.7,0.768,1
36.4,59.4,1012.74,63.2,444.74,0.797,1
26.8,32.2,1000.1,35.9,478.61,0.517,0
14.2,65.4,999.49,99.6,485.93,0.62,1
32.7,66.7,1024.6,88.3,439.53,0.868,1
17.0,64.5,1029.94,65.6,482.3,0.521,0
25.1,45.2,1007.57,98.6,474.6,0.757,1
29.6,70.4,1006.05,37.0,462.39,0.583,0
7.9,78.7,1016.1,52.5,501.17,0.333,0
26.1,50.4,1012.36,37.5,467.52,0.537,0
26.9,76.7,997.51,27.9,469.04,0.504,0
21.7,45.2,1004.66,36.0,483.09,0.453,0
7.3,41.8,1015.01,63.6,507.01,0.36,0
21.3,48.4,999.48,86.6,470.21,0.676,1
15.6,49.9,1005.1,79.8,485.41,0.556,0
8.0,71.6,995.57,40.1,501.99,0.283,0
25.0,71.4,1000.16,73.4,461.68,0.68,1
31.0,43.2,1024.52,97.0,460.55,0.842,1
25.9,45.3,995.89,92.4,461.78,0.766,1
33.4,30.8,1026.02,73.6,462.07,0.771,1
19.3,80.0,1017.08,49.1,480.59,0.484,0
25.3,44.5,1009.93,64.0,469.26,0.632,1
31.7,59.6,1000.72,50.6,455.62,0.673,1
26.2,71.4,994.12,61.1,463.83,0.64,1
23.7,37.5,1025.92,58.0,478.79,0.57,0
11.2,45.8,1021.05,89.6,491.37,0.537,0
26.1,58.5,1010.24,35.9,464.39,0.537,0
4.5,63.0,1005.0,64.0,506.13,0.333,0
14.6,31.3,999.33,52.1,494.03,0.418,0
29.5,73.5,1012.98,91.9,443.91,0.839,1
29.5,29.4,993.58,37.8,466.29,0.578,0
24.4,68.0,1030.29,94.0,464.39,0.751,1
16.0,72.2,1017.3,39.3,479.26,0.412,0
36.8,67.2,998.56,38.4,442.69,0.706,1
3.4,30.9,998.23,40.1,517.53,0.202,0
30.8,43.3,1029.65,38.3,471.75,0.583,0
10.4,38.2,992.68,28.0,513.97,0.237,0
16.5,50.9,1026.72,56.0,489.46,0.464,0
23.9,69.3,1004.99,61.1,464.93,0.613,1
9.5,29.2,1009.12,63.8,503.22,0.391,0
21.4,25.9,1007.68,27.5,490.94,0.4,0
7.1,59.8,1029.89,83.5,501.93,0.447,0
13.1,44.7,1027.18,75.7,490.13,0.504,0
24.3,36.9,1014.72,46.5,474.36,0.54,0
21.5,46.8,1013.91,29.2,483.84,0.422,0
20.3,68.8,1010.98,62.6,469.02,0.572,0
27.4,42.0,992.53,42.3,478.2,0.549,0
33.3,77.5,1014.21,91.9,445.56,0.876,1
23.7,62.1,992.44,70.4,463.89,0.65,1
30.7,36.5,1002.12,47.3,460.85,0.639,1
24.1,66.9,1028.85,51.5,470.25,0.566,0
5.3,51.4,1022.93,35.5,519.65,0.2,0
22.9,71.5,994.02,69.7,467.56,0.631,1
7.2,80.4,995.3,59.0,499.06,0.355,0
27.4,34.3,1001.45,27.4,475.63,0.495,0
22.0,52.7,1027.19,81.4,476.8,0.65,1
24.9,41.4,1010.67,57.3,469.97,0.599,0
22.9,27.8,1027.81,43.6,483.88,0.494,0
8.4,78.9,1027.19,43.9,505.49,0.295,0
27.5,52.7,999.51,85.8,453.95,0.773,1
21.0,41.1,1019.45,47.8,485.05,0.488,0
8.9,27.9,999.21,64.9,503.38,0.389,0
9.9,69.3,994.43,87.8,482.51,0.533,0
30.6,57.1,996.67,49.7,462.7,0.644,1
36.1,36.2,1026.0,86.6,453.15,0.87,1
20.3,47.7,1032.6,30.7,483.47,0.416,0
18.4,46.0,1011.43,96.5,476.46,0.672,1
29.1,74.9,1032.33,87.7,448.07,0.809,1
36.1,60.8,1002.76,93.4,439.85,0.924,1
24.4,40.7,1024.43,71.6,478.42,0.634,1
29.9,42.8,1019.55,40.7,460.94,0.604,1
7.9,29.5,994.74,91.0,503.82,0.482,0
24.8,66.2,995.47,44.6,466.83,0.552,0
34.8,32.0,999.27,33.0,455.23,0.637,1
27.6,29.3,994.23,84.9,468.62,0.741,1
30.9,79.5,1026.45,59.1,446.37,0.718,1
16.2,34.5,995.8,54.1,489.65,0.452,0
8.5,78.2,996.14,64.1,491.84,0.405,0
30.0,40.4,1010.14,46.4,456.24,0.638,1
6.3,66.4,1010.05,93.6,497.86,0.487,0
28.7,31.0,1032.85,92.9,468.46,0.785,1
15.3,43.0,1005.51,52.3,493.85,0.427,0
6.5,35.1,995.96,91.2,500.2,0.474,0
35.8,35.9,1029.01,73.3,450.14,0.82,1
36.9,79.8,1024.84,83.0,434.3,0.902,1
34.9,50.3,996.08,96.1,442.77,0.916,1
15.9,30.4,1013.98,46.4,496.73,0.404,0
8.0,28.0,993.87,99.7,501.27,0.523,0
6.4,26.8,1029.22,65.0,507.85,0.353,0
29.7,58.7,1011.97,63.3,458.48,0.697,1
36.5,72.0,1004.49,41.3,449.49,0.7,1
14.9,25.5,1016.52,64.0,496.42,0.464,0
16.8,74.3,1004.73,65.9,476.3,0.533,0
24.1,47.6,999.25,30.5,478.45,0.465,0
15.9,35.6,1026.18,73.9,494.11,0.52,0
7.0,28.8,1010.35,53.1,513.95,0.301,0
35.7,66.8,1001.39,53.1,453.27,0.732,1
8.5,30.8,1000.03,97.6,501.55,0.519,0
26.9,39.4,1012.61,47.2,475.7,0.568,0
35.0,55.3,1023.66,73.7,447.38,0.818,1
20.4,42.9,1006.15,72.8,478.65,0.595,0
3.1,30.8,992.44,50.3,512.58,0.25,0
7.8,72.0,1031.49,53.2,501.34,0.334,0
5.7,26.8,1005.92,70.4,509.6,0.365,0
30.5,76.1,1023.46,33.1,450.99,0.6,1
14.9,55.0,1021.95,93.5,480.27,0.615,1
29.1,43.1,1017.33,70.9,467.65,0.703,1
15.2,38.4,1028.69,34.9,495.57,0.353,0
34.7,47.4,995.64,99.7,444.76,0.925,1
15.1,45.0,1004.22,36.0,499.47,0.348,0
33.9,48.5,1006.88,82.0,449.41,0.836,1
30.1,74.2,1026.8,78.7,441.96,0.797,1
36.9,55.5,1000.51,48.0,445.76,0.739,1
33.6,50.6,1031.67,85.0,448.79,0.845,1
24.2,63.2,1016.29,45.7,472.96,0.538,0
36.6,62.5,1005.23,88.8,439.22,0.912,1
21.0,74.0,1017.28,82.6,475.59,0.646,1
35.8,76.8,1017.76,87.4,436.88,0.903,1
15.7,67.7,1013.98,44.0,487.76,0.41,0
5.6,40.6,1010.15,70.1,497.25,0.386,0
13.6,59.7,1000.48,78.1,486.48,0.526,0
14.2,37.6,997.99,89.0,482.05,0.585,0
11.5,73.1,1013.9,83.1,493.71,0.509,0
11.8,48.5,1017.12,79.8,496.77,0.493,0
22.7,71.9,992.81,51.7,473.54,0.545,0
28.0,57.5,1021.54,86.5,463.25,0.763,1
10.5,73.1,996.24,80.2,486.61,0.501,0
10.6,30.0,1014.75,28.5,502.0,0.265,0
34.9,33.1,1006.71,91.0,440.96,0.9,1
15.9,33.7,1001.85,94.2,489.28,0.611,1
27.4,77.2,998.04,59.3,466.8,0.64,1
14.6,42.9,1000.94,75.7,498.97,0.503,0
30.5,38.8,996.53,93.4,455.66,0.832,1
7.8,71.7,1019.95,45.8,505.19,0.297,0
15.5,29.9,1006.31,76.9,497.77,0.52,0
13.1,63.9,1019.91,46.9,492.16,0.385,0
6.5,62.5,1026.67,90.8,495.86,0.481,0
17.0,62.8,1016.86,67.1,489.07,0.514,0
13.2,28.5,1004.11,56.0,498.4,0.409,0
6.5,74.7,1019.81,85.5,497.7,0.457,0
10.2,72.5,1007.14,85.7,493.35,0.507,0
31.5,31.5,1027.6,98.4,456.12,0.861,1
11.3,25.8,1004.59,38.7,506.51,0.304,0
18.8,60.2,1011.95,72.2,478.2,0.576,0
12.2,66.8,1003.48,36.4,497.21,0.324,0
9.8,71.5,1023.27,69.4,495.55,0.432,0
9.1,47.0,1013.62,37.3,512.76,0.262,0
9.8,66.5,1003.12,81.6,488.85,0.494,0
22.9,79.2,995.53,83.7,458.39,0.705,1
5.8,78.9,1032.06,36.7,505.38,0.238,0
18.0,79.7,1024.43,31.3,484.49,0.391,0
24.4,64.4,1003.17,26.5,477.92,0.455,0
21.7,59.1,1002.31,70.7,473.52,0.61,1
13.7,72.4,1027.45,56.9,486.01,0.444,0
2.8,72.1,995.56,38.7,523.02,0.179,0
34.9,76.7,1024.28,53.1,443.49,0.743,1
19.7,74.1,998.46,68.7,469.63,0.589,0
24.1,30.4,1017.74,92.7,470.05,0.731,1
25.4,63.9,998.33,78.3,462.52,0.702,1
22.5,48.1,1027.46,51.3,472.04,0.545,0
6.7,62.2,1006.21,59.2,504.39,0.341,0
34.8,69.6,1028.05,43.9,445.68,0.7,1
2.0,78.0,1000.98,74.0,505.61,0.347,0
4.5,43.9,992.71,72.7,510.3,0.359,0
7.4,71.9,1028.33,43.1,499.72,0.293,0
6.8,60.5,1005.12,52.5,504.13,0.315,0
26.8,31.4,1000.45,41.9,468.51,0.56,0
23.8,27.8,1006.08,47.1,477.96,0.529,0
16.2,72.5,1018.19,30.2,484.85,0.367,0
34.4,47.9,1031.46,89.3,450.0,0.869,1
10.6,44.5,1008.16,38.0,502.36,0.302,0
6.3,35.3,1010.42,94.3,513.92,0.457,0
27.6,49.2,1003.3,43.8,471.57,0.571,0
4.6,31.1,1028.32,36.2,521.8,0.191,0
22.1,32.9,1024.25,70.4,476.78,0.607,1
9.5,52.2,1007.06,88.8,496.28,0.506,0
16.3,35.7,1022.43,65.1,498.75,0.479,0
4.2,62.0,1026.69,87.9,507.39,0.422,0
6.7,27.9,1028.92,74.7,506.09,0.399,0
23.7,64.8,1011.48,34.8,475.72,0.484,0
29.3,62.6,1013.48,91.7,448.63,0.826,1
4.7,74.3,999.53,97.7,498.34,0.485,0
34.4,46.2,1010.05,68.2,448.47,0.787,1
30.5,63.1,1019.72,96.6,446.43,0.863,1
6.9,71.1,1031.03,51.5,501.75,0.317,0
27.0,37.6,1021.29,94.7,465.08,0.781,1
25.2,65.4,1017.4,78.1,469.43,0.686,1
20.4,36.2,1032.56,55.2,484.27,0.513,0
12.1,60.7,1030.14,36.0,503.3,0.309,0
12.7,63.9,1031.57,51.6,490.19,0.403,0
24.0,72.8,998.71,62.7,460.94,0.629,1
19.2,29.6,1022.42,90.6,486.15,0.638,1
32.3,77.8,1032.06,59.8,451.82,0.725,1
31.8,58.6,1027.02,26.4,457.89,0.574,0
30.7,54.7,1028.42,81.3,460.19,0.777,1
25.9,70.1,1024.49,41.3,465.21,0.554,0
17.3,33.5,994.91,87.9,482.32,0.614,1
34.2,42.1,1000.41,27.0,453.23,0.611,1
18.6,59.3,1004.85,74.7,471.43,0.597,0
30.6,41.4,1009.5,78.2,457.43,0.769,1
10.8,66.1,993.6,94.4,486.98,0.56,0
19.8,62.3,1019.17,29.0,490.02,0.39,0
3.9,47.3,993.14,75.5,508.65,0.367,0
35.4,67.8,1015.48,97.6,439.71,0.934,1
34.2,35.3,1027.15,95.4,448.18,0.895,1
12.4,30.5,1005.67,54.3,498.95,0.394,0
18.8,34.5,1024.15,89.3,486.84,0.627,1
12.2,58.2,1009.14,84.3,490.47,0.528,0
30.3,48.1,993.16,46.5,458.03,0.638,1
28.9,48.1,1010.39,48.9,468.93,0.611,1
31.6,47.7,1018.11,62.2,461.08,0.708,1
29.1,29.3,1027.89,42.3,464.88,0.594,0
13.5,29.5,1027.11,50.5,498.49,0.391,0
9.8,72.0,1013.37,55.7,493.59,0.382,0
11.5,50.4,1011.23,30.2,494.88,0.296,0
22.7,57.2,1008.41,47.4,473.11,0.529,0
6.6,72.9,993.79,48.3,501.86,0.301,0
32.2,80.0,1030.43,59.4,457.38,0.71,1
13.0,31.6,1007.11,89.6,495.99,0.547,0
28.8,56.8,993.54,99.3,455.37,0.837,1
14.2,78.9,1028.6,59.9,484.22,0.464,0
6.9,41.1,1011.09,36.5,505.56,0.25,0
30.3,74.6,1028.9,77.7,457.89,0.762,1
12.9,28.6,1013.88,27.9,507.81,0.275,0
18.3,80.0,1013.67,47.2,474.16,0.479,0
29.1,69.8,1009.0,39.3,461.58,0.588,0
12.9,37.0,1025.78,65.8,496.67,0.45,0
4.4,29.3,1018.59,29.4,529.51,0.146,0
33.8,54.2,1032.03,64.1,451.09,0.76,1
32.5,73.2,1025.72,70.6,443.29,0.788,1
35.2,33.8,992.79,30.1,456.61,0.628,1
21.5,47.7,1004.77,83.7,470.94,0.666,1
9.7,69.4,1013.55,45.3,495.85,0.335,0
18.8,77.3,998.4,62.2,479.34,0.533,0
30.7,48.1,1006.59,42.8,460.12,0.623,1
14.4,59.1,999.77,79.7,484.99,0.544,0
11.6,59.2,1010.59,44.0,502.43,0.337,0
23.1,68.0,1023.12,59.1,468.78,0.589,0
36.9,31.6,1029.41,33.7,454.49,0.665,1
3.7,51.7,1004.77,51.1,515.38,0.254,0
25.6,29.8,1027.83,51.0,478.64,0.563,0
21.3,30.4,1011.86,61.9,482.82,0.552,0
33.4,52.9,1024.31,95.6,445.61,0.892,1
13.4,37.0,1018.12,33.3,502.23,0.314,0
13.3,44.5,1026.19,45.0,502.21,0.359,0
10.6,45.0,992.4,61.4,502.94,0.394,0
12.2,76.3,998.53,35.4,483.8,0.346,0
23.7,25.6,1004.99,71.5,479.52,0.624,1
35.0,30.5,1003.67,42.4,462.8,0.663,1
13.7,28.9,1022.2,60.5,496.59,0.437,0
20.2,70.5,997.54,48.3,480.43,0.49,0
32.8,73.8,1008.76,42.2,439.31,0.685,1
16.1,67.3,992.52,31.3,479.95,0.379,0
15.5,30.7,1032.64,70.1,495.65,0.497,0
14.8,29.8,1007.76,52.6,487.88,0.434,0
8.0,65.6,1021.44,60.5,504.37,0.36,0
15.5,52.3,1017.07,60.4,489.05,0.471,0
34.8,27.4,1009.24,71.9,452.96,0.798,1
16.4,30.4,996.23,46.5,497.98,0.408,0
22.0,34.3,1030.54,60.3,484.79,0.55,0
20.3,68.4,1000.97,88.5,467.96,0.678,1
24.6,56.9,997.0,26.0,476.15,0.458,0
18.9,78.5,1006.41,54.0,470.84,0.519,0
5.6,59.2,1003.99,37.3,508.62,0.233,0
21.7,67.6,1028.67,37.7,485.72,0.454,0
4.3,36.1,995.76,34.1,521.52,0.179,0
34.6,29.9,1026.35,52.1,459.01,0.704,1
21.5,27.6,1023.41,52.7,488.58,0.506,0
3.8,59.5,994.41,97.1,502.56,0.464,0
22.8,25.5,996.83,56.2,483.04,0.545,0
35.6,32.9,1001.37,45.7,459.03,0.69,1
26.4,41.9,999.33,31.3,475.27,0.5,0
10.5,55.7,1032.24,51.2,503.68,0.351,0
16.9,47.6,1000.07,62.0,486.97,0.496,0
30.5,44.7,1021.63,25.9,460.32,0.553,0
14.5,78.8,1032.66,64.9,486.95,0.483,0
35.1,33.3,993.74,99.6,451.58,0.915,1
6.6,52.2,1024.46,89.6,501.44,0.467,0
33.2,81.6,1021.8,50.6,451.69,0.697,1
13.3,63.5,1029.0,70.3,496.62,0.471,0
21.0,27.6,1005.84,67.4,480.86,0.575,0
36.7,65.4,1009.21,37.2,449.5,0.686,1
11.8,26.2,1003.0,40.6,508.91,0.312,0
7.4,77.0,994.71,41.7,500.54,0.286,0
4.1,57.5,1001.39,82.2,507.82,0.397,0
18.6,52.5,996.39,76.6,479.41,0.589,0
7.7,58.1,994.78,48.8,509.02,0.3,0
17.2,74.2,1023.23,74.3,481.25,0.561,0
24.5,54.4,996.62,26.2,471.34,0.468,0
4.4,55.7,994.09,42.4,507.98,0.242,0
9.8,46.9,1003.3,85.9,497.64,0.494,0
15.5,72.8,993.26,41.2,488.24,0.396,0
15.8,73.1,1016.93,41.3,485.51,0.405,0
8.4,47.4,998.54,70.6,509.43,0.394,0
18.8,35.1,1029.37,75.8,487.1,0.573,0
20.3,40.7,1023.08,63.4,484.1,0.545,0
29.6,62.4,997.36,68.4,458.67,0.716,1
3.8,41.4,993.03,84.8,502.76,0.415,0
27.8,58.8,1019.73,27.3,470.55,0.509,0
30.4,41.4,1019.24,88.7,461.88,0.799,1
34.9,71.1,1031.0,90.0,448.41,0.88,1
4.3,30.7,1008.46,97.2,509.11,0.457,0
12.1,34.9,1009.05,96.0,496.28,0.562,0
6.9,46.5,1027.89,64.3,512.86,0.346,0
32.9,58.4,1013.78,26.0,459.64,0.581,0
6.4,44.2,1001.17,66.4,503.5,0.368,0
23.4,78.3,1008.57,38.8,475.65,0.497,0
14.0,39.4,1015.3,38.3,505.09,0.334,0
27.8,58.7,1014.81,34.2,462.4,0.553,0
33.7,30.3,996.01,88.8,452.43,0.854,1
10.9,75.8,998.58,62.5,492.98,0.422,0
18.9,75.5,1027.8,51.9,471.35,0.509,0
32.0,61.8,1000.83,82.4,459.08,0.798,1
10.2,26.7,1016.74,79.5,505.21,0.457,0
22.4,48.7,1025.45,41.2,476.17,0.495,0
8.1,44.2,1029.2,90.2,500.46,0.487,0
36.0,68.0,1023.33,62.6,440.24,0.799,1
35.2,35.4,1028.01,71.1,445.14,0.815,1
18.6,72.7,1006.43,33.1,483.35,0.407,0
9.3,27.6,1025.46,78.1,507.94,0.437,0
14.3,66.7,992.39,85.0,485.36,0.565,0
7.4,41.1,1008.47,53.4,513.86,0.306,0
33.8,71.4,1031.35,85.2,441.89,0.862,1
28.8,58.3,1026.77,47.0,464.32,0.61,1
13.0,53.4,1013.21,96.2,485.68,0.594,0
30.3,64.3,1024.32,52.6,457.11,0.664,1
29.2,34.9,1004.8,65.9,466.19,0.687,1
22.7,67.9,1018.57,50.0,468.01,0.549,0
4.0,26.4,1003.11,60.9,516.75,0.293,0
1.8,33.2,1027.85,79.5,511.36,0.355,0
22.2,76.9,1020.91,30.8,473.08,0.457,0
17.1,42.6,1004.35,30.2,488.47,0.369,0
9.9,46.9,1015.82,30.2,498.25,0.271,0
15.7,51.0,1008.0,35.2,491.71,0.367,0
22.0,73.7,1015.19,84.8,471.47,0.675,1
18.6,47.0,1018.16,63.1,492.18,0.509,0
10.8,50.2,1029.55,52.0,500.44,0.364,0
7.7,38.4,1017.73,37.8,516.05,0.242,0
7.2,58.7,1015.09,72.0,502.09,0.402,0
29.8,56.5,1008.53,90.1,449.87,0.823,1
20.0,50.5,998.52,55.2,478.02,0.522,0
31.0,57.9,1008.16,45.0,459.32,0.637,1
35.2,29.1,994.13,99.7,446.38,0.927,1
18.0,67.2,1012.38,86.9,477.77,0.627,1
25.6,45.1,1025.07,78.5,482.28,0.666,1
32.6,48.8,1018.29,85.8,443.74,0.848,1
27.5,65.0,1002.36,36.2,469.55,0.542,0
36.2,31.9,1005.48,33.2,452.94,0.659,1
24.4,76.6,1018.13,38.7,469.44,0.52,0
32.2,78.1,1019.97,38.0,458.32,0.623,1
33.8,32.6,1012.56,69.2,454.53,0.773,1
10.5,75.3,1030.6,73.9,489.97,0.469,0
14.9,68.6,992.89,90.7,489.73,0.584,0
31.6,58.1,1025.35,67.1,464.19,0.721,1
7.9,32.0,1009.97,31.5,505.03,0.241,0
34.0,71.6,1022.84,46.8,444.61,0.705,1
8.1,46.1,1014.1,57.6,507.43,0.342,0
33.6,26.4,1022.67,32.7,465.2,0.603,1
31.8,78.8,1026.81,45.9,457.64,0.652,1
12.7,57.5,1009.24,67.9,490.54,0.467,0
31.2,67.1,1001.04,78.0,447.66,0.794,1
14.9,35.1,1024.27,59.2,497.09,0.443,0
34.8,33.9,996.43,76.0,452.04,0.816,1
36.8,36.0,1003.31,72.2,450.07,0.826,1
30.1,52.7,1013.99,76.1,454.44,0.761,1
13.5,74.3,1023.12,54.4,492.48,0.419,0
30.9,81.5,996.99,31.8,455.73,0.59,0
35.8,76.3,1002.07,69.5,439.42,0.826,1
2.7,69.7,1014.53,94.0,502.08,0.441,0
14.1,50.8,1006.99,97.4,483.59,0.615,1
33.1,55.8,1008.24,77.0,440.8,0.825,1
6.3,64.3,1014.17,55.7,503.81,0.323,0
22.4,70.9,1020.92,31.8,479.14,0.45,0
17.6,77.3,1024.91,95.7,466.75,0.68,1
35.9,26.6,1012.04,68.2,444.11,0.813,1
11.7,71.9,1032.73,72.4,493.87,0.468,0
10.2,79.1,1012.38,38.3,496.83,0.31,0
36.9,26.7,1015.45,80.0,444.41,0.87,1
36.6,56.2,997.98,79.2,435.5,0.882,1
35.5,65.4,1032.08,58.9,449.35,0.76,1
8.6,33.0,1013.76,32.6,509.85,0.243,0
20.8,42.2,1028.45,44.9,482.58,0.48,0
24.0,80.1,1030.97,45.1,470.91,0.538,0
10.9,76.0,1006.47,37.0,492.29,0.322,0
7.8,46.2,1028.11,49.7,514.26,0.294,0
16.0,61.9,1023.97,69.7,487.95,0.516,0
11.1,59.7,996.64,31.2,496.01,0.293,0
3.3,77.7,1008.59,80.7,497.61,0.403,0
13.0,35.6,994.73,88.2,493.61,0.546,0
19.8,71.9,1021.83,67.3,474.27,0.574,0
18.5,54.0,1013.31,70.1,477.09,0.566,0
34.9,80.3,1012.49,63.7,441.16,0.79,1
33.6,44.7,1012.3,59.3,452.69,0.736,1
14.0,29.1,1015.73,85.9,491.22,0.553,0
10.8,67.0,1012.76,45.9,496.35,0.348,0
29.5,31.0,1032.0,68.3,458.88,0.714,1
13.8,58.2,1027.37,99.2,476.33,0.633,1
36.5,35.9,1008.01,99.9,437.05,0.96,1
10.3,68.7,999.58,82.6,491.73,0.499,0
35.2,37.1,1006.41,90.2,442.52,0.896,1
3.9,50.7,1013.82,34.9,525.61,0.171,0
7.5,32.3,1000.46,50.5,502.98,0.317,0
16.6,70.6,996.49,57.8,477.17,0.496,0
5.3,78.3,1032.4,46.6,504.59,0.274,0
32.1,66.0,1032.6,53.3,458.88,0.682,1
10.6,61.6,1019.3,63.2,493.82,0.42,0
35.1,37.9,1026.7,33.3,451.56,0.65,1
35.6,64.5,996.54,67.9,446.54,0.803,1
9.7,70.5,1032.35,61.1,492.65,0.404,0
9.7,65.8,996.23,30.6,499.16,0.269,0
29.8,57.8,1014.98,97.6,460.42,0.832,1
32.3,37.5,999.94,34.8,466.65,0.594,0
20.6,44.6,1027.7,47.2,482.58,0.486,0
17.8,79.7,1012.58,87.5,464.06,0.654,1
16.2,75.6,1030.32,95.6,476.29,0.645,1
32.4,78.2,1012.48,52.0,446.14,0.706,1
4.4,27.0,997.05,82.9,510.82,0.398,0
3.9,77.3,1030.47,28.1,507.44,0.179,0
18.5,26.8,1025.93,97.1,478.6,0.672,1
20.3,62.9,1020.74,26.8,478.61,0.409,0
35.6,45.3,1027.11,26.1,454.42,0.62,1
26.3,58.9,1022.4,63.9,461.09,0.658,1
4.0,28.4,1000.16,26.2,525.56,0.136,0
7.0,56.1,1012.23,62.4,500.25,0.365,0
15.1,49.1,1000.27,57.7,492.35,0.45,0
19.4,65.9,1027.4,75.5,475.92,0.6,1
10.3,51.2,995.9,59.5,498.83,0.391,0
29.6,58.4,1006.86,27.2,464.96,0.538,0
15.2,57.3,1012.49,96.5,482.73,0.625,1
25.6,28.6,1011.31,63.4,474.31,0.622,1
36.4,71.4,1014.56,36.1,443.05,0.692,1
26.6,28.7,1019.97,90.5,473.27,0.743,1
29.5,51.8,1030.33,33.1,466.44,0.558,0
17.3,49.1,1021.83,63.8,494.79,0.492,0
11.8,78.9,1001.98,87.4,483.74,0.549,0
10.7,57.4,1024.57,88.3,494.17,0.521,0
11.0,71.3,1004.55,94.8,485.72,0.567,0
22.3,33.7,1003.09,26.9,483.24,0.423,0
27.6,36.2,1009.67,38.9,476.68,0.541,0
33.3,60.3,996.38,63.2,450.16,0.752,1
30.2,46.8,1022.02,33.1,471.48,0.555,0
24.4,34.7,1010.22,47.0,480.57,0.531,0
5.6,73.3,1030.64,38.4,503.4,0.247,0
29.7,76.4,1028.59,36.9,452.12,0.605,1
26.0,63.8,1009.15,31.3,464.08,0.518,0
23.2,56.8,1009.17,37.5,477.78,0.485,0
29.2,36.6,992.07,50.7,466.89,0.625,1
35.2,41.3,1006.2,33.7,460.72,0.634,1
3.7,77.6,1027.22,79.0,506.12,0.384,0
6.2,80.0,1032.55,65.3,500.38,0.367,0
29.9,34.6,1024.18,94.5,461.13,0.82,1
33.3,71.2,1021.06,78.6,448.25,0.818,1
28.4,36.4,1013.49,93.6,459.52,0.803,1
30.7,43.8,1010.79,35.6,458.24,0.597,0
22.9,63.8,1016.63,72.3,468.69,0.64,1
13.3,32.3,1022.53,99.1,494.05,0.592,0
26.2,79.1,996.06,75.9,460.1,0.706,1
34.5,38.0,1004.44,47.6,452.19,0.699,1
24.9,68.0,1019.74,57.4,463.61,0.611,1
36.2,27.5,1005.68,32.4,460.96,0.639,1
26.3,43.8,1015.34,99.5,463.04,0.796,1
12.4,45.0,1014.57,56.8,495.98,0.409,0
35.9,46.9,1023.83,35.7,454.06,0.663,1
25.5,37.6,997.68,68.4,464.29,0.661,1
2.4,68.1,1032.09,88.5,506.11,0.408,0
18.0,80.9,993.35,69.9,473.39,0.567,0
28.1,41.7,1026.53,49.3,475.08,0.591,0
11.0,52.5,1010.46,58.7,493.1,0.407,0
16.2,35.5,1011.9,70.4,487.69,0.522,0
18.9,75.7,996.33,66.2,480.6,0.548,0
19.3,31.5,1022.83,76.5,481.24,0.592,0
5.2,33.5,995.69,71.7,505.34,0.372,0
7.2,44.5,1013.36,35.7,509.4,0.242,0
12.5,55.6,998.79,76.9,483.52,0.515,0
27.4,68.5,1012.37,55.5,457.79,0.643,1
10.1,61.4,992.98,67.3,495.15,0.428,0
22.8,25.6,1001.44,45.3,482.88,0.501,0
20.8,71.1,1010.24,28.2,480.49,0.417,0
8.1,76.7,1025.51,34.6,504.18,0.257,0
2.9,66.9,1014.89,82.3,504.61,0.391,0
9.4,28.9,1016.33,27.1,510.79,0.228,0
34.4,57.9,993.06,60.8,442.92,0.77,1
31.0,80.9,997.72,85.6,444.46,0.829,1
18.5,46.5,1011.3,31.4,491.23,0.384,0
12.3,48.1,1024.48,60.4,495.86,0.423,0
35.0,44.1,1032.96,70.1,455.37,0.788,1
35.9,70.6,1006.63,98.5,437.01,0.949,1
27.4,32.4,1017.48,48.8,470.51,0.59,0
21.6,44.5,1032.93,34.3,482.5,0.445,0
6.5,76.1,1020.55,85.5,500.46,0.452,0
11.0,75.6,1005.87,26.1,498.65,0.266,0
22.1,46.9,1028.24,88.4,475.38,0.681,1
25.2,27.4,1015.35,49.8,477.28,0.557,0
30.3,58.8,1032.0,47.1,459.49,0.636,1
9.1,51.1,1003.15,99.1,490.97,0.553,0
6.7,35.6,1028.0,82.0,508.92,0.423,0
8.8,53.7,1030.79,45.8,502.39,0.313,0
34.0,25.7,1006.88,73.5,459.07,0.783,1
29.6,58.6,1023.7,59.5,462.31,0.673,1
14.5,63.4,1005.27,76.5,489.92,0.523,0
29.3,69.4,1008.52,67.2,462.96,0.699,1
19.5,56.6,1006.81,90.4,470.71,0.671,1
36.4,45.4,1012.86,72.1,454.69,0.813,1
13.6,75.8,999.01,36.9,486.67,0.361,0
19.0,59.9,997.09,40.3,478.08,0.45,0
12.9,58.4,994.55,71.7,486.87,0.492,0
29.2,64.6,1024.33,43.0,460.76,0.606,1
16.3,38.3,1029.5,79.8,486.55,0.562,0
21.3,42.5,1005.79,32.5,478.54,0.443,0
8.4,47.8,1000.5,85.6,501.53,0.47,0
32.4,71.3,1021.53,91.0,446.74,0.861,1
20.5,71.0,997.86,30.3,478.7,0.425,0
2.8,44.3,998.65,75.9,516.78,0.34,0
32.3,32.2,994.62,69.2,456.71,0.752,1
24.8,70.8,1002.93,48.1,471.37,0.558,0
2.2,52.0,1005.87,40.1,515.26,0.194,0
11.1,62.7,1011.56,44.7,497.69,0.344,0
32.5,80.2,996.92,77.0,439.85,0.82,1
31.2,46.4,1009.34,62.4,457.04,0.713,1
33.3,56.6,1001.43,48.1,447.14,0.698,1
3.6,37.6,1023.36,77.5,515.64,0.357,0
33.6,40.2,998.62,96.1,452.0,0.884,1
3.5,69.0,996.38,96.0,507.09,0.448,0
14.1,69.0,1032.27,93.0,485.29,0.594,0
22.2,71.6,998.76,49.4,463.81,0.55,0
15.0,43.8,992.31,47.0,489.45,0.411,0
8.6,30.1,993.63,37.8,519.76,0.245,0
32.7,55.3,1026.32,33.1,458.87,0.608,1
10.4,71.8,1023.96,69.1,490.48,0.449,0
14.8,47.7,1022.54,59.5,495.71,0.446,0
33.5,76.4,994.45,42.8,445.44,0.682,1
36.4,31.2,1001.88,47.4,458.81,0.706,1
14.5,60.0,1032.24,25.8,498.73,0.303,0
15.7,56.1,996.02,84.9,479.69,0.59,0
6.4,78.9,1002.35,79.8,495.71,0.437,0
5.3,40.0,1004.0,85.9,511.06,0.419,0
4.4,50.2,1017.4,87.4,508.39,0.421,0
14.3,68.6,1008.12,75.2,491.4,0.513,0
36.8,40.8,1007.65,78.7,444.36,0.864,1
12.3,36.6,996.06,73.1,506.1,0.453,0
16.4,41.1,1013.8,99.0,477.39,0.659,1
21.8,43.4,999.49,77.9,476.79,0.634,1
25.0,29.2,1026.82,88.2,473.96,0.715,1
29.6,52.0,994.19,40.8,455.33,0.613,1
31.0,57.1,1009.3,50.7,455.56,0.666,1
24.1,55.3,1002.53,66.8,469.12,0.63,1
10.8,59.2,1008.49,82.2,487.4,0.511,0
14.9,71.3,1009.64,69.5,475.92,0.527,0
3.1,35.6,1026.87,30.0,521.7,0.15,0
4.8,36.2,1013.53,73.1,504.95,0.375,0
8.9,65.2,1029.79,41.8,508.17,0.287,0
8.4,50.3,1018.63,92.8,495.11,0.512,0
24.0,65.1,999.76,28.2,476.58,0.46,0
2.5,44.2,1017.75,90.1,502.64,0.422,0
4.3,60.0,999.14,75.6,506.05,0.377,0
7.2,77.1,1009.97,83.3,495.55,0.46,0
8.8,26.9,1019.31,55.7,508.4,0.341,0
35.4,79.3,1000.54,97.1,431.88,0.948,1
15.4,55.4,1022.67,69.8,488.45,0.508,0
9.7,34.7,998.68,86.2,501.06,0.488,0
5.3,67.8,1028.91,56.8,499.52,0.325,0
13.4,62.0,1018.46,55.8,490.85,0.426,0
23.6,61.2,1009.39,96.9,464.21,0.754,1
15.0,76.3,1011.47,65.9,481.78,0.503,0
14.1,78.6,1005.99,92.1,488.28,0.585,0
9.5,52.1,1009.06,98.5,488.57,0.56,0
27.9,59.7,994.93,89.2,456.43,0.785,1
9.3,67.8,1031.36,63.2,500.9,0.392,0
16.6,56.9,996.9,43.5,484.02,0.425,0
24.1,48.5,995.06,47.5,468.65,0.553,0
12.5,49.8,996.14,45.2,497.67,0.36,0
22.8,42.6,1003.9,98.9,473.23,0.736,1
31.6,77.3,1023.24,99.7,442.95,0.895,1
32.4,52.7,1019.87,95.6,451.51,0.87,1
15.2,47.7,1031.41,29.2,494.95,0.331,0
33.4,53.5,1006.84,67.1,448.66,0.772,1
7.1,40.8,996.65,82.5,501.64,0.443,0
28.7,37.6,1019.65,69.1,466.8,0.692,1
28.9,43.9,1001.17,45.4,472.41,0.589,0
19.7,70.5,1016.51,90.6,474.75,0.666,1
29.6,42.0,992.8,78.6,456.4,0.761,1
4.4,42.0,1011.66,83.5,510.82,0.399,0
2.0,50.6,1026.87,44.3,518.36,0.202,0
10.3,44.3,992.09,84.7,494.37,0.501,0
3.2,35.0,1004.53,68.6,517.27,0.314,0
16.7,52.8,1016.66,70.7,485.19,0.533,0
5.0,68.8,1005.9,46.2,505.08,0.269,0
28.7,39.7,1030.4,43.0,463.09,0.596,0
8.4,32.4,1031.44,64.3,502.68,0.383,0
12.5,61.7,993.5,76.2,483.7,0.513,0
27.8,37.0,1029.79,82.6,462.15,0.746,1
2.3,72.3,1017.8,29.7,517.92,0.148,0
20.7,28.5,995.34,54.7,478.89,0.525,0
21.5,32.6,1014.83,77.8,479.03,0.625,1
23.0,37.0,1029.16,60.2,478.33,0.573,0
10.1,81.2,1002.07,43.7,491.7,0.34,0
16.8,63.1,1029.4,37.7,492.84,0.387,0
30.4,40.2,1021.13,47.8,463.05,0.634,1
2.8,72.3,996.36,66.4,511.1,0.314,0
30.9,49.5,1006.7,81.3,455.34,0.788,1
14.3,38.1,1017.61,38.5,497.05,0.354,0
4.0,40.4,1008.36,74.6,512.74,0.356,0
35.6,38.3,1023.79,70.4,451.75,0.803,1
3.3,36.8,1018.99,25.8,527.59,0.124,0
25.5,47.4,1030.15,39.3,472.76,0.528,0
13.3,71.6,1032.9,26.4,498.48,0.292,0
5.2,56.5,1007.6,50.5,510.17,0.278,0
32.5,58.9,1005.5,32.1,456.58,0.607,1
34.7,57.6,1001.82,56.6,452.04,0.738,1
33.4,43.3,1025.48,82.9,452.33,0.828,1
36.4,27.2,1013.52,42.2,448.83,0.704,1
17.8,51.1,996.51,34.6,493.0,0.385,0
5.6,36.0,1011.02,61.1,519.49,0.307,0
29.9,39.4,992.18,69.0,462.26,0.715,1
30.4,54.5,998.29,81.0,456.91,0.779,1
23.0,56.7,1022.98,55.7,473.48,0.565,0
31.0,25.5,1026.38,84.6,463.13,0.787,1
15.3,45.2,1005.88,49.8,486.18,0.433,0
15.4,34.2,1013.28,91.7,483.9,0.606,1
10.9,80.3,1012.18,54.1,488.11,0.398,0
23.5,42.8,993.03,59.7,464.08,0.605,1
21.7,57.9,1007.63,94.8,471.54,0.711,1
7.2,29.4,1015.53,96.8,503.18,0.498,0
26.1,74.3,1030.18,34.1,463.73,0.531,0
18.3,25.8,1012.72,59.8,493.63,0.49,0
9.0,40.7,1005.73,95.2,499.5,0.519,0
34.8,60.3,1001.19,32.5,458.25,0.63,1
25.7,81.3,1023.32,55.5,464.5,0.611,1
18.3,29.6,1005.36,61.0,487.04,0.508,0
7.0,76.3,1012.11,75.2,493.02,0.431,0
17.5,59.4,1030.06,53.1,487.37,0.467,0
29.7,72.5,1008.1,61.0,456.39,0.692,1
25.5,78.3,1023.38,72.2,462.25,0.68,1
16.2,62.9,1004.88,59.2,481.65,0.489,0
27.2,45.4,992.3,31.0,472.72,0.512,0
20.8,55.8,1003.57,59.7,479.49,0.545,0
14.3,36.0,1001.55,83.4,488.06,0.552,0
10.7,55.8,1023.23,50.8,502.23,0.354,0
29.4,60.9,1016.06,50.8,462.94,0.635,1
13.6,78.1,1031.98,68.6,489.65,0.482,0
33.0,59.4,992.37,73.6,452.88,0.785,1
27.2,28.0,1023.37,96.6,463.15,0.794,1
30.7,61.9,1022.29,80.4,460.71,0.772,1
22.1,46.9,1021.05,79.2,476.38,0.643,1
28.9,76.5,1032.65,54.7,462.05,0.647,1
20.8,76.1,1023.88,64.6,476.81,0.57,0
34.5,40.4,1031.95,59.0,453.78,0.742,1
14.6,76.7,1030.73,74.4,490.71,0.514,0
24.4,44.6,998.42,52.2,479.21,0.554,0
19.7,41.5,1013.91,55.0,484.8,0.503,0
26.1,37.0,1013.01,35.5,478.01,0.508,0
36.8,73.3,1006.79,49.7,439.91,0.757,1
32.6,67.6,995.97,60.9,447.46,0.741,1
37.0,43.3,992.14,70.6,446.74,0.829,1
21.9,45.1,1010.27,94.7,470.12,0.715,1
27.8,81.5,1017.92,54.6,462.12,0.635,1
32.2,75.7,1023.48,30.5,460.29,0.589,0
21.7,59.0,1020.38,92.8,473.53,0.699,1
11.0,37.0,1000.93,49.2,495.38,0.365,0
11.0,76.4,1011.26,26.4,491.55,0.282,0
8.6,40.3,1016.87,25.7,511.61,0.212,0
11.3,67.5,1003.77,71.1,493.51,0.46,0
27.5,58.5,1025.21,51.4,465.8,0.611,1
19.9,47.9,1007.72,79.0,475.78,0.62,1
14.7,57.3,1009.15,83.4,487.05,0.558,0
33.2,32.8,1014.54,98.8,452.37,0.889,1
28.3,66.9,1028.27,56.2,463.45,0.644,1
36.3,68.1,996.55,51.9,442.58,0.754,1
13.3,69.1,1009.27,93.4,481.26,0.595,0
2.4,56.9,1015.09,52.8,516.72,0.244,0
14.6,67.9,1009.02,37.9,486.49,0.376,0
32.2,64.3,1025.98,92.7,456.01,0.847,1
20.9,53.3,1012.93,39.6,473.26,0.477,0
20.9,40.3,1006.51,82.4,482.91,0.63,1
30.4,46.5,1019.72,44.5,468.81,0.608,1
27.6,70.0,992.97,72.8,452.09,0.725,1
28.9,65.6,997.44,51.5,453.47,0.651,1
15.9,45.5,1018.89,45.5,489.32,0.415,0
4.1,39.8,1016.16,74.1,512.24,0.356,0
11.8,81.2,1017.45,60.8,483.1,0.444,0
3.1,81.2,1032.59,89.8,504.27,0.424,0
30.6,63.7,1012.3,26.1,459.63,0.556,0
12.7,51.6,1023.29,30.6,498.81,0.302,0
27.2,51.6,1005.97,71.0,468.84,0.68,1
5.2,56.1,1023.97,31.8,509.18,0.205,0
4.1,47.2,995.64,86.3,497.81,0.434,0
18.7,46.3,1003.89,60.6,480.64,0.523,0
19.4,59.9,1014.76,46.6,484.82,0.467,0
25.7,67.4,1019.0,52.1,464.27,0.597,0
16.3,59.0,1003.24,79.7,479.44,0.577,0
6.3,38.9,1028.85,90.1,507.2,0.454,0
8.9,48.9,1012.11,40.4,502.38,0.293,0
33.5,33.6,1000.51,95.7,447.62,0.889,1
30.3,48.9,1008.18,91.9,455.36,0.824,1
11.2,35.3,1019.33,52.3,497.14,0.376,0
29.7,64.8,1028.41,31.1,464.13,0.557,0
9.3,41.7,1032.13,48.6,507.3,0.32,0
27.1,53.5,1011.22,55.3,468.11,0.618,1
31.2,59.4,1029.8,91.3,457.99,0.826,1
13.3,78.3,1022.46,45.7,487.99,0.39,0
9.4,58.7,1022.0,45.5,500.24,0.323,0
13.9,72.0,1014.05,54.5,485.24,0.438,0
12.6,47.3,1003.15,91.1,494.09,0.552,0
2.7,49.9,1015.95,88.7,508.09,0.408,0
31.7,54.5,1023.26,71.1,461.91,0.744,1
2.1,47.1,1014.4,96.6,509.21,0.431,0
36.4,52.6,1014.8,57.5,448.79,0.766,1
16.2,30.6,1004.28,99.4,487.3,0.638,1
10.2,52.3,1013.1,53.0,505.65,0.351,0
29.6,66.5,1009.59,29.6,466.87,0.545,0
15.6,44.1,1014.32,67.9,491.24,0.497,0
11.3,33.7,1028.38,99.9,489.79,0.582,0
2.9,44.3,1028.03,91.1,503.75,0.429,0
22.7,66.7,1024.39,84.6,473.62,0.677,1
23.8,54.1,1030.05,71.8,469.92,0.645,1
36.2,46.7,997.98,70.9,441.51,0.832,1
26.4,39.9,1007.85,97.3,459.63,0.795,1
14.4,35.1,1030.47,78.5,494.97,0.52,0
16.7,25.5,1032.72,64.4,494.14,0.489,0
19.1,78.2,1015.52,34.4,478.1,0.428,0
14.4,67.7,1028.04,51.9,490.74,0.422,0
15.7,70.5,1026.33,95.3,476.53,0.638,1
2.9,51.7,1007.77,85.4,508.98,0.394,0
22.2,70.6,994.3,86.4,466.27,0.693,1
7.9,48.6,1012.12,93.0,495.99,0.505,0
22.5,76.1,1008.9,31.0,473.14,0.461,0
23.1,67.7,1012.43,99.8,463.64,0.761,1
31.5,78.3,1029.77,91.1,446.99,0.851,1
18.0,40.4,1016.21,33.1,490.66,0.386,0
9.6,48.9,1020.15,54.9,503.51,0.356,0
31.1,52.6,1020.67,46.6,456.72,0.649,1
31.6,35.1,1007.51,66.1,453.14,0.74,1
16.8,59.3,993.58,56.5,492.32,0.463,0
34.4,42.8,1022.79,28.9,460.47,0.607,1
13.9,65.6,1012.62,70.5,491.74,0.489,0
14.4,59.7,997.12,45.6,497.08,0.384,0
22.8,34.9,1028.21,75.8,479.6,0.63,1
16.6,35.6,1029.37,94.5,486.77,0.623,1
6.6,45.3,1012.29,55.3,517.47,0.298,0
32.0,32.9,1004.18,70.2,460.82,0.745,1
4.6,33.8,1028.87,87.1,509.27,0.419,0
16.7,75.7,1016.6,52.0,480.2,0.468,0
32.3,35.5,998.79,30.8,461.69,0.589,0
10.6,51.3,1015.3,53.4,500.83,0.367,0
35.3,79.8,1030.37,32.7,449.95,0.652,1
17.2,50.8,1016.66,58.5,486.26,0.487,0
22.1,29.6,999.01,89.9,475.04,0.689,1
30.6,36.8,1007.69,57.5,462.3,0.676,1
12.7,51.7,995.57,92.5,488.52,0.571,0
2.9,67.0,1022.2,87.9,507.18,0.408,0
5.9,34.7,1005.36,39.5,511.83,0.238,0
21.7,45.7,997.77,37.4,476.14,0.471,0
24.3,25.9,1029.74,96.2,477.56,0.732,1
34.4,50.0,1027.44,65.3,457.36,0.758,1
27.4,78.0,1028.72,74.3,460.83,0.712,1
34.9,69.5,1007.55,43.4,448.76,0.693,1
20.1,35.5,1007.89,37.7,484.65,0.439,0
33.9,36.4,1025.35,31.3,456.25,0.619,1
34.0,30.7,999.11,41.4,457.8,0.657,1
11.5,62.8,992.87,66.9,496.9,0.438,0
16.7,75.2,1006.18,74.8,471.29,0.577,0
24.0,37.7,995.4,97.5,465.09,0.759,1
21.9,67.1,1005.7,33.7,480.7,0.45,0
29.4,53.5,1028.98,95.2,456.61,0.825,1
13.3,43.1,1003.38,81.4,481.52,0.546,0
2.9,80.8,995.55,55.2,500.73,0.29,0
27.5,65.2,1012.84,83.3,454.95,0.761,1
22.8,49.0,998.36,34.7,482.16,0.461,0
19.0,74.9,1024.14,72.8,464.04,0.609,1
25.2,72.6,1008.69,92.2,461.17,0.759,1
14.4,70.9,1004.68,41.6,484.68,0.393,0
3.7,51.8,995.29,74.0,501.8,0.372,0
22.3,28.7,997.65,69.6,480.78,0.598,0
15.0,69.2,1007.02,53.2,489.02,0.437,0
24.5,38.5,996.04,84.7,467.96,0.708,1
32.5,76.4,1000.69,77.2,454.6,0.791,1
10.9,25.6,992.37,61.6,507.66,0.389,0
33.2,53.6,1005.48,66.3,446.09,0.772,1
8.9,59.5,1020.75,93.1,498.04,0.512,0
2.5,30.3,1000.43,53.8,516.5,0.249,0
19.3,47.2,1001.61,29.6,478.57,0.41,0
31.6,25.4,1017.68,67.7,462.83,0.727,1
19.0,54.5,999.09,63.4,481.34,0.536,0
25.0,25.9,1012.66,43.1,474.43,0.534,0
5.3,29.7,1025.2,62.3,513.51,0.32,0
30.9,71.3,1023.07,32.5,462.02,0.58,0
29.1,32.2,998.1,48.7,469.61,0.61,1
5.8,41.1,1019.33,76.5,507.22,0.394,0
34.8,35.1,1023.46,82.0,441.19,0.861,1
14.0,42.5,1027.91,66.3,493.38,0.469,0
9.2,36.1,1030.04,95.5,499.06,0.523,0
29.8,28.0,1019.24,70.0,466.71,0.709,1
35.0,49.9,1026.89,55.3,458.69,0.722,1
19.1,38.3,1006.2,36.6,491.42,0.41,0
6.1,63.8,998.31,34.0,508.35,0.225,0
2.1,54.4,994.82,80.9,509.19,0.368,0
10.3,39.3,1012.64,90.9,497.94,0.519,0
14.0,37.7,1022.99,55.1,504.08,0.403,0
6.5,37.0,1020.23,64.5,510.87,0.347,0
27.0,64.2,993.34,26.4,472.45,0.493,0
3.7,80.5,994.19,84.3,498.13,0.421,0
14.2,59.5,1006.82,62.3,488.47,0.466,0
16.5,75.8,1016.1,99.0,477.69,0.659,1
26.3,75.8,993.16,94.7,454.29,0.795,1
12.2,65.7,1014.26,86.2,490.78,0.535,0
3.3,78.3,1028.75,71.4,501.17,0.359,0
34.6,70.8,1006.99,50.4,453.05,0.709,1
15.3,60.8,1010.03,33.5,490.75,0.358,0
26.5,76.5,1013.86,94.6,459.56,0.786,1
8.5,49.0,1004.38,72.5,502.0,0.418,0
32.4,25.9,1017.58,31.2,460.5,0.594,0
17.4,55.2,1007.54,62.3,488.05,0.502,0
2.6,71.7,1008.87,48.8,511.48,0.24,0
4.7,54.2,1008.78,44.8,515.49,0.239,0
21.1,40.1,1008.37,40.2,482.68,0.463,0
15.8,76.4,1023.22,67.3,482.39,0.515,0
14.8,46.8,1011.36,97.0,483.41,0.621,1
16.9,73.2,1029.15,27.1,491.06,0.349,0
2.4,61.3,998.25,36.4,516.33,0.179,0
17.7,78.4,1031.78,70.3,474.6,0.564,0
17.1,33.7,999.61,39.9,498.8,0.387,0
6.7,60.3,995.07,81.2,496.53,0.444,0
16.6,67.9,1005.41,82.4,479.98,0.589,0
32.9,62.8,999.43,61.1,450.58,0.739,1
24.0,48.2,1016.58,93.1,460.97,0.75,1
35.7,55.5,1009.06,62.0,440.89,0.793,1
20.7,74.5,1008.74,32.7,483.86,0.427,0
18.9,32.3,1028.89,75.5,479.62,0.587,0
3.9,35.0,1026.04,86.4,511.06,0.406,0
36.3,58.1,1020.26,60.5,453.71,0.767,1
26.8,69.3,1002.14,85.9,459.71,0.754,1
33.1,60.2,995.86,35.7,448.13,0.645,1
28.3,61.3,1001.03,69.2,464.13,0.695,1
26.7,48.7,1019.92,62.3,459.36,0.659,1
22.9,67.9,1012.27,99.1,458.88,0.766,1
21.2,59.2,1017.34,89.7,473.12,0.681,1
9.0,81.4,1016.91,85.3,495.62,0.487,0
22.0,32.2,1019.03,28.0,488.79,0.412,0
7.1,69.2,1016.41,37.6,499.33,0.268,0
26.5,50.8,992.6,78.7,458.53,0.724,1
30.6,72.2,993.47,41.9,456.92,0.624,1
3.3,59.4,1014.95,56.6,516.26,0.269,0
33.7,39.2,994.6,84.7,449.79,0.844,1
12.0,25.8,994.33,42.5,500.02,0.339,0
7.5,53.0,1010.52,69.2,498.31,0.402,0
6.9,73.5,1017.09,79.6,497.07,0.439,0
34.3,34.7,1000.19,54.5,452.98,0.723,1
11.4,42.7,1018.03,37.6,511.47,0.291,0
22.7,66.8,1024.91,91.6,464.14,0.724,1
11.7,67.8,1021.73,66.7,483.93,0.465,0
23.9,52.9,1020.79,68.8,471.05,0.631,1
6.6,57.2,999.39,96.0,500.24,0.495,0
7.8,59.1,1032.74,76.9,502.74,0.427,0
19.9,79.3,1023.42,46.4,475.73,0.489,0
24.9,32.1,1014.95,57.7,476.72,0.587,0
2.1,33.4,1019.51,76.6,522.39,0.324,0
15.1,75.0,998.1,87.7,481.95,0.59,0
7.3,33.4,992.19,99.9,504.63,0.509,0
30.3,69.2,1025.41,37.8,454.24,0.611,1
36.6,56.6,996.4,80.8,444.47,0.87,1
10.1,44.4,1029.19,80.3,502.19,0.466,0
14.4,68.9,1020.05,35.7,489.47,0.36,0
25.8,55.0,1010.63,73.9,464.41,0.686,1
20.9,69.9,1016.63,39.1,478.58,0.465,0
31.0,78.4,1022.3,86.5,442.79,0.836,1
32.3,63.6,1022.07,84.7,450.96,0.826,1
13.8,66.3,1004.94,91.6,484.04,0.587,0
25.2,49.4,1021.81,46.4,466.62,0.565,0
17.6,43.8,1017.4,59.9,482.66,0.504,0
36.6,32.9,1017.11,81.3,454.58,0.851,1
29.9,64.3,1021.66,66.3,456.81,0.715,1
15.9,71.3,1006.52,94.7,483.66,0.623,1
11.9,60.5,992.89,31.7,502.74,0.289,0
17.4,32.7,1025.3,32.8,493.63,0.372,0
15.6,43.8,993.75,38.1,486.77,0.387,0
21.5,43.7,992.0,98.5,469.08,0.728,1
20.1,27.1,1006.29,26.6,497.42,0.369,0
19.1,25.4,1005.45,43.7,498.49,0.425,0
13.5,27.8,1002.36,56.4,504.03,0.404,0
8.3,68.9,1016.68,63.9,497.01,0.392,0
22.0,39.3,997.78,60.5,488.41,0.542,0
5.0,77.6,1005.73,27.2,507.64,0.188,0
15.1,29.0,998.38,44.3,499.6,0.382,0
31.8,61.4,1007.53,44.1,456.18,0.648,1
25.2,26.5,1005.53,28.9,481.75,0.464,0
7.4,44.2,1031.83,31.1,511.6,0.221,0
10.8,57.5,992.94,47.4,492.78,0.361,0
3.0,68.9,995.64,26.5,509.82,0.159,0
7.5,68.6,1009.48,59.9,492.54,0.376,0
25.6,78.8,1011.7,43.3,469.22,0.551,0
31.0,66.1,998.74,62.5,449.89,0.726,1
4.5,39.9,1000.92,43.8,522.09,0.219,0
29.5,59.4,1032.26,87.1,457.26,0.793,1
24.3,32.3,1012.9,65.6,478.42,0.609,1
17.8,55.4,1008.57,37.0,489.1,0.403,0
13.2,30.6,992.87,55.4,489.8,0.425,0
33.7,72.6,1007.43,31.8,454.37,0.622,1
16.6,50.4,1003.62,45.2,490.99,0.419,0
26.9,63.4,1019.2,83.7,461.21,0.743,1
16.4,71.3,999.1,56.1,483.42,0.475,0
7.1,79.2,1013.76,28.9,500.94,0.231,0
27.5,43.7,995.17,56.4,464.87,0.633,1
23.2,40.5,995.0,75.9,473.65,0.647,1
26.1,55.9,1003.1,68.8,456.86,0.684,1
25.0,58.4,1020.73,58.1,471.69,0.599,0
31.2,77.4,1000.81,37.9,455.81,0.618,1
6.4,37.6,1013.43,70.9,506.53,0.38,0
20.6,55.5,1001.68,47.5,475.15,0.502,0
7.7,68.8,1014.98,80.7,501.26,0.444,0
34.4,47.8,1021.12,89.1,446.17,0.876,1
18.1,69.8,1004.93,37.5,487.6,0.411,0
21.9,59.6,1020.55,94.9,477.74,0.7,1
15.6,53.2,999.62,92.5,481.34,0.616,1
25.8,80.5,1015.12,50.1,459.43,0.601,1
5.3,77.3,1012.46,58.3,500.87,0.329,0
7.6,73.8,1026.92,76.1,497.31,0.432,0
6.6,29.1,1008.74,35.9,507.92,0.239,0
23.3,57.1,1016.58,78.1,472.9,0.658,1
22.1,52.3,1002.93,88.6,473.88,0.686,1
8.5,66.4,1022.65,65.3,493.06,0.407,0
18.3,31.8,1027.92,93.6,481.33,0.649,1
36.0,61.1,1016.09,60.1,450.89,0.767,1
7.7,51.2,1032.56,25.9,509.57,0.208,0
3.2,49.9,1027.31,36.1,516.81,0.186,0
25.1,79.0,992.61,69.4,449.65,0.69,1
2.2,78.7,1003.17,47.0,510.64,0.23,0
26.0,81.2,994.67,33.2,465.21,0.523,0
21.9,35.9,1011.65,64.5,482.64,0.57,0
32.7,60.2,1029.05,48.9,453.04,0.683,1
25.4,56.5,1000.78,92.9,466.35,0.753,1
31.3,40.4,1002.08,42.0,455.76,0.635,1
17.1,29.3,1001.66,46.7,495.5,0.42,0
12.8,63.3,1015.13,87.7,492.13,0.545,0
7.2,40.9,1003.05,68.4,504.39,0.382,0
12.3,72.7,1024.44,45.7,495.04,0.366,0
31.0,27.6,1021.94,54.6,466.02,0.662,1
5.0,77.8,1032.92,82.6,504.76,0.415,0
20.3,56.4,1016.21,83.4,476.15,0.641,1
19.9,33.7,1019.63,87.3,478.76,0.647,1
33.6,78.3,1007.96,84.7,444.59,0.853,1
36.1,65.4,1007.01,97.6,436.64,0.947,1
30.2,52.5,1016.49,90.8,454.48,0.821,1
3.9,63.5,1004.28,48.2,511.49,0.252,0
5.7,39.6,1015.92,35.1,516.85,0.209,0
36.0,67.2,1005.63,69.0,444.42,0.816,1
25.7,45.7,1025.24,59.2,469.3,0.616,1
34.3,70.9,998.92,91.9,438.68,0.901,1
14.0,79.0,1011.63,86.5,471.52,0.594,0
7.8,59.0,1032.47,52.1,505.35,0.322,0
14.3,32.8,1005.7,46.5,505.02,0.37,0
35.1,77.9,1029.69,99.2,440.79,0.935,1
12.0,41.1,1002.69,98.9,493.79,0.578,0
35.9,36.5,1021.95,65.8,453.75,0.784,1
7.3,38.9,1024.71,99.8,497.42,0.524,0
19.0,70.5,1019.82,31.6,484.31,0.403,0
7.8,37.1,995.72,75.5,498.64,0.429,0
2.5,48.4,1017.36,72.9,513.0,0.332,0
4.4,50.3,994.39,66.6,512.7,0.329,0
13.0,39.7,1000.27,100.1,485.18,0.61,1
33.7,32.6,1016.59,37.4,464.36,0.625,1
22.3,35.6,997.13,75.3,476.7,0.629,1
31.3,32.0,1000.38,70.9,465.32,0.731,1
11.3,67.8,1001.64,37.6,498.95,0.315,0
7.8,55.6,1031.4,43.4,505.12,0.288,0
9.9,42.9,1010.47,99.7,493.64,0.558,0
29.0,33.7,1003.92,55.7,464.14,0.647,1
26.2,36.4,1022.13,50.3,475.78,0.573,0
11.0,75.3,1024.61,51.9,490.33,0.386,0
13.3,76.6,1032.35,44.9,492.22,0.379,0
17.4,75.8,1026.65,61.8,482.93,0.51,0
20.5,33.6,1018.45,53.5,490.97,0.494,0
32.2,58.8,1007.24,43.2,453.58,0.654,1
3.7,56.2,1011.64,56.0,514.01,0.277,0
4.1,66.1,999.35,91.8,503.58,0.444,0
10.5,59.0,1028.96,44.4,509.78,0.312,0
16.8,38.3,998.4,41.7,492.03,0.404,0
13.2,28.5,998.58,77.3,491.86,0.508,0
33.9,46.8,1005.43,81.1,450.28,0.83,1
13.6,31.2,995.1,58.9,494.26,0.434,0
33.0,28.7,996.49,82.2,450.9,0.824,1
4.8,44.0,1016.17,85.0,507.71,0.417,0
16.7,69.9,1015.17,52.1,480.97,0.467,0
20.3,69.4,1009.4,33.1,483.79,0.425,0
36.4,30.5,1023.1,94.1,451.15,0.908,1
35.8,73.7,1010.18,44.0,442.52,0.717,1
6.7,48.3,1025.6,78.9,502.08,0.424,0
37.0,75.9,999.8,88.1,437.37,0.918,1
18.9,69.6,1021.28,72.9,482.79,0.571,0
23.3,64.4,998.16,99.3,455.96,0.777,1
22.4,71.8,1023.44,42.4,474.66,0.502,0
10.1,29.9,1011.38,29.8,504.25,0.26,0
24.4,59.7,1001.07,94.7,457.3,0.768,1
30.5,45.4,1028.23,69.0,465.61,0.714,1
27.1,45.6,1028.38,48.3,467.28,0.592,0
9.3,67.9,1004.86,49.2,497.41,0.343,0
13.0,75.7,1001.43,87.7,480.83,0.57,0
29.6,46.7,995.32,70.8,452.52,0.738,1
4.1,61.0,994.74,72.3,504.78,0.364,0
9.3,46.3,1004.02,88.4,488.9,0.517,0
5.4,47.4,1022.94,56.9,516.49,0.293,0
7.0,46.4,1023.14,84.2,499.7,0.453,0
31.9,47.5,1007.71,29.6,455.27,0.593,0
16.7,65.2,993.78,63.2,479.03,0.515,0
18.8,77.9,1009.12,57.7,474.68,0.525,0
28.6,59.9,994.97,68.7,456.2,0.711,1
33.4,25.5,996.1,53.8,459.96,0.696,1
27.4,51.7,1031.96,88.5,459.87,0.771,1
27.1,36.9,1016.82,36.7,468.73,0.542,0
32.9,59.1,1024.16,38.3,455.78,0.638,1
24.6,41.2,998.74,43.6,470.17,0.54,0
35.6,70.7,1013.55,33.2,456.9,0.644,1
22.8,27.2,1011.06,84.9,476.13,0.674,1
23.1,70.2,997.99,42.7,476.63,0.508,0
8.4,63.5,1030.17,67.7,498.95,0.404,0
28.6,39.2,1026.39,56.2,469.99,0.634,1
17.2,26.2,1004.27,69.4,482.27,0.539,0
26.7,58.7,1025.06,49.6,466.72,0.593,0
4.0,59.9,996.52,67.8,512.51,0.329,0
26.8,67.6,1002.12,45.7,459.82,0.593,0
13.9,60.6,1028.06,31.4,496.59,0.323,0
23.8,44.7,1007.6,33.5,474.47,0.482,0
20.7,44.5,1011.19,91.3,471.84,0.685,1
2.7,52.3,1008.38,76.6,509.49,0.356,0
26.5,59.6,1001.68,81.2,470.51,0.711,1
16.3,30.2,1014.65,56.3,485.63,0.47,0
22.3,29.5,1030.06,97.4,472.69,0.725,1
19.6,70.6,1001.54,67.9,478.09,0.567,0
31.2,41.7,1002.48,39.3,464.25,0.606,1
31.2,80.4,994.99,46.7,451.98,0.66,1
10.2,81.3,999.89,96.4,485.47,0.565,0
11.8,60.9,1010.12,49.3,499.49,0.366,0
23.7,70.8,1029.14,46.9,466.05,0.552,0
2.2,65.4,996.69,36.1,515.34,0.178,0
4.9,53.6,999.64,99.1,497.04,0.495,0
20.7,63.1,1026.47,42.3,479.91,0.473,0
2.7,79.4,1020.22,87.7,495.71,0.428,0
13.4,76.5,1009.5,72.4,487.24,0.5,0
13.9,36.7,1013.14,46.6,497.03,0.383,0
19.5,26.6,1026.7,96.9,480.73,0.677,1
4.6,46.9,1002.93,85.6,502.67,0.427,0
4.7,27.6,1021.4,51.3,517.18,0.262,0
22.4,52.8,1002.26,69.9,467.11,0.628,1
28.6,50.5,993.83,97.2,450.93,0.837,1
18.6,40.8,1010.97,29.6,498.07,0.364,0
2.0,32.3,1022.35,87.3,509.67,0.391,0
34.5,53.3,999.29,72.1,442.28,0.817,1
8.5,33.2,1011.7,54.0,510.94,0.326,0
9.1,72.6,1025.74,56.2,492.68,0.378,0
3.8,55.9,992.2,38.9,512.4,0.212,0
32.0,81.3,1010.11,48.7,451.88,0.677,1
30.4,66.3,993.48,33.8,456.63,0.591,0
18.5,32.8,993.76,87.6,485.33,0.619,1
23.1,42.8,1016.65,87.3,476.9,0.685,1
14.4,32.6,1014.42,77.2,492.31,0.52,0
15.9,73.7,1000.71,96.5,475.46,0.647,1
36.7,43.9,1004.08,44.9,452.49,0.711,1
13.0,54.4,993.96,95.6,482.9,0.597,0
13.9,59.8,1028.59,33.6,496.56,0.331,0
4.5,47.2,1002.21,66.3,513.62,0.327,0
15.4,58.7,1009.22,31.1,494.48,0.342,0
3.5,69.7,1030.09,26.9,518.24,0.149,0
3.6,54.3,998.88,43.5,517.15,0.218,0
9.9,28.8,998.83,69.0,504.43,0.414,0
11.9,27.7,1022.91,51.9,499.64,0.377,0
34.0,27.2,995.69,85.5,450.78,0.848,1
33.0,26.1,1014.6,45.1,464.55,0.649,1
37.1,38.7,1008.28,81.1,449.44,0.866,1
31.9,48.0,1009.78,32.0,455.39,0.602,1
17.9,78.6,1026.63,97.6,467.7,0.689,1
10.4,62.0,1012.78,63.2,500.35,0.405,0
22.9,36.9,998.67,73.2,472.82,0.635,1
2.4,42.6,1032.93,87.7,514.98,0.387,0
5.7,76.3,1014.53,73.8,498.86,0.4,0
9.1,28.1,1016.0,49.5,509.34,0.317,0
20.2,29.4,1001.23,29.6,495.38,0.386,0
2.1,51.6,1004.48,41.8,517.01,0.196,0
25.6,31.0,1000.56,45.6,479.27,0.541,0
28.6,59.8,1027.23,53.0,464.82,0.631,1
31.2,71.6,1001.16,74.6,445.93,0.783,1
19.3,66.9,995.67,40.9,484.03,0.445,0
22.5,79.5,1010.45,34.0,471.29,0.476,0
22.2,50.5,1004.42,30.0,480.62,0.439,0
28.2,76.8,1005.41,66.7,454.54,0.703,1
12.2,42.2,1025.4,87.6,491.08,0.54,0
22.8,70.2,1007.93,31.5,483.84,0.444,0
28.8,67.9,999.76,66.0,459.02,0.698,1
7.2,58.4,1012.92,30.3,501.53,0.235,0
21.5,44.6,1016.29,79.0,476.4,0.635,1
17.3,42.0,996.34,99.4,480.12,0.664,1
35.2,68.0,1001.37,99.4,435.89,0.946,1
16.7,69.3,1018.19,98.8,474.65,0.667,1
24.4,55.5,1028.73,81.4,465.7,0.697,1
36.5,74.1,996.7,50.3,439.88,0.756,1
7.7,27.7,1014.61,29.8,512.92,0.216,0
36.1,75.9,1031.86,53.2,446.79,0.749,1
22.5,28.5,1013.2,92.1,478.45,0.694,1
15.4,79.1,992.22,65.9,476.0,0.518,0
10.7,76.7,997.06,49.5,494.4,0.364,0
16.6,50.3,996.98,64.2,490.71,0.495,0
30.4,53.9,1021.46,88.9,459.5,0.805,1
15.2,56.6,998.76,74.3,476.5,0.548,0
3.4,73.6,1003.83,96.7,503.74,0.457,0
28.2,71.5,1027.55,29.9,470.51,0.523,0
10.4,79.8,992.71,99.0,488.11,0.573,0
11.9,63.5,1019.66,43.8,492.85,0.358,0
29.3,47.5,996.78,85.9,452.76,0.795,1
28.7,77.3,1003.74,76.0,449.8,0.754,1
36.5,67.6,1014.31,26.5,444.87,0.651,1
36.4,65.1,1007.45,79.2,448.29,0.854,1
29.0,72.0,1022.54,81.1,450.59,0.777,1
16.5,31.5,1031.59,37.0,493.7,0.379,0
14.6,36.4,1017.04,92.3,493.23,0.58,0
13.4,41.1,993.48,43.7,495.34,0.369,0
26.2,46.1,1001.17,77.7,463.44,0.707,1
30.4,46.1,1025.04,96.4,450.2,0.854,1
36.2,71.5,1009.19,46.7,446.92,0.724,1
20.6,66.3,1031.1,92.8,477.37,0.679,1
12.9,38.3,1029.38,98.2,488.22,0.595,0
27.0,75.1,1012.06,74.3,460.37,0.708,1
31.5,43.4,1016.15,71.0,462.8,0.739,1
13.2,31.6,1023.38,64.6,492.8,0.456,0
33.9,54.8,1002.33,98.5,442.18,0.916,1
29.8,70.5,997.39,59.6,457.23,0.686,1
15.1,32.7,1031.79,56.4,501.87,0.425,0
1.9,55.3,1006.78,100.1,505.96,0.449,0
20.3,50.3,1012.19,28.3,488.72,0.395,0
1.9,60.1,1003.71,29.5,513.57,0.152,0
32.8,28.6,1008.0,39.7,459.82,0.634,1
11.7,79.6,1012.59,54.1,490.72,0.402,0
5.4,34.7,996.53,53.1,515.75,0.279,0
14.2,45.1,1032.95,44.8,495.1,0.383,0
28.4,25.6,1000.16,50.5,471.55,0.606,1
28.3,54.0,1003.89,87.0,460.59,0.773,1
18.2,27.2,1001.32,38.7,495.01,0.402,0
4.9,48.6,996.2,70.0,511.19,0.35,0
34.0,72.5,1020.89,53.4,447.35,0.727,1
21.1,73.0,999.16,37.6,470.89,0.476,0
21.9,51.1,1007.91,44.2,480.22,0.493,0
29.4,36.3,1002.62,80.9,460.51,0.76,1
36.2,61.1,1018.94,79.2,439.67,0.869,1
33.3,59.6,1016.47,48.5,452.64,0.688,1
19.7,43.3,992.72,83.8,476.45,0.635,1
8.8,60.5,1027.57,41.5,508.93,0.283,0
24.9,39.8,1001.24,32.4,478.25,0.483,0
34.5,62.0,1003.0,41.9,464.02,0.653,1
9.7,28.0,1031.01,47.6,508.5,0.318,0
4.7,28.9,1026.23,45.9,518.88,0.237,0
14.0,44.4,1010.89,56.7,488.87,0.44,0
28.2,31.2,1016.19,91.2,464.94,0.78,1
2.1,72.9,1024.86,64.0,513.0,0.293,0
23.9,70.7,1007.39,28.2,468.56,0.474,0
13.2,72.4,1024.88,98.7,483.43,0.611,1
19.0,60.8,1009.16,59.0,469.26,0.543,0
27.8,77.0,1018.52,28.5,465.17,0.524,0
10.7,59.8,1024.83,42.3,501.31,0.322,0
11.6,57.1,992.41,93.8,494.91,0.551,0
23.5,42.0,1032.42,84.0,467.38,0.695,1
29.6,30.6,992.51,82.5,465.01,0.76,1
22.6,55.5,1025.38,89.1,468.87,0.703,1
25.9,31.8,1001.49,97.6,470.38,0.77,1
28.0,41.9,1028.82,30.6,471.71,0.522,0
5.4,62.3,1002.14,52.2,511.81,0.283,0
14.4,62.9,994.53,90.8,477.0,0.604,1
18.4,57.2,1005.01,67.2,474.17,0.559,0
30.0,63.0,1010.97,60.8,453.75,0.7,1
27.0,26.3,1023.42,50.8,465.52,0.604,1
24.6,44.7,1002.1,55.6,470.84,0.587,0
7.0,69.2,1029.0,26.5,517.32,0.187,0
15.3,65.3,1032.8,95.8,481.18,0.627,1
5.8,80.6,1009.21,37.3,505.78,0.24,0
36.9,36.1,993.95,74.6,435.2,0.867,1
16.7,49.5,993.9,82.6,484.5,0.581,0
34.2,53.1,1029.17,50.9,451.58,0.71,1
20.4,65.0,1026.18,34.4,476.42,0.446,0
25.8,64.7,1003.29,93.3,461.68,0.769,1
15.2,42.1,1027.91,74.8,486.99,0.529,0
34.8,39.0,1003.24,25.6,459.75,0.599,0
14.4,50.3,1030.29,73.1,493.35,0.502,0
11.5,69.7,1001.12,97.9,482.1,0.591,0
19.2,68.0,1026.3,49.8,471.79,0.503,0
3.5,63.8,1025.53,46.1,513.26,0.236,0
33.9,79.3,1017.44,28.8,450.44,0.62,1
33.7,59.6,1016.43,30.2,461.38,0.603,1
27.9,30.2,1010.08,69.1,460.94,0.696,1
20.3,31.8,1020.99,80.9,482.83,0.618,1
33.6,74.9,1003.62,35.9,448.02,0.651,1
6.3,26.7,1008.13,69.1,509.95,0.365,0
10.0,30.1,1011.52,95.6,498.71,0.533,0
18.4,64.6,1025.51,43.8,481.52,0.451,0
30.5,54.4,1005.31,93.8,454.43,0.836,1
23.1,37.1,1025.21,50.6,477.32,0.537,0
35.5,40.8,1030.98,95.0,443.37,0.918,1
29.9,64.7,999.65,58.4,458.3,0.68,1
15.9,31.5,1010.77,35.6,497.46,0.359,0
13.5,51.3,995.92,57.4,490.79,0.434,0
27.5,48.8,1024.59,35.4,473.47,0.532,0
23.6,36.8,1027.24,27.3,490.52,0.424,0
16.5,41.3,1016.22,86.9,486.26,0.593,0
11.3,66.8,1032.83,94.3,497.93,0.543,0
8.7,45.0,1005.94,41.5,509.03,0.282,0
27.4,40.6,1016.77,47.2,469.54,0.586,0
20.2,57.3,1031.41,87.2,479.75,0.648,1
28.6,46.5,1013.28,55.5,466.06,0.639,1
14.0,73.3,996.1,26.9,489.85,0.32,0
19.1,61.7,1025.26,38.9,488.67,0.425,0
9.6,72.1,1015.09,58.8,498.66,0.382,0
21.1,46.6,1031.36,27.8,488.6,0.402,0
6.4,57.3,1010.33,50.3,498.89,0.313,0
5.3,26.9,1011.3,56.9,515.6,0.293,0
5.7,67.9,993.03,97.1,502.01,0.486,0
33.7,31.3,1023.73,85.8,461.46,0.825,1
5.5,29.8,993.1,94.3,508.39,0.46,0
23.5,42.4,1016.87,47.4,475.23,0.534,0
8.3,73.2,1000.21,34.9,504.48,0.261,0
27.9,69.1,1028.25,29.3,464.65,0.53,0
27.3,76.5,1025.95,36.8,462.76,0.556,0
23.8,55.6,1027.14,66.7,472.19,0.619,1
13.6,53.5,1012.96,31.2,499.84,0.313,0
33.6,59.2,1029.9,54.7,451.29,0.719,1
20.7,35.6,1012.1,83.6,484.81,0.629,1
8.8,73.3,999.84,32.4,504.91,0.255,0
19.4,46.3,1013.63,56.5,487.37,0.501,0
20.4,73.7,1007.59,37.2,478.26,0.453,0
30.1,76.2,1013.3,34.1,457.32,0.587,0
12.4,29.6,997.27,56.6,500.03,0.4,0
28.0,66.7,1019.92,70.9,459.11,0.708,1
24.6,79.5,1003.4,46.0,464.53,0.561,0
30.7,44.9,1021.09,54.8,465.27,0.661,1
27.3,49.3,1024.15,79.1,468.64,0.714,1
27.1,47.3,1017.21,60.7,472.87,0.63,1
16.4,46.0,1031.95,37.3,486.28,0.394,0
4.9,51.1,1031.36,53.0,520.83,0.264,0
29.2,37.8,1023.61,65.4,465.76,0.685,1
5.0,70.5,1015.64,74.0,506.26,0.378,0
7.6,29.0,1021.74,85.8,504.56,0.456,0
13.3,66.1,1013.75,33.6,498.53,0.321,0
15.0,58.0,1032.99,75.7,488.98,0.527,0
8.0,73.9,1006.97,63.6,506.12,0.369,0
28.4,51.1,999.13,47.0,471.4,0.593,0
12.9,36.7,1006.31,50.5,501.37,0.379,0
6.5,69.6,993.21,78.5,503.35,0.417,0
13.2,65.8,998.76,69.4,485.5,0.489,0
2.0,65.6,1027.8,29.1,518.19,0.141,0
17.3,40.9,1030.43,75.9,481.26,0.569,0
14.0,38.0,1020.8,98.2,487.01,0.61,1
22.8,65.6,1021.04,44.5,473.15,0.519,0
24.2,42.6,1032.75,86.3,470.91,0.705,1
15.1,39.7,1022.56,92.3,488.27,0.596,0
30.8,70.5,995.21,37.8,459.57,0.605,1
19.5,50.4,1030.51,37.6,488.0,0.425,0
31.0,61.7,995.03,51.8,454.7,0.673,1
30.4,51.8,1020.0,48.9,457.62,0.649,1
13.9,26.4,996.04,39.1,498.57,0.349,0
26.7,60.8,997.17,65.4,459.01,0.673,1
29.0,79.8,993.38,32.6,457.04,0.57,0
3.9,34.9,1003.72,47.9,514.74,0.244,0
13.6,66.1,1031.91,87.8,486.36,0.565,0
32.2,39.1,993.99,94.7,454.87,0.857,1
34.6,53.1,1021.48,61.7,448.88,0.763,1
32.3,74.8,1011.25,56.7,452.62,0.71,1
35.5,58.1,1032.93,87.9,444.7,0.886,1
18.0,51.5,1015.23,57.4,488.9,0.486,0
20.6,74.2,1022.36,52.7,473.59,0.527,0
30.1,80.3,1026.5,50.1,454.03,0.657,1
25.0,43.8,999.4,66.7,462.56,0.652,1
24.0,29.3,1019.03,75.9,471.09,0.661,1
31.8,53.5,1020.26,37.7,457.05,0.62,1
24.4,35.4,1014.28,84.5,469.05,0.704,1
25.5,28.9,992.67,63.6,472.21,0.625,1
21.3,32.9,1008.83,97.1,478.44,0.702,1
11.7,51.6,1019.15,94.6,495.95,0.553,0
13.8,30.4,1031.81,47.2,508.58,0.361,0
2.6,59.2,1019.13,48.6,517.26,0.228,0
5.2,33.2,1019.4,79.4,508.08,0.398,0
7.5,64.8,1029.66,57.1,497.89,0.354,0
12.5,81.2,998.91,80.6,475.75,0.547,0
21.5,41.4,1030.51,76.4,478.58,0.621,1
30.7,63.9,1026.74,100.0,451.76,0.869,1
18.4,60.3,1030.54,54.4,481.31,0.494,0
28.0,79.1,1017.53,57.7,456.54,0.66,1
16.8,53.1,1012.18,60.6,484.26,0.496,0
12.3,78.1,1020.89,89.8,480.01,0.573,0
23.7,62.0,1030.37,66.5,464.0,0.635,1
34.1,32.8,1005.17,89.6,450.72,0.865,1
22.0,50.2,1011.8,77.7,469.84,0.649,1
30.0,79.8,994.18,35.2,456.86,0.592,0
4.0,62.8,999.72,78.6,509.52,0.378,0
19.5,36.3,1008.51,67.0,485.71,0.547,0
11.1,71.2,1026.43,48.1,493.82,0.365,0
19.5,41.7,1025.08,93.8,480.79,0.664,1
25.2,58.7,1002.69,87.5,461.95,0.739,1
20.4,40.5,1006.25,94.9,475.5,0.689,1
21.4,54.9,1013.04,81.2,469.66,0.657,1
27.0,68.5,997.87,42.5,456.9,0.588,0
6.2,71.2,1027.23,71.7,505.43,0.383,0
33.9,47.5,1018.02,75.6,447.29,0.814,1
10.7,79.9,1007.44,66.6,484.43,0.453,0
19.0,74.6,1010.98,49.8,480.54,0.483,0
33.5,77.1,1003.42,100.1,441.2,0.92,1
10.8,49.1,1002.96,92.9,493.82,0.541,0
6.2,36.7,1029.76,67.3,510.83,0.354,0
12.0,34.1,1003.31,94.1,491.19,0.563,0
23.0,61.1,1027.44,57.5,476.0,0.566,0
18.2,76.5,1004.97,61.4,476.45,0.529,0
6.9,27.3,1001.79,31.8,518.83,0.204,0
35.1,45.3,1020.21,54.5,448.85,0.74,1
36.7,72.9,1006.6,41.5,438.14,0.727,1
9.0,75.3,1007.05,85.6,486.83,0.506,0
2.7,64.2,1023.51,32.5,517.37,0.164,0
2.9,57.5,1032.91,84.6,506.49,0.397,0
8.9,42.9,1003.97,78.5,495.12,0.46,0
35.8,44.5,1005.24,49.5,448.65,0.728,1
24.8,28.2,1012.13,89.1,476.82,0.711,1
34.4,36.3,1009.03,65.3,458.09,0.757,1
11.9,36.6,1011.17,62.6,504.43,0.41,0
34.3,26.1,1006.2,26.2,458.37,0.599,0
24.5,27.2,1014.98,79.0,469.08,0.683,1
18.3,27.4,999.25,39.8,492.04,0.413,0
3.9,75.4,1011.38,33.7,503.73,0.21,0
21.5,37.8,1017.68,88.5,476.28,0.673,1
17.7,40.0,1018.24,89.0,476.16,0.635,1
27.3,49.4,1023.75,85.7,462.52,0.753,1
18.3,79.5,1030.47,95.3,470.11,0.679,1
11.7,68.9,1031.43,85.0,480.86,0.545,0
8.3,35.8,1028.08,78.3,504.75,0.434,0
6.5,68.6,1007.46,98.1,497.93,0.507,0
17.1,43.5,1032.41,42.8,492.85,0.41,0
9.7,34.5,1029.92,68.3,503.29,0.411,0
6.8,62.6,1009.99,50.1,504.7,0.304,0
15.4,40.6,1009.12,34.6,496.64,0.352,0
22.1,54.8,1028.16,65.9,474.04,0.594,0
8.3,76.5,1015.52,68.6,493.44,0.418,0
22.7,51.8,1020.72,58.2,479.45,0.559,0
25.8,54.6,1004.6,53.2,465.28,0.602,1
9.3,69.3,1014.94,77.1,498.47,0.452,0
22.7,55.4,996.19,39.5,473.72,0.495,0
33.7,28.7,992.48,52.7,461.41,0.693,1
24.8,32.4,1017.75,45.4,477.04,0.535,0
6.4,55.3,1022.15,30.3,508.6,0.213,0
2.0,68.2,1020.64,70.6,510.24,0.324,0
36.8,67.7,1015.56,74.4,440.47,0.855,1
2.3,66.5,1015.81,52.1,512.22,0.249,0
36.3,75.8,1032.64,28.7,443.47,0.661,1
34.5,42.8,1010.32,36.5,455.11,0.648,1
12.7,36.0,1026.71,48.6,504.55,0.362,0
36.6,53.6,1004.26,82.8,443.47,0.88,1
2.1,79.5,1003.58,51.8,505.95,0.258,0
7.4,51.8,1014.92,69.4,509.69,0.378,0
28.3,74.2,1019.36,90.4,454.89,0.798,1
35.9,75.7,995.29,47.7,444.09,0.731,1
14.9,63.5,1016.56,73.4,486.5,0.522,0
8.6,67.9,1024.31,59.7,494.86,0.383,0
2.3,61.3,1014.27,79.0,513.96,0.353,0
33.5,66.7,995.47,48.5,452.25,0.691,1
6.2,53.9,1025.53,57.1,501.64,0.332,0
11.0,73.1,1018.28,34.6,491.6,0.314,0
28.5,39.0,1005.85,60.1,472.47,0.644,1
22.1,58.0,1024.76,58.0,485.55,0.54,0
33.4,43.3,1004.44,33.7,455.45,0.625,1
32.3,56.0,1029.76,48.2,455.5,0.671,1
16.4,51.7,1016.23,34.0,488.06,0.377,0
14.4,61.1,1007.74,97.2,478.26,0.628,1
33.8,66.3,1022.77,55.6,445.71,0.736,1
23.1,62.0,1015.64,54.5,471.04,0.565,0
31.7,45.3,996.2,89.1,459.2,0.821,1
30.1,39.0,1028.15,76.6,457.28,0.758,1
15.8,80.7,1029.43,66.4,480.52,0.515,0
30.6,80.3,1001.69,57.1,450.26,0.699,1
21.9,46.3,1014.06,63.4,477.19,0.576,0
12.4,67.6,1010.92,89.5,484.54,0.563,0
12.3,29.1,994.9,35.6,502.97,0.31,0
29.4,65.1,996.14,95.8,449.84,0.841,1
7.5,74.8,1017.31,78.0,497.68,0.438,0
5.2,25.4,1023.72,71.1,517.67,0.345,0
15.6,55.7,1022.66,48.0,483.71,0.433,0
28.6,45.5,1026.01,57.2,464.55,0.649,1
14.3,50.1,1029.07,53.3,487.77,0.432,0
10.4,33.7,1030.18,52.9,504.81,0.355,0
14.9,39.3,1025.49,55.2,496.06,0.429,0
24.2,71.1,1010.92,33.3,471.86,0.491,0
4.1,65.6,1013.95,51.2,509.51,0.27,0
30.3,80.5,1008.58,42.7,449.73,0.639,1
23.6,68.2,1015.21,44.2,469.39,0.533,0
9.2,36.2,999.95,44.3,508.18,0.3,0
17.7,29.6,994.98,99.3,482.08,0.664,1
10.6,33.7,1003.23,30.0,507.12,0.26,0
20.0,73.3,996.55,73.8,471.74,0.608,1
21.7,76.5,1021.28,32.7,474.82,0.456,0
10.9,43.0,1026.42,64.0,507.39,0.399,0
9.2,71.0,1014.36,73.8,485.49,0.463,0
31.3,29.4,1021.73,99.9,447.47,0.884,1
26.4,66.5,1020.75,73.7,463.67,0.693,1
3.6,69.1,1015.05,80.4,504.04,0.392,0
14.7,29.4,998.95,61.3,493.22,0.457,0
2.2,77.1,1030.17,60.3,513.73,0.278,0
4.9,51.9,1020.6,95.2,509.3,0.456,0
28.7,41.3,1017.16,77.9,465.23,0.731,1
9.0,27.5,1017.68,84.2,500.6,0.472,0
2.2,76.1,1003.76,43.6,515.34,0.207,0
5.2,28.8,1018.08,35.6,512.27,0.214,0
18.6,62.1,1022.15,75.9,475.82,0.593,0
27.1,54.4,1003.74,94.1,460.27,0.789,1
22.6,77.4,1006.51,95.1,458.29,0.748,1
20.6,70.4,999.72,70.4,474.03,0.596,0
6.7,47.4,1004.51,83.9,508.72,0.43,0
16.4,28.3,1012.12,66.1,493.16,0.495,0
15.5,49.4,1013.61,50.8,495.97,0.419,0
12.0,26.4,1004.68,48.5,502.82,0.358,0
18.2,75.7,1018.9,87.1,480.53,0.624,1
11.9,76.7,1028.98,48.2,495.07,0.371,0
11.2,38.9,992.7,27.8,508.38,0.255,0
12.8,46.6,1027.71,51.4,500.84,0.383,0
24.5,43.6,1027.12,26.5,472.19,0.466,0
21.7,67.0,1027.41,53.1,477.74,0.531,0
16.6,70.9,1013.47,57.5,480.61,0.488,0
11.4,68.1,1012.58,61.2,486.09,0.436,0
21.5,40.0,995.34,71.7,475.68,0.608,1
24.8,49.5,1028.87,65.1,478.82,0.611,1
18.1,46.0,1003.5,38.6,478.38,0.434,0
11.3,59.2,1005.0,32.4,498.88,0.294,0
12.8,28.1,1015.48,43.0,507.09,0.336,0
37.0,63.4,1024.37,28.2,447.45,0.658,1
17.3,40.0,1024.25,33.4,488.28,0.384,0
23.3,72.7,1008.23,45.4,471.9,0.53,0
32.1,56.5,1017.14,30.2,461.89,0.584,0
24.8,65.2,1021.54,90.6,463.71,0.743,1
12.6,49.3,1005.94,96.4,489.3,0.583,0
2.3,79.5,1030.4,56.4,513.48,0.264,0
25.4,53.9,1001.96,88.7,462.26,0.745,1
2.8,50.5,1021.22,30.1,519.17,0.153,0
35.6,57.3,1028.56,80.7,445.47,0.857,1
21.3,65.1,1031.87,50.8,472.41,0.528,0
27.1,27.7,1006.78,80.7,464.99,0.726,1
24.1,72.2,1031.39,49.3,472.24,0.554,0
36.0,55.7,1012.87,68.8,450.28,0.804,1
5.1,28.3,993.93,87.0,507.93,0.427,0
23.0,28.5,1006.9,37.5,484.95,0.468,0
5.6,40.8,1003.95,40.9,514.76,0.235,0
34.5,70.0,1013.64,47.9,448.53,0.708,1
7.6,59.6,1013.53,46.1,503.98,0.299,0
9.6,41.8,1026.83,33.0,509.23,0.257,0
19.9,78.4,994.42,49.5,473.78,0.506,0
2.4,61.8,1007.56,94.6,503.15,0.438,0
26.8,45.6,1018.86,57.9,471.1,0.619,1
11.7,79.0,1026.03,77.1,489.98,0.495,0
36.6,36.3,1014.23,75.2,448.03,0.84,1
10.8,58.8,994.81,93.2,497.28,0.535,0
14.5,48.2,1027.62,46.4,499.28,0.383,0
25.4,67.8,1010.35,82.9,471.92,0.702,1
16.9,39.2,1015.3,46.2,495.19,0.417,0
3.8,74.9,997.39,27.1,509.71,0.17,0
23.5,50.5,1016.66,88.4,475.46,0.697,1
34.5,50.6,994.3,89.0,446.04,0.877,1
24.1,32.3,1025.74,93.8,469.64,0.736,1
24.7,69.5,1024.11,72.6,462.15,0.673,1
13.7,29.0,1032.31,98.8,491.17,0.601,1
11.7,29.0,1014.99,61.2,497.05,0.417,0
16.9,49.1,999.35,79.8,480.0,0.582,0
18.1,72.4,1027.9,71.4,483.34,0.555,0
19.0,32.3,1004.22,82.5,477.44,0.62,1
27.9,27.4,1019.14,58.9,473.08,0.631,1
36.7,81.1,1015.61,41.4,435.56,0.731,1
6.7,78.5,993.27,75.8,499.58,0.416,0
24.8,62.5,1016.14,75.1,473.8,0.661,1
11.4,47.5,1011.05,99.1,491.41,0.577,0
26.4,35.2,1021.38,56.1,475.87,0.598,0
16.1,34.2,1007.71,27.0,492.35,0.338,0
23.2,51.2,992.74,31.1,476.51,0.463,0
20.3,39.7,999.49,97.7,473.48,0.704,1
18.2,65.5,1021.95,42.1,485.25,0.435,0
29.4,55.5,1022.66,28.8,461.23,0.551,0
16.8,63.4,1027.6,36.4,491.28,0.384,0
32.5,64.3,1011.98,35.3,450.25,0.633,1
13.9,54.0,1020.64,45.0,494.06,0.382,0
12.0,67.7,1030.6,44.3,493.46,0.36,0
17.3,46.4,999.99,39.4,481.68,0.421,0
31.6,47.8,1018.88,71.8,460.79,0.747,1
14.2,25.9,1031.13,58.3,497.11,0.432,0
6.5,38.2,1009.52,27.5,507.48,0.206,0
29.5,56.7,1028.67,38.3,457.26,0.597,0
35.7,78.2,1004.19,84.8,441.24,0.883,1
32.9,64.2,1016.77,52.3,456.16,0.692,1
24.7,61.9,999.46,46.4,470.51,0.551,0
17.5,41.9,1032.09,79.2,490.03,0.566,0
16.6,75.3,1026.42,36.9,489.95,0.387,0
28.7,44.3,1032.96,99.5,462.39,0.823,1
37.1,61.5,1025.37,32.4,447.33,0.676,1
19.1,74.2,1000.07,89.6,475.45,0.655,1
5.8,28.6,992.63,59.8,514.25,0.314,0
25.1,35.3,1009.7,38.0,484.85,0.494,0
13.9,27.9,1002.28,86.9,492.56,0.553,0
21.7,72.7,1019.98,64.3,468.09,0.596,0
26.8,72.7,1008.81,58.4,458.69,0.646,1
31.6,27.8,1016.45,99.1,458.5,0.861,1
36.0,31.3,999.65,47.0,461.24,0.695,1
15.0,67.8,998.47,47.8,482.2,0.429,0
12.4,78.6,1008.88,45.4,495.79,0.365,0
24.2,57.6,992.13,33.1,480.95,0.473,0
14.9,61.4,1030.84,65.3,491.76,0.479,0
11.5,48.2,1013.69,87.9,495.07,0.526,0
24.8,51.2,1027.52,40.0,480.42,0.508,0
3.4,47.0,1028.94,81.7,516.88,0.37,0
3.4,44.2,998.97,83.3,511.3,0.387,0
33.3,80.6,1003.3,51.6,448.92,0.709,1
21.2,54.8,997.48,35.6,485.6,0.441,0
13.5,54.9,992.86,72.1,492.1,0.49,0
16.3,58.8,992.34,56.6,492.74,0.457,0
33.8,76.6,1024.1,89.9,451.14,0.863,1
8.5,61.4,1019.19,54.1,500.28,0.348,0
17.7,42.0,1016.52,37.2,493.2,0.394,0
28.7,74.2,1006.47,36.6,461.49,0.573,0
33.8,42.1,1013.36,91.3,445.19,0.88,1
10.5,49.2,1006.05,33.7,501.77,0.285,0
20.3,79.6,1010.93,57.0,476.21,0.534,0
29.4,58.2,996.79,36.4,461.59,0.58,0
31.0,66.3,1009.44,41.8,463.94,0.614,1
11.0,65.8,1027.6,60.4,494.41,0.412,0
14.1,52.0,1002.38,58.9,485.83,0.456,0
13.9,51.8,998.03,72.8,488.11,0.506,0
21.4,72.4,1025.19,73.6,466.19,0.634,1
11.2,27.6,1028.28,95.7,485.4,0.573,0
8.3,41.2,1022.37,88.9,499.0,0.488,0
32.6,52.3,992.93,85.5,447.17,0.84,1
10.9,59.3,1003.35,75.4,490.04,0.479,0
36.7,50.0,1001.38,38.9,448.96,0.694,1
2.2,78.7,1017.54,69.0,503.7,0.332,0
26.9,48.6,1004.85,78.9,470.9,0.705,1
26.3,29.6,1005.14,56.7,467.2,0.617,1
9.4,75.4,995.27,26.7,499.07,0.25,0
12.0,26.6,1023.92,81.3,500.17,0.494,0
12.2,57.5,1014.65,44.3,494.82,0.359,0
2.1,31.2,993.95,91.2,517.37,0.392,0
36.3,37.4,1011.48,29.4,460.18,0.629,1
24.9,63.3,1013.95,76.5,456.8,0.701,1
20.2,71.9,1029.7,81.2,471.76,0.639,1
7.1,52.6,1030.82,61.3,501.09,0.36,0
14.3,56.3,993.32,51.5,488.88,0.423,0
35.1,79.4,1014.94,66.4,443.28,0.798,1
3.7,34.0,1022.11,26.7,520.2,0.146,0
13.9,78.8,1021.06,57.2,483.85,0.451,0
18.3,67.9,1006.45,47.1,482.98,0.461,0
21.2,35.4,993.44,75.6,477.66,0.616,1
18.9,45.4,1023.91,81.4,478.89,0.612,1
14.7,39.3,1010.61,80.7,488.31,0.545,0
20.0,74.3,1004.25,58.6,482.6,0.525,0
15.3,45.9,1031.24,32.2,499.24,0.336,0
19.6,44.7,1026.41,95.6,478.54,0.678,1
34.5,41.8,997.57,82.4,444.51,0.854,1
11.9,31.5,1028.26,90.3,499.39,0.531,0
18.8,57.6,1028.55,97.8,470.47,0.694,1
19.6,69.8,1019.55,79.2,472.0,0.625,1
25.3,57.7,1026.42,92.9,464.09,0.756,1
8.2,35.5,1028.55,33.4,514.68,0.233,0
19.7,51.2,1015.91,65.5,480.71,0.553,0
22.7,51.7,1002.3,57.9,473.65,0.57,0
33.8,44.3,1006.69,26.5,461.44,0.589,0
13.8,26.7,1000.18,58.0,496.5,0.428,0
23.8,33.0,1031.76,71.9,475.19,0.634,1
35.7,74.7,1023.1,43.7,437.28,0.726,1
24.7,42.8,1011.72,32.8,473.25,0.492,0
18.7,76.0,1007.8,34.8,480.21,0.421,0
12.7,35.7,1012.92,34.6,506.32,0.304,0
30.8,60.2,1004.31,61.3,460.93,0.696,1
36.6,48.1,1001.01,43.2,443.52,0.721,1
3.8,26.8,1009.76,88.4,515.97,0.403,0
15.0,45.6,998.3,96.2,487.93,0.611,1
22.5,80.5,993.16,26.4,475.79,0.437,0
12.3,40.9,1026.31,33.6,500.23,0.307,0
34.5,35.3,1032.09,94.9,442.34,0.908,1
26.1,27.9,999.95,46.8,486.57,0.536,0
10.2,51.7,1014.78,76.7,498.98,0.459,0
24.5,74.9,1027.61,34.9,472.82,0.499,0
25.6,51.6,1016.52,56.8,466.08,0.612,1
25.2,53.5,1006.23,74.5,466.51,0.677,1
35.2,59.8,1012.82,83.2,440.85,0.871,1
14.7,40.0,1006.45,45.0,497.39,0.385,0
6.3,39.0,996.76,26.4,517.66,0.178,0
11.5,53.1,1004.1,59.2,495.08,0.411,0
16.8,46.6,1022.35,59.0,487.21,0.483,0
20.9,72.0,1017.55,49.3,470.97,0.521,0
4.7,58.1,1026.5,60.2,511.21,0.309,0
30.9,43.3,1003.26,91.9,454.52,0.833,1
17.3,60.7,992.25,36.8,485.47,0.403,0
36.6,76.1,999.67,34.2,450.39,0.672,1
10.4,41.0,1013.39,47.9,498.96,0.346,0
7.8,57.0,1014.7,27.1,520.1,0.192,0
9.1,59.7,1017.85,67.8,497.84,0.414,0
1.9,38.1,1023.57,63.2,520.04,0.273,0
31.2,32.5,994.21,99.1,460.22,0.853,1
2.2,33.7,1023.66,66.0,518.56,0.29,0
18.5,52.7,1011.73,38.1,487.58,0.417,0
26.8,66.7,1005.47,97.5,452.17,0.816,1
6.4,59.0,1025.84,94.7,499.27,0.489,0
7.0,50.4,1003.78,53.7,511.27,0.308,0
24.6,26.8,992.19,84.5,474.58,0.695,1
3.9,57.0,1010.65,32.3,513.99,0.183,0
23.1,42.0,1002.98,54.1,479.08,0.548,0
6.6,53.3,999.88,80.9,493.65,0.447,0
10.3,46.4,1013.95,67.9,501.37,0.42,0
10.1,54.9,1022.33,76.2,489.85,0.474,0
22.5,51.5,1003.8,74.4,474.42,0.632,1
9.9,34.4,1023.38,100.2,493.87,0.56,0
5.5,59.7,1031.18,63.4,500.98,0.351,0
36.3,71.8,1021.7,39.8,449.97,0.691,1
29.6,69.0,1011.79,47.9,463.81,0.624,1
31.3,61.0,1028.39,36.0,458.34,0.606,1
33.6,50.7,1026.83,36.6,455.25,0.639,1
21.2,63.5,994.11,31.4,489.75,0.416,0
19.1,27.9,1031.73,81.0,481.02,0.609,1
21.5,32.4,1006.98,69.1,480.69,0.587,0
35.3,68.7,1025.59,65.3,447.17,0.788,1
34.4,66.9,1000.77,55.0,445.1,0.741,1
30.6,40.8,1031.63,45.4,466.2,0.62,1
27.7,38.1,999.37,70.9,469.84,0.683,1
12.3,76.6,1023.11,95.9,483.87,0.589,0
3.8,58.0,1029.43,56.7,514.28,0.279,0
14.1,55.5,1025.99,85.0,490.06,0.552,0
22.6,56.3,1019.8,94.3,474.91,0.712,1
18.3,49.5,1020.02,39.3,489.99,0.415,0
20.0,56.9,1009.13,80.3,476.35,0.625,1
24.7,48.1,1032.63,97.4,469.76,0.757,1
24.2,74.1,1005.7,52.5,467.64,0.576,0
36.2,43.6,996.64,47.5,449.22,0.722,1
21.4,32.0,1011.21,65.4,474.79,0.583,0
28.4,65.3,1015.8,57.6,459.32,0.659,1
11.9,33.3,1009.02,99.9,492.27,0.584,0
9.8,54.0,1023.97,92.4,494.92,0.526,0
1.9,64.7,1002.98,49.5,506.17,0.246,0
29.7,59.9,996.4,49.4,460.89,0.637,1
14.9,47.0,1031.31,90.3,486.81,0.589,0
27.2,69.3,1030.06,84.6,457.68,0.757,1
21.1,36.5,1016.21,49.0,482.32,0.499,0
17.2,25.7,1001.95,98.4,485.43,0.649,1
27.6,39.1,1010.28,41.2,475.47,0.553,0
12.6,36.8,994.89,87.2,489.63,0.545,0
12.9,41.0,1027.87,72.9,498.96,0.473,0
29.5,53.4,1024.35,72.5,455.95,0.737,1
19.0,32.5,1017.08,94.0,475.11,0.671,1
6.2,73.8,1024.25,35.1,496.73,0.254,0
32.2,68.0,1001.23,76.2,449.57,0.794,1
5.7,32.3,1008.13,73.1,510.21,0.374,0
3.6,37.0,1008.9,37.2,519.71,0.188,0
12.3,36.9,1026.54,32.7,508.22,0.287,0
11.8,35.8,1001.24,64.2,498.62,0.427,0
36.2,76.1,1012.35,74.6,442.07,0.845,1
23.5,33.4,996.48,42.9,480.17,0.505,0
36.6,37.9,1000.4,40.9,453.96,0.691,1
32.3,80.4,1023.02,55.3,452.54,0.706,1
11.2,49.1,1002.71,78.1,492.11,0.489,0
7.2,68.0,994.87,70.6,492.35,0.416,0
30.2,56.8,1019.82,64.8,460.49,0.705,1
28.8,74.3,1028.12,93.6,456.76,0.812,1
27.3,61.5,1012.68,78.0,468.22,0.711,1
17.5,66.6,996.57,82.5,470.79,0.617,1
27.9,67.1,1003.46,80.3,456.33,0.75,1
10.6,26.4,1018.25,31.4,501.05,0.278,0
17.1,31.0,998.02,73.9,488.91,0.542,0
18.4,74.1,1006.02,55.9,474.53,0.513,0
11.0,28.7,1022.85,69.5,506.23,0.424,0
4.1,58.0,1028.58,35.9,514.59,0.199,0
14.7,50.4,999.52,62.5,486.76,0.476,0
15.8,66.2,994.63,71.9,478.31,0.542,0
29.9,51.3,1004.41,80.9,456.07,0.775,1
3.8,48.0,1002.81,60.5,517.73,0.288,0
31.6,49.6,1022.62,57.5,461.48,0.688,1
26.1,73.1,1008.04,29.0,464.97,0.508,0
17.6,69.4,1016.86,81.8,472.92,0.612,1
11.0,64.7,1006.7,37.4,500.54,0.307,0
14.9,71.0,1006.75,68.6,489.83,0.495,0
7.6,66.7,1001.29,56.2,499.74,0.347,0
2.9,80.6,1021.7,30.1,518.19,0.155,0
2.6,66.6,1022.04,87.4,507.86,0.402,0
7.1,25.7,998.53,67.2,501.31,0.383,0
10.7,79.7,1019.04,37.5,499.71,0.306,0
36.4,69.6,1003.74,53.9,441.37,0.767,1
12.7,56.1,1002.93,55.1,489.94,0.418,0
21.3,48.7,1002.08,72.4,470.83,0.618,1
32.9,26.6,1024.13,71.4,461.99,0.757,1
14.0,57.6,1022.18,39.5,498.75,0.352,0
32.8,66.6,997.36,33.8,455.07,0.62,1
20.8,47.4,1002.5,70.7,480.43,0.587,0
13.8,68.5,1031.2,37.2,484.75,0.369,0
25.5,29.0,1013.99,75.3,478.8,0.66,1
6.4,64.4,1018.45,68.5,504.35,0.375,0
31.1,58.8,1032.01,56.0,465.73,0.668,1
21.4,34.0,1021.57,41.7,485.88,0.466,0
20.0,53.2,1022.19,61.1,478.17,0.544,0
1.8,80.4,1009.87,65.6,509.37,0.303,0
8.2,58.1,997.47,55.9,503.07,0.346,0
32.9,30.4,998.97,55.8,459.94,0.699,1
3.6,28.7,1011.68,64.9,511.78,0.316,0
3.6,62.5,992.73,87.0,502.03,0.423,0
23.8,72.5,1011.98,46.5,472.85,0.538,0
32.9,40.9,1024.91,61.3,462.5,0.716,1
19.8,44.9,993.81,33.9,487.91,0.414,0
18.8,36.0,1017.45,67.9,487.98,0.539,0
12.4,31.0,1029.43,88.8,496.17,0.536,0
2.4,65.5,1027.11,91.8,508.64,0.416,0
23.6,66.5,993.71,50.1,471.53,0.552,0
12.9,62.0,1031.58,70.8,493.34,0.476,0
23.2,34.0,995.04,94.8,468.43,0.733,1
33.1,74.6,1012.44,55.3,454.95,0.709,1
8.9,39.0,993.02,32.5,505.47,0.256,0
8.4,77.1,1017.79,39.5,491.87,0.306,0
34.9,70.7,1018.68,72.6,440.87,0.826,1
16.2,45.7,1002.03,96.7,487.62,0.627,1
14.8,71.1,1023.75,34.5,482.31,0.373,0
10.6,60.9,1014.11,66.0,496.5,0.425,0
24.7,43.3,1014.45,78.0,467.75,0.683,1
33.2,63.1,996.52,39.1,452.47,0.65,1
37.0,57.1,1011.94,89.7,439.88,0.919,1
23.1,39.2,1017.46,77.3,472.96,0.652,1
12.3,75.6,998.94,74.0,483.05,0.502,0
9.2,33.3,1028.76,44.8,506.71,0.306,0
30.6,54.2,996.59,64.2,451.69,0.724,1
17.4,41.2,998.31,30.2,488.11,0.372,0
14.5,52.5,1022.28,94.2,488.91,0.596,0
12.2,66.5,1008.27,27.7,496.43,0.29,0
33.0,43.7,1011.74,84.4,447.41,0.839,1
21.3,30.5,1029.33,48.4,485.7,0.492,0
20.4,27.8,1017.1,29.8,479.88,0.42,0
8.5,67.6,992.61,73.8,502.96,0.421,0
12.6,31.5,1028.04,42.0,495.12,0.354,0
17.0,47.5,993.99,56.1,483.07,0.482,0
18.5,61.5,1019.87,50.6,479.47,0.483,0
3.0,68.4,1003.53,48.3,511.77,0.242,0
17.9,79.4,1028.57,70.1,471.45,0.572,0
33.8,57.5,1008.28,42.5,457.06,0.661,1
21.2,31.3,1004.97,34.6,482.19,0.443,0
2.6,41.7,1032.61,99.0,503.9,0.456,0
17.3,32.9,1022.87,33.9,495.61,0.371,0
7.7,41.4,1024.12,54.1,507.69,0.324,0
25.7,72.0,1031.32,63.8,454.13,0.665,1
36.2,63.9,1013.78,74.2,439.05,0.85,1
4.4,81.4,999.09,71.8,504.47,0.366,0
18.5,63.6,998.12,28.8,484.98,0.385,0
11.4,63.9,1014.47,38.0,494.62,0.326,0
25.1,54.1,1027.6,79.7,469.46,0.691,1
33.1,53.2,1001.32,55.6,456.84,0.707,1
31.6,35.6,1024.71,64.4,460.82,0.717,1
16.3,48.6,1008.73,87.2,480.69,0.603,1
4.9,35.7,997.56,73.0,517.83,0.35,0
12.8,26.4,1001.71,40.7,499.97,0.341,0
33.8,53.6,1003.47,84.6,447.0,0.85,1
12.8,78.8,994.33,36.0,486.0,0.35,0
29.9,45.0,998.21,86.2,451.2,0.805,1
8.2,76.4,1029.28,74.3,498.96,0.428,0
24.4,75.0,992.95,47.3,461.64,0.57,0
26.4,70.3,1029.15,72.1,464.05,0.686,1
32.7,72.7,1014.56,32.1,456.68,0.609,1
14.8,77.8,1022.67,87.4,485.83,0.577,0
6.7,44.6,1024.65,86.9,506.34,0.447,0
1.9,41.7,1026.22,33.2,521.21,0.151,0
16.3,48.1,1006.96,29.7,483.95,0.367,0
17.8,31.9,1023.86,90.2,484.63,0.623,1
33.8,33.1,1009.63,96.2,448.55,0.894,1
11.3,72.0,1010.29,71.2,491.39,0.465,0
29.5,58.3,1001.47,79.1,454.48,0.767,1
8.7,26.2,1002.92,46.4,511.9,0.296,0
8.5,56.3,1005.86,94.3,493.01,0.523,0
25.3,77.2,1019.24,52.9,471.08,0.583,0
35.1,52.9,1000.86,66.0,444.79,0.794,1
31.2,51.4,1023.78,77.9,450.31,0.788,1
17.7,56.3,1031.13,78.3,479.77,0.585,0
14.1,59.8,1016.08,38.4,491.08,0.364,0
35.4,34.5,998.79,47.9,450.46,0.713,1
10.1,62.0,1000.85,77.7,492.26,0.476,0
22.7,80.5,1011.57,60.0,465.36,0.595,0
25.7,38.5,993.12,87.8,469.62,0.73,1
6.5,60.1,1028.49,35.1,514.0,0.223,0
29.3,79.0,997.07,49.6,462.41,0.631,1
29.6,39.0,1011.91,28.2,472.5,0.528,0
10.2,68.9,1020.3,61.1,494.94,0.405,0
4.7,43.2,1004.66,82.9,509.96,0.402,0
10.0,73.6,1000.33,79.4,496.05,0.473,0
35.9,78.4,1022.67,33.4,452.78,0.656,1
10.0,43.1,1005.45,32.1,507.94,0.26,0
13.9,64.1,1004.68,100.0,482.58,0.625,1
26.8,31.4,1030.86,52.6,467.57,0.605,1
31.7,38.2,1027.81,64.0,464.39,0.71,1
17.1,46.6,1004.86,39.9,488.44,0.408,0
15.8,76.2,1020.99,64.1,485.43,0.496,0
4.4,44.4,1003.27,32.9,514.31,0.19,0
19.0,30.8,1011.53,79.6,488.68,0.586,0
30.8,59.5,1029.46,78.6,452.12,0.783,1
1.8,54.9,1014.77,66.2,524.82,0.275,0
15.0,69.0,1018.33,93.4,481.0,0.613,1
36.8,40.4,1013.49,70.0,450.01,0.817,1
5.4,64.1,994.22,89.7,504.08,0.449,0
20.6,27.9,1025.62,41.5,483.08,0.463,0
14.6,46.2,1013.62,93.3,482.97,0.605,1
16.2,73.7,1020.22,38.3,481.34,0.405,0
14.4,52.1,1026.22,29.5,504.24,0.305,0
23.0,47.3,1026.28,35.8,478.09,0.475,0
31.7,40.4,993.14,53.5,455.57,0.686,1
17.4,81.5,1004.16,94.4,474.99,0.656,1
9.6,64.9,1001.59,68.5,493.82,0.431,0
32.7,42.8,1001.66,39.3,457.15,0.636,1
19.2,63.2,999.19,76.6,478.73,0.597,0
36.2,62.8,1007.13,37.0,447.85,0.683,1
8.0,71.3,1017.85,43.7,500.96,0.299,0
29.1,57.8,1025.26,41.9,460.65,0.601,1
32.3,48.5,1023.42,39.0,461.85,0.621,1
32.8,39.3,1013.8,90.8,452.35,0.853,1
35.5,67.9,996.69,30.3,449.5,0.646,1
24.1,45.3,1005.02,83.8,468.45,0.699,1
13.1,76.4,1025.54,92.8,485.36,0.582,0
35.6,75.6,1003.83,76.0,432.1,0.865,1
23.6,65.9,1032.33,97.2,458.02,0.767,1
14.0,81.5,1030.41,99.2,477.12,0.634,1
15.2,63.6,1001.56,66.6,489.42,0.492,0
13.1,51.9,1024.4,55.0,491.24,0.419,0
33.5,54.7,1027.2,55.5,460.17,0.704,1
18.0,37.9,1027.1,83.6,489.97,0.589,0
10.8,47.9,1014.44,46.8,499.13,0.345,0
27.1,69.0,1004.18,63.9,465.84,0.657,1
11.2,56.1,1030.03,52.6,502.25,0.368,0
19.3,32.2,1018.33,28.0,494.57,0.372,0
25.5,68.5,995.27,55.4,466.18,0.605,1
29.2,43.0,1028.54,97.2,461.78,0.821,1
30.1,81.4,1012.87,65.1,453.0,0.72,1
14.2,62.8,1007.7,58.8,494.95,0.439,0
7.3,62.2,1028.41,64.1,505.22,0.365,0
9.0,52.6,1029.18,48.2,500.64,0.329,0
15.3,66.7,1028.14,94.3,476.39,0.63,1
21.7,39.6,1024.06,80.1,477.66,0.64,1
34.8,41.3,1030.96,42.4,457.99,0.67,1
24.7,37.8,1030.56,79.6,472.63,0.68,1
9.7,54.6,1025.93,77.5,488.23,0.479,0
4.8,59.2,1017.45,64.1,507.43,0.333,0
8.3,64.6,1006.37,69.8,500.35,0.408,0
7.1,52.6,1017.45,50.8,498.34,0.324,0
18.1,65.2,1002.38,68.8,477.87,0.555,0
5.9,55.5,1027.99,36.9,514.15,0.223,0
30.2,59.7,1006.67,88.9,449.46,0.823,1
35.7,52.7,1014.79,81.0,446.19,0.857,1
2.5,44.5,995.26,45.1,521.16,0.205,0
14.5,67.6,997.23,68.8,483.3,0.506,0
29.1,35.3,1032.55,53.8,469.5,0.631,1
11.5,34.0,1024.15,53.8,500.58,0.379,0
5.8,33.3,993.95,36.2,513.79,0.22,0
12.5,45.6,1007.72,69.3,496.34,0.459,0
17.8,70.2,1026.34,81.6,476.49,0.605,1
23.9,36.4,1025.81,58.0,482.22,0.566,0
29.6,31.3,994.38,35.6,464.87,0.572,0
22.1,39.9,1013.51,62.8,476.25,0.578,0
22.5,45.2,1015.14,27.9,482.65,0.43,0
33.0,59.2,1022.09,88.3,456.83,0.837,1
9.2,49.7,994.4,89.4,500.89,0.495,0
8.4,71.2,1024.67,74.9,494.34,0.442,0
10.6,63.6,1001.16,70.1,494.7,0.445,0
36.2,58.0,1032.75,27.6,452.81,0.637,1
7.3,62.0,1028.52,82.7,494.74,0.46,0
28.4,40.0,1014.13,88.9,462.74,0.778,1
3.8,70.1,1030.47,72.8,505.78,0.36,0
9.8,28.4,1019.69,61.7,506.6,0.379,0
18.6,71.5,1004.66,62.6,477.09,0.537,0
4.3,47.7,1000.14,73.1,507.64,0.364,0
21.0,51.1,1015.04,62.0,479.06,0.557,0
23.7,75.3,1000.01,45.3,465.68,0.546,0
22.6,78.6,1005.31,45.2,473.24,0.519,0
25.7,60.7,1013.11,58.4,464.58,0.622,1
34.4,42.0,1023.48,78.8,451.08,0.825,1
32.8,73.2,1025.43,93.5,452.3,0.864,1
21.8,47.3,1005.79,64.7,475.45,0.583,0
36.4,73.3,994.12,85.9,436.4,0.905,1
13.1,69.1,1019.55,89.2,493.75,0.551,0
3.2,43.4,1004.75,41.2,518.99,0.201,0
4.2,61.7,1024.81,72.6,506.18,0.363,0
26.8,61.6,1022.73,99.8,462.95,0.804,1
1.9,50.2,1008.43,90.5,512.28,0.398,0
2.8,75.3,1002.95,60.9,507.55,0.299,0
13.1,68.0,1006.84,44.1,489.14,0.38,0
30.7,65.8,1009.77,76.8,452.31,0.774,1
28.9,30.5,1002.71,83.5,459.41,0.768,1
24.8,78.6,1002.81,97.4,456.13,0.786,1
31.5,51.4,1008.6,62.1,456.71,0.716,1
16.7,78.5,1029.57,82.9,476.67,0.599,0
12.8,55.1,1013.87,52.5,492.02,0.405,0
27.0,32.6,993.84,96.7,474.17,0.771,1
6.7,39.6,1001.41,60.7,509.39,0.337,0
36.5,80.4,1003.44,40.8,443.47,0.711,1
26.4,69.1,1020.37,87.9,457.85,0.761,1
28.2,65.1,1008.07,86.7,451.52,0.788,1
13.0,44.0,1001.71,95.6,482.0,0.599,0
17.2,56.7,1029.44,48.5,481.7,0.456,0
23.5,35.0,1008.15,97.7,480.01,0.725,1
14.0,37.2,1029.21,49.2,507.38,0.373,0
11.3,49.9,996.27,65.8,495.13,0.436,0
32.7,34.0,997.69,76.8,451.25,0.798,1
34.5,50.2,1015.45,97.6,444.92,0.914,1
3.3,51.3,1008.17,82.5,507.87,0.39,0
36.2,60.4,1011.67,30.2,443.81,0.664,1
19.6,51.6,1023.08,32.5,480.85,0.42,0
24.0,60.9,996.88,72.5,469.68,0.65,1
18.0,54.8,998.79,43.8,485.5,0.439,0
7.3,61.5,1020.15,44.5,509.9,0.277,0
14.4,58.5,1003.43,38.3,489.28,0.37,0
21.7,65.6,1006.9,58.4,467.22,0.574,0
8.2,51.8,1008.23,68.2,501.0,0.4,0
10.5,43.4,1018.02,29.2,504.21,0.262,0
23.3,27.5,998.4,80.2,475.84,0.661,1
4.5,43.4,1027.85,73.2,505.75,0.37,0
33.2,63.7,1032.04,82.4,450.9,0.827,1
19.6,70.4,998.06,90.5,472.34,0.67,1
34.6,31.3,996.64,55.1,458.4,0.718,1
23.1,43.1,1021.28,53.5,482.42,0.538,0
11.6,68.9,998.6,27.9,505.11,0.266,0
29.6,73.7,1006.96,96.6,445.9,0.855,1
24.8,60.3,1011.53,57.2,464.84,0.608,1
5.5,41.8,1032.34,37.5,516.75,0.216,0
21.3,74.6,1005.34,38.3,473.04,0.477,0
19.5,37.4,1004.09,54.3,486.17,0.496,0
5.3,74.8,1028.75,64.1,507.61,0.338,0
13.6,45.8,1029.92,37.4,497.01,0.342,0
36.8,33.8,1031.01,80.6,454.4,0.852,1
13.9,74.5,997.26,74.5,485.92,0.516,0
13.3,72.0,1010.1,57.5,484.41,0.445,0
5.5,79.0,1030.85,37.4,513.43,0.222,0
9.9,37.5,994.24,50.6,506.54,0.336,0
9.9,38.2,997.35,73.3,502.28,0.435,0
30.1,27.3,1010.33,53.0,462.36,0.652,1
17.7,80.4,994.77,27.9,482.48,0.377,0
1.9,26.8,1007.69,94.5,510.58,0.417,0
34.9,48.2,1030.08,98.0,449.93,0.909,1
17.6,35.8,994.09,44.4,488.32,0.431,0
12.8,39.0,1003.44,80.8,492.75,0.517,0
4.5,37.9,1015.37,33.2,518.02,0.185,0
36.6,74.6,1028.72,98.0,442.95,0.942,1
7.3,51.1,995.25,57.3,503.77,0.34,0
15.5,59.1,1032.51,40.1,500.99,0.367,0
21.4,55.9,1008.06,39.7,475.01,0.48,0
30.3,62.6,1000.57,76.3,461.81,0.749,1
37.1,38.6,1023.51,37.0,445.48,0.698,1
9.6,64.1,1003.44,79.8,500.76,0.461,0
8.9,29.0,1032.6,26.4,512.6,0.217,0
16.8,64.9,1005.55,53.6,484.45,0.467,0
28.7,59.4,1026.29,50.1,459.87,0.631,1
2.1,27.3,1018.36,83.4,521.19,0.354,0
1.8,35.9,1000.95,68.1,517.61,0.297,0
23.7,27.8,1008.22,79.6,481.3,0.652,1
13.6,26.1,998.76,93.6,491.17,0.579,0
36.7,65.8,1012.79,81.3,439.74,0.882,1
21.3,52.5,1005.4,91.7,476.48,0.684,1
5.7,34.4,1026.53,73.1,510.97,0.373,0
28.3,40.5,1030.06,78.9,461.45,0.739,1
28.9,43.9,1001.85,28.3,464.88,0.536,0
16.4,30.3,1023.8,50.6,498.16,0.423,0
27.0,30.7,1000.43,55.3,475.44,0.602,1
6.4,60.5,1002.81,50.4,508.26,0.294,0
11.8,37.6,996.33,81.4,500.94,0.491,0
16.5,55.5,997.96,99.3,483.45,0.648,1
23.5,54.6,1005.22,92.7,472.39,0.72,1
6.1,43.1,1007.5,99.2,501.78,0.499,0
13.3,49.6,1014.04,44.4,502.79,0.356,0
11.8,68.9,1019.91,72.8,490.32,0.478,0
17.6,35.2,1018.03,29.9,492.44,0.365,0
3.1,63.7,993.09,66.0,500.3,0.337,0
28.7,62.6,1006.21,51.9,465.93,0.626,1
13.8,73.7,1012.66,45.9,488.57,0.396,0
22.9,42.0,992.27,31.0,484.16,0.443,0
10.7,33.0,1009.58,67.2,505.49,0.414,0
6.4,33.2,1030.44,91.2,502.3,0.469,0
7.7,78.3,1027.97,70.0,500.16,0.403,0
3.4,53.9,1020.62,75.2,513.4,0.351,0
29.9,80.1,1023.95,69.2,453.47,0.733,1
5.3,35.0,1012.41,50.6,512.59,0.274,0
33.7,71.4,1020.3,54.8,449.11,0.725,1
28.8,32.0,995.44,87.7,461.53,0.779,1
30.6,58.5,995.65,39.9,459.84,0.611,1
28.5,47.5,1009.64,99.1,453.68,0.837,1
15.4,61.6,992.56,60.7,478.34,0.492,0
13.6,65.3,1012.47,97.4,482.63,0.612,1
14.7,47.3,992.83,29.2,492.8,0.33,0
37.0,34.6,1004.0,68.9,448.02,0.82,1
26.0,75.2,1028.12,69.8,460.2,0.68,1
10.4,72.0,1029.44,48.8,495.29,0.357,0
1.9,46.5,1005.94,43.7,517.85,0.2,0
22.3,35.9,995.14,63.2,478.97,0.576,0
19.2,59.9,1008.79,63.0,480.99,0.538,0
11.9,28.0,1012.17,39.7,505.2,0.317,0
10.0,33.2,997.3,57.5,503.11,0.372,0
35.5,75.0,1011.45,46.7,442.49,0.725,1
18.2,46.6,994.32,76.4,481.76,0.579,0
16.7,51.2,998.35,79.5,485.03,0.569,0
11.1,37.5,995.68,46.4,497.03,0.352,0
5.8,55.6,1014.38,68.5,500.65,0.376,0
24.2,62.5,1004.02,28.1,474.95,0.464,0
21.3,71.6,1021.3,64.7,471.22,0.587,0
19.7,67.6,1019.97,77.7,476.49,0.611,1
8.5,39.1,1024.55,34.6,514.62,0.241,0
18.0,30.1,1003.05,32.4,489.37,0.386,0
29.0,41.8,1016.6,57.0,474.39,0.632,1
6.2,30.3,996.44,85.5,499.84,0.45,0
20.8,60.5,1007.06,78.9,471.07,0.638,1
18.7,60.9,1005.98,63.8,478.11,0.542,0
31.6,69.9,1000.6,76.2,448.89,0.789,1
2.8,50.9,1020.97,97.8,508.48,0.445,0
19.9,39.1,992.36,40.7,485.19,0.448,0
32.6,59.8,1016.12,61.3,449.5,0.739,1
6.1,62.0,1028.59,57.9,510.41,0.316,0
16.8,61.1,1000.22,59.3,480.24,0.498,0
3.9,39.2,1012.65,84.9,503.01,0.416,0
35.6,66.7,1025.15,46.1,449.9,0.71,1
12.2,42.4,1005.99,72.6,494.45,0.474,0
27.3,43.6,1005.48,28.1,472.44,0.503,0
28.4,64.5,1021.68,68.4,460.75,0.699,1
22.9,51.4,1004.8,32.6,476.04,0.466,0
19.2,42.0,993.24,33.8,492.32,0.399,0
24.0,68.9,1003.82,85.4,459.67,0.722,1
27.0,35.1,1030.17,59.6,470.58,0.629,1
22.9,62.4,1028.98,77.4,471.92,0.654,1
25.0,62.1,1015.39,45.9,469.86,0.554,0
34.2,64.9,1013.67,60.8,444.34,0.764,1
12.1,71.8,1029.36,65.0,488.71,0.454,0
22.6,64.1,1018.43,94.4,466.34,0.729,1
15.8,52.3,1006.16,51.8,480.46,0.457,0
8.7,35.0,1010.14,37.5,511.56,0.26,0
32.6,39.0,997.96,27.9,464.11,0.575,0
19.5,45.7,1002.63,61.8,490.8,0.516,0
21.5,66.0,1024.08,82.6,468.2,0.666,1
5.1,34.2,1008.8,70.9,509.62,0.36,0
34.9,28.2,1007.46,91.6,447.29,0.889,1
12.6,31.0,1025.43,65.6,495.93,0.447,0
19.6,53.8,1016.16,35.1,490.23,0.412,0
33.9,66.3,1012.2,90.6,451.85,0.865,1
31.0,32.5,1014.53,84.7,449.76,0.815,1
34.5,75.9,1020.78,53.7,448.21,0.731,1
2.8,62.3,1012.17,61.1,516.84,0.281,0
20.1,46.9,1012.34,96.1,470.83,0.7,1
29.1,28.8,1010.12,37.7,471.57,0.563,0
26.3,45.9,1024.59,48.7,470.3,0.579,0
25.2,54.5,1031.98,60.9,472.47,0.611,1
2.4,56.4,995.6,97.0,506.19,0.442,0
35.8,26.4,1005.49,98.3,441.82,0.936,1
26.6,29.7,1004.37,37.1,468.28,0.539,0
8.9,78.0,1021.8,40.6,500.85,0.297,0
36.7,56.4,1003.02,75.5,444.01,0.85,1
13.0,37.0,1009.49,97.1,484.83,0.599,0
22.7,64.9,1017.08,99.5,467.89,0.747,1
32.9,64.0,1017.99,38.7,458.92,0.632,1
20.9,37.9,1032.42,55.4,484.19,0.519,0
14.6,60.7,1018.75,75.2,493.6,0.511,0
5.0,59.8,1022.2,54.8,507.03,0.299,0
6.7,30.8,996.55,61.4,504.94,0.348,0
29.2,78.5,1015.65,35.7,462.65,0.573,0
7.1,41.3,1016.24,30.3,512.67,0.212,0
4.6,51.3,1010.68,62.4,514.16,0.311,0
3.3,59.5,1013.15,87.1,500.91,0.422,0
16.2,62.9,1019.74,64.8,483.91,0.507,0
28.2,76.2,1019.15,82.9,460.65,0.755,1
36.8,28.1,994.74,91.8,441.98,0.922,1
35.8,59.0,1026.48,40.8,454.93,0.68,1
22.0,54.6,997.73,27.7,479.06,0.43,0
6.5,41.4,1005.51,92.1,498.58,0.481,0
4.6,41.9,1019.02,61.3,515.56,0.304,0
15.6,46.7,1029.09,35.3,498.12,0.354,0
27.3,44.8,995.43,92.7,462.51,0.781,1
19.0,39.0,1002.33,94.1,477.11,0.668,1
7.5,62.0,1018.6,98.1,497.02,0.52,0
23.6,60.2,1029.77,70.6,470.07,0.638,1
12.3,78.8,997.59,86.2,478.51,0.561,0
11.5,76.3,1011.73,54.6,491.39,0.399,0
7.8,41.7,992.41,31.8,503.18,0.245,0
22.1,35.0,998.12,77.0,481.82,0.623,1
16.9,38.6,997.7,60.3,481.93,0.5,0
26.6,42.1,1004.7,64.4,470.62,0.644,1
35.7,56.7,1006.66,66.7,446.22,0.801,1
9.5,54.9,1028.01,48.7,501.4,0.334,0
5.5,35.6,1007.08,78.6,509.0,0.396,0
10.9,43.6,1010.53,83.9,498.21,0.498,0
13.9,74.5,1013.44,62.2,486.99,0.465,0
31.2,73.7,998.93,40.7,446.61,0.647,1
12.6,27.1,1027.82,26.5,509.05,0.265,0
16.7,77.4,1012.72,53.2,485.55,0.462,0
8.1,30.0,1013.07,33.5,515.98,0.23,0
35.3,79.4,1003.78,38.0,444.09,0.686,1
34.3,63.6,1025.4,49.1,449.08,0.709,1
23.5,43.4,1001.45,65.3,473.83,0.608,1
19.1,59.2,1023.55,50.6,481.14,0.487,0
8.8,30.3,1030.13,45.1,509.53,0.297,0
29.1,54.2,993.66,51.8,463.02,0.636,1
28.3,47.4,998.73,57.4,466.32,0.643,1
14.5,80.9,993.14,96.9,475.4,0.633,1
35.7,34.6,1027.76,52.7,454.79,0.727,1
31.6,74.5,1031.68,27.5,462.5,0.567,0
5.9,60.9,1011.01,57.8,504.45,0.326,0
26.3,27.8,1002.7,80.9,469.43,0.709,1
26.1,27.3,1006.93,80.5,467.59,0.709,1
15.9,35.2,1016.96,59.4,492.14,0.465,0
15.0,78.5,992.13,82.7,478.31,0.576,0
28.0,27.2,994.67,34.6,473.65,0.534,0
29.4,46.2,1007.3,56.5,466.03,0.651,1
9.6,28.8,1016.76,54.9,504.48,0.355,0
16.5,40.6,1009.72,88.5,484.65,0.603,1
20.8,54.9,1018.91,82.9,477.33,0.642,1
6.2,42.1,1001.39,36.2,515.22,0.221,0
3.6,29.7,1015.85,94.2,514.06,0.428,0
33.3,49.6,998.37,90.7,444.79,0.874,1
21.4,53.7,999.83,33.1,478.71,0.447,0
19.0,75.3,1022.19,28.4,485.72,0.387,0
13.6,73.7,1007.17,37.8,493.73,0.351,0
17.6,64.1,1022.83,64.4,477.88,0.532,0
8.8,37.7,1025.5,37.9,508.09,0.27,0
15.6,78.4,1016.53,66.0,481.67,0.509,0
14.6,60.9,1025.61,88.4,488.04,0.576,0
11.0,60.9,1016.3,88.0,493.96,0.523,0
6.4,63.1,1001.86,60.6,504.56,0.343,0
20.2,58.8,1016.35,74.6,468.72,0.62,1
21.5,78.2,1018.43,55.9,474.48,0.547,0
7.4,36.0,992.26,34.8,505.24,0.249,0
36.1,76.2,1001.75,98.5,427.95,0.969,1
13.7,73.1,1012.2,77.2,486.24,0.524,0
3.8,76.0,999.88,42.2,497.83,0.254,0
19.0,31.5,1002.34,99.0,483.68,0.674,1
21.5,61.3,996.68,46.5,479.13,0.5,0
11.0,79.3,1003.14,83.0,494.59,0.502,0
29.8,58.7,1007.97,86.1,466.03,0.774,1
7.8,55.8,1017.04,52.5,506.62,0.321,0
25.4,54.7,1009.67,42.4,473.73,0.536,0
23.6,57.0,1031.43,94.7,470.44,0.734,1
9.3,55.2,996.47,69.3,497.33,0.424,0
29.5,30.1,1018.98,31.1,472.63,0.538,0
36.9,78.0,1017.26,77.3,439.0,0.87,1
26.8,73.5,1008.27,71.8,463.95,0.689,1
32.6,59.4,1020.67,59.6,450.11,0.731,1
30.1,31.2,1016.75,98.7,459.69,0.841,1
7.4,75.1,1009.71,34.7,502.18,0.255,0
27.0,29.8,1031.79,48.1,477.18,0.57,0
22.6,46.2,1016.21,41.7,481.25,0.488,0
25.5,54.5,1019.46,41.8,470.26,0.542,0
9.1,34.6,1022.28,82.2,504.44,0.458,0
2.4,73.1,1010.12,75.2,501.26,0.364,0
3.3,57.7,1013.67,35.4,503.37,0.211,0
18.4,65.3,1006.13,97.4,472.87,0.683,1
34.3,77.5,992.65,34.6,445.55,0.658,1
31.6,43.9,1018.66,91.6,450.12,0.848,1
15.3,35.9,1027.53,57.6,491.16,0.454,0
11.2,77.4,997.17,68.9,488.35,0.46,0
17.5,65.1,1015.83,74.8,483.94,0.56,0
30.4,61.0,1007.46,84.7,457.2,0.793,1
36.3,78.4,1022.08,34.9,443.27,0.686,1
24.0,30.2,1027.07,61.6,473.92,0.599,0
24.1,71.8,993.9,89.0,464.23,0.729,1
11.4,35.9,1023.04,56.3,507.85,0.372,0
21.1,43.3,996.93,81.5,472.91,0.648,1
35.6,43.6,1013.61,68.3,449.75,0.798,1
3.4,57.1,1017.9,94.8,518.06,0.42,0
8.3,54.6,997.0,42.9,509.93,0.282,0
20.1,28.5,1017.06,68.1,484.05,0.562,0
30.3,76.6,1014.12,69.2,452.55,0.739,1
5.7,66.4,1026.68,52.0,500.85,0.308,0
5.4,45.6,1023.74,87.9,500.0,0.45,0
12.4,36.5,1007.53,40.5,504.77,0.327,0
26.3,33.2,1026.34,33.9,474.7,0.51,0
29.8,76.3,1020.6,58.7,455.91,0.685,1
10.5,69.2,1027.37,62.9,491.89,0.421,0
14.5,42.4,1026.0,67.9,491.44,0.485,0
22.0,48.6,1023.58,36.4,484.0,0.455,0
8.4,68.6,1008.63,32.2,503.05,0.253,0
8.9,65.1,997.64,93.8,489.61,0.532,0
18.5,30.4,1003.66,28.7,486.36,0.383,0
32.2,55.1,1018.6,100.0,446.32,0.895,1
2.6,41.9,1026.9,75.3,511.1,0.348,0
14.6,79.1,1011.95,83.5,481.35,0.569,0
8.1,69.3,1025.3,38.0,502.72,0.274,0
22.4,45.2,1031.76,35.5,482.49,0.46,0
23.4,44.2,1013.52,73.5,481.51,0.624,1
5.6,78.1,1012.31,73.9,501.64,0.392,0
7.1,63.6,1008.87,50.6,501.87,0.315,0
3.6,42.1,1011.56,46.6,514.87,0.236,0
7.5,75.6,1011.9,94.7,494.89,0.51,0
8.3,54.2,1031.75,40.8,503.87,0.285,0
5.7,26.6,1032.7,85.3,508.32,0.426,0
33.9,37.1,1028.62,41.2,460.89,0.649,1
29.4,59.3,1005.18,95.8,451.15,0.839,1
19.0,29.3,1020.12,51.6,490.92,0.47,0
14.1,42.7,1031.57,76.0,486.05,0.524,0
4.0,51.4,999.74,33.7,506.85,0.204,0
28.9,80.4,996.96,61.0,449.27,0.697,1
12.2,55.5,999.31,54.7,500.37,0.39,0
9.8,57.4,1009.2,77.2,494.3,0.467,0
7.3,42.1,1027.55,52.4,511.31,0.306,0
8.6,59.6,1025.78,62.1,507.35,0.366,0
16.1,32.7,1005.51,91.3,494.95,0.589,0
20.8,60.4,1028.4,96.0,475.32,0.698,1
27.0,44.1,1026.07,87.1,461.25,0.758,1
13.8,62.0,1017.95,44.8,492.25,0.384,0
28.8,66.4,1000.66,77.2,465.72,0.729,1
8.2,48.0,1014.84,68.6,502.96,0.397,0
24.1,36.9,1000.2,59.2,467.59,0.602,1
36.8,50.3,1023.67,90.2,441.17,0.916,1
12.3,69.7,1022.95,34.0,498.14,0.313,0
31.0,36.7,1029.96,43.8,462.4,0.626,1
8.2,50.5,1032.32,51.9,508.54,0.319,0
7.9,38.8,1015.84,55.6,511.46,0.326,0
13.5,75.2,1031.13,38.7,499.68,0.341,0
2.7,47.5,1006.53,49.0,520.46,0.224,0
34.2,55.5,1004.79,58.6,451.34,0.741,1
33.3,30.2,1013.95,77.2,454.94,0.799,1
19.1,33.9,1022.18,54.1,487.86,0.487,0
12.2,43.8,1024.09,83.5,495.53,0.515,0
3.8,37.1,994.06,49.6,514.28,0.251,0
12.3,58.6,1002.52,61.2,493.36,0.431,0
13.5,31.9,1004.28,78.7,490.55,0.52,0
5.3,68.0,1030.95,37.6,509.38,0.229,0
30.0,77.2,1019.43,85.2,450.57,0.804,1
24.9,28.6,1021.66,38.0,483.01,0.495,0
30.4,28.5,1028.85,74.6,462.51,0.742,1
35.8,60.2,1017.21,87.2,443.32,0.889,1
36.9,36.2,1009.22,52.9,455.88,0.739,1
20.3,77.2,1011.95,66.2,467.62,0.589,0
23.5,51.7,1018.23,79.7,473.25,0.667,1
7.9,32.6,1024.2,37.0,513.74,0.246,0
30.0,81.2,1010.39,28.2,459.95,0.557,0
10.3,67.0,1020.79,86.8,490.59,0.517,0
34.3,76.6,1010.58,53.3,445.11,0.734,1
15.7,35.6,1007.87,29.5,493.78,0.341,0
21.3,41.2,1014.01,59.6,482.83,0.543,0
23.0,73.6,1013.07,71.3,464.91,0.644,1
30.0,74.2,1020.09,55.7,460.49,0.666,1
6.3,52.1,1024.37,68.6,502.51,0.377,0
6.8,73.4,1022.92,26.9,502.17,0.217,0
11.0,48.1,1005.46,99.2,493.87,0.568,0
23.4,72.8,1020.51,51.6,471.11,0.557,0
22.0,80.0,1031.47,86.6,466.32,0.692,1
35.9,80.2,1003.1,26.0,443.58,0.645,1
14.7,79.2,1030.59,61.1,485.24,0.473,0
17.8,39.3,1001.1,60.1,484.55,0.503,0
14.2,41.8,1024.48,72.4,491.41,0.501,0
28.3,45.3,1018.22,53.1,463.91,0.63,1
24.7,46.9,1017.71,78.0,466.36,0.686,1
36.4,51.5,1012.22,53.4,442.17,0.762,1
14.4,62.6,993.07,88.7,488.02,0.574,0
34.3,74.1,995.49,79.9,445.84,0.839,1
18.2,39.4,1015.69,36.6,486.86,0.409,0
16.7,79.4,993.73,27.0,480.59,0.368,0
30.4,56.5,996.61,67.0,454.99,0.726,1
30.1,62.1,1009.65,42.8,455.62,0.625,1
29.3,35.8,996.19,26.7,468.27,0.527,0
23.6,72.8,1013.03,50.5,473.42,0.551,0
24.7,47.8,1022.93,47.1,475.26,0.545,0
11.6,62.5,1005.41,76.2,495.83,0.479,0
16.8,28.1,1031.14,94.0,477.91,0.642,1
34.8,28.0,1012.76,34.1,457.81,0.637,1
29.0,37.8,994.43,54.6,465.1,0.642,1
23.2,69.5,1016.69,69.8,465.15,0.64,1
6.4,60.4,1032.12,77.2,505.43,0.407,0
1.8,33.0,1013.21,91.1,514.58,0.395,0
26.8,44.7,1021.05,59.5,469.64,0.629,1
2.7,59.7,1022.57,77.5,510.94,0.357,0
25.8,66.5,1029.08,55.4,463.41,0.613,1
8.4,47.7,993.2,65.3,498.07,0.396,0
28.4,49.0,1031.94,60.9,460.48,0.669,1
7.8,71.0,1023.44,58.9,504.96,0.35,0
7.3,25.7,1025.13,38.1,509.13,0.254,0
5.2,40.1,998.28,93.8,504.37,0.462,0
15.1,67.6,1025.9,64.7,482.25,0.498,0
26.6,52.6,1018.84,58.7,467.0,0.629,1
31.1,70.3,1007.94,35.5,459.65,0.598,0
19.1,51.2,1021.22,91.3,471.78,0.668,1
17.0,52.7,1019.46,60.2,486.3,0.492,0
22.5,58.0,1020.68,92.5,466.96,0.719,1
2.4,38.4,1002.36,84.8,515.34,0.374,0
25.4,61.1,1006.08,85.6,469.0,0.719,1
25.1,31.6,1026.8,26.9,479.22,0.461,0
4.8,78.8,1017.12,47.3,504.33,0.272,0
33.0,74.6,1018.14,57.7,450.83,0.725,1
8.1,77.8,1005.44,78.8,496.37,0.449,0
1.9,25.8,1011.56,90.0,512.19,0.397,0
3.6,49.0,1016.38,94.1,511.91,0.432,0
2.7,44.4,1008.04,79.9,511.69,0.366,0
23.1,59.8,1003.67,86.9,468.15,0.701,1
33.3,76.9,1025.31,94.1,446.12,0.884,1
35.4,58.3,992.3,73.4,445.34,0.826,1
22.5,41.3,994.86,75.4,471.0,0.642,1
9.7,26.7,1026.92,55.1,509.61,0.346,0
31.6,33.7,1006.27,31.4,470.16,0.567,0
33.2,70.1,998.39,27.7,454.85,0.6,1
21.6,64.9,1012.02,33.5,477.06,0.454,0
10.3,25.9,996.02,32.7,516.17,0.25,0
3.8,44.6,1026.82,46.1,515.56,0.234,0
2.0,48.9,992.37,31.4,515.2,0.157,0
31.0,49.4,1008.11,80.5,457.06,0.783,1
8.5,58.7,1026.86,90.5,497.73,0.499,0
2.6,39.1,1015.05,65.2,518.63,0.291,0
19.5,51.9,1032.68,61.9,490.48,0.518,0
10.5,31.8,1016.44,74.4,507.46,0.436,0
12.7,45.8,1029.21,97.9,489.71,0.59,0
9.1,64.5,1013.84,37.5,506.44,0.275,0
22.0,72.3,995.15,36.4,473.96,0.475,0
33.2,64.9,1024.02,50.5,453.64,0.693,1
36.5,43.5,1010.63,47.7,452.81,0.72,1
16.8,52.1,1032.26,63.1,482.8,0.508,0
15.1,38.5,999.27,46.6,495.11,0.4,0
33.9,59.8,1009.1,71.3,450.86,0.789,1
24.8,34.9,1001.7,42.0,470.22,0.535,0
20.3,56.6,1021.46,82.3,476.84,0.635,1
13.4,47.5,1023.43,67.1,497.08,0.459,0
13.1,65.2,1029.19,88.9,489.1,0.559,0
16.5,73.7,1021.97,35.2,483.29,0.392,0
35.6,51.0,1023.19,76.2,446.01,0.838,1
34.8,65.5,1015.79,26.8,443.3,0.637,1
1.9,58.7,1030.42,63.9,514.33,0.287,0
13.7,74.2,1016.71,64.8,485.91,0.476,0
32.1,63.4,1003.02,30.1,450.68,0.606,1
14.1,61.7,997.77,99.9,476.96,0.638,1
4.1,29.6,1016.58,29.8,524.22,0.155,0
32.7,44.6,1027.82,41.6,466.87,0.626,1
19.9,50.8,1001.09,64.0,480.07,0.551,0
18.8,76.5,1032.64,30.1,485.65,0.393,0
5.5,25.9,1012.2,79.2,507.05,0.403,0
8.1,31.7,992.19,35.0,507.48,0.252,0
19.3,75.5,1026.71,86.4,476.67,0.641,1
29.2,75.6,1019.62,55.1,460.5,0.656,1
26.7,62.9,1012.76,88.5,456.57,0.769,1
32.7,60.2,1012.22,70.8,451.32,0.775,1
26.4,49.4,1003.69,35.9,468.92,0.532,0
21.7,41.1,1028.61,70.1,485.29,0.585,0
10.4,36.3,998.98,58.5,500.27,0.386,0
12.2,34.9,993.16,66.3,510.3,0.417,0
30.0,67.6,1031.26,73.4,456.66,0.745,1
28.4,76.4,1032.17,55.6,454.79,0.66,1
15.5,30.2,998.02,80.3,484.62,0.56,0
15.2,65.2,1022.76,56.6,486.82,0.457,0
3.7,79.7,1024.44,85.1,500.26,0.42,0
33.2,75.5,997.92,31.1,444.9,0.634,1
17.7,39.9,999.4,72.2,479.02,0.563,0
36.5,76.0,1019.14,73.1,444.75,0.837,1
15.4,40.2,1029.3,58.4,495.17,0.45,0
7.8,58.6,1027.1,85.7,498.82,0.469,0
10.4,46.5,1021.39,87.2,495.51,0.511,0
27.0,32.5,1010.47,54.5,469.05,0.612,1
33.5,36.4,1009.61,93.2,448.7,0.877,1
23.1,73.5,1012.71,62.3,468.13,0.603,1
14.0,41.3,1032.75,54.5,493.14,0.423,0
18.1,81.4,1000.82,83.7,471.5,0.627,1
11.7,41.1,1002.79,48.6,502.98,0.355,0
6.3,32.5,995.75,89.4,511.84,0.442,0
11.1,39.1,1032.63,44.7,497.14,0.345,0
5.6,32.9,1021.38,46.4,517.19,0.251,0
26.5,34.4,1032.97,91.0,460.39,0.77,1
31.8,54.4,1006.79,53.4,453.06,0.691,1
4.4,47.3,1001.82,97.5,509.35,0.459,0
15.6,42.5,1031.3,44.4,497.0,0.392,0
26.2,47.9,1019.14,95.1,461.51,0.781,1
21.4,52.3,1002.83,43.1,480.55,0.483,0
19.4,54.4,1029.4,39.4,484.07,0.439,0
14.9,40.6,999.8,78.6,496.23,0.523,0
21.2,67.8,1001.71,27.2,479.02,0.42,0
34.7,36.1,1008.21,25.8,461.87,0.594,0
18.2,60.9,1009.95,28.8,486.8,0.378,0
12.0,49.4,1014.42,81.1,492.95,0.509,0
23.7,74.3,1003.14,35.6,471.18,0.497,0
7.0,32.5,1032.85,98.6,508.79,0.492,0
21.8,41.8,994.94,60.5,478.96,0.559,0
35.0,59.0,1030.71,97.8,440.85,0.928,1
28.8,42.2,999.99,90.3,465.75,0.781,1
8.2,63.7,1000.94,39.2,500.06,0.286,0
15.9,32.0,1028.17,54.2,497.98,0.433,0
7.9,38.5,1002.53,59.0,508.97,0.344,0
5.2,79.0,992.01,54.0,506.97,0.298,0
28.3,65.3,995.99,66.5,455.18,0.702,1
7.3,72.9,1007.47,90.7,489.58,0.503,0
21.3,81.3,1017.83,75.8,464.56,0.645,1
23.1,44.4,1007.45,52.3,473.17,0.553,0
20.1,34.7,1011.36,72.6,476.17,0.595,0
13.5,81.0,1027.24,67.3,482.16,0.491,0
16.0,36.9,1003.09,55.6,494.68,0.446,0
30.5,29.8,1024.28,53.7,463.49,0.657,1
28.3,70.5,1023.81,68.4,456.98,0.706,1
17.2,28.2,997.01,30.9,497.67,0.354,0
25.9,29.6,1025.9,31.8,477.25,0.493,0
17.6,28.0,1020.6,90.9,480.36,0.633,1
8.9,57.5,1020.77,63.0,509.69,0.369,0
10.9,27.1,1000.82,65.5,497.08,0.426,0
8.3,25.7,1022.94,30.4,516.01,0.22,0
19.4,29.7,1024.32,96.6,481.0,0.675,1
13.6,74.6,999.94,46.4,490.76,0.391,0
37.1,37.6,1000.66,44.5,454.78,0.709,1
35.7,26.4,1019.0,47.6,457.06,0.702,1
9.1,43.2,1019.78,85.9,503.67,0.475,0
16.6,74.1,1015.26,29.9,489.63,0.359,0
30.5,51.5,1027.99,35.4,461.58,0.589,0
25.6,46.9,1000.6,36.8,470.18,0.524,0
6.0,46.1,996.97,67.8,501.51,0.373,0
19.0,69.8,994.21,63.8,479.65,0.541,0
29.5,67.0,1000.44,76.5,462.23,0.74,1
8.0,75.5,1021.03,65.9,494.81,0.4,0
15.8,76.2,1013.55,40.9,488.57,0.397,0
23.3,76.0,1019.61,34.0,483.25,0.462,0
33.6,44.8,998.51,71.0,451.99,0.783,1
30.2,60.9,1016.79,52.1,455.63,0.664,1
5.3,71.0,1018.31,40.1,509.48,0.238,0
26.8,47.6,1007.95,65.7,468.79,0.655,1
26.9,28.6,1020.15,99.7,466.85,0.796,1
32.2,68.7,1003.14,76.4,452.79,0.788,1
5.7,56.5,1024.04,41.1,516.13,0.233,0
16.3,40.5,1015.29,59.8,488.27,0.479,0
26.9,41.6,1013.29,53.3,465.33,0.613,1
17.3,26.4,1025.21,29.4,498.01,0.349,0
2.2,28.4,997.98,62.2,524.02,0.265,0
8.8,60.2,1009.06,43.0,504.61,0.298,0
17.5,56.5,1007.74,52.5,489.39,0.461,0
17.9,66.9,1006.1,85.1,477.99,0.618,1
30.6,47.5,1031.67,45.4,463.31,0.626,1
30.0,80.6,992.44,50.9,454.23,0.659,1
16.0,59.3,995.17,29.6,487.59,0.356,0
10.3,27.3,1029.19,96.8,490.22,0.558,0
18.9,65.5,1015.02,70.6,485.0,0.556,0
5.4,69.1,1028.48,33.1,507.1,0.216,0
35.5,77.7,992.47,84.0,439.98,0.88,1
26.4,72.5,999.21,56.1,459.41,0.631,1
22.2,38.0,1015.12,84.8,479.5,0.66,1
24.6,74.3,993.68,58.3,456.98,0.625,1
15.8,50.8,1002.54,28.3,491.32,0.341,0
17.8,55.6,1013.31,34.6,483.01,0.405,0
21.8,37.0,992.84,28.0,485.0,0.417,0
4.5,60.4,1019.98,36.2,512.77,0.208,0
10.9,62.7,1013.19,85.7,490.7,0.519,0
19.1,34.6,1031.85,83.8,480.65,0.62,1
19.1,48.1,1005.25,69.0,480.82,0.561,0
4.9,63.3,1017.26,37.3,509.61,0.223,0
18.5,46.6,1006.79,70.6,487.0,0.549,0
37.0,75.3,1011.79,51.6,439.77,0.767,1
27.6,48.6,1024.95,93.2,463.45,0.785,1
36.2,70.6,1000.97,71.5,438.28,0.841,1
19.6,37.3,1011.01,94.2,477.97,0.673,1
12.5,36.4,1012.72,97.7,500.21,0.565,0
20.3,61.6,1019.62,64.7,478.11,0.562,0
36.1,31.1,995.09,32.0,460.38,0.637,1
25.7,25.5,1006.88,84.2,469.03,0.716,1
5.6,31.9,1004.86,40.6,519.01,0.224,0
20.4,45.6,1030.55,27.3,483.72,0.402,0
23.3,54.1,1001.47,39.6,478.21,0.494,0
13.3,38.9,1011.86,99.2,486.23,0.608,1
24.7,30.7,1013.18,68.9,469.22,0.644,1
14.7,60.6,1020.63,79.6,492.85,0.532,0
6.8,67.2,996.26,71.9,498.23,0.405,0
20.0,43.6,1029.22,85.4,479.21,0.64,1
12.3,55.4,1022.01,51.6,496.3,0.386,0
17.2,69.3,996.36,85.3,475.74,0.616,1
10.3,56.5,1007.19,59.5,493.98,0.402,0
4.3,34.6,1013.29,31.1,522.38,0.166,0
7.5,35.3,999.0,69.2,509.58,0.379,0
31.5,36.5,1016.76,29.5,468.45,0.561,0
30.9,77.0,1006.98,98.7,443.27,0.882,1
6.1,44.0,994.85,86.2,503.11,0.444,0
8.3,30.1,1006.3,83.5,497.86,0.468,0
20.3,79.1,1028.22,27.9,484.63,0.402,0
12.4,79.3,1006.96,89.6,491.32,0.549,0
1.9,42.7,1019.78,74.9,518.64,0.322,0
5.7,64.6,1028.29,70.6,500.37,0.383,0
20.7,25.5,1017.32,88.5,484.25,0.65,1
27.0,26.5,1020.12,55.9,473.24,0.609,1
31.6,37.6,1028.55,79.1,454.84,0.789,1
36.9,30.4,995.35,90.6,444.76,0.912,1
27.1,27.9,1008.85,75.8,466.72,0.703,1
14.9,58.0,1011.96,49.7,489.79,0.42,0
8.1,32.1,1015.07,31.4,509.58,0.234,0
32.4,32.9,1006.0,97.1,455.74,0.867,1
9.1,27.1,1029.41,86.1,507.11,0.469,0
7.1,33.5,1017.37,32.9,514.03,0.22,0
37.1,42.3,999.05,47.1,460.96,0.707,1
11.4,34.9,1022.72,46.2,502.26,0.344,0
15.6,72.5,1021.79,80.8,481.83,0.568,0
23.0,38.4,1030.2,78.0,472.55,0.656,1
33.8,81.4,1029.81,60.8,447.73,0.754,1
25.0,72.6,994.49,51.5,465.68,0.585,0
11.5,46.8,1030.78,94.6,490.76,0.561,0
18.6,51.6,999.12,86.5,485.26,0.617,1
33.4,45.5,1025.11,46.7,454.01,0.68,1
15.8,31.2,1004.56,61.5,488.54,0.48,0
23.8,64.0,1024.48,83.7,470.68,0.691,1
2.6,40.7,996.44,88.0,515.0,0.39,0
12.4,80.4,1011.38,65.4,480.93,0.473,0
25.3,53.7,1011.64,71.3,461.34,0.676,1
29.0,40.1,998.36,45.4,465.78,0.604,1
18.0,27.9,996.54,93.3,489.23,0.629,1
11.0,80.5,994.62,43.4,481.18,0.37,0
7.3,39.3,1026.87,99.6,504.81,0.508,0
31.2,35.4,1017.51,77.5,461.46,0.764,1
2.6,30.9,993.14,74.0,512.75,0.339,0
18.7,67.0,1027.24,62.3,477.52,0.536,0
18.1,46.4,1009.44,44.6,486.42,0.441,0
8.4,33.6,1027.69,88.0,498.26,0.486,0
35.0,71.3,1023.65,96.1,440.76,0.921,1
3.9,78.1,1019.76,50.1,508.61,0.265,0
24.4,80.9,1008.14,50.4,470.05,0.565,0
3.6,57.7,1004.88,47.5,513.62,0.242,0
21.3,78.8,997.49,54.1,466.52,0.554,0
36.6,53.0,1028.73,44.7,450.04,0.715,1
6.2,34.2,1019.17,50.8,514.51,0.281,0
30.7,35.4,1003.21,69.4,457.03,0.735,1
30.4,26.8,1018.8,48.8,469.74,0.625,1
3.9,50.1,992.83,68.0,505.94,0.342,0
32.9,62.1,1001.01,40.7,458.96,0.641,1
33.5,73.8,993.73,86.7,446.91,0.855,1
19.2,39.3,1017.79,94.4,484.17,0.657,1
10.3,43.7,1001.01,84.7,496.86,0.497,0
28.6,51.5,1023.6,27.2,468.6,0.521,0
14.4,44.5,1032.08,43.1,502.72,0.363,0
8.8,49.3,1021.81,44.6,507.14,0.299,0
22.2,53.1,999.84,79.8,471.14,0.657,1
10.3,44.0,1016.52,67.4,494.76,0.431,0
12.4,72.6,1006.17,95.5,487.31,0.581,0
36.6,33.9,1007.01,67.6,449.39,0.808,1
27.3,68.1,1007.13,59.1,459.38,0.653,1
31.8,27.2,1020.92,57.8,457.91,0.699,1
13.4,67.8,1018.15,31.3,493.15,0.324,0
2.0,78.8,1024.1,46.7,513.9,0.221,0
2.4,59.8,994.39,75.8,511.52,0.347,0
32.9,73.0,1024.64,72.5,448.74,0.788,1
30.8,44.8,1004.73,34.4,470.31,0.57,0
37.1,67.0,1030.8,47.8,449.27,0.734,1
23.7,53.0,1029.22,27.4,466.55,0.473,0
29.0,71.8,1017.74,50.0,453.17,0.647,1
25.7,36.3,996.99,66.1,469.59,0.643,1
15.9,40.1,1009.1,74.1,486.67,0.534,0
8.4,58.3,1030.18,41.5,508.33,0.28,0
13.2,58.8,1016.71,99.2,490.89,0.597,0
25.8,78.3,1032.85,31.8,460.14,0.526,0
7.5,29.3,996.74,56.6,512.65,0.322,0
36.1,63.9,1007.45,38.6,449.72,0.685,1
15.6,38.0,1023.75,39.2,489.33,0.386,0
33.6,48.2,1015.29,57.2,459.13,0.714,1
31.4,78.2,995.7,60.7,453.1,0.716,1
34.7,44.1,1005.11,43.5,460.02,0.669,1
5.9,81.3,1009.0,60.4,507.14,0.331,0
18.2,29.3,1014.53,98.6,478.01,0.675,1
31.7,68.8,1025.06,42.4,453.5,0.645,1
3.3,62.4,998.29,28.3,518.26,0.152,0
33.4,78.2,1013.11,63.0,452.12,0.748,1
33.8,47.7,1003.24,80.0,449.2,0.827,1
26.4,80.7,1029.02,37.5,458.02,0.559,0
5.6,64.2,1011.62,76.9,491.96,0.424,0
22.9,72.2,1028.36,34.4,475.38,0.475,0
9.6,80.6,992.48,71.2,492.41,0.444,0
28.4,77.2,995.59,34.5,450.49,0.585,0
22.5,36.3,1029.32,29.7,487.75,0.427,0
34.0,34.9,1014.59,66.7,452.32,0.77,1
7.0,32.3,1023.58,89.8,498.15,0.479,0
5.7,74.3,1012.72,50.0,497.83,0.305,0
17.1,80.8,992.78,44.1,479.26,0.442,0
23.2,75.3,1014.37,32.7,469.23,0.483,0
9.9,64.5,1015.48,86.8,487.88,0.518,0
21.5,77.3,1025.84,30.5,480.28,0.433,0
3.5,81.5,1004.27,64.8,500.32,0.337,0
27.0,33.0,996.86,90.4,462.12,0.769,1
14.2,61.1,1013.91,70.3,486.53,0.501,0
9.8,60.7,1012.68,67.9,498.52,0.42,0
13.1,39.1,993.17,39.2,499.37,0.34,0
22.4,44.5,1023.38,57.5,473.87,0.564,0
32.2,55.5,994.12,36.0,457.15,0.617,1
25.7,79.6,1021.06,29.3,467.37,0.5,0
27.6,38.2,1017.97,98.9,463.87,0.806,1
9.6,77.1,1014.29,73.0,502.34,0.431,0
35.4,62.8,1030.89,67.5,446.35,0.8,1
10.6,46.6,1026.43,47.6,499.95,0.346,0
8.3,28.9,992.13,43.2,510.78,0.282,0
30.7,78.8,1024.52,77.7,453.48,0.775,1
24.0,43.9,1023.51,77.3,464.82,0.679,1
30.9,34.1,1006.92,56.7,466.43,0.668,1
24.6,57.5,1005.02,55.8,471.64,0.585,0
29.9,77.0,1031.4,39.5,455.22,0.611,1
6.7,42.5,997.49,77.7,506.56,0.41,0
30.6,71.5,1008.36,26.7,456.11,0.565,0
19.4,78.2,997.32,83.8,463.88,0.658,1
20.6,70.1,1014.45,41.2,475.01,0.478,0
18.2,45.8,1014.26,35.2,488.16,0.401,0
25.3,66.1,1003.92,84.8,465.34,0.722,1
18.7,56.9,1011.31,99.8,479.54,0.682,1
34.2,42.8,999.25,84.0,448.99,0.848,1
18.4,71.2,1023.64,63.9,475.62,0.544,0
6.4,63.4,999.54,32.0,506.31,0.224,0
29.7,25.6,999.31,65.1,461.18,0.7,1
34.5,78.0,1012.25,48.3,448.02,0.71,1
25.8,54.1,1026.06,28.7,480.85,0.472,0
31.0,72.2,1013.14,72.1,457.44,0.749,1
3.7,79.2,1023.85,79.2,505.16,0.386,0
19.8,28.9,1022.38,99.0,475.76,0.698,1
21.2,53.8,993.77,37.1,479.7,0.459,0
37.0,54.5,1011.89,35.2,447.43,0.686,1
8.9,77.7,997.07,78.9,493.54,0.465,0
14.6,81.5,1006.81,49.0,482.81,0.428,0
9.8,28.1,1019.32,50.5,501.52,0.345,0
29.6,62.8,1011.61,61.2,463.63,0.677,1
15.3,29.7,1012.33,64.4,490.56,0.482,0
11.6,77.0,1009.85,45.9,494.82,0.36,0
36.6,60.7,1009.82,74.1,440.54,0.851,1
35.4,81.0,1006.93,75.9,442.12,0.842,1
15.5,25.6,1007.64,68.4,492.68,0.496,0
28.0,44.1,998.06,47.0,463.44,0.604,1
19.9,71.2,1022.92,34.4,479.07,0.435,0
32.4,67.2,999.43,91.2,446.03,0.863,1
5.7,50.3,1011.65,75.7,512.92,0.378,0
6.7,70.5,995.39,69.8,501.26,0.389,0
2.2,74.0,1008.34,65.2,512.41,0.3,0
15.9,51.5,994.61,71.0,486.55,0.523,0
4.6,62.8,994.64,97.0,492.94,0.492,0
33.3,44.0,1027.09,89.0,447.09,0.862,1
2.1,39.0,1012.11,26.3,526.63,0.115,0
14.0,62.3,1006.92,64.2,484.76,0.479,0
3.3,55.1,1011.7,72.3,510.0,0.345,0
7.0,72.0,1024.43,31.6,507.07,0.228,0
3.3,30.1,996.2,65.2,517.45,0.302,0
19.3,60.3,1027.83,47.5,484.01,0.471,0
5.2,78.8,993.92,42.3,505.5,0.255,0
7.8,63.4,1016.34,97.5,497.51,0.52,0
16.6,36.1,1009.1,76.4,488.04,0.549,0
28.8,25.8,1017.04,99.9,462.4,0.826,1
23.9,69.4,1025.92,51.7,471.13,0.563,0
11.5,69.8,1018.67,28.9,499.03,0.282,0
12.9,48.5,1014.45,81.8,497.08,0.512,0
16.5,69.7,996.3,63.9,485.09,0.504,0
34.0,58.2,1001.63,72.9,450.1,0.799,1
15.7,41.3,1009.12,26.7,495.55,0.325,0
32.0,31.5,1026.14,76.2,456.78,0.778,1
14.7,30.4,1012.76,73.3,492.96,0.506,0
18.6,44.5,1025.34,34.3,492.35,0.394,0
18.7,32.3,1016.36,66.3,488.51,0.531,0
17.9,31.0,1020.26,47.9,485.49,0.454,0
3.0,79.8,999.96,67.0,503.23,0.334,0
17.8,53.7,1011.44,93.1,480.89,0.643,1
26.1,70.6,1002.99,93.4,457.78,0.78,1
18.4,52.5,1014.46,31.9,477.72,0.412,0
7.8,50.3,1001.56,31.4,506.29,0.238,0
33.7,41.2,1029.03,53.9,453.47,0.713,1
36.7,28.3,999.64,27.5,457.97,0.631,1
14.7,51.6,1017.52,70.0,490.83,0.497,0
8.0,29.8,996.85,35.6,514.96,0.239,0
2.2,59.7,1001.61,85.1,504.81,0.394,0
27.5,60.4,1009.06,83.9,459.05,0.755,1
31.8,57.1,1016.19,29.9,461.57,0.58,0
36.3,35.9,1015.74,70.0,449.77,0.813,1
32.0,58.1,1001.82,66.4,455.85,0.74,1
18.3,28.8,1010.95,52.1,485.12,0.476,0
10.4,51.8,1026.04,95.6,492.63,0.549,0
21.0,28.2,1008.41,94.3,475.71,0.693,1
24.0,51.0,1009.55,45.3,476.16,0.529,0
6.1,28.7,993.49,45.4,514.66,0.258,0
23.5,58.2,1004.07,74.1,466.77,0.657,1
24.3,69.2,1019.13,28.2,481.12,0.453,0
6.6,31.1,1031.27,46.7,521.75,0.255,0
29.2,72.1,1014.84,63.0,461.65,0.684,1
4.4,38.7,1024.42,33.5,521.12,0.179,0
13.9,29.5,1019.03,80.9,499.28,0.515,0
9.0,54.1,997.45,94.3,494.7,0.525,0
34.2,69.7,998.82,49.0,452.16,0.702,1
30.6,41.4,999.98,83.1,453.73,0.796,1
23.0,61.3,1016.83,63.1,472.78,0.596,0
26.3,79.7,1013.71,88.1,443.19,0.791,1
11.4,61.7,1018.19,75.5,491.79,0.482,0
21.4,28.3,1021.71,80.6,468.48,0.657,1
31.2,54.2,992.23,85.2,455.69,0.807,1
6.6,60.6,995.11,81.0,499.05,0.438,0
30.3,56.0,1013.64,69.9,454.42,0.738,1
35.7,49.3,998.31,33.8,455.52,0.65,1
5.3,64.7,992.16,68.5,501.75,0.367,0
15.8,47.6,994.38,35.0,488.4,0.374,0
9.3,66.9,1022.67,74.3,495.26,0.447,0
7.1,52.6,1011.79,77.6,509.39,0.408,0
12.4,48.9,1023.62,79.3,495.57,0.5,0
25.6,49.3,1001.47,44.6,468.97,0.558,0
13.2,38.2,1021.79,44.7,502.59,0.356,0
35.6,33.0,1024.81,76.0,457.44,0.814,1
13.7,79.1,992.68,72.0,483.31,0.509,0
7.7,49.3,999.56,67.2,503.85,0.384,0
6.4,61.5,1030.7,39.8,505.39,0.258,0
32.2,27.3,1004.8,65.6,459.67,0.732,1
10.8,32.7,1006.77,31.3,514.49,0.253,0
27.3,37.4,1008.9,60.4,475.16,0.627,1
13.6,49.1,1001.06,76.8,488.68,0.517,0
12.1,63.9,1018.63,87.0,484.88,0.549,0
4.9,29.5,1024.73,28.0,526.06,0.153,0
19.8,70.2,1011.77,29.0,476.76,0.417,0
3.5,46.5,1007.1,50.5,522.49,0.235,0
16.1,29.5,998.31,90.4,483.25,0.61,1
12.0,49.5,1029.74,60.3,494.4,0.423,0
30.0,76.4,1013.27,96.2,450.98,0.847,1
29.5,34.1,997.7,54.9,461.86,0.654,1
6.0,64.9,1024.85,56.0,507.18,0.315,0
31.7,26.0,992.94,79.7,458.79,0.784,1
10.1,28.1,1018.07,52.1,501.01,0.355,0
6.3,45.9,1015.13,57.3,506.42,0.324,0
2.8,59.0,1014.53,85.3,499.96,0.412,0
11.3,34.2,1031.76,45.0,504.88,0.333,0
18.3,45.4,1020.56,48.5,485.01,0.462,0
19.2,61.8,1011.63,45.1,480.96,0.467,0
9.2,63.3,998.78,65.9,498.89,0.405,0
8.4,29.7,1007.9,75.9,509.74,0.414,0
23.5,61.4,1017.9,46.5,474.99,0.53,0
25.3,59.6,1011.31,42.5,471.6,0.54,0
18.4,71.6,996.97,29.9,476.8,0.405,0
8.4,79.3,1017.2,51.1,501.72,0.332,0
13.6,81.3,992.13,75.1,474.8,0.538,0
22.4,39.2,1019.05,63.7,482.75,0.571,0
14.4,60.5,1008.41,62.9,482.29,0.482,0
11.9,65.7,997.34,40.0,491.5,0.345,0
19.2,78.3,1007.85,58.8,473.61,0.536,0
5.0,40.4,1019.54,34.7,512.14,0.209,0
11.4,70.6,1008.94,25.7,498.92,0.269,0
20.0,39.3,1019.62,65.2,478.72,0.56,0
13.2,46.0,1018.91,55.5,499.1,0.406,0
12.5,62.2,1020.46,50.0,496.75,0.382,0
35.7,51.3,993.26,57.7,446.27,0.765,1
24.3,39.2,1012.2,51.1,477.26,0.553,0
2.9,47.7,1021.06,60.0,511.02,0.289,0
20.4,68.1,1022.37,30.9,480.05,0.424,0
22.5,47.9,996.16,41.5,473.41,0.502,0
3.7,41.1,1019.05,76.9,514.56,0.359,0
15.0,68.7,1016.39,28.9,494.59,0.328,0
25.0,50.6,1012.63,83.5,466.47,0.711,1
7.0,55.6,1020.1,32.4,512.82,0.22,0
17.7,56.3,1006.87,56.0,483.77,0.487,0
11.7,59.7,1003.72,31.6,506.66,0.28,0
12.4,68.3,994.14,99.8,483.89,0.605,1
25.1,75.2,1026.92,72.6,463.54,0.675,1
4.4,39.0,997.23,96.2,515.86,0.441,0
15.9,71.6,1007.94,58.4,482.73,0.48,0
27.1,49.0,1030.07,40.9,466.43,0.563,0
24.2,42.0,1001.83,34.9,484.07,0.474,0
3.8,66.7,1020.94,29.8,515.85,0.169,0
9.0,66.6,1003.49,34.9,503.26,0.27,0
23.2,57.7,1013.01,78.7,471.91,0.662,1
8.8,80.1,1020.26,87.9,492.31,0.502,0
12.8,56.3,1006.81,57.7,495.75,0.417,0
13.3,42.0,1001.03,56.4,496.8,0.416,0
15.8,67.2,1028.28,31.7,489.39,0.359,0
11.9,52.1,1022.61,45.2,492.56,0.364,0
15.4,66.4,1009.4,47.3,484.92,0.426,0
36.2,31.1,1014.27,67.4,452.67,0.795,1
4.2,39.4,992.8,28.5,514.61,0.17,0
18.8,26.8,1029.03,62.8,481.47,0.532,0
10.2,69.9,1027.01,85.6,492.42,0.508,0
17.3,51.2,1018.99,50.7,483.68,0.463,0
17.0,45.9,1001.26,89.8,485.57,0.612,1
16.7,58.1,1030.89,87.4,488.13,0.594,0
28.3,75.1,997.22,91.6,450.91,0.81,1
35.7,77.6,1009.08,88.6,441.76,0.897,1
10.2,72.1,1019.53,59.6,493.52,0.401,0
27.5,31.8,998.72,80.1,468.43,0.721,1
5.2,69.3,1031.62,96.8,492.81,0.498,0
30.9,66.5,1003.65,71.1,446.35,0.766,1
3.0,28.1,1008.54,88.6,515.15,0.397,0
10.6,69.4,1000.11,48.4,493.8,0.361,0
18.3,78.5,994.77,74.1,471.59,0.592,0
27.2,48.7,1002.75,47.0,467.27,0.588,0
7.6,80.8,1022.03,86.9,495.38,0.479,0
4.4,36.1,1013.46,70.5,516.05,0.338,0
21.3,56.0,996.4,89.9,474.2,0.682,1
29.7,68.4,1011.18,71.8,452.65,0.743,1
29.5,43.5,993.8,97.7,453.78,0.842,1
30.8,58.6,993.0,95.3,450.64,0.853,1
18.1,51.8,1019.96,60.1,487.67,0.501,0
17.0,27.9,1031.78,47.8,497.44,0.42,0
31.4,45.3,1030.31,35.7,462.91,0.597,0
22.4,51.2,1020.88,98.5,473.07,0.73,1
30.8,69.7,1012.04,66.5,452.81,0.733,1
31.0,66.5,1032.91,47.3,461.69,0.641,1
8.5,49.2,993.8,43.6,499.01,0.308,0
19.8,55.8,1001.33,57.2,469.88,0.544,0
21.3,68.5,1025.19,51.0,482.97,0.508,0
12.6,81.3,1006.15,88.2,485.4,0.559,0
4.5,40.1,1005.79,42.5,511.51,0.236,0
3.0,35.3,999.37,38.8,516.06,0.196,0
35.9,39.2,1014.59,57.0,448.92,0.758,1
18.6,76.7,1003.94,90.0,464.09,0.672,1
26.4,43.0,992.81,62.3,466.27,0.642,1
21.2,78.2,1014.69,29.6,475.88,0.436,0
2.6,33.0,1015.86,70.4,521.45,0.307,0
31.5,28.2,1024.38,50.5,462.95,0.657,1
32.2,77.7,1014.41,69.3,447.95,0.77,1
24.5,72.0,1007.79,26.9,465.16,0.482,0
34.6,76.0,1032.74,54.9,452.92,0.728,1
30.1,56.2,999.02,79.5,454.43,0.775,1
27.8,27.7,998.43,60.0,470.06,0.641,1
9.9,71.2,1020.78,96.8,493.83,0.547,0
2.1,30.1,1001.35,27.8,527.02,0.12,0
21.2,40.0,1004.97,53.4,477.77,0.527,0
15.8,38.3,1032.38,66.2,492.81,0.49,0
2.3,69.3,1009.9,85.6,501.03,0.405,0
17.7,77.3,1020.76,63.8,482.05,0.523,0
12.3,56.6,1023.12,62.9,484.93,0.454,0
8.7,77.8,1016.13,56.7,496.1,0.368,0
3.3,31.5,1027.81,71.6,514.39,0.334,0
34.2,71.3,1004.97,41.8,447.82,0.681,1
25.4,32.2,1030.51,58.3,479.56,0.589,0
7.0,78.7,1010.21,28.7,499.97,0.231,0
30.4,30.9,1021.08,42.7,471.91,0.596,0
23.7,51.5,1000.55,53.2,480.23,0.549,0
27.6,49.2,999.21,30.1,465.88,0.526,0
29.4,81.5,1018.76,61.1,454.39,0.693,1
22.9,66.7,1015.88,42.6,469.25,0.519,0
24.1,54.6,995.78,40.6,473.33,0.516,0
11.1,56.3,1015.82,59.9,497.08,0.405,0
21.8,77.6,1026.76,94.1,463.47,0.725,1
15.3,36.0,1023.3,75.2,483.46,0.539,0
30.1,59.4,1010.33,43.6,460.56,0.618,1
30.0,42.1,1005.61,26.2,465.52,0.538,0
10.9,36.8,1015.52,50.7,507.93,0.344,0
27.4,75.6,1023.8,39.5,459.85,0.574,0
20.3,71.3,1028.48,48.8,478.78,0.497,0
35.0,28.0,1015.37,65.6,453.66,0.773,1
3.0,52.0,1028.34,29.8,525.07,0.142,0
13.4,42.9,997.72,50.4,495.42,0.395,0
6.0,45.6,1032.56,27.0,508.99,0.195,0
16.6,28.6,1018.84,53.8,487.5,0.46,0
25.1,72.0,1003.03,37.9,469.56,0.524,0
21.5,75.2,1030.97,88.8,473.43,0.681,1
19.6,42.4,996.72,81.9,475.3,0.629,1
13.2,54.3,1008.91,98.2,489.25,0.597,0
28.1,59.0,1013.63,91.3,451.14,0.806,1
33.2,76.8,998.94,54.1,450.31,0.715,1
2.9,25.8,1000.09,74.8,521.38,0.328,0
6.8,44.6,1014.7,97.0,502.8,0.496,0
33.5,52.3,1018.43,26.2,453.78,0.599,0
18.6,25.8,1000.32,63.9,485.14,0.526,0
15.8,46.9,1010.87,37.2,491.22,0.377,0
27.3,63.6,1023.84,48.7,469.31,0.592,0
12.9,42.7,996.02,94.8,487.26,0.584,0
23.3,26.9,1029.33,45.1,487.14,0.498,0
35.0,56.6,1002.44,51.7,451.28,0.722,1
6.1,80.0,1000.36,34.1,508.74,0.225,0
19.0,39.2,1031.75,87.7,483.17,0.63,1
5.3,28.2,1021.65,38.2,512.68,0.225,0
17.2,44.0,998.55,95.6,478.21,0.652,1
34.2,77.7,1024.59,48.4,449.83,0.704,1
30.1,70.6,997.14,59.2,458.51,0.685,1
32.9,26.9,1024.23,72.1,457.81,0.768,1
33.2,57.8,992.8,63.8,454.12,0.746,1
18.8,26.4,1013.03,43.8,492.82,0.433,0
19.1,48.5,1019.67,35.0,482.69,0.421,0
20.5,39.4,1012.08,36.8,480.83,0.448,0
12.6,30.4,1022.92,65.6,497.29,0.444,0
23.3,41.1,1029.25,52.3,480.33,0.54,0
8.0,64.6,1031.54,69.7,496.85,0.411,0
24.5,59.3,1002.64,95.7,460.06,0.767,1
8.4,37.0,1027.55,61.5,507.57,0.361,0
3.4,43.0,992.73,70.2,514.7,0.328,0
21.2,26.4,993.32,40.1,492.75,0.444,0
11.6,73.0,1030.12,99.8,486.15,0.593,0
34.7,80.1,1020.19,90.1,441.73,0.892,1
24.1,76.5,1005.41,33.4,461.19,0.512,0
5.5,57.1,1026.99,40.9,511.95,0.239,0
15.4,78.3,1011.8,39.5,495.27,0.374,0
18.3,50.3,997.57,27.8,487.78,0.374,0
26.6,69.4,1002.34,36.3,464.64,0.544,0
9.0,54.4,1005.0,62.9,501.55,0.386,0
24.6,44.2,992.13,85.7,464.52,0.72,1
23.2,55.8,999.12,76.8,470.25,0.658,1
23.9,61.9,1028.09,26.9,468.14,0.47,0
24.5,66.4,1015.51,78.7,461.31,0.697,1
2.7,43.2,1004.17,48.7,521.15,0.221,0
32.0,45.8,1028.62,60.3,460.71,0.706,1
27.0,56.9,1020.54,76.9,465.93,0.707,1
23.0,56.2,1003.24,94.3,469.53,0.727,1
5.5,38.5,1016.41,65.3,507.27,0.346,0
25.0,73.7,1031.73,93.9,462.43,0.761,1
26.3,35.3,1014.3,75.3,462.18,0.701,1
28.1,33.0,1013.3,71.2,466.62,0.696,1
14.3,28.4,1029.13,60.5,496.63,0.443,0
35.5,63.3,1027.49,91.0,440.98,0.906,1
31.2,30.8,1028.45,99.4,452.54,0.869,1
36.5,54.2,1026.91,27.0,450.27,0.643,1
33.0,39.5,1017.58,47.9,456.32,0.676,1
36.7,39.3,1024.88,56.6,450.98,0.761,1
16.1,81.2,1013.63,67.5,483.12,0.518,0
36.8,36.7,1011.24,55.2,452.86,0.753,1
3.7,42.4,992.99,41.5,507.19,0.232,0
3.5,52.9,1020.04,31.0,514.33,0.173,0
23.7,73.0,1011.48,25.7,471.23,0.457,0
30.6,73.4,1009.73,79.1,459.25,0.768,1
36.1,50.1,993.12,52.5,447.92,0.744,1
13.3,71.9,1010.02,96.9,488.18,0.595,0
16.9,36.5,997.37,86.7,482.92,0.604,1
32.8,69.3,1029.65,83.6,445.64,0.838,1
13.2,80.5,1008.66,79.1,481.03,0.537,0
4.2,33.7,997.2,84.4,509.71,0.404,0
2.6,33.1,1023.57,55.5,517.08,0.255,0
33.3,36.3,1025.52,45.8,459.97,0.663,1
2.8,64.1,1004.78,59.4,506.64,0.295,0
10.2,78.2,1028.8,94.6,494.44,0.54,0
33.0,53.0,1010.08,80.7,446.46,0.827,1
36.3,61.5,1017.68,83.0,444.59,0.875,1
35.4,48.4,1029.0,26.9,456.08,0.618,1
14.6,75.6,1032.08,36.0,490.86,0.36,0
9.2,47.1,1027.67,89.8,489.09,0.52,0
14.3,80.8,1025.37,81.9,482.05,0.558,0
23.8,53.2,1002.9,93.5,466.59,0.738,1
19.6,38.6,999.02,69.7,482.34,0.566,0
35.0,37.3,1001.89,73.2,452.6,0.806,1
8.6,35.6,1008.72,94.2,507.12,0.496,0
6.4,61.3,1008.03,39.0,512.4,0.24,0
6.5,40.3,999.26,91.9,502.25,0.473,0
28.5,29.3,1032.24,52.0,470.17,0.615,1
3.8,78.8,999.34,27.2,507.05,0.176,0
17.0,49.0,1026.05,59.0,494.85,0.47,0
27.5,75.9,1003.21,92.6,456.17,0.795,1
11.1,64.3,999.77,80.8,495.09,0.493,0
4.0,30.8,995.61,59.1,511.89,0.296,0
4.7,67.0,1006.16,98.0,500.65,0.482,0
8.0,48.3,1010.33,51.7,500.91,0.332,0
29.2,76.1,994.59,64.3,449.42,0.714,1
16.8,54.0,1018.07,26.2,495.27,0.336,0
16.2,53.7,1011.08,74.8,487.61,0.54,0
16.7,33.5,1010.14,67.0,491.77,0.505,0
16.4,31.0,1005.04,78.1,486.08,0.557,0
6.6,33.0,1032.39,87.1,505.57,0.448,0
7.2,71.0,998.97,99.6,487.08,0.542,0
25.7,56.9,994.9,47.3,465.49,0.576,0
28.3,51.6,1000.28,92.7,455.43,0.806,1
6.2,67.2,1014.06,73.4,499.14,0.402,0
20.6,70.0,1013.84,46.6,475.12,0.499,0
3.8,71.4,1020.68,83.9,496.45,0.423,0
23.2,29.8,1031.1,76.8,473.22,0.651,1
26.3,44.6,1021.3,53.3,478.27,0.581,0
34.0,36.5,1004.7,36.9,459.65,0.635,1
25.7,54.8,1015.36,83.6,466.5,0.719,1
29.0,35.2,1004.63,43.0,461.14,0.603,1
25.5,42.9,1008.01,62.1,468.29,0.628,1
15.0,35.7,1009.63,54.6,483.32,0.454,0
4.8,27.6,1023.65,59.7,518.18,0.294,0
9.7,71.7,999.51,92.6,486.48,0.543,0
7.4,26.4,1020.63,98.4,508.43,0.496,0
5.4,74.9,1015.3,67.3,494.03,0.379,0
7.8,28.6,1026.36,42.5,510.86,0.272,0
19.7,64.4,1022.75,98.5,474.53,0.698,1
15.3,57.7,1004.39,70.7,482.03,0.525,0
12.2,48.2,1021.44,55.1,490.75,0.41,0
18.0,47.3,1032.57,51.2,482.8,0.474,0
30.4,32.8,1009.57,94.6,459.09,0.829,1
33.4,59.1,999.97,27.3,453.88,0.603,1
21.3,59.6,1029.42,48.7,481.79,0.502,0
8.5,41.2,994.22,91.2,498.91,0.499,0
22.6,44.1,1022.93,75.9,475.78,0.636,1
9.3,41.1,1010.58,71.1,502.85,0.419,0
26.5,57.1,996.29,94.6,459.7,0.786,1
11.9,57.4,1026.86,69.7,488.48,0.471,0
16.0,35.0,999.75,33.7,497.35,0.352,0
6.6,45.4,1006.37,29.7,510.65,0.209,0
3.6,77.0,996.86,38.4,512.18,0.208,0
19.7,42.9,1021.08,33.2,492.26,0.402,0
35.7,40.6,1005.19,88.2,447.46,0.884,1
36.7,50.8,992.49,45.1,445.7,0.726,1
28.7,77.7,997.8,66.9,455.63,0.706,1
22.3,51.7,1029.49,54.5,475.66,0.548,0
29.3,38.1,1014.04,41.4,466.76,0.589,0
32.6,67.0,1017.8,86.5,446.84,0.845,1
21.0,74.6,1016.65,75.7,467.85,0.634,1
32.1,63.8,998.45,65.2,450.72,0.746,1
19.6,37.2,1012.27,49.2,482.18,0.484,0
26.1,36.0,1004.12,37.8,471.17,0.531,0
23.4,77.1,1022.76,99.9,461.96,0.769,1
36.1,42.7,1032.43,49.9,445.12,0.74,1
36.5,63.3,992.22,51.8,451.26,0.739,1
30.9,71.5,1008.2,96.9,443.35,0.875,1
35.5,55.4,1030.29,64.6,452.09,0.778,1
18.6,68.8,998.95,76.1,471.24,0.603,1
12.2,27.0,1023.22,34.3,507.44,0.295,0
6.4,79.5,994.64,31.6,499.87,0.236,0
31.9,77.8,999.43,26.9,458.78,0.575,0
35.9,39.0,1011.9,67.8,446.13,0.807,1
12.1,45.2,1021.98,89.4,492.37,0.544,0
12.2,50.7,1012.3,50.2,501.58,0.37,0
23.4,27.3,1013.03,63.9,471.52,0.605,1
29.0,67.5,1003.5,40.6,461.25,0.594,0
9.9,37.9,995.16,38.5,504.02,0.293,0
10.8,60.3,1010.73,67.6,496.04,0.435,0
30.4,69.9,1008.34,44.5,461.56,0.623,1
28.8,31.8,1021.53,80.9,465.84,0.743,1
16.1,27.8,1011.45,26.5,497.74,0.324,0
4.9,72.5,1002.41,53.1,507.09,0.291,0
29.6,36.1,1015.42,51.7,471.69,0.624,1
20.9,34.9,993.14,78.3,474.63,0.63,1
23.8,43.1,1028.81,77.0,476.62,0.653,1
18.8,28.8,1020.87,58.9,483.85,0.511,0
10.0,31.6,1021.49,37.5,506.06,0.286,0
30.5,27.5,1016.78,84.4,461.03,0.785,1
12.6,72.8,1027.73,44.6,496.83,0.362,0
13.5,31.4,1023.33,41.7,503.8,0.345,0
23.2,32.2,992.36,42.8,481.09,0.5,0
27.8,39.9,1019.22,61.9,468.18,0.652,1
33.7,45.9,1001.49,66.5,460.45,0.749,1
33.1,50.1,1012.97,31.9,455.89,0.613,1
30.8,33.3,1008.79,70.4,457.26,0.74,1
33.9,43.8,1021.16,43.8,456.84,0.668,1
33.4,58.4,1009.35,39.0,454.5,0.648,1
8.4,65.3,1007.04,85.3,491.94,0.488,0
27.9,59.7,994.8,60.2,458.67,0.665,1
30.0,78.7,1023.78,69.8,448.84,0.745,1
8.6,78.8,1000.39,68.0,492.0,0.421,0
21.0,38.7,1013.06,97.1,470.68,0.714,1
29.2,53.3,1000.11,51.1,466.9,0.627,1
20.1,79.6,993.26,48.0,470.87,0.508,0
6.5,34.1,1004.45,72.3,509.06,0.381,0
4.5,63.7,1012.06,47.6,516.38,0.246,0
6.8,30.3,997.04,42.5,510.79,0.263,0
18.7,43.4,1030.75,90.4,482.26,0.639,1
23.8,28.9,1032.08,89.9,474.76,0.707,1
36.8,30.2,1026.5,90.8,447.96,0.905,1
11.8,64.0,998.44,48.1,499.09,0.362,0
29.5,38.3,1031.09,77.3,472.56,0.723,1
9.3,34.7,1020.88,86.5,505.3,0.476,0
24.2,35.1,1026.84,40.4,475.91,0.511,0
32.4,78.7,1018.27,74.7,451.07,0.787,1
33.7,49.1,995.86,49.8,447.9,0.708,1
31.1,43.1,1014.36,41.0,452.87,0.635,1
35.9,56.7,1013.74,66.3,445.63,0.802,1
21.7,36.7,1030.71,87.8,471.61,0.682,1
24.0,40.4,1018.57,79.9,480.41,0.659,1
25.8,49.2,1009.28,29.8,467.36,0.503,0
13.8,39.3,1027.5,41.0,494.91,0.363,0
22.1,73.0,1023.47,30.7,475.34,0.451,0
14.2,41.9,1029.73,60.0,494.58,0.444,0
30.3,70.9,1014.81,38.4,457.36,0.606,1
26.4,64.2,1001.45,72.2,457.94,0.698,1
7.0,80.3,1022.18,69.3,494.39,0.404,0
30.8,53.6,993.57,85.2,445.16,0.824,1
14.9,72.4,1028.3,48.8,480.44,0.435,0
36.4,37.6,1025.59,50.0,456.39,0.721,1
7.9,63.4,1023.03,69.7,496.97,0.411,0
28.9,50.0,1032.26,70.6,461.66,0.711,1
19.6,32.8,1029.67,50.2,490.77,0.472,0
27.9,55.6,1018.69,84.3,458.12,0.762,1
25.8,52.0,1010.2,55.9,464.36,0.613,1
14.7,71.1,1004.7,53.6,493.15,0.426,0
27.4,36.8,1011.81,95.8,463.53,0.792,1
32.9,35.0,1026.64,99.8,449.41,0.896,1
23.9,81.4,1012.02,92.7,459.16,0.751,1
24.2,49.1,1014.02,75.3,467.24,0.669,1
12.2,44.2,995.02,62.4,493.17,0.435,0
17.8,77.6,1000.32,39.2,486.94,0.416,0
14.8,33.2,994.65,42.6,503.25,0.364,0
5.2,57.9,1007.56,37.8,507.88,0.232,0
35.2,47.3,1025.28,69.6,451.35,0.796,1
18.6,53.3,1019.43,72.0,478.84,0.572,0
18.5,41.1,997.46,56.3,484.37,0.496,0
18.8,69.3,1012.13,74.6,477.09,0.587,0
35.1,31.9,1008.15,43.8,458.51,0.678,1
6.0,46.2,996.89,89.0,504.32,0.452,0
3.1,30.2,997.22,30.7,521.38,0.154,0
14.6,80.1,1028.88,36.4,492.9,0.358,0
33.3,73.7,1017.11,39.6,449.23,0.66,1
27.6,44.8,993.12,31.9,471.17,0.524,0
31.8,73.9,1024.04,33.0,455.42,0.605,1
16.4,74.9,1002.64,34.2,489.13,0.376,0
9.1,47.3,1022.9,80.6,501.82,0.457,0
18.5,75.2,1031.54,39.7,482.36,0.434,0
20.7,76.1,993.52,93.8,469.95,0.699,1
18.0,79.1,1031.32,42.3,481.15,0.441,0
10.1,80.6,1008.34,97.7,486.11,0.568,0
29.6,34.9,1006.68,61.2,460.07,0.685,1
15.4,31.0,992.51,46.0,497.42,0.396,0
12.6,26.4,1019.06,97.6,491.17,0.585,0
5.3,78.6,994.26,41.7,504.02,0.257,0
3.6,75.7,1007.05,30.4,502.59,0.195,0
18.3,42.9,1026.77,60.3,481.75,0.516,0
34.2,34.1,994.28,25.7,462.58,0.587,0
4.1,70.3,1029.98,57.8,502.89,0.309,0
4.7,66.0,1009.33,61.8,503.68,0.33,0
4.7,40.2,1019.91,49.8,521.29,0.247,0
16.9,66.2,1024.98,89.2,482.06,0.615,1
16.0,27.6,1013.61,78.2,485.75,0.554,0
6.0,41.7,1030.52,34.4,510.01,0.223,0
21.1,69.3,1021.85,78.7,471.64,0.64,1
3.8,31.0,1024.77,90.8,519.4,0.405,0
30.6,52.1,1003.01,46.6,468.97,0.619,1
7.4,59.5,1023.86,42.7,507.03,0.277,0
7.5,29.1,1032.48,96.5,509.57,0.488,0
6.4,35.9,1021.99,97.8,500.92,0.498,0
15.9,50.3,1028.98,63.2,490.08,0.485,0
3.8,62.1,1003.5,77.0,501.28,0.387,0
2.7,80.9,1004.87,47.3,508.61,0.241,0
12.6,81.3,999.18,88.9,477.97,0.576,0
16.6,42.0,1017.53,87.3,485.74,0.597,0
19.6,66.8,1031.3,52.3,478.99,0.503,0
27.4,66.2,993.82,47.7,462.81,0.602,1
27.1,70.7,1031.17,59.5,460.79,0.649,1
7.5,65.7,992.02,62.6,494.64,0.382,0
15.8,44.3,998.74,60.4,496.89,0.459,0
27.6,51.4,1012.75,49.3,463.29,0.609,1
2.7,66.6,1005.87,48.1,512.38,0.237,0
13.0,78.8,1020.87,97.2,480.66,0.608,1
15.7,80.6,1008.41,78.0,474.65,0.572,0
9.5,58.6,1020.41,86.3,498.22,0.492,0
28.0,65.8,1025.83,46.7,462.42,0.605,1
3.7,42.9,1011.38,28.3,521.8,0.149,0
14.5,64.2,1018.68,64.4,488.75,0.477,0
12.7,31.0,1007.73,48.0,498.75,0.372,0
29.5,38.5,1022.48,70.7,455.09,0.732,1
5.0,72.2,992.37,58.3,508.71,0.309,0
33.2,72.2,1013.16,32.2,456.79,0.614,1
33.6,47.1,1009.38,87.2,453.22,0.846,1
28.6,29.9,1007.54,27.7,474.27,0.512,0
23.4,36.5,1023.7,26.6,481.98,0.435,0
30.9,71.0,1018.35,52.5,456.76,0.67,1
29.2,29.5,992.97,93.3,457.87,0.813,1
13.5,61.5,1031.32,77.2,490.53,0.514,0
24.6,48.3,1010.85,94.3,465.41,0.752,1
22.9,42.8,1028.36,53.0,475.57,0.548,0
23.6,77.8,1001.58,43.8,467.96,0.534,0
32.1,69.2,1018.61,28.3,455.66,0.589,0
14.4,32.9,1011.29,86.6,490.18,0.562,0
2.2,53.7,1011.94,65.9,512.86,0.302,0
14.5,58.8,1011.04,85.5,481.0,0.577,0
21.1,28.3,1003.86,54.3,484.65,0.516,0
24.3,40.4,1029.13,69.4,473.81,0.632,1
25.9,48.6,1013.99,45.1,473.06,0.554,0
29.1,64.3,1019.0,57.9,460.97,0.665,1
33.6,27.2,1027.72,38.6,456.22,0.645,1
30.2,55.2,1024.07,36.8,467.1,0.58,0
13.1,78.5,1007.95,82.9,481.05,0.552,0
20.6,37.9,1032.42,59.2,480.47,0.539,0
31.5,51.0,994.66,94.1,451.32,0.854,1
30.7,76.3,1005.99,28.5,463.74,0.558,0
1.9,33.7,1006.58,34.9,529.24,0.142,0
5.0,51.3,1027.91,64.3,505.58,0.34,0
13.0,81.3,1008.25,71.3,481.78,0.502,0
5.5,51.6,1032.32,29.8,516.85,0.185,0
14.1,49.2,1005.62,49.1,492.55,0.404,0
33.6,30.5,999.2,55.0,456.07,0.711,1
24.7,74.9,999.49,28.2,469.75,0.48,0
5.4,56.2,1024.11,72.5,503.69,0.381,0
24.3,71.9,1008.74,73.9,459.14,0.68,1
31.4,57.0,1021.06,54.6,457.43,0.683,1
26.8,39.8,1023.74,54.3,467.12,0.612,1
31.6,42.5,1027.81,96.0,456.89,0.852,1
7.6,58.6,996.9,76.6,498.85,0.431,0
32.0,33.7,996.46,74.4,450.79,0.782,1
17.5,68.8,1011.65,70.9,477.04,0.558,0
26.4,69.2,1022.16,79.1,454.14,0.733,1
29.8,61.8,1023.01,89.2,455.55,0.808,1
23.8,39.0,1015.83,56.9,476.81,0.571,0
11.8,68.9,1007.7,31.2,498.45,0.296,0
6.4,70.7,1004.27,78.7,498.11,0.427,0
20.7,54.7,1022.38,38.9,483.89,0.452,0
12.5,78.2,1022.09,95.1,486.84,0.582,0
11.7,26.3,1005.77,46.1,501.78,0.348,0
24.9,71.5,1001.45,66.6,462.09,0.652,1
14.4,30.0,1031.99,71.4,501.7,0.478,0
30.6,33.8,993.43,80.7,457.9,0.777,1
10.1,70.8,1016.46,70.9,491.2,0.451,0
17.8,73.6,1016.82,65.7,475.42,0.545,0
14.6,67.0,1008.75,29.8,490.53,0.336,0
28.9,64.4,1031.97,47.9,463.62,0.617,1
22.5,65.9,999.33,41.5,470.81,0.507,0
31.0,39.9,992.07,95.3,450.25,0.856,1
24.4,80.7,1014.05,61.2,466.97,0.614,1
31.2,81.3,996.42,41.7,454.47,0.635,1
7.8,54.9,1013.72,88.9,495.88,0.488,0
8.4,50.8,993.61,28.9,503.64,0.24,0
16.9,44.6,1002.89,94.0,478.14,0.642,1
27.9,61.6,1006.14,65.1,450.08,0.702,1
19.0,80.2,1000.83,41.2,479.19,0.452,0
2.8,81.1,1022.01,41.4,506.47,0.223,0
4.4,52.5,1016.93,88.2,516.41,0.407,0
12.6,73.8,997.9,40.9,494.87,0.35,0
7.7,67.9,1009.28,29.2,507.02,0.226,0
15.5,38.4,1010.12,35.5,495.85,0.358,0
28.1,56.8,992.5,47.1,464.0,0.604,1
9.7,40.2,1026.36,66.9,501.45,0.409,0
6.0,52.8,1010.78,83.6,495.63,0.448,0
27.8,80.2,1023.2,61.2,456.28,0.673,1
19.7,81.2,1018.62,35.8,482.86,0.43,0
23.8,27.5,1032.73,46.6,481.72,0.52,0
5.3,56.0,997.47,95.5,497.89,0.483,0
34.1,48.6,1004.22,89.6,450.85,0.865,1
29.3,74.2,1011.7,60.8,457.99,0.684,1
9.0,65.2,1016.58,54.9,494.58,0.368,0
8.6,69.4,1002.59,99.7,489.25,0.554,0
18.5,77.5,1001.03,95.5,473.86,0.674,1
7.9,78.9,1016.46,55.6,498.02,0.352,0
18.4,39.1,1014.2,42.0,491.81,0.423,0
22.3,42.5,1013.62,26.1,485.27,0.415,0
5.6,46.1,1010.7,30.4,512.33,0.198,0
21.6,31.7,1012.89,70.2,486.15,0.581,0
16.2,56.0,1008.93,40.0,488.63,0.398,0
15.3,66.6,1012.08,86.1,475.68,0.599,0
15.6,38.5,1025.05,92.1,486.79,0.604,1
19.5,43.3,1030.28,96.1,484.12,0.667,1
27.4,27.6,1024.55,65.1,467.18,0.662,1
13.6,72.4,997.16,70.7,488.91,0.492,0
32.2,27.0,1026.02,43.0,470.92,0.618,1
21.0,36.4,1030.37,35.6,482.19,0.445,0
15.5,40.7,1023.66,40.8,494.71,0.382,0
11.6,58.1,1005.21,57.5,489.11,0.417,0
10.6,74.4,1011.01,99.2,480.9,0.59,0
30.6,38.0,1022.07,64.7,460.62,0.709,1
6.6,52.6,1021.22,31.2,507.89,0.22,0
17.8,32.5,1021.13,83.8,482.43,0.603,1
21.1,35.0,1013.77,58.1,485.97,0.528,0
5.9,62.9,1026.26,38.7,507.72,0.243,0
32.8,52.7,996.06,50.4,456.46,0.684,1
11.3,57.2,1030.97,54.9,497.14,0.387,0
31.0,80.8,1006.69,69.1,452.89,0.746,1
4.8,62.2,1011.13,91.9,502.78,0.454,0
10.4,33.0,1001.74,88.9,502.48,0.504,0
6.9,26.4,1022.53,26.6,517.99,0.185,0
24.3,64.2,1001.96,61.2,463.22,0.621,1
28.9,37.8,1020.99,61.4,469.57,0.659,1
27.1,41.3,1027.46,91.9,464.38,0.772,1
14.3,41.4,1018.51,61.0,491.78,0.455,0
26.8,63.7,1007.36,81.9,467.2,0.723,1
20.9,63.7,1015.25,77.3,469.43,0.636,1
9.4,47.5,1024.88,77.6,503.1,0.446,0
15.5,46.1,1029.9,72.4,489.91,0.518,0
10.1,45.5,1001.51,52.3,502.66,0.353,0
14.7,40.3,1029.06,75.9,488.71,0.525,0
34.4,46.2,992.18,73.6,445.43,0.815,1
24.8,49.1,992.71,42.3,478.98,0.52,0
22.2,56.9,1014.88,45.8,480.93,0.502,0
6.0,49.8,1012.21,45.4,512.52,0.262,0
19.7,68.9,1015.24,97.9,470.38,0.703,1
19.6,36.9,1000.57,99.9,481.42,0.688,1
34.0,31.8,1021.91,83.8,449.8,0.843,1
16.4,31.8,996.19,33.8,488.48,0.375,0
35.8,66.9,999.81,61.5,442.29,0.788,1
28.2,79.7,1024.85,62.5,464.83,0.665,1
3.2,73.6,1006.1,87.7,505.98,0.413,0
15.7,45.3,1026.66,32.7,492.83,0.354,0
15.0,28.3,998.7,36.5,501.28,0.345,0
16.1,71.1,1004.16,72.8,483.02,0.54,0
10.5,55.8,1014.43,50.3,497.57,0.36,0
18.4,31.4,994.66,77.7,475.49,0.599,0
11.1,41.7,1006.3,82.5,499.59,0.491,0
15.6,66.4,1011.96,83.8,484.24,0.575,0
23.2,56.0,1015.16,42.9,474.17,0.514,0
10.7,65.2,1012.04,33.3,497.04,0.294,0
29.7,40.3,1028.62,63.3,463.74,0.687,1
8.2,68.4,1025.48,37.7,500.6,0.278,0
27.3,68.9,1032.42,49.7,470.71,0.592,0
3.5,75.2,1031.6,50.5,501.32,0.277,0
4.2,54.1,1005.71,44.3,508.67,0.245,0
31.4,78.2,1030.63,75.9,448.57,0.786,1
19.0,77.5,1025.47,41.0,479.62,0.45,0
34.1,58.7,1012.12,96.1,440.18,0.913,1
2.9,39.7,992.99,53.0,511.97,0.26,0
21.4,72.5,1016.14,72.5,467.7,0.626,1
8.8,52.7,997.72,83.4,497.54,0.474,0
14.6,57.4,1021.67,30.9,494.75,0.332,0
20.2,66.4,1009.24,31.3,477.8,0.428,0
25.2,25.6,1017.4,92.6,466.41,0.75,1
5.0,46.9,1028.13,77.9,507.49,0.391,0
34.2,61.5,1028.36,59.4,449.05,0.749,1
23.2,33.5,1001.02,67.0,471.83,0.615,1
3.8,66.8,1005.82,27.8,508.64,0.175,0
23.6,48.7,1012.11,67.2,472.25,0.619,1
10.9,37.7,1008.11,81.0,499.63,0.482,0
32.5,37.9,1013.11,33.4,461.38,0.602,1
31.0,79.4,998.79,32.1,456.46,0.59,0
16.4,69.2,1028.42,78.1,481.23,0.567,0
12.8,72.0,992.07,73.6,492.42,0.488,0
26.1,70.6,997.69,38.7,459.98,0.558,0
27.1,37.5,1023.46,72.1,469.91,0.682,1
27.9,75.3,1029.38,61.6,462.53,0.663,1
30.5,31.7,1027.57,43.3,465.2,0.613,1
7.6,40.5,1019.4,98.0,500.07,0.514,0
4.6,45.0,995.67,41.6,511.5,0.233,0
32.4,75.5,1029.3,53.8,453.2,0.699,1
14.2,74.0,1014.75,89.0,479.54,0.59,0
13.9,77.9,1024.35,98.4,474.3,0.635,1
15.5,64.0,1018.11,80.7,493.24,0.545,0
10.4,48.0,999.19,82.2,493.22,0.494,0
32.6,62.9,1000.93,78.4,451.75,0.802,1
10.1,54.6,1008.42,72.3,493.39,0.451,0
7.5,81.0,1022.92,99.5,483.06,0.553,0
15.3,41.1,1032.73,72.9,490.52,0.516,0
13.1,27.7,1006.22,79.3,497.43,0.504,0
22.8,51.0,1032.7,71.5,473.22,0.626,1
33.3,46.4,1003.95,49.4,456.29,0.684,1
31.2,44.9,1014.49,25.7,459.15,0.562,0
19.7,78.2,1019.67,67.2,469.97,0.582,0
24.3,72.7,1010.14,39.2,470.35,0.519,0
17.5,71.1,997.22,84.7,471.02,0.626,1
6.4,48.6,1009.55,47.6,506.95,0.286,0
12.5,47.7,1015.28,73.5,488.48,0.492,0
29.1,38.4,1009.36,93.7,462.73,0.803,1
17.1,42.6,1010.7,88.4,485.19,0.608,1
5.3,64.1,1023.91,71.4,505.23,0.372,0
22.2,63.9,1027.71,26.6,482.16,0.422,0
4.6,63.6,1011.34,81.2,502.79,0.408,0
22.8,47.0,1020.0,27.5,483.54,0.429,0
32.8,42.0,1002.12,79.2,453.31,0.805,1
15.6,64.9,1020.41,94.0,483.42,0.618,1
19.9,40.6,1011.02,81.7,479.82,0.623,1
21.5,48.3,998.71,66.4,475.09,0.588,0
27.5,51.5,995.41,47.4,463.55,0.6,0
11.8,28.0,1002.66,92.1,497.21,0.541,0
33.6,40.7,1024.8,98.9,453.45,0.892,1
20.4,51.1,1000.91,85.6,476.34,0.65,1
1.8,44.6,1030.8,45.1,515.2,0.21,0
19.6,52.6,994.76,81.0,483.39,0.609,1
31.9,41.5,1021.47,28.2,470.7,0.556,0
29.4,45.9,1016.05,84.1,459.58,0.775,1
30.7,68.0,1025.13,82.9,458.61,0.787,1
34.2,28.0,1000.82,85.2,454.55,0.842,1
25.8,63.9,1012.89,60.9,468.58,0.625,1
37.1,73.3,1004.42,60.0,441.32,0.798,1
3.3,63.6,1016.37,58.2,511.59,0.286,0
9.3,30.5,1020.56,95.8,494.75,0.534,0
8.8,32.8,1015.76,39.6,511.27,0.272,0
31.0,79.4,1003.16,87.9,452.32,0.822,1
6.8,27.6,1028.3,81.8,502.21,0.436,0
26.6,26.0,1000.52,52.3,470.31,0.597,0
10.1,68.9,1023.25,36.8,511.28,0.274,0
35.5,39.9,1000.51,70.1,447.56,0.809,1
18.1,55.5,1030.36,43.8,482.22,0.446,0
11.8,74.4,1024.31,98.1,483.41,0.594,0
30.6,26.5,1022.09,93.5,459.92,0.825,1
19.2,79.9,994.22,39.9,470.33,0.467,0
24.3,66.1,1013.79,27.6,475.69,0.461,0
1.9,65.4,998.03,98.6,502.81,0.449,0
18.9,34.2,1022.61,50.5,483.81,0.478,0
13.9,25.4,1022.25,60.2,493.77,0.444,0
31.9,34.4,994.24,34.3,465.11,0.592,0
23.7,40.1,1000.97,81.3,470.21,0.68,1
18.2,45.9,1024.02,92.9,481.27,0.646,1
17.0,65.4,993.93,49.9,483.06,0.457,0
25.0,69.3,1026.2,77.7,465.6,0.69,1
4.3,66.4,996.93,40.6,514.34,0.22,0
27.0,51.8,1028.69,99.4,456.25,0.817,1
8.5,76.4,1018.42,65.5,497.52,0.398,0
22.8,51.9,1023.99,85.0,470.51,0.686,1
12.8,28.8,1006.43,61.9,500.98,0.424,0
21.2,47.7,1014.48,91.0,478.81,0.675,1
34.3,77.5,996.17,77.1,439.24,0.841,1
35.3,43.7,1001.33,89.2,440.67,0.898,1
5.2,79.5,1028.89,45.8,511.33,0.256,0
15.3,45.0,995.49,35.8,498.67,0.351,0
2.7,73.8,1011.98,50.2,510.21,0.25,0
24.4,33.8,1017.17,57.1,469.97,0.592,0
12.8,36.2,997.19,99.7,496.36,0.584,0
25.9,39.5,1008.86,48.9,481.93,0.552,0
12.8,47.2,1023.94,62.5,499.99,0.428,0
36.0,32.1,1027.09,64.9,455.05,0.779,1
21.0,42.9,1003.84,77.8,478.49,0.621,1
34.4,69.4,1017.77,52.4,447.27,0.727,1
5.3,59.0,994.69,93.5,495.59,0.48,0
18.4,56.4,997.19,59.8,486.7,0.505,0
18.0,59.8,1021.23,61.1,480.0,0.519,0
2.3,51.5,995.45,57.5,510.83,0.273,0
36.2,72.5,1026.87,35.6,453.23,0.667,1
5.5,48.9,1013.39,43.2,510.95,0.251,0
9.1,62.2,1009.45,60.6,499.41,0.382,0
26.5,45.8,1025.83,87.1,466.18,0.743,1
31.7,52.7,1016.45,27.7,462.93,0.568,0
3.0,64.6,995.75,44.4,511.69,0.226,0
18.3,41.5,1011.13,60.1,482.54,0.513,0
1.9,45.0,1009.46,35.9,518.59,0.167,0
26.1,71.3,1013.65,51.2,465.53,0.595,0
32.9,74.8,1013.28,51.5,456.31,0.689,1
34.1,27.7,1004.31,31.4,462.31,0.61,1
8.2,50.0,1014.49,46.7,508.48,0.299,0
7.1,73.6,994.91,97.0,490.99,0.523,0
10.5,67.7,1029.4,43.3,502.05,0.323,0
29.7,78.5,1024.71,65.4,459.14,0.704,1
29.7,39.7,997.08,54.7,469.18,0.641,1
26.1,39.2,1023.7,90.7,460.03,0.765,1
31.7,41.7,1017.88,44.8,457.43,0.647,1
27.7,73.7,1003.52,31.6,467.78,0.53,0
22.4,72.3,1003.37,80.5,464.13,0.675,1
7.9,80.9,1021.31,52.6,500.84,0.334,0
21.4,38.7,1016.66,28.5,486.09,0.413,0
28.8,56.5,997.51,45.5,460.46,0.613,1
36.8,71.4,1032.54,38.5,447.04,0.697,1
11.5,70.9,1030.08,47.9,499.83,0.357,0
9.1,48.7,1000.55,88.0,496.92,0.497,0
36.3,63.4,1030.89,50.8,448.32,0.739,1
12.5,57.1,1007.97,70.3,492.19,0.472,0
5.4,78.2,994.71,95.8,495.23,0.491,0
4.8,70.5,1019.57,28.2,510.11,0.185,0
29.4,35.7,1024.65,64.1,470.7,0.673,1
15.0,79.0,1014.59,78.8,479.45,0.559,0
8.7,61.1,1021.39,96.3,492.18,0.535,0
22.0,30.1,1019.04,97.5,472.62,0.722,1
28.6,52.3,1011.89,97.2,455.25,0.828,1
4.1,29.5,1017.21,32.3,518.55,0.176,0
12.8,36.4,1016.68,78.6,491.28,0.51,0
33.6,75.7,1029.65,71.0,447.67,0.791,1
25.8,33.4,1006.61,77.1,462.29,0.703,1
12.6,36.3,1009.97,93.1,489.19,0.57,0
23.1,69.9,1016.66,44.2,464.12,0.538,0
29.7,71.9,1008.42,51.4,459.9,0.646,1
26.1,50.7,1011.09,83.7,458.1,0.741,1
14.2,56.3,1005.97,93.4,486.79,0.593,0
12.6,80.8,996.76,96.1,479.57,0.602,1
6.0,73.3,1003.92,38.9,505.29,0.25,0
12.1,35.5,1029.17,62.3,505.78,0.408,0
5.3,81.4,1025.98,59.9,500.93,0.335,0
23.9,51.2,1012.75,66.1,470.1,0.622,1
18.9,72.2,1022.81,67.5,478.04,0.558,0
18.3,73.5,1029.73,59.3,477.92,0.519,0
34.2,34.7,1006.53,52.4,465.16,0.689,1
12.7,52.1,997.6,40.7,498.8,0.342,0
27.6,64.2,999.98,95.2,455.41,0.808,1
34.9,53.3,1004.81,67.0,448.59,0.788,1
31.7,47.1,1032.45,92.6,453.28,0.846,1
10.7,50.1,999.32,43.4,500.87,0.327,0
37.0,37.1,995.03,90.6,441.08,0.92,1
5.6,66.7,1026.17,73.0,504.98,0.382,0
3.4,60.7,1015.2,67.5,506.05,0.334,0
14.0,66.8,1019.0,32.0,486.38,0.347,0
33.2,44.1,1008.64,63.7,451.28,0.751,1
11.0,38.5,1023.9,92.9,491.22,0.548,0
31.0,38.5,1005.93,78.5,457.04,0.776,1
8.5,51.4,1000.72,98.4,496.4,0.533,0
14.3,67.7,1006.44,46.3,494.79,0.391,0
5.3,39.2,1012.04,45.7,519.44,0.242,0
26.7,38.6,1029.53,75.2,476.46,0.676,1
5.3,25.7,994.32,33.4,514.38,0.202,0
21.1,79.4,1007.62,78.6,465.15,0.652,1
21.4,57.7,1021.59,49.9,478.07,0.515,0
27.2,54.0,997.23,72.4,461.72,0.7,1
4.5,61.3,1014.67,48.0,513.65,0.253,0
33.4,40.4,1004.51,71.8,451.92,0.785,1
15.2,50.4,1014.19,94.8,488.22,0.607,1
6.0,32.9,1011.92,78.4,513.23,0.392,0
13.4,44.2,992.15,73.5,499.33,0.48,0
5.1,65.3,1007.93,89.9,499.72,0.455,0
14.1,70.2,1017.38,77.4,479.94,0.542,0
28.2,29.6,1011.83,66.7,467.71,0.676,1
36.1,41.6,1023.69,91.6,446.33,0.904,1
12.3,66.5,1006.44,68.6,488.2,0.471,0
27.8,73.9,1029.94,38.3,462.21,0.57,0
13.1,79.4,1008.11,75.4,479.32,0.525,0
7.5,48.3,998.67,62.0,499.91,0.369,0
20.1,32.1,1007.03,45.1,488.07,0.462,0
3.5,36.4,1030.97,28.5,525.15,0.141,0
12.9,80.3,1012.85,62.5,494.22,0.441,0
3.3,69.7,1022.98,93.6,507.16,0.435,0
27.2,33.9,1031.85,45.8,475.57,0.566,0
31.0,65.3,1029.24,75.1,450.3,0.775,1
29.3,27.9,1027.03,71.3,472.51,0.697,1
18.7,80.0,1015.94,39.5,481.58,0.437,0
21.3,31.8,994.33,99.7,474.39,0.72,1
5.0,71.3,999.35,38.5,508.83,0.231,0
6.8,52.4,999.98,75.7,501.78,0.412,0
9.3,64.6,1029.93,60.3,495.62,0.391,0
21.5,68.2,1000.17,62.3,468.38,0.585,0
27.3,28.3,992.17,53.9,472.92,0.604,1
27.1,48.0,1015.13,93.9,466.17,0.776,1
9.3,35.9,994.13,39.7,504.53,0.291,0
7.7,35.6,1021.27,80.9,504.28,0.439,0
15.5,50.8,1015.19,78.8,491.01,0.541,0
25.6,53.5,1024.93,47.4,473.68,0.559,0
15.8,37.1,994.24,88.8,484.9,0.597,0
30.5,64.3,1016.71,95.9,450.0,0.853,1
24.1,46.3,995.67,89.5,471.62,0.715,1
19.0,78.2,1030.78,86.5,468.3,0.654,1
28.1,51.0,997.59,43.3,464.64,0.587,0
6.1,74.2,1000.49,41.9,506.52,0.26,0
18.0,32.3,1030.83,32.9,492.52,0.382,0
19.7,47.8,1012.93,32.2,479.13,0.423,0
8.2,35.7,1019.47,53.7,511.13,0.321,0
16.6,50.5,1019.65,65.7,488.21,0.506,0
21.2,35.4,1006.52,79.1,474.34,0.637,1
4.9,26.6,1028.32,76.8,502.76,0.395,0
12.2,56.5,1025.75,92.2,488.25,0.564,0
17.9,72.5,1015.97,68.8,471.03,0.567,0
35.2,78.2,1007.25,37.5,445.6,0.679,1
2.2,53.5,1018.97,56.0,525.29,0.238,0
10.7,31.6,1015.33,34.9,505.14,0.284,0
15.3,76.4,1030.38,77.2,476.91,0.561,0
14.5,42.0,1013.51,70.1,490.68,0.496,0
12.5,77.7,1025.94,27.1,496.93,0.289,0
18.3,58.0,1027.67,85.8,480.56,0.62,1
35.2,61.8,1003.62,87.7,442.21,0.887,1
20.5,79.5,1001.33,54.3,471.99,0.535,0
19.0,33.9,1013.96,78.3,488.65,0.581,0
2.8,31.1,998.15,57.3,517.61,0.265,0
32.7,51.4,1021.72,62.8,457.45,0.73,1
18.5,33.1,1018.0,99.6,480.9,0.677,1
15.2,26.5,994.38,59.2,497.15,0.447,0
15.8,46.7,1011.62,82.8,487.8,0.566,0
20.6,41.9,1028.36,45.9,491.87,0.462,0
13.4,50.5,1029.36,94.9,487.89,0.589,0
1.8,81.5,1020.81,91.8,504.79,0.417,0
3.7,56.3,1026.92,45.1,509.84,0.241,0
5.8,63.5,1009.99,99.7,493.14,0.515,0
30.4,79.4,1010.5,96.2,449.72,0.855,1
29.0,78.5,999.64,86.2,453.02,0.792,1
35.5,47.9,1014.41,94.8,442.18,0.919,1
3.0,51.3,999.84,60.7,512.47,0.29,0
7.9,52.3,998.43,57.4,503.6,0.347,0
3.0,80.9,1029.22,95.2,501.25,0.451,0
33.5,77.5,993.66,36.0,455.8,0.635,1
34.4,26.4,1017.19,31.6,458.82,0.62,1
35.0,55.1,1019.7,87.4,445.7,0.877,1
32.4,59.1,1030.52,80.6,457.18,0.799,1
28.6,64.6,997.31,62.8,460.3,0.679,1
3.7,76.1,1000.95,71.6,504.77,0.357,0
17.7,25.8,1019.34,84.6,490.02,0.589,0
8.1,67.1,1001.23,95.0,491.72,0.524,0
4.1,34.6,992.68,68.3,521.36,0.315,0
37.1,74.4,1013.9,70.5,441.6,0.84,1
15.3,36.2,998.76,52.3,492.0,0.431,0
31.6,80.9,1032.55,75.6,449.51,0.785,1
29.8,33.4,1001.17,92.6,458.73,0.815,1
2.3,70.8,1012.48,91.1,501.57,0.426,0
28.9,78.8,1000.05,52.2,453.56,0.654,1
17.5,29.7,992.5,35.0,492.59,0.384,0
16.2,51.2,992.37,99.0,482.57,0.647,1
17.7,57.3,992.79,37.3,483.28,0.414,0
30.5,29.7,1007.73,52.2,464.43,0.65,1
13.5,25.6,1029.43,25.7,508.24,0.272,0
13.9,76.3,1007.24,96.2,479.59,0.615,1
36.8,61.7,1005.12,65.5,443.15,0.814,1
22.9,25.8,1000.74,83.7,471.47,0.679,1
14.9,66.2,1017.78,88.3,479.06,0.596,0
24.5,55.4,1022.53,37.1,476.66,0.5,0
6.4,68.4,1015.44,66.3,498.95,0.377,0
3.9,80.7,1019.96,68.8,506.19,0.345,0
22.1,61.5,1024.42,67.7,477.13,0.596,0
14.0,33.1,992.19,64.0,493.14,0.461,0
35.0,37.5,1001.81,59.2,445.25,0.765,1
34.6,76.3,1014.75,31.1,445.02,0.649,1
31.5,57.5,1010.92,54.8,456.18,0.687,1
26.9,48.7,1017.86,93.6,462.62,0.78,1
16.0,57.6,996.59,40.6,483.27,0.409,0
34.9,39.0,996.74,54.9,452.7,0.732,1
6.5,64.1,1002.12,79.6,503.46,0.422,0
7.9,32.0,1010.18,86.5,507.49,0.456,0
11.2,71.1,1026.4,72.2,490.65,0.469,0
18.4,41.5,1001.9,57.8,483.26,0.503,0
8.8,26.1,1008.03,46.8,504.29,0.314,0
13.5,73.8,1018.79,63.6,483.41,0.474,0
19.4,50.4,1019.9,55.0,477.47,0.514,0
21.9,52.6,1029.66,75.3,471.15,0.635,1
23.8,42.4,1011.78,54.1,472.38,0.569,0
26.1,39.8,998.21,29.1,474.96,0.489,0
34.2,28.5,998.55,79.7,450.4,0.828,1
33.6,73.3,1029.6,68.0,448.63,0.778,1
8.1,74.1,1026.47,67.8,502.87,0.393,0
27.4,28.4,1011.01,69.7,475.26,0.664,1
16.9,49.1,1004.67,52.9,492.13,0.45,0
12.2,64.2,998.38,89.1,483.13,0.562,0
9.0,76.3,1031.56,65.1,492.08,0.414,0
27.1,59.3,1029.77,47.6,465.32,0.593,0
14.4,54.1,999.66,87.4,489.17,0.567,0
28.4,45.3,1021.54,90.6,464.71,0.78,1
37.0,36.1,1022.28,98.0,440.56,0.95,1
36.8,62.2,1002.43,50.1,445.42,0.748,1
10.0,71.9,1008.42,46.6,496.83,0.341,0
23.3,62.8,1005.84,91.0,465.55,0.725,1
6.0,65.9,1026.33,86.1,511.09,0.427,0
32.7,77.1,993.95,96.8,445.16,0.891,1
8.0,42.2,1030.57,27.9,505.99,0.226,0
8.9,62.0,1025.33,95.1,498.65,0.519,0
21.7,41.5,1027.8,92.7,465.79,0.714,1
13.3,37.2,1031.85,46.4,493.91,0.382,0
27.3,34.9,1006.56,43.3,469.71,0.569,0
8.8,78.9,992.95,37.0,501.31,0.281,0
23.9,59.0,1030.46,54.7,469.1,0.579,0
13.1,27.7,997.74,99.8,493.25,0.594,0
13.7,76.6,1015.14,61.2,490.45,0.452,0
10.3,70.2,1009.59,71.6,493.12,0.451,0
21.1,67.0,1028.53,49.2,474.12,0.517,0
4.5,74.4,1024.77,84.9,497.09,0.434,0
6.2,37.7,1008.51,94.9,506.92,0.473,0
26.4,46.0,1006.98,44.6,474.06,0.555,0
9.3,66.8,1011.65,31.5,505.57,0.256,0
35.0,63.1,997.17,39.1,454.72,0.665,1
7.5,42.7,1022.65,68.8,512.83,0.37,0
13.4,71.5,1020.34,43.0,495.93,0.365,0
26.6,39.7,1009.82,87.4,465.97,0.745,1
15.1,81.2,1019.26,62.2,478.91,0.494,0
1.9,55.5,996.38,49.4,519.35,0.219,0
26.0,70.4,1014.14,94.5,454.54,0.79,1
23.7,35.7,1008.8,71.1,477.91,0.625,1
20.4,80.2,1027.91,34.4,473.05,0.452,0
28.9,72.5,997.79,69.0,452.26,0.724,1
18.4,35.5,997.75,99.7,474.86,0.688,1
9.9,79.8,1003.61,37.3,489.5,0.317,0
30.8,65.5,1008.74,46.6,461.73,0.636,1
16.5,71.7,998.37,97.5,471.62,0.665,1
17.2,45.7,1019.26,89.6,478.9,0.626,1
30.0,79.1,1024.41,66.2,451.11,0.727,1
16.6,44.5,1024.62,27.1,491.91,0.344,0
16.0,60.9,1020.02,70.1,484.26,0.524,0
8.2,37.8,1029.11,53.1,505.63,0.33,0
12.2,30.5,996.11,93.5,489.47,0.568,0
17.1,36.7,1010.89,73.2,487.83,0.542,0
1.9,71.7,1001.26,88.0,509.16,0.394,0
6.4,80.1,1019.97,35.4,506.71,0.237,0
33.0,27.1,1006.21,26.0,468.73,0.563,0
20.6,36.7,1015.51,64.1,482.51,0.555,0
32.8,54.1,1009.1,32.3,452.83,0.618,1
32.0,62.7,1011.58,81.8,448.44,0.816,1
30.9,65.6,1017.03,45.6,457.88,0.641,1
36.9,62.8,1002.99,66.3,439.01,0.827,1
26.4,25.5,1029.65,40.0,475.91,0.533,0
32.8,46.6,996.89,63.7,450.55,0.749,1
9.7,29.3,1018.03,37.7,510.3,0.275,0
35.4,48.3,999.83,64.2,456.62,0.766,1
8.8,47.2,1031.24,83.4,506.71,0.455,0
2.6,73.3,1018.06,82.5,506.57,0.385,0
17.3,65.6,1029.9,93.1,473.75,0.651,1
33.6,80.6,1003.61,73.4,446.33,0.804,1
13.1,67.2,1007.39,79.1,481.28,0.535,0
34.8,61.0,1012.24,55.7,448.83,0.741,1
34.6,43.7,1018.89,57.8,456.71,0.731,1
23.2,76.7,995.65,76.6,467.87,0.661,1
25.3,39.9,1027.98,57.4,468.34,0.606,1
18.7,75.3,1006.13,42.4,475.31,0.461,0
33.6,30.5,993.29,66.0,453.87,0.759,1
31.1,64.8,1030.19,86.2,449.2,0.823,1
32.3,77.9,1024.7,32.3,451.57,0.615,1
14.7,55.3,1004.74,67.9,481.68,0.507,0
25.0,48.2,995.86,34.1,470.62,0.506,0
30.0,39.0,994.49,29.4,465.08,0.552,0
33.6,64.5,1022.68,37.2,449.87,0.652,1
28.9,31.7,1031.15,93.2,463.48,0.798,1
35.4,38.6,1000.33,44.0,452.02,0.695,1
22.2,44.9,1013.57,99.1,473.53,0.729,1
34.5,59.5,1014.13,51.2,457.04,0.703,1
11.8,58.2,1007.23,38.1,495.28,0.329,0
33.2,66.8,1003.22,64.9,452.9,0.753,1
29.0,51.9,1027.4,85.4,460.31,0.775,1
2.2,72.4,1003.93,95.8,505.93,0.435,0
33.2,37.0,992.28,55.3,456.08,0.708,1
28.5,79.3,992.24,90.8,451.4,0.808,1
35.6,59.4,1024.97,64.8,444.23,0.795,1
4.9,68.0,1001.51,40.1,504.53,0.244,0
21.8,68.8,1007.25,59.7,478.83,0.557,0
19.4,33.3,996.48,75.2,480.86,0.588,0
19.4,72.8,1010.99,37.0,480.94,0.436,0
10.8,47.2,1032.4,64.3,501.11,0.412,0
4.0,51.6,1007.3,42.9,510.79,0.233,0
4.1,72.5,1014.93,95.5,497.52,0.471,0
16.2,53.5,996.93,65.8,476.88,0.525,0
19.0,46.7,995.48,90.5,474.18,0.659,1
12.1,36.8,1001.36,74.3,505.2,0.458,0
29.1,44.9,992.98,74.3,462.24,0.728,1
19.6,32.1,1005.05,77.8,479.85,0.604,1
24.7,42.2,1015.08,49.6,476.9,0.552,0
4.1,53.4,1003.05,75.5,510.51,0.366,0
9.1,75.7,998.82,62.5,494.29,0.4,0
15.7,70.7,1022.45,41.4,479.09,0.417,0
29.6,74.7,1026.4,83.7,454.53,0.786,1
2.2,80.3,1021.36,31.0,511.97,0.164,0
21.7,71.3,1020.66,77.6,465.69,0.654,1
12.5,81.0,1012.04,31.6,494.28,0.313,0
5.3,53.7,1026.73,53.6,513.01,0.286,0
16.7,61.3,1016.82,63.4,485.27,0.504,0
12.0,30.4,1023.09,76.8,508.38,0.46,0
23.9,67.3,1017.25,55.6,472.68,0.576,0
28.4,40.5,1017.07,83.1,468.24,0.743,1
13.6,57.0,995.43,60.2,489.96,0.448,0
28.5,54.9,1031.94,46.2,460.87,0.611,1
14.3,66.7,1013.48,28.6,495.1,0.319,0
10.1,47.4,1012.56,56.1,504.34,0.365,0
28.3,47.2,1023.96,50.7,466.63,0.615,1
21.4,76.4,1011.4,58.1,472.03,0.56,0
20.5,49.9,992.51,58.1,477.07,0.54,0
24.9,27.5,1009.92,55.5,477.08,0.577,0
26.6,33.7,996.94,62.9,473.88,0.631,1
21.6,68.1,1005.29,28.8,477.17,0.434,0
32.5,52.5,1031.62,76.1,455.67,0.785,1
23.0,33.7,1001.97,71.2,475.7,0.622,1
16.2,65.6,1024.66,72.1,488.76,0.526,0
13.3,30.0,1014.97,69.2,496.12,0.469,0
9.8,78.2,998.79,50.5,490.06,0.368,0
17.3,42.8,1025.89,30.6,495.34,0.359,0
13.3,45.0,1011.74,61.1,500.01,0.428,0
3.3,67.1,1027.19,65.3,505.23,0.327,0
33.5,52.4,1016.48,94.4,457.83,0.864,1
10.7,59.6,994.52,75.2,495.4,0.466,0
31.1,61.3,1022.74,75.8,455.53,0.768,1
18.9,74.2,1028.47,49.9,478.66,0.486,0
19.6,33.3,1017.25,41.1,483.84,0.449,0
22.2,62.2,996.39,67.3,468.52,0.612,1
2.3,79.2,1025.59,82.9,508.19,0.381,0
5.8,53.4,1022.18,98.5,513.93,0.468,0
5.4,46.4,1012.88,39.2,515.13,0.225,0
8.4,56.1,1017.3,44.4,500.78,0.307,0
6.2,38.5,1006.2,26.9,517.82,0.179,0
22.5,46.5,995.49,52.4,476.73,0.539,0
36.8,54.5,1007.39,98.1,440.62,0.95,1
12.0,72.2,997.76,81.9,489.63,0.518,0
33.8,35.7,998.78,96.0,446.7,0.895,1
33.0,52.9,1009.26,57.5,462.37,0.702,1
28.4,35.9,993.23,93.3,468.18,0.784,1
4.6,47.4,1026.62,78.7,506.99,0.391,0
7.9,46.1,1013.57,63.7,506.21,0.367,0
27.5,43.1,992.86,40.8,463.66,0.573,0
30.4,55.5,1015.94,93.1,448.28,0.844,1
16.8,62.1,1019.61,39.9,483.53,0.414,0
10.8,71.4,998.98,99.8,482.78,0.59,0
28.9,25.8,1028.96,65.8,465.67,0.684,1
24.6,80.6,1027.83,41.4,469.22,0.533,0
21.9,55.5,1018.31,73.1,466.85,0.636,1
4.3,33.5,1005.59,100.0,510.87,0.464,0
19.3,31.0,1009.14,96.0,477.4,0.678,1
15.8,74.4,1026.07,89.1,477.14,0.613,1
7.1,71.0,992.66,44.1,512.23,0.269,0
28.4,63.0,1002.73,87.8,457.51,0.783,1
18.1,61.0,1000.05,81.5,474.31,0.613,1
21.0,26.9,1022.27,45.4,487.22,0.474,0
15.3,80.4,1001.69,72.4,480.14,0.535,0
34.3,38.6,1004.79,29.0,460.1,0.607,1
19.8,37.9,1004.77,70.1,480.63,0.573,0
22.1,35.9,1008.75,34.2,484.41,0.447,0
7.8,31.9,1032.67,71.1,516.43,0.375,0
20.9,53.2,1012.64,29.9,474.09,0.438,0
30.6,48.0,1001.97,54.2,464.54,0.659,1
29.0,68.3,1019.35,43.3,463.15,0.601,1
23.1,37.8,999.04,61.4,478.83,0.578,0
3.9,59.0,1010.59,43.3,508.73,0.238,0
8.4,61.4,1005.15,82.0,499.48,0.46,0
34.4,49.7,1004.55,49.6,449.74,0.711,1
30.6,60.7,997.34,56.6,456.02,0.685,1
7.5,46.2,1017.67,32.8,509.2,0.234,0
35.5,54.0,1021.18,56.3,434.23,0.78,1
9.2,56.5,1011.54,41.3,500.75,0.304,0
36.2,47.1,1032.18,83.3,448.04,0.869,1
16.5,65.7,1023.14,61.4,484.12,0.496,0
27.2,64.7,992.08,51.4,469.74,0.6,0
12.5,45.4,992.12,50.9,492.58,0.393,0
10.5,39.8,1019.1,98.6,490.53,0.567,0
21.8,35.7,994.68,29.9,485.52,0.424,0
8.7,81.4,1015.02,35.0,503.67,0.266,0
14.9,57.9,994.42,63.5,481.8,0.492,0
4.1,80.2,992.18,27.7,506.16,0.183,0
9.0,77.8,1019.59,96.8,491.45,0.541,0
8.4,67.4,997.42,82.6,495.81,0.47,0
3.9,30.6,1024.84,30.2,518.18,0.167,0
36.3,60.5,1029.26,84.8,443.36,0.885,1
33.9,66.2,1014.23,61.8,449.13,0.756,1
27.3,77.0,1016.38,81.3,461.1,0.738,1
17.8,36.2,992.67,83.8,482.71,0.602,1
11.7,67.3,1025.16,70.5,492.79,0.463,0
10.0,56.3,995.54,70.2,493.4,0.443,0
26.9,76.3,1029.09,62.3,461.6,0.656,1
35.8,44.0,1031.73,66.1,447.57,0.796,1
13.2,73.2,1018.28,89.3,476.48,0.587,0
34.7,76.3,993.04,82.6,438.72,0.868,1
32.5,61.8,1018.28,47.9,455.66,0.671,1
20.9,59.5,996.31,48.2,473.15,0.513,0
7.0,62.3,1004.51,53.4,490.72,0.347,0
15.1,46.4,1004.37,48.0,484.12,0.427,0
3.6,45.3,1021.91,31.8,520.54,0.165,0
19.0,64.3,999.24,69.2,474.74,0.573,0
27.4,67.9,1025.58,58.4,463.88,0.642,1
2.7,36.6,997.11,62.0,518.49,0.28,0
11.3,30.6,1028.62,89.5,498.25,0.524,0
33.2,67.1,1024.1,55.0,450.75,0.718,1
30.1,32.3,1016.97,52.0,472.01,0.629,1
9.8,65.1,1017.44,55.9,494.64,0.38,0
34.5,32.5,993.4,63.1,459.79,0.746,1
2.7,31.6,993.25,38.1,519.31,0.183,0
18.8,53.3,1021.62,61.2,479.61,0.529,0
27.9,58.1,1010.97,71.1,463.7,0.699,1
8.4,66.2,1004.23,32.9,502.98,0.257,0
9.5,74.9,998.81,67.3,494.8,0.422,0
29.5,27.9,1009.62,29.3,468.56,0.539,0
12.8,78.1,1007.27,66.3,480.89,0.482,0
15.9,40.0,1006.69,96.5,491.0,0.616,1
17.2,38.2,1022.33,83.6,479.56,0.601,1
9.4,72.2,1010.36,52.3,506.61,0.338,0
10.1,36.3,1009.48,89.0,496.08,0.513,0
23.4,61.4,1003.1,84.2,467.06,0.695,1
7.2,66.7,998.6,39.7,507.14,0.263,0
15.4,41.4,1024.82,94.9,488.89,0.608,1
15.2,79.3,1021.5,36.4,484.59,0.381,0
34.6,66.6,1003.18,46.6,449.57,0.702,1
18.2,61.1,1030.8,75.5,478.68,0.582,0
2.8,47.4,1029.05,72.3,505.2,0.349,0
26.4,54.6,996.87,57.1,467.14,0.619,1
17.9,67.8,1011.19,80.3,481.44,0.592,0
14.5,49.5,999.94,99.0,482.79,0.627,1
23.8,25.5,1006.84,58.2,475.47,0.579,0
33.1,79.1,1028.54,53.5,445.14,0.722,1
11.4,44.9,1005.25,61.4,500.0,0.408,0
19.7,63.3,1011.87,38.8,483.39,0.441,0
17.0,50.8,1012.37,26.3,490.82,0.347,0
29.4,68.3,1002.86,65.5,457.9,0.704,1
20.2,75.7,997.88,73.9,476.48,0.601,1
27.3,29.6,1024.77,77.1,469.4,0.705,1
26.7,41.9,998.01,52.6,468.49,0.602,1
32.1,67.8,1006.11,69.9,442.45,0.782,1
13.0,66.2,1017.85,88.8,489.72,0.556,0
24.1,36.0,998.76,74.2,477.05,0.643,1
23.8,26.2,1032.13,74.7,482.92,0.63,1
35.2,40.6,1004.98,26.2,466.13,0.593,0
2.6,69.5,1019.71,43.8,503.6,0.237,0
18.4,40.7,1002.03,87.1,481.01,0.625,1
6.7,65.3,1023.28,73.6,504.47,0.398,0
11.8,77.1,1009.91,80.3,485.97,0.517,0
35.9,44.4,998.97,54.9,454.39,0.739,1
7.7,74.5,1026.46,38.0,499.45,0.276,0
31.4,75.1,1001.85,39.9,455.72,0.627,1
21.7,27.1,1019.09,83.4,473.79,0.661,1
14.9,60.5,1030.24,92.3,481.18,0.608,1
2.1,26.8,1014.82,98.5,514.56,0.428,0
12.3,35.7,1005.24,44.8,499.51,0.354,0
5.5,41.5,1020.62,44.5,517.2,0.244,0
27.2,28.6,1029.42,83.7,466.65,0.736,1
14.8,31.3,1017.76,84.7,491.19,0.556,0
28.8,63.6,998.82,30.4,462.68,0.547,0
30.0,80.1,1023.11,61.0,460.63,0.687,1
25.8,32.8,1024.79,88.1,468.12,0.735,1
34.4,67.9,1023.56,80.3,442.93,0.847,1
29.5,72.9,1029.93,91.1,453.43,0.816,1
25.2,46.9,1015.58,84.9,469.57,0.713,1
10.1,30.2,1007.73,82.1,498.31,0.481,0
31.7,62.2,1015.0,85.5,453.08,0.818,1
16.4,41.5,1025.95,82.8,491.1,0.566,0
26.4,46.8,1021.1,91.4,461.49,0.767,1
35.4,44.0,1009.84,54.4,451.41,0.737,1
22.8,80.8,1031.63,95.7,461.94,0.745,1
34.7,33.2,1009.44,31.1,454.3,0.631,1
35.9,63.5,1031.58,69.8,441.26,0.824,1
35.7,59.2,1002.72,35.0,455.59,0.655,1
11.5,37.8,996.19,28.3,500.62,0.277,0
17.4,54.9,1004.08,79.1,484.99,0.574,0
18.7,28.2,1021.81,60.5,485.97,0.512,0
31.5,71.3,1017.94,58.3,453.84,0.706,1
3.7,74.8,1000.32,82.4,502.77,0.404,0
21.9,60.0,993.57,60.4,472.46,0.573,0
22.5,78.6,1016.43,62.1,464.99,0.602,1
21.1,57.4,1026.13,88.1,466.84,0.687,1
4.0,71.7,1032.93,89.6,505.48,0.431,0
12.6,72.5,1019.81,97.6,482.6,0.602,1
30.6,54.2,998.13,66.0,451.87,0.73,1
35.7,28.8,993.48,92.3,449.83,0.896,1
13.0,59.2,994.44,29.8,496.23,0.307,0
19.9,46.9,995.7,83.9,476.81,0.637,1
33.5,50.9,1008.74,57.9,454.16,0.726,1
22.5,76.1,996.3,53.8,469.85,0.559,0
2.6,49.0,1023.75,87.7,507.66,0.403,0
10.9,65.2,1030.31,97.8,489.76,0.569,0
4.9,80.6,1026.77,32.2,505.65,0.21,0
14.7,31.5,1013.11,36.5,500.43,0.344,0
36.0,68.9,1019.33,50.9,447.12,0.739,1
24.2,54.4,1008.85,80.0,467.59,0.686,1
33.5,79.7,1030.87,82.6,444.49,0.844,1
15.0,61.7,1010.31,28.8,489.65,0.338,0
2.5,35.7,1012.65,59.5,523.29,0.259,0
29.0,61.9,1027.31,48.0,462.15,0.621,1
6.7,50.2,1026.21,82.3,502.77,0.436,0
10.9,51.7,1010.13,48.5,495.81,0.36,0
34.8,48.8,998.08,76.5,454.94,0.813,1
21.7,32.6,1031.1,37.4,493.47,0.437,0
23.2,68.8,993.57,29.3,481.13,0.446,0
34.9,37.4,1027.81,85.5,456.77,0.845,1
4.4,50.6,1019.41,71.8,509.08,0.357,0
9.7,79.6,1027.32,76.8,486.48,0.48,0
35.3,32.4,1008.24,94.9,446.6,0.908,1
23.1,59.1,1022.9,57.9,470.68,0.58,0
30.8,69.9,1025.68,87.6,450.83,0.821,1
35.2,64.3,997.29,100.1,434.77,0.951,1
32.2,60.0,1015.23,32.8,456.65,0.606,1
35.2,57.5,1001.48,95.3,444.93,0.912,1
25.1,33.1,1018.28,60.0,477.88,0.595,0
8.6,53.7,1019.71,43.7,499.0,0.31,0
9.0,30.9,1018.96,33.7,515.49,0.241,0
1.9,52.2,1018.0,88.8,512.64,0.39,0
6.5,66.2,1010.82,49.2,509.87,0.287,0
13.5,65.3,1001.07,85.2,480.88,0.565,0
26.8,43.7,1010.96,52.6,469.63,0.601,1
18.2,43.2,1032.17,33.4,487.88,0.394,0
32.0,73.8,1000.64,41.2,452.16,0.647,1
1.9,68.4,1016.14,67.4,510.26,0.31,0
27.4,26.0,1000.38,47.2,473.41,0.578,0
21.0,31.3,1032.88,78.6,480.65,0.62,1
3.2,62.5,1016.87,49.5,513.73,0.245,0
35.4,57.5,1032.33,78.1,441.66,0.852,1
10.5,57.1,997.67,99.2,490.76,0.569,0
12.2,81.5,1003.67,68.7,481.76,0.483,0
28.7,55.8,1000.83,52.2,465.53,0.628,1
20.2,59.0,995.1,77.7,474.29,0.62,1
35.5,47.8,995.93,92.9,439.95,0.915,1
31.7,53.0,993.2,84.7,458.2,0.805,1
10.3,74.0,1010.61,81.3,490.74,0.495,0
3.9,76.9,1006.93,97.8,495.73,0.482,0
16.0,50.3,1001.1,44.4,493.64,0.404,0
23.2,64.4,1028.98,71.8,465.02,0.648,1
8.8,39.2,1030.85,51.2,508.07,0.323,0
23.8,47.4,1028.07,76.7,470.96,0.662,1
32.9,47.0,1020.18,62.3,455.93,0.732,1
19.0,44.1,999.63,36.9,491.52,0.41,0
27.2,52.8,1007.68,32.2,474.92,0.513,0
17.9,44.6,1010.56,91.6,472.16,0.656,1
14.8,54.2,1005.51,77.1,495.82,0.517,0
33.4,31.6,1019.53,56.4,456.84,0.712,1
7.7,41.7,1028.11,55.9,501.15,0.344,0
23.4,45.5,1009.56,84.0,475.31,0.679,1
16.0,25.7,1032.38,56.9,491.8,0.457,0
23.8,37.4,993.23,79.6,478.62,0.658,1
21.7,36.2,1031.59,76.7,476.38,0.629,1
21.7,74.1,992.68,86.6,469.44,0.682,1
11.0,42.4,1005.0,52.7,509.24,0.351,0
14.7,59.3,998.15,83.7,490.4,0.553,0
17.2,38.5,994.66,71.4,489.67,0.532,0
8.9,26.1,1023.22,31.4,514.65,0.233,0
12.4,63.6,1016.37,90.6,483.59,0.569,0
13.5,43.8,994.4,46.8,499.58,0.374,0
2.7,38.9,1026.22,34.3,523.11,0.16,0
19.3,46.4,1029.41,46.4,482.44,0.47,0
34.8,63.3,1015.93,51.7,444.38,0.735,1
26.5,53.2,1021.29,30.6,468.77,0.512,0
7.2,76.5,1002.91,99.3,490.86,0.533,0
6.6,30.1,994.38,84.7,510.12,0.43,0
21.3,64.1,997.19,90.2,476.08,0.678,1
36.3,28.7,997.0,72.4,452.98,0.816,1
26.0,38.6,997.71,96.7,464.6,0.778,1
27.1,56.9,1009.59,68.5,462.26,0.682,1
21.4,53.5,1023.79,30.1,475.98,0.44,0
7.1,60.0,1007.15,63.5,504.45,0.362,0
18.4,59.3,995.42,89.1,482.35,0.63,1
15.3,50.8,1019.11,73.8,478.46,0.543,0
12.5,79.1,1022.01,51.4,491.37,0.398,0
20.4,36.1,1002.32,70.5,473.99,0.595,0
30.7,31.5,1011.12,26.4,472.18,0.533,0
6.4,48.2,1025.25,93.0,494.52,0.492,0
11.1,53.0,1027.46,75.8,491.36,0.481,0
7.8,46.1,1031.37,88.1,498.62,0.48,0
3.2,75.6,1020.27,78.1,504.25,0.378,0
29.8,26.7,1004.89,80.3,462.49,0.758,1
28.4,76.1,1023.96,58.1,464.91,0.649,1
13.6,71.6,1019.53,34.4,491.82,0.34,0
25.9,62.6,1017.78,50.6,463.19,0.596,0
20.7,61.4,1011.82,84.1,471.4,0.657,1
6.8,39.5,992.81,95.6,507.82,0.48,0
17.1,71.6,1000.97,28.6,488.51,0.362,0
4.3,37.1,1009.65,94.4,510.67,0.443,0
9.1,66.7,996.31,37.3,501.2,0.285,0
10.0,39.4,1006.12,30.6,511.23,0.248,0
32.2,37.9,1006.4,98.3,452.59,0.876,1
36.0,56.8,1031.71,96.6,440.11,0.936,1
26.9,57.5,1004.35,69.0,463.05,0.681,1
10.5,50.2,1029.22,93.6,499.29,0.53,0
12.3,41.8,1024.01,47.2,500.99,0.36,0
18.4,26.4,1025.08,47.9,494.86,0.441,0
31.2,67.2,999.25,86.5,443.75,0.836,1
9.8,27.0,1028.15,68.6,493.7,0.433,0
21.5,75.7,1020.49,37.1,471.81,0.477,0
16.7,26.3,1029.37,47.5,496.78,0.417,0
35.2,37.4,999.89,46.1,457.43,0.69,1
27.6,73.2,1025.82,71.5,456.98,0.71,1
8.0,64.8,1009.77,99.7,496.9,0.531,0
29.3,27.2,1028.59,92.2,459.18,0.807,1
5.2,56.7,1004.7,64.8,511.6,0.332,0
16.2,77.2,1020.87,80.5,478.7,0.58,0
23.5,60.7,1013.83,39.3,475.8,0.5,0
25.4,50.0,1024.52,51.4,466.5,0.588,0
34.3,49.5,1007.77,96.7,447.66,0.902,1
16.8,66.6,1005.97,88.4,483.22,0.609,1
20.3,66.4,1006.09,38.9,480.52,0.454,0
30.8,42.9,1016.65,54.7,466.2,0.659,1
17.4,34.5,1019.18,62.2,483.95,0.509,0
11.5,69.1,1007.9,37.1,497.94,0.317,0
20.7,51.0,1011.05,26.9,483.06,0.405,0
22.5,79.2,996.99,41.8,472.13,0.506,0
17.9,68.5,1026.9,85.0,472.31,0.628,1
17.1,67.9,1005.85,65.9,476.45,0.535,0
33.0,71.0,1018.03,81.5,449.54,0.824,1
2.3,58.2,1006.62,50.8,519.93,0.228,0
35.7,67.4,1002.41,60.3,446.66,0.774,1
10.8,47.4,1031.68,70.1,496.83,0.444,0
23.5,30.1,996.92,83.5,475.65,0.676,1
26.2,64.3,1031.7,84.2,460.5,0.739,1
12.1,40.9,1023.71,68.9,495.3,0.456,0
13.1,68.4,1009.73,36.0,490.88,0.344,0
32.9,42.4,1000.22,70.0,454.68,0.766,1
25.3,43.8,1018.85,93.1,468.15,0.749,1
26.8,48.3,994.05,56.0,463.64,0.626,1
32.0,32.5,1029.25,30.5,467.62,0.573,0
28.9,66.7,1025.96,75.0,462.82,0.726,1
13.4,49.8,998.19,50.6,495.96,0.396,0
14.8,29.7,993.77,27.9,506.19,0.299,0
7.0,77.9,994.37,41.7,505.32,0.272,0
12.7,45.2,993.02,67.5,488.75,0.47,0
5.6,70.4,1014.57,72.2,508.99,0.371,0
24.7,50.4,1032.26,99.6,464.57,0.776,1
24.9,58.3,1024.28,53.0,466.65,0.588,0
11.4,50.0,1027.15,64.6,490.95,0.44,0
13.7,42.0,1000.54,76.7,491.23,0.513,0
4.3,63.3,1003.88,38.4,510.11,0.22,0
6.4,36.4,994.92,88.2,507.88,0.446,0
22.0,58.0,1027.8,72.7,479.85,0.609,1
2.0,66.6,1000.97,83.4,505.83,0.384,0
26.3,60.9,997.78,74.9,457.53,0.709,1
9.4,46.5,997.25,28.1,501.65,0.251,0
4.1,32.3,1012.91,83.1,508.71,0.399,0
36.0,69.9,1020.94,50.1,449.55,0.73,1
27.0,78.5,995.94,61.7,461.36,0.656,1
26.1,44.2,1021.34,95.9,470.69,0.765,1
21.2,31.9,992.33,84.6,477.36,0.653,1
22.7,42.8,993.87,73.3,470.12,0.639,1
32.5,67.3,993.91,89.2,445.38,0.857,1
13.5,70.9,1007.63,28.0,493.08,0.311,0
34.2,73.6,1000.67,93.3,440.16,0.903,1
36.3,30.5,992.46,35.8,449.85,0.676,1
30.2,72.6,1010.84,81.3,448.33,0.795,1
9.0,76.9,1028.26,32.0,495.07,0.275,0
36.1,62.3,1024.77,42.1,449.84,0.699,1
36.4,45.1,1016.22,42.3,452.55,0.697,1
2.7,60.6,998.86,59.3,513.28,0.28,0
24.1,73.7,1009.42,90.1,454.08,0.752,1
14.2,37.6,1022.28,94.4,489.66,0.591,0
26.7,33.7,993.46,27.8,475.81,0.489,0
6.6,62.7,1023.33,26.3,505.08,0.206,0
24.7,27.2,994.9,56.9,473.57,0.588,0
13.6,36.4,1014.05,45.2,499.17,0.37,0
36.6,58.5,1020.89,37.9,450.16,0.687,1
18.2,61.1,1026.75,89.9,476.45,0.644,1
5.8,27.7,1020.2,96.0,506.19,0.475,0
21.1,74.4,1010.74,76.8,471.77,0.632,1
5.1,65.6,997.57,65.7,506.4,0.345,0
22.9,33.7,997.18,55.5,480.46,0.549,0
27.8,52.9,1012.1,82.5,461.51,0.747,1
23.5,29.6,1023.78,90.4,476.0,0.704,1
7.6,65.8,995.64,69.0,500.81,0.397,0
34.0,48.2,1017.29,52.2,446.7,0.723,1
3.2,64.6,1013.68,58.0,515.17,0.277,0
28.5,62.2,997.67,37.0,470.14,0.555,0
30.9,68.0,1006.86,69.7,442.49,0.768,1
30.8,35.8,1021.73,93.8,457.36,0.834,1
7.9,71.2,1009.14,91.3,493.7,0.503,0
12.2,76.9,1015.7,71.4,490.49,0.477,0
19.8,42.5,1004.92,40.3,482.32,0.45,0
14.8,54.8,1005.55,26.2,491.62,0.321,0
5.3,76.4,1015.63,40.1,499.54,0.259,0
18.0,72.4,1028.9,26.2,486.97,0.366,0
4.1,42.9,995.41,47.6,516.47,0.241,0
30.1,34.9,1031.28,36.5,464.95,0.582,0
4.6,64.7,1001.74,39.1,503.13,0.24,0
7.8,38.9,1019.43,65.4,514.04,0.358,0
32.1,26.3,1026.7,78.7,452.44,0.797,1
23.6,65.4,1027.32,56.8,470.13,0.582,0
20.7,68.2,1024.53,83.8,476.35,0.647,1
28.0,40.9,1030.92,66.0,467.31,0.672,1
32.5,33.8,998.22,70.0,461.21,0.749,1
36.4,65.0,1016.39,32.3,449.35,0.665,1
32.8,77.1,1027.65,32.7,458.59,0.608,1
5.3,81.0,1012.56,30.1,508.89,0.2,0
21.7,36.9,1007.7,69.9,487.37,0.58,0
26.6,48.9,1024.38,48.9,467.21,0.589,0
15.5,32.2,1025.49,83.0,489.02,0.561,0
31.3,34.0,994.53,97.9,453.24,0.864,1
13.6,35.1,995.07,71.5,491.29,0.49,0
12.9,57.3,995.11,32.2,503.44,0.302,0
21.0,31.7,1024.99,75.1,482.52,0.603,1
34.0,60.2,992.93,88.7,442.7,0.877,1
3.7,78.7,1003.95,81.3,497.22,0.411,0
36.2,52.2,1022.56,98.4,448.29,0.928,1
33.4,71.8,994.59,25.8,456.24,0.592,0
17.6,28.2,1007.47,75.6,487.31,0.558,0
6.0,35.3,1012.8,44.5,515.99,0.251,0
36.0,43.4,1014.6,72.0,448.18,0.821,1
36.2,35.3,998.4,42.5,453.23,0.694,1
15.1,62.5,1030.66,87.2,484.66,0.583,0
20.1,25.7,1017.46,75.4,487.5,0.584,0
11.3,51.5,1014.23,73.6,489.13,0.479,0
26.8,76.6,1029.29,92.1,457.07,0.785,1
19.7,40.6,1010.42,89.4,485.81,0.639,1
24.6,26.6,1030.42,82.4,466.44,0.702,1
16.0,45.8,1018.99,68.3,488.75,0.509,0
11.8,60.4,1008.28,32.4,498.49,0.3,0
36.5,64.3,1002.88,99.4,440.85,0.95,1
23.5,64.8,1032.27,71.1,464.51,0.649,1
19.4,47.9,1001.19,61.0,485.01,0.524,0
11.1,30.1,1020.97,99.6,501.63,0.555,0
19.6,55.7,1016.2,90.3,476.31,0.66,1
16.3,77.4,1018.1,87.2,482.21,0.6,1
34.0,31.3,1023.1,62.2,449.92,0.756,1
31.6,70.0,1019.98,77.9,443.76,0.805,1
5.8,46.7,1026.43,50.7,507.47,0.291,0
13.4,73.6,1018.68,36.0,496.75,0.335,0
34.9,38.7,1008.66,64.7,453.96,0.768,1
22.5,66.6,1001.12,75.2,473.86,0.637,1
21.3,67.4,1026.87,87.4,473.73,0.672,1
20.3,29.6,1029.45,84.8,482.84,0.633,1
14.4,43.8,1019.16,29.8,500.18,0.315,0
29.7,50.4,1017.09,60.8,458.53,0.688,1
18.8,41.9,1026.34,60.0,483.97,0.515,0
6.1,57.9,1024.02,59.0,509.35,0.323,0
25.1,38.8,1009.35,34.0,482.23,0.483,0
6.8,27.9,995.49,40.6,508.31,0.259,0
14.4,61.1,1004.58,41.4,485.28,0.39,0
9.7,69.2,1016.85,42.3,499.2,0.316,0
29.9,53.8,1026.18,77.2,457.38,0.757,1
9.6,65.2,1001.63,51.9,498.21,0.354,0
29.7,58.6,994.0,52.0,459.6,0.65,1
14.0,38.4,994.08,86.7,480.3,0.577,0
20.3,28.0,997.92,30.8,484.41,0.414,0
34.8,42.1,998.37,52.8,462.49,0.703,1
27.2,65.1,1028.32,59.7,461.78,0.649,1
37.0,33.2,1012.02,57.5,440.43,0.789,1
31.1,46.6,997.24,86.6,446.87,0.829,1
18.8,45.8,999.98,59.5,480.47,0.52,0
10.5,40.1,995.3,76.6,495.1,0.469,0
36.9,75.9,1001.92,100.0,437.94,0.963,1
29.0,38.3,992.67,64.0,459.82,0.69,1
16.4,36.0,1014.81,39.0,502.48,0.369,0
9.3,39.7,995.88,88.4,501.66,0.491,0
34.4,57.6,1030.16,54.8,452.81,0.725,1
6.2,63.6,999.05,94.5,499.75,0.485,0
36.0,35.2,1012.77,59.6,443.38,0.781,1
29.2,43.7,1023.06,62.6,465.65,0.675,1
14.3,77.4,998.01,65.7,484.5,0.489,0
18.6,35.3,1023.74,28.7,491.02,0.373,0
32.6,52.7,994.53,49.9,454.08,0.683,1
28.8,55.7,1027.4,34.7,461.0,0.568,0
12.6,29.4,1002.78,75.1,501.1,0.475,0
3.2,46.6,1022.55,55.7,519.71,0.258,0
27.8,61.5,1017.84,65.7,460.81,0.682,1
31.0,48.8,1028.73,30.1,464.63,0.566,0
9.9,27.1,1006.86,54.8,508.04,0.35,0
11.1,38.1,1032.95,26.7,508.13,0.25,0
33.3,55.2,1005.82,76.1,450.01,0.805,1
7.6,54.5,995.99,71.7,503.35,0.402,0
18.8,33.1,996.83,66.1,484.19,0.54,0
5.5,67.6,1011.59,59.8,510.7,0.317,0
23.0,44.4,1013.32,65.1,471.48,0.606,1
27.5,76.7,1009.12,90.0,456.47,0.784,1
22.6,54.7,1004.65,91.3,465.22,0.719,1
10.7,31.6,1017.02,86.0,500.87,0.498,0
11.7,55.6,1017.98,33.8,497.18,0.307,0
30.5,30.0,1004.97,64.0,463.91,0.698,1
21.4,62.6,1022.39,92.4,468.48,0.704,1
15.6,38.4,1029.2,74.0,497.38,0.51,0
21.3,27.0,1021.83,50.5,482.08,0.508,0
10.9,29.7,1009.66,89.7,494.17,0.528,0
3.9,33.4,1014.26,33.1,517.45,0.18,0
24.8,44.8,1009.71,32.2,471.24,0.495,0
17.3,73.0,1027.79,27.1,482.75,0.37,0
6.8,47.0,996.79,36.8,506.94,0.247,0
13.2,60.3,1018.63,80.2,492.89,0.518,0
2.9,30.9,1030.43,80.2,518.87,0.354,0
31.0,75.1,1022.43,66.2,454.27,0.731,1
2.5,74.4,1012.85,36.9,519.36,0.176,0
31.3,40.8,1030.64,52.9,464.53,0.661,1
14.2,61.9,1023.76,66.6,484.72,0.491,0
28.1,29.8,1010.7,79.6,466.76,0.729,1
12.0,44.6,1027.11,50.7,505.06,0.363,0
2.4,35.5,1020.6,88.3,513.85,0.391,0
16.4,57.6,1003.12,43.7,482.15,0.428,0
28.7,45.1,1011.1,41.8,470.33,0.577,0
20.5,71.5,1002.31,26.0,485.37,0.395,0
36.7,61.2,995.43,42.0,446.56,0.711,1
36.0,35.4,1001.65,94.9,439.29,0.93,1
16.4,27.2,999.29,48.5,493.29,0.425,0
18.8,47.8,1031.69,39.9,486.11,0.431,0
30.6,44.6,1028.84,34.6,460.86,0.587,0
25.8,50.3,1027.83,52.2,477.83,0.572,0
7.0,68.3,1020.01,37.4,503.16,0.259,0
24.2,44.9,1010.11,74.5,466.04,0.668,1
30.2,69.6,998.89,86.1,440.97,0.829,1
19.9,51.0,1017.21,68.4,476.88,0.575,0
13.4,44.8,1028.66,77.1,493.16,0.507,0
5.0,60.2,1029.75,84.0,506.44,0.417,0
25.1,37.4,1004.53,63.8,467.45,0.632,1
19.8,39.0,998.17,66.7,492.8,0.535,0
30.2,65.0,1009.08,38.3,457.97,0.603,1
6.3,69.6,1014.24,49.9,505.51,0.296,0
11.2,38.9,1032.19,74.2,498.64,0.461,0
4.3,52.8,1031.6,85.3,506.55,0.414,0
17.5,52.5,999.66,50.2,492.23,0.445,0
19.7,71.6,1001.78,85.9,470.97,0.655,1
5.3,72.0,1008.6,41.3,502.05,0.259,0
13.0,26.0,1002.43,81.0,504.78,0.495,0
9.2,35.1,994.04,71.8,503.72,0.419,0
21.6,40.6,1008.62,75.6,479.89,0.616,1
27.8,59.0,1014.62,49.8,468.08,0.603,1
32.0,58.9,1024.47,99.2,449.13,0.884,1
8.2,41.6,1015.88,57.1,510.92,0.335,0
5.9,48.4,1004.26,86.5,510.14,0.43,0
17.1,38.0,1003.61,39.3,485.24,0.412,0
26.0,31.2,1012.04,75.0,469.43,0.682,1
5.4,67.4,1007.46,67.0,507.97,0.35,0
6.0,44.6,1004.7,82.0,502.75,0.427,0
7.0,64.0,1021.03,40.1,505.26,0.265,0
8.2,32.2,1015.79,44.7,507.58,0.292,0
21.5,54.6,1021.64,27.5,479.55,0.423,0
17.1,51.2,1032.35,36.8,490.6,0.391,0
8.3,36.8,1006.66,38.2,520.41,0.242,0
19.6,71.5,1003.49,37.1,477.23,0.446,0
4.4,56.5,1007.09,54.9,501.67,0.304,0
31.3,32.1,1015.36,82.2,454.55,0.798,1
7.7,75.2,1027.87,94.5,496.98,0.508,0
14.2,43.2,1027.93,35.0,498.02,0.337,0
17.0,42.2,1024.16,76.1,483.23,0.561,0
4.3,32.3,1015.13,98.0,505.63,0.468,0
20.2,66.7,996.74,72.9,478.37,0.593,0
4.2,44.0,1010.56,83.0,504.17,0.409,0
31.6,51.1,1016.48,88.8,450.28,0.837,1
21.1,53.7,1001.76,43.7,474.87,0.493,0
8.0,69.5,997.19,26.5,505.02,0.222,0
28.1,69.5,1022.02,98.6,450.73,0.836,1
17.8,58.7,1026.63,38.7,491.36,0.404,0
19.3,66.1,995.85,73.8,469.44,0.605,1
34.0,51.0,1028.1,79.1,452.93,0.818,1
12.8,45.5,1003.41,45.6,500.16,0.361,0
14.2,28.5,1006.57,78.4,498.35,0.51,0
24.1,70.9,1016.63,82.9,461.36,0.71,1
9.0,72.1,1005.65,84.6,493.7,0.489,0
10.5,31.8,1020.11,61.3,505.87,0.387,0
14.5,36.2,1018.04,88.2,495.07,0.559,0
15.7,69.0,1014.82,45.2,484.02,0.423,0
8.1,26.8,1014.51,53.7,513.6,0.315,0
11.0,81.4,1002.73,53.2,497.78,0.376,0
1.8,38.9,996.67,46.9,525.67,0.196,0
29.4,56.5,998.18,40.8,463.56,0.594,0
28.1,39.7,1028.84,49.0,475.7,0.589,0
9.0,37.5,1022.25,36.2,516.28,0.249,0
10.1,60.1,1025.32,47.4,500.34,0.338,0
29.6,26.6,1001.85,75.4,465.16,0.732,1
2.1,76.7,1020.81,64.2,518.72,0.282,0
9.7,55.8,1012.44,65.6,495.66,0.416,0
19.5,57.6,1019.11,82.7,482.51,0.616,1
10.4,41.2,1019.92,26.9,504.36,0.251,0
33.6,42.2,996.42,77.5,445.28,0.823,1
15.4,70.1,1009.9,94.7,480.57,0.625,1
4.8,68.0,1029.15,89.6,501.94,0.447,0
32.2,40.2,997.45,77.3,448.82,0.8,1
24.7,52.1,994.25,87.9,465.89,0.727,1
21.0,69.4,998.13,42.4,477.41,0.481,0
33.1,30.5,994.04,88.7,455.91,0.841,1
2.1,56.1,998.12,51.6,511.21,0.246,0
30.0,31.8,1019.95,75.6,469.28,0.728,1
9.4,32.5,1008.45,31.3,508.49,0.25,0
22.6,55.2,1020.48,43.9,473.37,0.514,0
10.0,56.7,1032.54,29.1,506.78,0.251,0
34.9,30.4,1018.05,48.0,459.09,0.691,1
20.0,72.1,1026.31,49.5,486.3,0.482,0
24.2,79.0,997.78,30.0,469.31,0.484,0
6.2,51.2,995.53,58.8,508.58,0.326,0
36.0,75.9,1010.2,64.7,441.31,0.806,1
9.1,26.9,1012.88,80.3,511.11,0.438,0
32.5,60.1,1001.83,29.7,461.3,0.588,0
8.0,29.0,1013.55,29.6,508.44,0.229,0
13.7,61.1,1023.99,54.8,496.31,0.414,0
10.3,63.2,1029.48,62.5,495.77,0.41,0
24.3,77.6,1006.2,42.1,467.25,0.536,0
28.6,41.6,995.89,66.1,465.12,0.683,1
30.0,67.7,998.12,68.6,458.31,0.722,1
3.8,72.3,1032.44,27.6,517.26,0.157,0
22.5,76.7,999.78,61.0,474.72,0.577,0
22.7,53.6,1019.47,41.4,482.11,0.487,0
17.3,59.5,1031.28,75.1,477.81,0.571,0
31.4,81.6,1020.97,51.8,453.03,0.681,1
27.9,27.0,1010.94,81.2,462.32,0.742,1
33.1,29.3,1022.02,27.7,465.36,0.578,0
16.8,42.7,1026.94,53.8,486.32,0.464,0
15.9,74.2,998.57,49.2,485.71,0.438,0
21.1,81.2,1013.59,66.8,472.78,0.59,0
32.3,67.0,999.69,89.9,446.24,0.856,1
12.8,49.9,1026.98,60.2,496.53,0.426,0
15.6,30.9,1013.45,60.3,495.77,0.459,0
20.4,50.4,1024.85,68.3,474.72,0.585,0
33.7,38.3,1015.28,66.1,449.12,0.771,1
6.0,43.3,1024.35,30.9,514.82,0.199,0
10.8,43.4,1026.12,84.1,500.53,0.492,0
21.3,30.4,1029.02,46.3,483.03,0.489,0
3.8,53.1,1002.44,36.3,511.3,0.204,0
34.7,48.2,1005.81,58.8,452.41,0.745,1
15.6,77.6,1027.83,81.3,483.24,0.567,0
26.6,80.9,1029.56,33.4,463.84,0.533,0
10.6,46.9,1020.66,71.1,499.35,0.44,0
19.2,75.4,995.43,97.2,465.41,0.706,1
34.7,30.8,1017.04,43.5,454.89,0.679,1
6.7,46.8,995.69,78.1,504.57,0.416,0
30.6,34.7,1013.92,91.2,452.59,0.831,1
4.0,80.2,1032.17,55.8,510.36,0.285,0
17.6,55.0,1019.49,86.5,477.29,0.622,1
31.2,40.6,993.13,70.4,458.24,0.743,1
29.7,65.0,1022.76,26.2,468.61,0.529,0
4.3,28.4,1017.95,50.5,512.93,0.263,0
26.5,73.2,1027.12,70.2,460.6,0.686,1
23.7,29.9,1032.26,87.9,475.79,0.697,1
33.1,51.2,997.58,68.4,459.73,0.752,1
5.0,76.6,996.2,64.1,504.16,0.342,0
12.7,74.3,1032.63,93.1,487.52,0.574,0
2.6,59.7,1015.95,67.0,513.65,0.309,0
13.8,44.3,1007.97,39.8,491.9,0.364,0
20.5,32.0,1000.17,87.4,479.63,0.652,1
6.0,27.2,1016.37,58.0,506.85,0.323,0
8.5,70.5,1013.23,32.1,505.04,0.25,0
34.3,28.7,1014.29,36.2,452.82,0.65,1
35.8,56.0,1031.34,92.4,442.12,0.912,1
21.1,32.0,1013.07,97.9,476.97,0.706,1
30.4,36.6,1031.02,52.9,460.33,0.66,1
24.2,42.2,1032.37,28.1,481.28,0.452,0
6.2,62.6,1021.25,90.1,500.38,0.467,0
26.8,39.1,999.4,49.8,467.94,0.593,0
30.4,37.2,994.92,55.8,455.42,0.681,1
24.3,61.8,993.61,50.9,464.66,0.577,0
6.6,49.6,995.6,69.4,507.97,0.374,0
9.8,36.7,1019.74,80.4,506.25,0.455,0
30.8,69.5,992.32,39.3,458.6,0.614,1
5.8,45.9,1007.15,55.5,510.34,0.305,0
6.3,58.9,1028.73,79.6,505.67,0.415,0
23.0,65.9,1009.15,38.5,472.73,0.497,0
5.9,63.1,992.11,79.7,494.69,0.433,0
27.3,51.6,1019.04,68.5,456.16,0.697,1
37.1,57.4,1005.97,61.6,445.32,0.797,1
18.2,56.4,995.65,80.4,482.56,0.594,0
13.4,30.6,1028.74,46.8,498.0,0.376,0
18.5,73.0,992.68,42.9,479.56,0.453,0
32.0,54.1,1023.06,54.0,456.19,0.689,1
30.3,43.8,1003.97,81.6,463.67,0.767,1
32.0,41.1,1022.28,30.3,465.2,0.577,0
15.7,30.5,996.6,64.9,492.07,0.485,0
8.9,46.9,1022.79,92.0,498.25,0.508,0
22.5,40.4,998.88,83.5,473.12,0.671,1
19.6,36.9,1019.06,43.7,482.54,0.462,0
28.3,42.0,1007.16,31.6,472.73,0.526,0
22.8,31.5,1015.57,43.5,484.0,0.493,0
27.5,29.9,1014.24,78.9,470.25,0.713,1
20.5,71.1,996.26,84.6,470.76,0.658,1
7.6,60.9,1026.58,98.0,498.09,0.518,0
12.1,46.6,1006.14,62.5,494.74,0.431,0
33.9,38.7,1002.83,58.7,454.2,0.733,1
4.7,81.0,1032.5,30.7,506.6,0.2,0
10.2,63.7,998.6,94.6,496.91,0.535,0
21.7,63.4,1013.78,33.5,477.84,0.453,0
7.3,43.4,1026.05,81.9,499.66,0.448,0
26.3,45.3,1007.22,68.5,469.69,0.659,1
22.3,34.9,1031.26,90.6,478.07,0.687,1
11.2,40.7,1014.71,62.6,501.26,0.409,0
23.1,40.5,995.14,50.2,481.7,0.527,0
15.7,53.1,1002.42,73.3,491.29,0.521,0
30.5,67.1,1014.11,88.7,454.4,0.815,1
12.5,43.2,999.79,96.9,486.71,0.589,0
29.8,34.5,1026.86,28.4,472.05,0.531,0
10.2,44.1,1015.88,59.7,499.65,0.39,0
27.1,36.6,1018.18,67.1,460.86,0.68,1
23.7,64.3,995.95,34.3,473.01,0.487,0
6.8,49.7,1031.33,67.1,501.15,0.38,0
2.6,46.4,1023.45,92.8,510.83,0.417,0
14.8,74.4,1012.64,84.2,482.06,0.573,0
21.9,78.4,1012.39,87.2,467.85,0.69,1
21.4,60.0,994.01,80.3,471.45,0.65,1
2.5,78.5,1001.58,96.7,501.18,0.451,0
16.9,51.5,999.68,88.5,482.32,0.612,1
35.6,74.8,997.49,89.5,437.07,0.909,1
22.1,34.4,1014.32,68.8,475.44,0.603,1
12.6,81.1,1023.66,93.2,485.57,0.578,0
6.4,41.0,1017.59,40.7,503.26,0.265,0
25.2,25.5,1021.49,91.3,474.49,0.729,1
18.4,54.3,1008.55,83.5,479.57,0.614,1
35.1,67.7,1004.66,27.3,455.66,0.617,1
3.4,75.5,1003.28,33.3,513.23,0.183,0
25.3,48.1,1013.53,81.1,474.3,0.69,1
12.9,41.7,994.86,42.6,498.97,0.352,0
9.9,29.3,998.22,40.6,504.01,0.301,0
17.0,47.1,1032.74,51.5,492.14,0.446,0
19.8,78.9,996.5,88.5,472.55,0.664,1
22.8,60.2,1019.04,66.6,476.93,0.599,0
5.0,33.3,1031.4,96.8,500.63,0.48,0
26.2,72.0,1025.77,46.9,459.73,0.592,0
33.5,47.8,1022.61,56.8,453.01,0.723,1
15.1,30.2,998.17,63.8,495.87,0.466,0
6.1,75.8,1015.28,32.4,506.91,0.221,0
4.2,72.4,1027.96,92.2,496.5,0.461,0
7.6,69.3,1022.27,70.3,498.97,0.405,0
2.6,62.8,1024.45,58.9,514.66,0.274,0
6.6,77.1,1028.51,45.1,506.04,0.28,0
7.2,70.4,1002.95,31.2,506.17,0.231,0
34.8,76.6,992.63,47.7,452.91,0.701,1
16.2,40.8,1031.39,55.9,497.14,0.444,0
29.7,80.5,1012.37,71.3,456.52,0.734,1
10.1,33.3,1017.29,86.6,501.33,0.493,0
8.2,66.3,1007.22,59.1,502.28,0.36,0
36.3,47.1,1025.44,88.5,448.52,0.889,1
7.7,78.8,1016.19,70.6,496.67,0.413,0
4.6,60.2,1025.75,45.2,512.53,0.245,0
20.3,65.9,1013.09,96.5,472.48,0.7,1
22.4,36.9,996.46,38.8,479.77,0.478,0
19.3,30.2,1018.16,53.8,487.72,0.488,0
22.4,50.3,1010.06,55.5,469.09,0.566,0
13.3,54.2,1000.97,49.2,487.06,0.407,0
11.9,33.3,1008.45,72.1,505.38,0.446,0
18.1,31.5,1012.66,61.5,489.74,0.503,0
8.2,26.2,1006.07,26.4,510.67,0.213,0
11.1,79.5,1011.15,71.3,497.11,0.451,0
7.1,60.7,1004.01,58.1,500.19,0.349,0
4.0,50.6,1026.33,39.5,513.52,0.214,0
16.5,29.5,1008.03,58.3,488.39,0.475,0
20.5,80.5,1004.23,53.0,473.44,0.527,0
14.2,75.8,1006.9,66.6,485.87,0.488,0
2.9,54.3,1005.41,83.8,506.04,0.395,0
20.2,26.7,1029.72,51.2,490.51,0.482,0
28.1,39.9,993.39,45.4,470.75,0.583,0
21.1,38.4,995.51,37.8,480.29,0.458,0
13.6,37.4,999.86,48.8,496.99,0.388,0
33.1,51.7,1023.04,75.7,450.71,0.8,1
14.9,59.4,1026.62,54.5,491.36,0.436,0
10.3,53.5,1020.82,41.1,495.5,0.325,0
34.8,53.3,1032.53,29.4,462.49,0.608,1
6.0,80.3,1018.75,75.3,499.17,0.407,0
26.7,48.4,1011.61,55.2,471.66,0.607,1
30.5,43.9,1026.76,78.1,453.65,0.775,1
8.2,37.5,1007.29,57.2,509.67,0.338,0
11.9,56.4,1015.88,43.3,512.36,0.317,0
34.2,50.4,1023.06,32.4,459.16,0.621,1
36.5,74.8,1017.24,65.7,437.16,0.823,1
14.4,73.3,1022.45,87.3,482.19,0.58,0
7.9,47.3,1016.29,81.2,502.76,0.445,0
29.8,70.6,1005.96,47.8,457.92,0.638,1
12.9,37.4,1006.32,82.6,487.39,0.535,0
16.3,33.0,1029.64,71.2,492.36,0.517,0
15.5,79.4,1031.01,76.6,487.63,0.539,0
31.2,55.0,1020.28,96.0,448.21,0.865,1
18.4,38.0,1007.1,53.3,485.08,0.482,0
11.0,79.6,1014.17,72.7,496.18,0.457,0
2.7,66.6,1013.18,70.7,505.89,0.34,0
21.0,55.1,992.51,43.9,474.82,0.493,0
7.8,56.9,1024.0,52.4,508.38,0.317,0
2.6,44.5,999.83,63.5,514.28,0.294,0
32.9,35.5,1001.15,91.6,451.29,0.86,1
18.1,25.5,1011.29,26.3,499.34,0.343,0
28.9,33.9,1000.5,53.0,466.1,0.632,1
20.3,36.7,1016.25,65.5,488.21,0.545,0
12.3,54.0,1009.67,87.9,482.64,0.559,0
16.0,51.7,1022.9,63.9,491.95,0.485,0
30.2,60.3,1024.07,78.6,452.78,0.776,1
19.8,81.1,992.84,54.1,470.94,0.529,0
35.6,74.8,998.68,40.2,446.35,0.692,1
7.2,51.3,1029.85,29.8,504.13,0.229,0
36.2,54.2,1028.24,48.8,456.99,0.713,1
11.9,53.9,993.17,72.4,490.3,0.478,0
33.7,66.6,1001.47,99.6,436.23,0.93,1
2.7,57.3,1013.38,80.2,514.84,0.36,0
5.2,28.7,994.95,73.3,512.28,0.365,0
2.1,30.6,1019.18,67.6,524.1,0.285,0
7.7,30.4,997.91,49.1,508.13,0.304,0
20.8,27.3,993.3,46.2,485.05,0.479,0
13.5,67.7,993.16,55.2,487.06,0.433,0
23.9,33.3,1002.53,75.2,479.52,0.64,1
34.7,64.5,1004.01,27.4,456.92,0.611,1
22.2,46.8,1029.26,96.1,471.47,0.721,1
7.7,54.1,1002.33,64.4,503.56,0.374,0
20.1,76.7,1025.4,34.5,478.47,0.439,0
5.1,75.7,1028.21,39.7,512.7,0.229,0
36.4,71.0,1020.06,48.3,446.42,0.734,1
12.7,72.8,1003.01,72.4,485.85,0.495,0
22.6,50.9,1014.55,82.2,473.73,0.665,1
18.7,36.9,1026.52,28.3,494.03,0.367,0
10.2,77.9,1009.21,63.0,491.97,0.419,0
23.4,34.1,1026.37,82.1,469.82,0.682,1
23.1,48.4,1014.99,93.9,467.79,0.73,1
32.1,43.1,1009.94,51.6,464.82,0.664,1
22.9,79.9,1029.06,30.9,470.96,0.47,0
12.8,50.6,1024.41,70.2,494.88,0.469,0
35.3,52.5,1010.32,27.9,451.15,0.631,1
5.1,66.4,1011.83,97.1,502.11,0.479,0
14.9,42.4,1002.56,68.1,484.94,0.503,0
15.7,30.0,1026.03,81.3,489.03,0.557,0
31.7,62.0,992.6,49.4,454.93,0.67,1
34.7,78.8,1029.62,49.3,452.26,0.708,1
22.8,55.9,995.37,66.8,473.68,0.606,1
27.8,56.5,1024.39,95.4,455.84,0.811,1
29.5,28.9,997.33,80.7,470.56,0.74,1
23.2,56.5,1019.84,49.1,470.77,0.546,0
22.5,59.9,1030.93,98.5,463.93,0.749,1
24.9,51.2,1010.34,47.7,470.09,0.559,0
19.5,79.4,1000.27,51.5,483.04,0.491,0
6.9,56.2,1026.94,43.0,507.42,0.272,0
19.7,54.3,1007.27,79.0,476.98,0.615,1
16.1,66.7,998.82,86.7,479.69,0.602,1
17.6,50.5,992.55,48.5,479.88,0.465,0
27.4,47.1,1018.95,46.2,464.0,0.593,0
11.7,55.5,1015.35,76.2,496.25,0.479,0
7.0,61.4,1027.91,65.0,508.99,0.358,0
2.2,65.9,1007.81,63.1,507.23,0.301,0
10.8,51.7,1021.95,41.5,508.41,0.305,0
35.9,75.1,997.25,86.5,434.16,0.906,1
22.9,74.3,1028.36,61.2,461.55,0.609,1
13.8,66.7,1008.7,80.2,478.39,0.553,0
27.8,63.8,1004.59,51.2,460.72,0.624,1
8.0,74.9,1012.1,58.1,492.19,0.375,0
28.2,44.5,1014.57,81.0,458.66,0.751,1
20.8,66.4,1022.5,57.5,474.68,0.545,0
24.5,52.1,1029.84,89.0,468.21,0.724,1
18.7,32.4,1023.28,79.8,482.67,0.596,0
9.6,80.3,992.5,42.5,490.56,0.333,0
16.0,53.7,1009.13,68.1,490.87,0.504,0
9.1,25.5,1000.29,98.1,504.34,0.522,0
20.8,78.3,1028.96,26.3,483.35,0.403,0
17.6,51.0,1007.7,64.2,479.17,0.529,0
36.5,44.3,994.17,54.1,448.66,0.754,1
29.6,37.8,1002.43,72.3,469.78,0.709,1
17.6,40.3,1024.46,88.9,485.63,0.615,1
9.3,74.5,996.64,61.6,494.82,0.398,0
32.6,72.9,1020.82,60.4,446.04,0.743,1
5.5,76.9,997.57,72.8,504.64,0.382,0
18.3,55.4,1030.75,45.8,491.17,0.438,0
22.5,64.6,1013.27,43.8,480.87,0.496,0
26.9,76.2,1002.78,67.2,458.92,0.681,1
7.0,60.5,1014.77,63.8,511.61,0.348,0
15.2,33.8,1004.12,70.2,479.94,0.525,0
25.6,70.0,1020.73,27.0,469.11,0.486,0
15.2,54.9,1020.89,88.4,484.93,0.588,0
11.2,71.3,1030.34,36.2,493.39,0.319,0
14.5,31.1,1008.56,54.2,498.52,0.417,0
11.8,30.1,1021.27,92.2,497.37,0.541,0
5.2,67.3,1005.25,36.9,505.72,0.233,0
27.5,48.7,994.54,58.8,460.66,0.651,1
25.3,55.3,992.32,46.8,471.63,0.557,0
24.5,74.7,1006.02,52.5,475.29,0.564,0
33.2,36.2,1009.24,97.8,446.1,0.898,1
7.7,29.8,1005.04,31.5,514.25,0.221,0
11.1,59.3,1031.23,54.1,494.27,0.387,0
22.6,60.4,998.22,49.8,472.31,0.539,0
15.7,67.7,1021.09,50.7,485.61,0.442,0
6.7,46.3,1004.42,62.3,503.66,0.355,0
7.9,60.3,1004.82,36.0,500.73,0.267,0
18.5,36.1,1022.78,95.7,480.73,0.662,1
2.5,57.9,1005.29,37.0,519.31,0.177,0
23.1,72.1,1014.66,29.7,467.73,0.473,0
4.9,64.4,1016.03,81.5,503.22,0.413,0
2.3,67.3,1008.63,67.0,508.73,0.315,0
14.8,52.1,1029.37,33.9,500.09,0.336,0
27.2,54.0,1002.0,62.9,465.67,0.654,1
23.7,30.1,1031.16,38.6,476.05,0.498,0
18.2,64.3,1026.5,59.8,485.57,0.505,0
2.1,63.0,1008.37,87.7,507.07,0.4,0
33.0,66.8,1017.77,64.2,451.72,0.751,1
6.3,27.0,999.98,47.3,513.89,0.27,0
20.7,79.3,1011.95,59.3,472.25,0.556,0
36.8,65.2,1024.54,39.3,444.92,0.705,1
15.1,62.0,993.21,61.4,482.37,0.484,0
29.7,75.6,1015.43,86.1,453.15,0.799,1
2.3,67.3,994.59,91.8,510.15,0.411,0
32.7,31.2,1020.83,93.0,456.13,0.853,1
32.0,45.9,1016.92,82.3,447.97,0.82,1
35.5,68.5,1007.5,96.7,441.16,0.928,1
28.3,70.9,1027.94,73.7,457.56,0.726,1
24.7,77.4,1013.47,65.9,460.0,0.651,1
24.4,74.8,993.31,78.8,469.3,0.681,1
5.9,45.5,1023.1,27.9,521.76,0.171,0
19.3,75.7,1018.72,33.1,479.98,0.421,0
23.2,48.6,995.6,41.5,473.11,0.51,0
35.7,42.5,1012.38,29.7,458.71,0.627,1
30.0,31.9,1005.53,51.5,470.25,0.63,1
15.3,66.1,993.51,77.1,479.68,0.554,0
2.9,29.9,1012.74,40.2,530.86,0.17,0
20.6,40.2,997.82,77.5,480.32,0.612,1
20.2,32.4,1029.51,40.0,486.96,0.444,0
29.8,80.8,1008.91,52.5,451.34,0.669,1
7.8,46.8,1006.83,58.8,502.63,0.355,0
33.2,79.0,1026.18,93.3,443.32,0.886,1
8.3,25.6,1010.73,92.1,503.31,0.491,0
34.1,36.0,1031.11,50.8,457.12,0.698,1
8.8,54.0,1023.62,77.9,499.97,0.447,0
14.9,36.7,1001.41,78.9,485.25,0.546,0
5.6,54.4,1024.84,67.6,507.57,0.356,0
14.5,69.7,1032.27,100.1,484.47,0.628,1
19.0,33.9,995.58,94.2,483.59,0.656,1
13.2,44.8,994.67,94.5,489.21,0.583,0
16.5,37.4,1025.81,79.2,491.79,0.552,0
22.4,60.0,992.57,97.7,466.38,0.74,1
14.4,75.6,1001.49,27.7,500.04,0.306,0
4.2,69.3,1018.75,50.9,513.08,0.263,0
7.7,39.8,994.07,89.4,501.93,0.477,0
16.5,72.0,1001.97,58.5,491.45,0.47,0
9.4,63.8,1012.37,70.9,488.18,0.449,0
30.4,73.7,1003.53,89.1,453.01,0.819,1
23.5,30.4,994.29,61.5,470.34,0.599,0
29.3,58.3,1005.85,98.8,455.06,0.842,1
3.4,73.0,992.59,84.9,507.45,0.402,0
12.1,36.8,1015.91,42.7,500.44,0.341,0
3.6,69.4,1013.3,59.6,511.55,0.294,0
3.0,81.3,999.64,96.2,502.02,0.453,0
11.5,67.9,1002.66,30.1,494.61,0.295,0
12.7,31.0,996.53,32.9,501.19,0.307,0
13.2,74.2,1029.6,71.0,484.73,0.498,0
15.2,57.1,1006.42,52.2,492.48,0.428,0
14.0,59.4,1011.35,60.4,493.58,0.446,0
24.7,65.9,1002.13,96.1,463.96,0.763,1
2.3,56.6,1032.94,86.9,507.41,0.398,0
5.7,64.1,993.45,44.6,508.5,0.263,0
21.3,70.3,1013.92,55.7,472.47,0.548,0
17.2,69.3,1026.36,94.7,481.29,0.642,1
13.0,42.9,994.48,37.5,500.74,0.329,0
26.8,70.9,1022.89,30.9,471.13,0.511,0
1.9,35.0,994.24,89.6,514.67,0.39,0
23.3,68.3,1020.25,64.4,470.3,0.609,1
16.3,54.8,997.73,98.5,483.36,0.643,1
4.7,35.1,1015.22,83.6,511.05,0.403,0
5.7,79.8,1013.82,41.2,508.05,0.25,0
24.5,30.0,996.11,38.8,480.68,0.498,0
17.7,80.7,1010.61,53.5,474.77,0.496,0
25.9,53.8,1006.0,27.3,473.48,0.483,0
9.2,39.3,1021.88,91.5,490.3,0.525,0
29.0,43.2,1018.53,36.9,469.4,0.563,0
5.4,81.1,997.16,67.2,497.74,0.372,0
2.6,76.0,1003.61,90.3,502.53,0.424,0
24.3,39.2,1018.83,89.9,473.27,0.716,1
16.3,36.1,1022.13,78.0,482.68,0.563,0
10.7,68.1,1007.83,90.3,490.81,0.536,0
24.4,55.2,1001.06,70.9,465.25,0.658,1
9.7,35.2,1023.62,36.8,502.77,0.286,0
22.0,72.5,1005.13,66.2,469.74,0.603,1
30.0,41.1,993.08,60.7,457.82,0.692,1
5.4,59.9,1029.48,56.1,511.43,0.3,0
2.9,66.1,1005.45,42.3,512.24,0.216,0
33.6,57.9,1008.83,28.3,451.94,0.612,1
24.4,28.1,1019.66,49.5,480.91,0.54,0
17.4,74.8,1019.68,51.4,483.43,0.467,0
33.5,46.4,1022.85,47.8,455.0,0.683,1
3.0,31.7,1015.78,41.7,519.4,0.2,0
22.3,70.8,1007.85,95.0,468.88,0.724,1
18.3,37.1,1007.88,69.9,488.67,0.54,0
13.9,47.3,1010.79,39.7,494.71,0.36,0
32.9,44.1,1029.77,41.3,460.18,0.641,1
18.2,61.3,1025.19,85.4,481.8,0.615,1
25.3,26.1,1009.61,61.1,474.1,0.61,1
19.7,53.8,995.38,78.7,481.45,0.605,1
5.1,64.3,1012.46,83.2,505.88,0.417,0
18.9,35.4,1013.59,25.7,496.33,0.354,0
22.4,57.0,1026.19,69.7,479.8,0.602,1
34.8,58.0,993.8,91.7,445.03,0.894,1
26.5,45.5,1001.98,57.5,471.91,0.613,1
30.0,54.3,995.44,61.3,455.43,0.699,1
30.5,68.6,1002.93,91.2,453.76,0.826,1
31.2,72.4,999.87,52.5,453.39,0.681,1
21.7,42.5,1027.96,38.2,486.29,0.455,0
27.2,52.6,1000.19,96.2,452.52,0.814,1
13.1,56.2,1010.06,79.4,485.1,0.529,0
5.7,53.9,1018.04,69.1,498.38,0.381,0
15.1,75.2,1031.62,61.4,480.27,0.488,0
22.7,37.8,1024.99,67.1,476.53,0.601,1
30.4,44.7,1029.87,88.4,452.0,0.818,1
33.7,67.2,997.52,84.3,445.26,0.852,1
21.6,37.4,1017.7,63.5,480.33,0.567,0
10.8,32.2,1020.71,52.5,501.57,0.364,0
28.1,46.9,1029.33,26.2,470.78,0.507,0
11.5,33.2,1028.45,39.8,509.74,0.304,0
29.8,40.1,1001.37,70.4,464.62,0.714,1
25.6,47.0,1030.8,69.3,465.99,0.662,1
34.0,38.6,1032.11,61.0,462.04,0.727,1
29.6,43.6,1005.53,95.4,459.15,0.823,1
3.6,38.6,994.8,69.2,515.17,0.325,0
16.9,35.6,996.94,73.9,482.94,0.553,0
21.0,62.9,997.92,31.7,476.63,0.44,0
27.0,73.2,1032.3,40.2,469.2,0.554,0
18.2,45.6,1009.35,96.8,474.4,0.675,1
34.2,74.2,1029.04,78.1,441.05,0.84,1
25.2,66.1,1030.18,40.4,474.82,0.524,0
32.6,64.2,1002.9,47.2,454.47,0.672,1
14.6,26.4,998.08,74.7,495.35,0.506,0
19.6,44.7,1015.07,58.2,478.95,0.526,0
14.0,80.6,1021.21,29.3,485.02,0.339,0
6.8,66.3,994.74,38.5,499.28,0.269,0
3.9,41.3,1002.9,43.2,519.97,0.215,0
20.3,67.5,1005.81,69.0,475.08,0.586,0
10.9,50.0,1004.81,93.6,493.47,0.546,0
6.7,25.9,1004.7,55.8,505.99,0.323,0
5.3,78.4,1013.93,61.5,500.97,0.342,0
9.2,31.3,1002.77,31.4,514.44,0.236,0
17.2,66.9,1032.63,94.3,474.06,0.655,1
34.9,74.7,1016.14,26.7,455.25,0.613,1
3.5,73.7,996.44,31.8,510.72,0.184,0
22.0,59.1,992.2,66.8,471.85,0.602,1
24.1,43.3,993.34,63.5,459.3,0.635,1
16.2,42.1,1010.55,96.6,483.74,0.634,1
36.3,50.1,999.47,87.1,447.34,0.886,1
10.0,57.2,1009.83,76.5,498.28,0.458,0
29.1,31.8,1000.46,77.1,465.03,0.733,1
32.3,71.3,997.92,51.0,449.1,0.695,1
19.2,27.6,1000.95,67.0,485.41,0.544,0
14.0,34.7,1022.29,42.4,505.69,0.35,0
31.9,67.4,1015.34,75.5,447.15,0.792,1
22.0,43.4,996.99,52.0,479.26,0.527,0
24.8,38.1,1022.67,87.6,466.13,0.727,1
26.8,74.8,1020.96,70.4,458.99,0.694,1
16.5,35.2,1032.24,82.6,490.38,0.568,0
17.8,29.7,1027.32,73.2,487.85,0.549,0
29.8,50.6,1018.97,26.6,465.52,0.538,0
19.5,79.8,1017.83,69.3,471.53,0.585,0
11.0,44.9,1029.43,68.7,499.32,0.435,0
4.4,55.9,1022.03,92.5,503.28,0.451,0
13.1,73.8,1007.61,89.5,481.39,0.577,0
9.7,57.1,1019.62,44.1,512.87,0.296,0
22.2,40.6,1011.03,92.6,472.08,0.706,1
7.9,77.8,1026.26,83.0,487.38,0.483,0
29.5,49.1,994.62,74.6,453.26,0.751,1
18.5,71.6,1009.97,58.9,473.7,0.529,0
20.4,72.7,1019.92,74.9,473.62,0.613,1
6.5,64.1,1029.96,44.9,510.32,0.27,0
31.6,50.1,1000.74,57.5,455.32,0.701,1
11.1,43.3,1013.97,99.3,493.85,0.57,0
20.1,54.7,1016.21,50.3,484.73,0.489,0
32.3,30.9,995.51,88.2,446.54,0.849,1
8.3,62.1,1032.91,91.4,493.38,0.509,0
6.3,58.6,1028.43,55.0,508.57,0.311,0
27.4,76.7,1029.13,54.3,464.59,0.624,1
26.8,37.6,994.16,30.1,478.92,0.492,0
25.6,57.2,1010.03,40.6,472.63,0.534,0
6.6,75.9,1013.84,61.5,499.31,0.359,0
32.2,66.7,1030.47,29.0,470.44,0.563,0
32.0,38.4,1023.2,76.8,459.58,0.774,1
30.6,30.7,1007.31,34.7,470.8,0.569,0
9.8,38.4,1003.52,59.8,501.56,0.381,0
11.1,67.8,1027.21,63.8,492.69,0.43,0
26.4,68.8,1002.12,62.0,469.51,0.635,1
7.0,45.6,1021.76,97.5,500.83,0.504,0
34.4,60.3,1002.57,60.7,448.79,0.757,1
2.7,76.6,994.53,79.6,504.04,0.38,0
20.2,33.0,1020.13,75.3,476.89,0.605,1
33.1,62.5,997.17,70.1,453.62,0.771,1
23.8,37.4,1026.09,60.8,473.51,0.593,0
27.7,39.3,1006.61,35.6,478.06,0.526,0
27.5,81.1,1023.47,58.6,453.84,0.664,1
19.0,39.6,1012.72,60.2,475.61,0.536,0
7.9,46.8,1021.93,83.0,506.32,0.445,0
23.0,33.6,1013.05,84.2,469.74,0.686,1
8.4,61.1,1024.4,87.0,498.13,0.482,0
25.0,53.1,992.66,42.9,472.57,0.537,0
11.4,56.5,1003.65,71.2,494.59,0.458,0
24.4,33.5,1017.78,56.9,478.36,0.575,0
21.0,50.3,997.0,98.9,470.98,0.721,1
6.3,60.0,1006.84,52.7,496.76,0.325,0
19.1,27.5,1021.17,58.5,481.4,0.518,0
35.9,37.7,1008.04,35.6,457.29,0.656,1
4.5,56.7,1018.21,34.2,522.09,0.182,0
35.0,51.0,997.15,42.3,446.41,0.695,1
29.0,40.5,1012.36,83.0,462.23,0.762,1
25.9,44.3,994.4,64.6,470.75,0.637,1
34.8,55.4,1020.69,43.0,453.41,0.681,1
22.6,38.6,1028.1,37.0,484.84,0.462,0
33.9,67.8,1014.48,42.2,453.96,0.667,1
28.3,38.4,993.93,68.1,457.61,0.704,1
13.4,27.2,1016.75,74.5,493.9,0.495,0
27.9,63.9,1016.17,36.5,464.25,0.56,0
27.9,78.0,1020.82,98.7,452.94,0.831,1
30.8,25.9,1017.7,34.8,463.02,0.586,0
29.8,77.5,1000.26,78.0,458.52,0.758,1
18.4,47.4,998.63,98.0,477.68,0.676,1
18.5,77.3,1012.64,73.8,470.26,0.595,0
33.7,71.7,1028.92,99.8,435.25,0.934,1
21.6,52.0,1027.16,58.0,476.57,0.552,0
29.5,64.1,1019.72,97.6,457.49,0.834,1
32.8,62.9,1010.53,34.2,450.2,0.631,1
12.6,66.6,1021.84,76.6,491.83,0.499,0
33.9,65.3,1001.6,48.0,452.26,0.694,1
31.6,37.9,1020.47,45.7,460.75,0.643,1
34.0,58.2,1028.68,83.9,450.83,0.842,1
21.0,51.2,1009.15,93.3,475.18,0.69,1
7.4,71.4,1025.86,99.3,487.32,0.543,0
17.3,62.5,1012.81,56.0,476.87,0.497,0
6.1,76.8,1012.33,54.2,498.46,0.326,0
7.8,71.8,1019.71,43.8,506.66,0.286,0
18.7,36.9,1030.24,44.0,492.49,0.434,0
5.9,32.1,1016.09,64.1,510.33,0.339,0
27.8,70.1,1031.89,82.1,455.41,0.758,1
20.0,53.7,1002.76,96.4,472.57,0.697,1
28.8,45.8,1029.72,36.5,467.7,0.562,0
13.7,26.7,1005.64,56.4,497.71,0.418,0
17.3,58.8,1015.37,37.2,486.04,0.404,0
30.7,62.6,1006.97,28.7,465.8,0.555,0
13.8,72.4,1007.43,39.6,489.41,0.369,0
21.6,59.2,1025.15,61.4,477.02,0.565,0
17.1,29.1,993.1,84.4,489.05,0.585,0
34.7,33.7,1030.51,76.3,457.76,0.805,1
24.5,48.6,1009.86,97.9,464.91,0.767,1
35.0,38.0,1002.19,35.3,458.06,0.643,1
35.5,51.1,999.89,62.4,454.01,0.765,1
11.6,74.4,1031.32,91.3,485.15,0.561,0
29.8,78.1,1017.2,89.4,449.45,0.821,1
12.6,52.8,1007.62,61.1,495.84,0.429,0
10.8,54.8,1010.38,32.3,495.79,0.294,0
17.5,28.7,1013.42,30.9,499.76,0.354,0
13.5,71.6,1024.86,93.2,485.07,0.589,0
1.9,65.5,1027.28,43.0,517.92,0.197,0
11.4,51.5,1027.92,91.5,495.55,0.538,0
15.8,25.9,1016.39,78.4,486.84,0.551,0
4.2,80.9,994.5,96.9,495.63,0.482,0
4.6,53.6,1011.0,81.3,500.73,0.413,0
36.1,80.0,1013.06,85.0,439.88,0.89,1
35.3,66.8,1004.27,79.6,448.1,0.844,1
7.0,36.2,1005.83,72.0,498.91,0.405,0
23.7,35.0,997.93,68.6,478.14,0.614,1
36.8,56.3,997.76,29.3,455.66,0.643,1
21.4,42.3,1025.97,63.4,484.89,0.556,0
2.4,38.7,1013.71,35.3,519.85,0.167,0
27.3,70.0,1025.35,97.9,453.63,0.819,1
19.4,43.1,1019.28,66.5,487.63,0.54,0
36.8,32.5,1032.97,91.5,445.33,0.914,1
28.8,50.6,1019.27,27.7,467.33,0.528,0
21.5,79.5,993.12,91.9,465.81,0.708,1
11.1,67.6,1014.06,67.2,497.33,0.434,0
23.8,29.8,1024.63,82.8,477.96,0.673,1
4.5,37.7,1021.72,32.2,515.42,0.187,0
4.0,67.6,1030.3,97.5,505.46,0.462,0
16.7,80.4,1009.68,84.0,477.95,0.601,1
28.4,37.0,1000.7,27.8,471.92,0.514,0
11.1,48.7,1027.19,96.2,488.0,0.569,0
10.7,77.8,1011.43,66.5,489.4,0.443,0
24.2,30.1,1004.98,63.2,481.72,0.591,0
4.5,78.0,1009.66,93.4,494.04,0.474,0
10.1,74.9,1020.59,33.2,491.74,0.299,0
28.1,61.1,1020.62,83.4,451.73,0.774,1
30.6,74.6,1017.3,51.7,465.08,0.647,1
28.6,69.7,1014.35,60.7,465.4,0.661,1
7.3,79.5,1014.88,58.1,498.0,0.356,0
9.3,35.9,1021.32,60.2,508.81,0.364,0
13.7,63.7,994.51,39.0,491.91,0.36,0
30.7,32.2,1012.97,68.5,459.65,0.726,1
4.6,58.2,1005.67,54.9,509.67,0.29,0
9.7,52.2,1031.96,97.5,493.05,0.549,0
16.7,75.0,999.52,56.3,475.99,0.494,0
10.4,71.8,1006.54,56.7,491.65,0.396,0
35.7,50.2,1015.13,50.7,453.09,0.723,1
18.1,68.1,1008.12,96.3,475.04,0.671,1
9.8,65.3,1016.87,66.4,489.19,0.433,0
4.4,34.3,1031.88,25.7,520.55,0.15,0
35.5,45.7,1029.16,74.8,443.07,0.837,1
13.6,76.0,994.26,27.3,493.7,0.309,0
16.5,55.6,1008.09,67.0,484.76,0.517,0
10.3,52.9,994.4,36.9,504.52,0.29,0
4.4,59.2,1032.71,32.8,519.58,0.18,0
16.5,26.5,1013.24,37.8,491.75,0.386,0
2.0,51.8,1006.48,41.4,513.57,0.201,0
25.6,76.9,993.27,64.9,461.2,0.654,1
20.8,70.5,1018.26,45.6,477.04,0.493,0
4.1,68.1,1031.15,31.2,512.18,0.185,0
19.0,32.7,1008.6,87.4,482.18,0.631,1
31.6,46.7,1014.43,93.6,446.7,0.862,1
22.2,69.7,1003.04,46.5,475.26,0.516,0
30.7,44.6,1017.01,40.6,456.22,0.621,1
26.9,77.6,995.75,56.9,464.94,0.628,1
13.7,76.7,1020.04,28.3,490.21,0.32,0
8.4,72.7,1028.39,52.4,494.16,0.352,0
8.2,67.2,996.86,55.7,494.57,0.363,0
16.9,56.1,1032.18,78.2,488.71,0.558,0
36.0,55.1,1025.5,61.3,447.63,0.779,1
8.0,27.2,1019.24,46.4,517.39,0.277,0
6.2,67.2,1024.54,91.0,499.67,0.472,0
32.7,45.7,999.99,77.0,454.4,0.792,1
18.9,27.5,1021.54,72.8,488.29,0.56,0
19.9,60.6,996.22,89.3,478.5,0.655,1
21.5,67.1,1007.68,87.8,472.13,0.679,1
28.3,79.8,995.46,88.0,449.52,0.799,1
9.9,33.0,997.81,67.7,503.59,0.41,0
21.9,43.4,1026.06,54.6,476.96,0.542,0
3.8,64.9,1005.09,87.6,503.42,0.425,0
14.0,32.6,1005.69,55.6,497.47,0.418,0
20.9,45.7,1005.75,82.7,477.06,0.643,1
5.0,50.0,1024.14,31.7,519.95,0.181,0
16.6,62.1,1015.69,26.4,493.49,0.338,0
35.3,40.5,1031.2,31.0,467.43,0.61,1
3.9,52.2,997.89,99.9,499.14,0.484,0
27.1,58.0,1007.51,74.5,469.51,0.692,1
13.9,39.0,997.28,77.8,493.79,0.514,0
4.0,42.8,1020.31,66.7,509.75,0.331,0
15.0,39.6,1008.4,52.8,494.08,0.425,0
24.9,78.3,1001.47,60.2,459.46,0.631,1
13.6,57.0,1026.44,82.7,488.89,0.54,0
26.9,58.8,1029.04,42.3,470.93,0.558,0
25.8,28.9,1029.78,91.9,470.94,0.744,1
29.4,50.2,1013.53,48.6,460.32,0.632,1
13.3,65.9,1011.76,31.6,496.4,0.317,0
17.6,45.6,1001.52,98.0,482.28,0.657,1
9.4,34.7,1001.63,75.2,505.4,0.432,0
15.2,52.8,1026.1,47.0,492.93,0.407,0
32.7,28.2,1018.2,84.7,457.7,0.817,1
10.5,74.8,1018.24,59.9,499.11,0.395,0
24.1,78.1,1027.61,75.5,458.39,0.686,1
32.9,65.8,1010.77,87.4,445.33,0.854,1
13.9,37.9,1029.64,28.0,498.47,0.305,0
1.8,57.1,1031.44,78.1,511.23,0.35,0
5.9,26.8,1022.79,27.3,521.84,0.169,0
13.8,74.5,1023.99,37.7,489.58,0.361,0
4.0,25.8,999.31,47.6,516.01,0.242,0
7.9,33.7,1030.13,81.8,499.61,0.453,0
19.6,62.9,1014.05,32.8,489.92,0.404,0
8.8,55.7,1015.58,49.0,504.1,0.323,0
21.2,70.4,1000.09,37.6,478.27,0.463,0
12.2,39.7,1022.01,85.2,496.28,0.52,0
4.8,32.3,1032.74,92.4,512.77,0.436,0
12.5,76.3,1029.82,36.1,492.46,0.335,0
18.0,32.3,992.74,34.0,487.32,0.396,0
25.1,43.8,1024.2,98.6,461.52,0.782,1
24.6,63.9,1009.59,54.9,473.74,0.578,0
15.5,76.0,994.67,76.0,485.48,0.541,0
17.8,50.3,1004.5,86.7,474.85,0.629,1
24.9,51.7,1005.93,48.7,473.27,0.557,0
7.6,48.9,1018.13,70.9,497.74,0.41,0
11.2,36.7,1022.27,94.6,505.32,0.529,0
23.4,69.6,1009.4,48.7,473.19,0.541,0
35.1,55.3,1031.9,74.9,440.25,0.839,1
13.8,47.5,1010.51,81.0,478.69,0.556,0
5.2,66.8,1030.45,84.3,512.76,0.408,0
14.3,78.4,1014.4,84.5,486.67,0.559,0
15.8,34.8,1018.94,68.0,486.68,0.509,0
29.4,59.9,1025.91,55.0,454.89,0.668,1
27.2,78.7,1000.62,78.5,449.86,0.749,1
8.2,28.1,1003.99,35.3,510.82,0.248,0
14.6,61.6,1027.43,65.7,491.45,0.478,0
18.1,70.0,1006.24,84.2,471.35,0.63,1
27.3,40.3,1014.09,25.9,473.09,0.493,0
4.3,52.5,992.58,58.4,515.16,0.29,0
16.4,80.3,992.89,44.2,487.89,0.418,0
36.6,29.1,997.85,75.2,448.78,0.839,1
15.5,73.3,1020.39,28.2,484.15,0.352,0
14.3,73.4,996.57,62.1,489.06,0.465,0
3.6,39.9,1015.18,38.9,514.95,0.205,0
10.1,74.4,1002.14,43.0,495.27,0.331,0
33.6,71.4,1026.97,84.5,448.01,0.845,1
10.1,38.2,1011.41,90.9,488.97,0.535,0
10.6,69.1,1024.61,87.4,491.57,0.521,0
7.4,33.4,1023.7,87.9,512.38,0.447,0
31.1,62.7,1012.47,90.0,449.9,0.837,1
15.3,69.5,1022.6,69.7,480.14,0.524,0
3.2,28.1,1026.75,99.0,512.4,0.445,0
28.4,61.2,996.33,77.9,454.51,0.75,1
33.6,73.2,1018.53,80.9,443.71,0.84,1
16.3,72.5,1014.54,66.7,484.29,0.515,0
30.5,78.8,1014.42,57.3,456.94,0.685,1
3.8,38.5,1009.41,65.9,514.37,0.316,0
30.8,33.8,992.81,35.7,475.49,0.565,0
17.5,77.9,997.46,78.6,469.18,0.605,1
9.5,65.4,1019.91,89.0,493.57,0.512,0
7.3,71.9,1008.76,98.0,495.33,0.52,0
29.0,31.6,996.47,97.8,456.29,0.832,1
10.6,52.7,1023.47,71.2,501.38,0.437,0
35.7,56.0,1032.86,59.0,453.9,0.754,1
6.9,28.8,1005.28,62.5,512.37,0.34,0
32.5,40.4,994.79,68.2,457.15,0.749,1
2.2,48.5,1000.36,95.1,521.06,0.402,0
26.5,74.8,1012.79,25.7,469.23,0.491,0
3.6,78.8,1016.0,89.3,505.42,0.425,0
35.7,49.7,1017.35,77.4,445.46,0.845,1
22.7,56.0,1007.19,67.0,473.53,0.606,1
16.0,45.9,1012.94,28.0,488.7,0.348,0
23.8,37.6,1031.84,77.1,473.71,0.659,1
31.8,27.2,995.67,98.6,448.28,0.882,1
19.0,57.3,1020.12,36.2,490.44,0.409,0
21.3,38.6,1017.27,34.5,488.07,0.433,0
11.8,37.9,1013.54,98.4,493.62,0.573,0
12.4,53.2,1032.53,86.4,491.86,0.536,0
19.0,70.4,1014.88,32.8,482.5,0.412,0
19.7,33.8,992.29,87.7,479.5,0.645,1
15.6,74.0,1011.42,32.6,488.42,0.362,0
15.2,28.0,1026.28,86.0,483.93,0.58,0
3.3,61.2,1007.23,32.4,508.24,0.189,0
35.1,35.3,1003.82,41.2,451.13,0.682,1
3.4,70.9,999.81,55.5,511.78,0.275,0
4.5,42.8,994.7,33.0,512.96,0.195,0
24.6,67.9,1000.4,89.0,457.74,0.747,1
10.9,75.7,1006.66,39.3,493.59,0.328,0
5.8,37.3,1020.17,48.3,513.9,0.268,0
36.5,28.2,1012.56,71.5,451.09,0.818,1
34.9,41.0,994.63,48.2,453.35,0.704,1
9.4,42.0,1006.35,40.2,499.19,0.304,0
14.7,67.3,996.91,71.9,487.8,0.511,0
5.7,53.4,1021.8,28.7,509.89,0.197,0
17.2,81.3,1020.16,91.3,479.28,0.632,1
19.7,58.0,1028.11,59.6,484.18,0.523,0
29.3,73.7,996.77,97.4,444.45,0.857,1
22.5,81.2,1018.81,57.9,460.86,0.593,0
30.3,72.5,1021.64,38.7,461.39,0.6,0
18.8,42.3,1029.2,29.7,498.0,0.366,0
18.7,47.7,1021.74,51.4,486.13,0.476,0
34.3,53.6,1016.64,87.6,447.29,0.867,1
25.2,43.8,996.6,78.7,468.69,0.69,1
16.5,64.5,1021.0,59.3,480.18,0.496,0
19.3,36.6,1022.73,28.6,499.47,0.364,0
18.6,28.2,1012.73,29.6,488.78,0.382,0
8.3,30.3,1022.3,59.2,504.02,0.359,0
15.5,57.2,1016.84,87.2,479.56,0.597,0
11.2,70.8,1028.29,52.7,490.99,0.39,0
30.6,46.4,1003.63,27.4,466.63,0.547,0
27.9,44.0,1031.9,43.0,463.38,0.587,0
33.3,56.3,1032.1,97.3,438.58,0.912,1
18.1,79.9,1005.02,31.0,478.92,0.402,0
26.8,70.1,1010.02,66.2,462.35,0.67,1
21.9,26.5,993.82,59.9,482.73,0.551,0
12.8,81.0,998.43,26.2,490.73,0.302,0
16.2,64.7,996.79,99.1,480.09,0.652,1
18.9,58.1,1030.88,71.7,481.26,0.568,0
15.3,56.0,1029.28,95.4,477.34,0.632,1
29.2,59.2,1023.26,54.3,457.27,0.658,1
13.8,48.5,1019.49,75.8,491.2,0.51,0
29.7,37.1,1027.1,85.5,450.62,0.801,1
19.8,40.3,1002.86,94.7,476.92,0.679,1
5.2,31.4,1016.9,73.1,507.71,0.373,0
29.8,36.7,1024.87,95.9,455.77,0.834,1
11.1,32.1,1027.94,33.4,504.1,0.286,0
10.6,63.4,994.36,26.2,506.68,0.246,0
9.9,64.6,1006.96,88.0,492.48,0.515,0
35.9,80.2,992.78,96.1,436.01,0.94,1
35.9,76.8,1010.52,69.4,441.84,0.822,1
3.8,47.1,1008.39,43.1,520.6,0.212,0
35.0,41.6,1010.23,68.7,449.6,0.794,1
20.5,71.6,1023.29,83.6,472.9,0.65,1
4.1,46.0,1012.82,50.0,507.32,0.27,0
28.9,42.7,994.75,49.1,462.36,0.624,1
7.0,38.9,1031.25,49.5,510.46,0.293,0
27.7,52.4,1031.66,79.5,465.24,0.727,1
25.3,58.1,992.91,26.9,474.52,0.472,0
25.4,69.6,1009.13,38.1,468.57,0.529,0
29.9,53.8,996.17,97.2,454.31,0.844,1
15.6,63.7,995.65,75.6,485.96,0.539,0
33.6,57.1,998.93,97.8,441.75,0.911,1
16.9,72.9,1005.04,29.1,485.09,0.369,0
17.6,37.6,1019.13,27.3,497.15,0.345,0
13.8,52.6,993.69,70.3,486.33,0.498,0
12.6,74.4,1019.01,57.2,491.48,0.422,0
32.6,31.9,1026.26,84.1,460.68,0.807,1
3.0,51.1,1019.82,96.5,505.7,0.447,0
3.3,63.9,1002.77,76.4,509.55,0.362,0
36.3,33.0,1029.41,98.2,445.48,0.934,1
9.1,43.7,998.94,96.3,497.29,0.529,0
5.1,65.5,1022.69,82.0,498.66,0.426,0
16.4,77.6,1026.79,89.9,468.12,0.641,1
1.8,69.0,1004.2,57.9,515.19,0.261,0
32.2,30.5,1011.92,63.8,452.58,0.738,1
36.0,50.4,998.41,70.4,440.21,0.83,1
16.3,52.2,1013.42,75.2,486.13,0.545,0
31.7,42.1,1007.79,89.5,456.34,0.828,1
32.1,70.2,1025.38,91.8,447.16,0.859,1
12.0,74.2,1002.76,83.7,484.67,0.536,0
5.6,72.9,1014.33,76.1,497.14,0.411,0
27.9,75.6,1029.41,30.8,465.14,0.534,0
2.7,70.2,1009.28,97.9,503.29,0.454,0
13.4,49.3,1002.9,84.4,493.67,0.535,0
21.7,36.1,1002.11,86.0,475.02,0.669,1
8.7,66.7,1031.45,36.9,496.96,0.288,0
36.9,54.2,998.9,38.2,448.28,0.695,1
33.3,65.9,1023.05,78.9,446.73,0.822,1
29.7,66.7,1009.59,96.3,445.24,0.856,1
7.7,54.1,1009.14,44.1,510.56,0.278,0
2.7,25.9,999.96,27.4,524.38,0.13,0
8.6,29.0,1002.43,64.9,505.86,0.381,0
35.6,74.7,1011.62,81.9,438.43,0.876,1
25.8,80.0,1024.01,80.6,460.53,0.72,1
4.2,67.2,1007.9,82.8,504.66,0.407,0
5.7,59.3,996.84,94.7,502.14,0.476,0
27.1,42.2,1014.29,41.2,469.0,0.56,0
30.7,26.0,1028.82,39.4,469.62,0.591,0
13.7,57.0,1002.46,94.1,482.28,0.599,0
20.4,28.6,1015.0,72.6,483.2,0.584,0
4.8,62.2,994.02,33.9,508.74,0.21,0
27.8,55.0,1029.59,55.6,464.94,0.633,1
2.6,74.4,1013.33,52.0,515.32,0.246,0
22.0,57.8,1014.25,88.1,474.27,0.681,1
17.1,74.4,996.18,85.5,478.21,0.611,1
31.0,73.4,992.68,45.3,451.53,0.653,1
5.3,43.2,1030.46,85.8,509.41,0.421,0
36.7,80.3,994.05,89.3,433.85,0.926,1
8.9,32.5,1031.55,49.7,506.11,0.323,0
24.1,46.0,1014.09,93.0,469.7,0.733,1
9.3,34.7,1023.74,90.4,495.64,0.511,0
12.8,45.0,1029.94,98.1,493.52,0.583,0
25.5,72.9,992.68,56.2,464.51,0.611,1
15.0,49.6,1021.86,36.4,494.57,0.359,0
21.1,52.1,1003.2,74.6,477.99,0.61,1
14.7,61.9,1005.79,54.8,493.66,0.431,0
34.6,57.8,1027.89,63.2,451.19,0.764,1
28.6,27.3,993.71,28.5,467.15,0.528,0
26.4,61.0,1032.42,50.1,471.18,0.583,0
28.1,52.8,1016.66,36.3,474.62,0.54,0
12.8,44.1,1026.46,56.2,495.62,0.412,0
27.7,80.1,1008.43,28.3,463.07,0.526,0
33.8,25.6,1006.51,69.0,457.54,0.766,1
26.7,47.1,1028.7,29.1,469.58,0.506,0
35.4,35.5,1027.73,27.4,457.81,0.617,1
5.6,72.0,1008.44,75.9,491.91,0.42,0
32.4,41.7,1018.54,88.8,456.28,0.834,1
21.1,78.9,992.54,52.5,475.59,0.527,0
11.2,78.2,1031.53,43.9,488.99,0.359,0
19.4,72.4,1031.76,75.6,475.81,0.6,0
16.8,79.0,1013.26,40.4,486.43,0.411,0
28.7,51.0,1023.43,73.9,459.57,0.727,1
14.4,29.1,1017.42,93.6,495.14,0.58,0
17.7,48.7,1029.16,64.8,482.44,0.526,0
4.3,62.4,1015.76,94.8,500.21,0.465,0
7.8,76.3,1001.87,49.1,494.34,0.333,0
24.8,81.4,1010.92,51.7,458.6,0.597,0
26.8,73.5,1000.24,32.0,460.83,0.536,0
9.7,56.4,1014.55,30.6,501.33,0.265,0
18.6,51.2,1002.19,39.2,489.09,0.419,0
17.4,75.0,1006.35,37.8,487.84,0.404,0
3.7,67.9,1000.58,43.5,508.46,0.237,0
21.6,55.1,1007.67,29.9,483.51,0.427,0
2.3,70.9,1008.14,82.0,502.85,0.387,0
15.2,46.4,1020.0,47.5,498.42,0.398,0
18.1,45.6,1009.08,53.4,491.81,0.465,0
36.8,74.6,1016.76,77.2,435.12,0.877,1
31.2,31.5,993.93,68.5,458.93,0.733,1
20.3,67.6,992.48,90.5,475.84,0.67,1
35.0,41.3,1018.63,98.1,449.49,0.912,1
21.3,43.6,994.16,73.6,474.74,0.615,1
24.1,69.9,1027.21,42.1,473.27,0.522,0
29.4,26.8,1003.68,71.4,469.48,0.705,1
10.1,69.4,1031.03,86.6,493.07,0.51,0
17.8,51.4,995.94,51.9,485.76,0.469,0
7.3,49.5,1028.95,47.1,513.68,0.28,0
14.2,27.3,995.88,50.6,498.2,0.4,0
18.9,73.9,999.09,99.9,469.16,0.706,1
33.5,52.3,1028.83,37.4,459.83,0.632,1
10.0,37.7,1025.68,34.1,509.45,0.266,0
2.2,71.4,996.96,73.7,513.89,0.331,0
2.0,31.9,1015.14,30.3,527.6,0.128,0
32.7,44.8,1007.82,59.2,457.83,0.715,1
32.3,56.5,1003.86,54.5,458.05,0.691,1
19.3,30.9,1005.44,39.7,488.41,0.43,0
15.1,49.5,1006.67,53.7,489.39,0.44,0
35.5,29.0,1027.36,61.1,446.93,0.775,1
12.7,29.6,1029.18,98.6,490.64,0.591,0
22.2,70.3,1026.11,37.1,481.87,0.464,0
21.2,29.0,1022.3,63.3,485.09,0.552,0
36.2,66.0,1028.61,70.3,438.12,0.837,1
27.8,67.2,1013.59,38.7,467.82,0.56,0
21.4,30.6,1007.37,90.4,476.06,0.68,1
12.8,49.8,1023.69,26.4,505.86,0.273,0
8.1,40.3,1012.5,75.2,503.19,0.422,0
13.1,76.6,1017.7,87.3,488.95,0.553,0
14.5,43.4,1011.22,72.6,491.93,0.503,0
24.3,78.1,1006.12,30.7,463.06,0.499,0
28.7,57.1,1005.21,27.2,466.01,0.527,0
27.8,69.6,1018.69,45.8,459.86,0.604,1
20.7,44.3,1020.9,46.8,486.99,0.477,0
34.6,53.0,1016.35,65.8,458.81,0.76,1
5.8,46.6,1003.24,52.8,512.32,0.29,0
15.2,70.2,1008.42,62.5,493.73,0.466,0
24.4,76.6,1029.09,87.7,465.13,0.725,1
34.2,54.1,1030.99,66.6,445.84,0.784,1
6.0,34.7,1018.86,99.9,499.34,0.506,0
11.0,39.3,1002.44,45.9,503.81,0.335,0
23.4,49.6,1027.84,91.2,472.39,0.713,1
18.5,63.1,994.8,39.3,486.74,0.423,0
24.7,79.3,1026.81,54.8,464.85,0.597,0
4.4,80.9,993.51,78.3,503.43,0.394,0
12.3,62.4,992.03,79.1,487.45,0.514,0
26.5,78.9,996.89,45.6,465.37,0.578,0
22.7,45.0,1021.55,88.0,467.16,0.703,1
23.9,52.9,1006.59,68.4,470.27,0.631,1
10.9,29.8,1029.8,54.1,504.82,0.365,0
21.0,57.3,1011.95,73.6,472.98,0.616,1
14.8,25.5,1015.15,87.8,496.86,0.558,0
26.9,48.4,1031.7,42.3,470.88,0.558,0
34.5,51.4,999.55,95.8,442.68,0.911,1
19.8,47.7,1023.05,83.3,479.63,0.628,1
7.7,26.2,1028.81,74.1,502.35,0.414,0
15.6,49.5,1031.03,50.7,486.84,0.438,0
2.5,41.6,1016.99,63.6,521.03,0.279,0
22.7,45.9,1010.01,95.4,473.92,0.72,1
28.2,57.0,1006.6,79.1,463.91,0.733,1
2.3,70.4,999.48,73.0,508.66,0.339,0
1.8,42.7,998.94,73.4,514.51,0.324,0
14.8,28.5,1002.92,66.3,494.4,0.476,0
3.2,43.9,999.08,62.6,509.74,0.306,0
18.5,40.2,1008.75,34.1,485.78,0.405,0
23.3,61.2,1032.54,63.3,470.78,0.603,1
33.0,54.3,1030.02,46.0,454.92,0.671,1
15.7,36.7,1030.01,38.6,499.19,0.365,0
26.8,75.8,1024.3,77.6,456.91,0.726,1
19.3,74.2,999.27,87.2,471.52,0.654,1
15.7,35.6,1018.0,36.8,501.85,0.354,0
6.7,48.1,1028.88,96.2,505.13,0.488,0
24.2,45.0,1024.66,46.7,469.27,0.55,0
5.5,77.8,1002.65,84.5,494.32,0.449,0
4.9,68.8,1021.4,67.1,498.38,0.365,0
6.3,52.7,998.25,55.2,511.94,0.305,0
19.5,47.6,1031.36,74.5,481.26,0.586,0
9.7,36.6,1012.07,66.7,496.23,0.419,0
10.0,36.9,1016.5,68.8,497.34,0.428,0
5.8,43.5,1018.02,45.8,510.98,0.263,0
20.6,57.6,1014.97,99.7,474.34,0.713,1
29.5,80.3,994.77,44.2,456.47,0.623,1
22.5,80.4,1010.12,72.9,469.73,0.635,1
10.3,33.5,1031.1,59.0,503.42,0.381,0
4.9,62.5,998.44,62.2,511.29,0.319,0
20.2,40.3,1013.38,45.9,482.42,0.477,0
29.2,68.1,999.43,82.3,453.68,0.777,1
33.8,72.6,996.22,79.8,441.1,0.843,1
22.8,58.0,1004.67,40.4,476.7,0.495,0
16.1,38.1,1012.67,75.2,490.6,0.534,0
23.8,39.3,1010.8,87.6,470.17,0.707,1
16.6,45.1,1003.78,80.5,486.63,0.569,0
26.3,80.7,998.99,68.2,457.99,0.682,1
30.5,66.2,1021.32,94.4,451.92,0.844,1
8.6,33.8,1003.41,35.4,504.34,0.266,0
21.5,49.5,1004.54,56.6,480.47,0.538,0
2.6,38.7,997.41,71.3,512.29,0.329,0
26.2,55.5,1027.22,69.4,466.14,0.668,1
36.4,27.0,999.11,79.1,455.68,0.839,1
17.5,70.1,1012.56,31.3,486.57,0.381,0
10.6,58.9,1030.73,55.2,491.22,0.393,0
12.0,43.9,1028.11,77.4,497.82,0.484,0
23.8,74.1,1000.04,35.7,471.0,0.498,0
17.2,53.0,1009.35,99.7,479.06,0.667,1
34.0,28.0,1005.99,63.5,449.5,0.762,1
26.9,62.8,1026.43,75.9,455.2,0.724,1
14.2,62.6,1024.84,89.5,484.88,0.582,0
26.0,53.2,1031.01,60.6,470.45,0.623,1
17.5,36.4,1014.81,50.0,488.94,0.451,0
4.7,40.0,1029.27,59.3,517.8,0.293,0
33.5,54.5,1007.08,99.7,447.25,0.907,1
17.1,69.6,1025.69,66.7,479.65,0.533,0
32.7,53.9,1017.64,56.3,456.17,0.706,1
33.3,78.4,1021.44,87.5,441.5,0.866,1
24.4,58.3,992.27,66.1,470.46,0.627,1
36.9,26.8,1009.13,78.5,445.64,0.862,1
13.0,25.7,1016.34,72.0,501.12,0.466,0
13.4,62.6,997.31,76.8,486.29,0.52,0
15.8,68.3,997.08,27.4,494.83,0.331,0
30.2,34.0,1008.07,52.1,461.09,0.653,1
22.0,51.2,1021.74,31.9,471.01,0.464,0
26.4,77.7,1020.43,33.7,460.54,0.539,0
35.2,62.0,1003.46,92.8,440.76,0.91,1
36.2,40.4,1011.44,94.5,449.17,0.91,1
4.9,79.7,1017.06,98.5,493.57,0.5,0
28.8,36.0,1009.18,85.0,459.19,0.773,1
15.3,71.9,1010.74,75.0,478.93,0.547,0
34.0,55.1,1004.07,31.3,461.11,0.611,1
32.7,47.9,992.85,57.4,453.01,0.717,1
4.3,80.6,1003.61,44.1,506.27,0.25,0
19.6,30.2,1002.32,42.3,488.34,0.445,0
5.5,61.0,1030.94,55.4,503.13,0.315,0
18.6,43.6,1029.26,67.9,482.82,0.547,0
34.9,47.0,1026.11,83.5,451.64,0.848,1
12.9,79.5,1026.84,81.8,489.67,0.527,0
2.3,66.7,999.48,53.5,510.35,0.258,0
31.4,69.5,1009.92,33.5,458.9,0.596,0
10.7,73.4,1005.53,67.9,491.58,0.444,0
31.5,55.7,1022.86,84.5,456.3,0.806,1
28.6,78.2,1032.58,60.4,459.59,0.671,1
13.0,54.1,998.95,76.6,491.65,0.504,0
20.2,81.6,1023.03,71.8,465.56,0.614,1
35.6,56.7,1009.41,87.7,439.69,0.897,1
15.7,26.0,1006.77,36.6,502.87,0.35,0
17.7,41.8,1031.23,62.4,487.55,0.506,0
6.7,29.8,1002.97,63.3,508.48,0.348,0
16.8,59.9,1003.3,45.5,483.94,0.436,0
4.0,44.2,993.63,40.0,516.96,0.21,0
25.0,36.4,993.78,43.3,477.07,0.529,0
28.2,59.5,1026.73,82.8,461.92,0.753,1
18.9,26.2,1015.78,57.8,485.67,0.504,0
28.9,39.6,1010.39,43.8,473.31,0.582,0
4.8,61.5,1011.37,32.5,519.43,0.183,0
24.2,69.1,1018.86,74.8,467.19,0.666,1
28.4,49.6,1021.45,59.0,468.34,0.646,1
35.4,57.7,1011.47,93.9,445.87,0.907,1
28.2,79.6,1006.69,96.2,455.38,0.819,1
23.6,73.3,996.71,38.6,468.98,0.512,0
3.8,25.4,1024.03,45.4,513.61,0.236,0
8.8,37.4,1027.65,55.8,506.62,0.345,0
26.6,65.2,1021.43,27.1,473.46,0.489,0
26.9,38.0,1028.98,55.3,468.23,0.616,1
29.6,48.3,1008.19,87.8,455.95,0.799,1
18.4,61.1,1012.97,86.8,476.03,0.634,1
35.9,77.1,994.02,62.3,437.61,0.803,1
13.5,43.9,1028.16,62.1,499.06,0.436,0
29.2,66.1,996.09,43.5,460.3,0.61,1
12.9,26.8,999.68,87.6,492.96,0.545,0
10.9,43.2,998.09,64.6,501.1,0.414,0
6.9,48.9,1007.23,83.0,493.79,0.459,0
3.9,32.1,1015.62,89.2,511.76,0.415,0
20.0,48.7,1004.28,36.0,485.54,0.429,0
20.4,27.6,1003.32,78.9,478.83,0.618,1
26.9,71.4,992.48,45.5,463.21,0.587,0
21.3,67.0,997.37,44.3,473.71,0.5,0
30.2,62.4,1031.62,95.4,447.23,0.854,1
33.6,44.8,1006.55,95.8,445.49,0.895,1
11.8,72.7,1031.99,82.9,484.64,0.53,0
17.9,58.7,996.98,83.6,473.47,0.621,1
25.9,39.1,1023.77,95.1,463.17,0.774,1
33.4,74.5,1029.5,39.2,454.68,0.648,1
34.2,32.2,997.26,50.3,456.26,0.698,1
34.4,57.5,999.68,35.3,452.49,0.648,1
29.5,27.0,1032.82,35.2,474.09,0.552,0
17.5,37.7,1018.46,78.2,492.51,0.557,0
20.5,52.9,1004.67,43.6,482.83,0.47,0
17.6,52.5,1015.33,86.6,488.1,0.601,1
35.7,38.8,997.56,57.1,451.83,0.75,1
20.3,35.3,1019.59,33.3,489.65,0.414,0
4.3,76.4,1032.95,59.9,506.64,0.313,0
5.0,40.6,1000.95,84.1,508.44,0.414,0
4.4,40.9,1031.13,41.7,517.54,0.219,0
8.3,69.1,1016.46,68.3,497.37,0.408,0
15.2,67.8,1007.29,31.3,490.24,0.349,0
13.9,57.0,1014.84,82.8,490.18,0.541,0
15.8,77.4,1030.77,73.7,482.54,0.541,0
33.0,31.5,1016.58,50.4,463.62,0.672,1
25.7,58.2,1002.15,38.3,466.93,0.537,0
14.7,43.0,1000.53,82.8,485.48,0.56,0
15.1,49.7,1006.62,84.3,490.04,0.56,0
31.7,77.4,995.78,26.3,453.01,0.582,0
15.9,53.0,1016.05,33.9,503.85,0.34,0
2.0,47.5,1002.15,83.4,512.17,0.371,0
2.4,60.9,997.88,78.6,508.47,0.363,0
2.1,42.6,1021.61,33.4,523.18,0.149,0
11.5,56.7,1017.33,81.0,491.6,0.505,0
32.0,67.8,999.93,33.3,454.03,0.611,1
19.4,67.2,992.01,83.7,466.35,0.652,1
33.2,54.9,1010.43,65.5,457.14,0.747,1
2.4,30.5,994.88,38.6,522.53,0.175,0
20.2,46.9,1016.0,51.6,481.98,0.501,0
11.2,49.8,1014.15,55.8,495.52,0.394,0
4.7,58.5,998.52,48.4,513.7,0.257,0
22.7,55.1,1013.62,55.3,471.6,0.563,0
24.5,78.6,1027.22,40.2,470.91,0.524,0
2.1,57.1,1018.8,30.4,512.15,0.161,0
9.8,80.2,1021.85,86.0,484.89,0.521,0
5.0,68.3,996.21,56.4,501.48,0.317,0
26.6,51.1,1029.68,62.4,472.87,0.631,1
8.6,79.9,1025.87,54.7,495.33,0.361,0
21.2,38.4,1022.66,82.9,475.78,0.649,1
11.2,26.4,1022.59,41.5,502.36,0.322,0
3.8,59.0,1029.13,85.2,507.51,0.407,0
23.5,59.3,1029.63,89.4,467.04,0.718,1
26.0,39.1,1012.8,46.0,467.95,0.569,0
31.2,67.1,1006.04,75.2,460.21,0.757,1
28.6,45.1,997.57,55.9,458.77,0.656,1
6.1,61.7,1032.94,77.0,505.79,0.402,0
7.7,74.8,1016.78,55.5,499.75,0.345,0
30.3,80.4,997.8,27.4,451.07,0.576,0
13.9,59.6,1003.67,78.6,489.81,0.525,0
33.0,76.2,1006.98,56.5,450.6,0.722,1
9.9,35.1,1028.82,67.0,500.61,0.414,0
26.3,50.4,1023.03,38.0,470.5,0.536,0
16.2,68.1,1003.11,88.6,483.39,0.602,1
7.8,32.3,1002.02,33.6,519.57,0.22,0
28.2,74.1,1014.98,94.5,456.62,0.809,1
3.8,48.4,1023.09,82.2,515.44,0.379,0
22.6,33.5,1011.0,27.8,487.45,0.421,0
3.1,33.1,1012.04,48.1,526.75,0.213,0
25.5,58.0,1023.61,43.9,471.97,0.547,0
9.8,79.0,993.07,57.4,487.92,0.4,0
4.9,79.4,1013.38,81.9,503.97,0.413,0
15.3,69.1,1000.61,83.2,478.14,0.582,0
31.4,41.4,1004.52,99.5,454.53,0.869,1
19.8,52.3,1014.07,40.8,480.01,0.457,0
25.4,63.7,992.85,52.6,462.35,0.6,1
7.3,33.9,998.51,68.9,511.18,0.373,0
30.6,52.8,1013.64,81.2,454.02,0.787,1
15.5,26.0,997.73,70.7,496.2,0.498,0
14.6,59.6,1029.66,80.4,483.71,0.552,0
19.5,44.7,1009.88,98.9,473.61,0.699,1
12.5,43.0,1004.81,92.6,493.35,0.558,0
13.1,54.1,1017.97,26.1,492.97,0.3,0
22.2,54.1,1019.89,54.8,472.43,0.555,0
19.5,50.8,1027.1,92.8,477.5,0.667,1
12.4,55.7,1024.55,81.3,488.99,0.521,0
16.4,49.6,1026.46,97.4,484.73,0.638,1
13.4,33.2,999.02,88.9,489.04,0.562,0
20.7,59.8,994.41,65.5,480.08,0.566,0
6.6,74.5,1015.76,32.3,502.57,0.236,0
15.5,41.8,1031.75,79.8,485.88,0.555,0
12.8,66.6,1028.67,97.3,482.33,0.603,1
36.7,35.2,1009.99,32.4,460.27,0.646,1
27.1,25.4,1029.39,82.5,467.21,0.728,1
10.5,43.8,1026.46,86.6,504.44,0.491,0
37.0,29.4,1017.06,83.0,441.93,0.888,1
19.8,35.2,1000.51,28.5,488.83,0.39,0
19.1,40.3,998.47,94.0,474.65,0.673,1
28.8,49.0,1017.36,89.2,465.94,0.776,1
35.7,77.4,1004.88,28.1,440.13,0.658,1
10.1,25.5,1023.92,43.0,511.56,0.298,0
7.5,64.5,999.67,69.4,498.77,0.4,0
9.7,25.7,1007.38,50.3,511.18,0.324,0
34.6,71.1,1007.84,59.0,449.57,0.751,1
15.5,31.2,1020.12,32.6,499.33,0.339,0
24.1,71.5,999.96,75.1,463.16,0.675,1
13.2,57.0,1026.06,57.4,487.43,0.438,0
10.3,71.7,1029.18,48.1,502.63,0.339,0
17.7,39.5,992.77,53.8,483.7,0.479,0
12.4,73.1,1007.21,88.0,484.66,0.556,0
12.9,51.6,1032.7,95.4,486.58,0.588,0
33.5,63.7,1027.31,54.4,445.52,0.729,1
29.0,57.9,995.97,36.2,460.09,0.578,0
19.0,35.4,1025.34,72.0,485.4,0.562,0
9.5,37.5,1002.73,64.6,501.31,0.399,0
15.4,54.8,1018.41,41.5,494.23,0.384,0
15.4,27.7,1024.12,52.5,496.09,0.424,0
5.0,64.6,1016.64,51.4,508.48,0.282,0
32.1,51.1,1003.16,52.6,452.95,0.691,1
21.7,61.1,1031.93,48.0,477.32,0.512,0
22.8,66.6,992.18,41.6,470.08,0.513,0
20.7,78.1,1029.67,91.8,465.58,0.699,1
13.0,30.6,1030.82,40.1,508.69,0.323,0
24.4,32.0,1000.44,96.4,472.94,0.744,1
36.5,42.0,1015.36,85.0,437.72,0.899,1
18.5,66.5,1003.63,99.7,481.14,0.677,1
33.0,36.9,1027.43,34.9,457.0,0.622,1
3.6,51.7,995.1,35.2,512.49,0.195,0
4.0,69.3,1028.17,76.8,508.69,0.373,0
29.0,77.6,1014.94,92.2,446.08,0.83,1
13.3,48.8,1028.58,33.6,498.79,0.32,0
2.5,80.4,1023.1,28.4,515.78,0.149,0
26.0,43.8,1022.83,38.5,476.92,0.521,0
29.0,76.2,1007.14,98.2,452.0,0.843,1
8.7,57.9,997.15,45.6,508.21,0.3,0
29.3,53.4,1004.9,32.0,466.86,0.551,0
28.4,31.2,1000.94,33.8,464.7,0.553,0
20.4,63.8,1007.66,46.4,480.9,0.485,0
4.3,32.4,1000.28,81.6,499.4,0.414,0
9.4,53.2,1026.79,57.6,507.31,0.358,0
24.4,65.3,1027.08,48.8,469.84,0.56,0
32.2,68.6,1019.74,62.1,446.94,0.743,1
16.9,81.5,996.49,66.4,474.0,0.541,0
22.1,40.2,998.29,79.5,474.41,0.648,1
33.4,46.0,1005.28,98.6,446.98,0.901,1
6.9,36.9,997.19,40.8,513.16,0.251,0
36.3,38.5,996.69,31.1,456.32,0.645,1
28.8,49.0,999.61,31.4,467.39,0.543,0
18.8,49.9,995.48,51.6,475.35,0.499,0
29.0,53.4,1010.84,71.6,456.75,0.726,1
24.0,38.4,1016.64,81.0,471.41,0.681,1
13.5,38.2,1007.96,44.8,492.3,0.381,0
15.4,41.0,1022.83,27.2,503.97,0.308,0
6.2,28.3,1021.45,70.2,504.73,0.378,0
32.1,58.4,1010.7,35.8,452.0,0.626,1
11.7,41.0,1003.16,77.6,494.35,0.488,0
7.7,52.5,1020.42,33.9,514.33,0.231,0
7.0,33.1,1020.75,72.8,502.47,0.402,0
9.4,70.4,1006.4,41.4,503.4,0.3,0
12.9,41.8,1022.13,50.4,492.07,0.396,0
10.2,46.3,1028.47,62.2,493.17,0.413,0
33.3,48.7,1008.99,88.4,446.58,0.861,1
8.5,28.5,998.72,94.9,509.14,0.494,0
31.4,53.7,1017.73,71.5,457.86,0.749,1
18.0,80.2,1017.76,38.2,476.8,0.433,0
15.4,26.0,1014.74,47.8,494.6,0.409,0
8.9,58.3,1030.26,39.0,506.33,0.279,0
30.0,65.5,1031.8,28.3,464.05,0.549,0
21.1,45.9,1022.28,72.4,474.73,0.608,1
12.2,37.2,1025.8,56.3,495.47,0.406,0
30.8,58.0,1012.36,70.4,454.8,0.746,1
3.8,81.2,1028.98,27.7,508.4,0.175,0
31.7,38.2,995.4,62.3,468.13,0.696,1
27.9,77.0,1032.81,62.8,454.76,0.683,1
14.0,28.9,1031.24,55.0,505.42,0.4,0
32.2,70.9,1004.04,34.0,450.84,0.623,1
22.4,64.9,1024.27,98.4,462.54,0.75,1
8.8,51.7,1017.0,91.3,492.64,0.515,0
19.6,53.0,1015.13,52.1,478.85,0.502,0
17.9,43.1,1018.45,83.5,489.0,0.59,0
16.6,67.1,1027.65,32.2,487.67,0.373,0
36.8,52.4,997.04,62.5,443.85,0.801,1
8.0,49.5,1012.65,29.9,505.39,0.235,0
29.3,26.6,996.34,98.2,462.42,0.825,1
16.6,35.3,1029.98,46.4,491.47,0.423,0
36.7,46.6,1032.99,76.8,451.98,0.84,1
33.4,60.0,1020.55,95.2,445.45,0.891,1
10.4,55.4,1006.99,85.8,492.06,0.512,0
6.5,77.8,1001.19,87.4,498.84,0.462,0
7.0,43.9,1024.25,95.9,505.84,0.488,0
4.1,28.1,1017.93,97.2,515.69,0.442,0
9.6,32.9,1012.56,84.2,496.82,0.487,0
36.5,64.9,1014.77,85.9,437.01,0.904,1
30.7,70.2,1007.6,79.1,458.22,0.772,1
2.8,74.3,1028.37,47.1,513.38,0.232,0
11.9,40.6,996.81,55.1,495.41,0.398,0
2.6,48.1,1031.95,61.6,517.71,0.279,0
23.0,32.1,1018.08,65.1,482.52,0.584,0
9.8,45.4,1017.17,93.7,491.75,0.538,0
15.3,45.3,1018.28,74.2,488.02,0.526,0
2.7,49.5,999.02,94.3,510.51,0.425,0
8.4,54.7,1030.21,76.4,494.34,0.448,0
30.3,61.6,1015.06,81.9,457.37,0.78,1
5.4,79.9,1019.71,41.8,504.36,0.257,0
32.3,62.8,1026.7,64.3,451.18,0.744,1
13.9,80.4,1019.69,58.4,487.16,0.45,0
33.4,81.0,1021.37,41.0,448.37,0.668,1
2.3,47.2,1018.11,28.4,518.02,0.142,0
3.4,64.3,1021.7,75.1,501.62,0.374,0
33.8,37.8,995.41,53.5,462.46,0.695,1
13.2,36.9,1012.98,28.3,501.94,0.292,0
22.0,74.6,1005.35,44.8,476.32,0.505,0
14.2,69.1,1015.52,95.5,479.36,0.617,1
3.2,34.8,996.09,25.6,523.49,0.131,0
20.1,30.7,1006.38,53.5,483.59,0.504,0
6.6,81.0,1008.71,77.6,499.87,0.422,0
35.5,25.9,997.76,33.8,452.04,0.655,1
27.6,34.2,997.38,97.6,464.37,0.8,1
6.4,79.6,1016.43,98.7,493.71,0.517,0
4.3,43.1,1023.83,73.5,507.9,0.364,0
23.6,33.2,1019.6,83.3,470.7,0.687,1
22.5,47.3,1021.49,27.3,473.47,0.445,0
19.1,64.9,1018.02,63.6,472.26,0.557,0
37.0,56.7,1003.62,68.1,445.37,0.821,1
4.7,55.6,1029.97,75.2,501.27,0.389,0
2.8,81.3,1022.16,44.0,509.47,0.227,0
7.6,30.0,1005.08,82.9,512.28,0.43,0
20.5,62.1,1022.44,81.3,474.34,0.639,1
12.4,73.1,996.12,41.3,492.48,0.354,0
18.8,56.8,1007.72,40.4,475.47,0.454,0
30.6,56.1,1023.51,52.9,461.51,0.659,1
21.4,41.5,1013.34,61.2,479.49,0.557,0
16.1,61.3,1010.53,84.4,479.1,0.593,0
11.4,74.1,993.02,85.1,487.09,0.529,0
8.6,61.1,1002.81,48.0,506.53,0.312,0
4.6,43.5,992.95,90.9,510.49,0.432,0
33.2,53.4,995.41,83.8,444.44,0.845,1
10.7,32.2,993.67,64.9,499.07,0.417,0
3.5,72.5,1014.97,41.1,509.28,0.224,0
35.7,78.0,1032.99,55.6,436.98,0.774,1
19.6,50.4,1031.02,57.7,480.82,0.521,0
8.0,49.5,993.99,82.5,499.23,0.458,0
25.9,59.2,1019.34,79.9,466.62,0.707,1
7.1,31.3,1032.66,49.2,516.37,0.281,0
3.7,63.1,1016.45,35.7,516.67,0.189,0
19.8,65.1,1028.46,83.8,471.86,0.645,1
36.3,66.6,1023.42,36.6,452.68,0.673,1
12.1,36.1,1006.96,36.1,496.56,0.322,0
7.7,52.4,1025.67,86.0,502.37,0.462,0
3.6,51.8,1007.59,55.3,509.63,0.28,0
36.2,55.4,1006.79,37.5,455.0,0.672,1
33.1,44.2,1030.02,82.6,456.71,0.814,1
15.9,54.0,999.64,36.6,486.63,0.385,0
2.4,62.5,1001.1,35.0,520.63,0.165,0
24.3,49.0,1002.89,45.1,477.61,0.528,0
14.8,32.4,994.13,43.7,490.52,0.394,0
28.5,26.1,993.31,89.1,458.4,0.788,1
10.8,52.9,1002.28,63.2,498.47,0.413,0
13.6,26.8,1024.7,55.2,507.45,0.393,0
16.8,43.6,1017.82,47.0,484.55,0.44,0
9.7,65.1,999.51,62.1,490.36,0.413,0
14.3,58.1,1030.14,55.8,497.09,0.423,0
17.9,46.3,1018.24,41.5,491.22,0.417,0
13.8,73.2,1020.45,32.8,488.08,0.344,0
18.5,67.5,1020.18,54.7,485.11,0.488,0
33.4,65.8,1026.08,56.3,454.09,0.718,1
22.3,49.5,1013.18,45.4,474.59,0.513,0
10.4,28.0,1008.78,50.2,502.51,0.349,0
19.2,48.9,1031.71,49.1,482.81,0.478,0
24.9,66.1,997.79,37.6,468.33,0.523,0
6.4,79.9,1027.52,95.6,493.72,0.504,0
7.5,26.6,1013.4,62.3,508.77,0.353,0
12.7,74.5,1024.86,99.5,481.07,0.613,1
11.8,51.5,1003.19,54.7,499.46,0.387,0
18.0,34.7,1026.42,42.1,492.31,0.418,0
3.6,56.8,1030.36,28.3,514.48,0.164,0
32.2,65.6,996.88,50.1,448.38,0.692,1
6.8,79.4,1014.13,55.1,501.63,0.33,0
16.9,43.5,1026.07,84.5,476.33,0.608,1
29.4,50.9,1004.5,26.3,462.47,0.539,0
22.9,34.7,994.41,26.4,480.7,0.432,0
26.0,76.3,996.17,34.0,469.33,0.519,0
3.7,68.6,1007.29,87.6,507.05,0.417,0
1.9,36.3,1018.78,39.6,527.56,0.164,0
12.8,29.7,1009.73,60.4,494.6,0.431,0
14.0,27.3,992.62,68.2,499.03,0.466,0
29.3,69.8,1003.84,55.3,458.64,0.661,1
17.8,44.0,1005.03,30.3,492.29,0.369,0
14.5,48.6,1015.81,66.9,493.23,0.477,0
8.6,53.4,1007.04,60.2,499.67,0.374,0
29.6,74.4,1009.04,45.6,464.25,0.614,1
10.3,67.2,1032.37,35.4,503.39,0.286,0
26.1,36.0,994.17,72.7,464.47,0.683,1
2.8,43.8,1009.37,52.2,511.78,0.256,0
14.5,59.9,997.58,83.2,482.58,0.565,0
28.3,74.2,1008.88,89.6,447.44,0.81,1
10.4,27.4,1017.11,59.0,501.59,0.385,0
4.4,41.1,1006.49,57.0,521.89,0.272,0
10.7,33.1,1016.92,60.9,497.7,0.405,0
29.4,38.8,1008.72,34.3,467.54,0.56,0
22.5,46.7,1000.29,48.3,476.06,0.524,0
24.2,76.9,1024.99,70.4,462.54,0.657,1
19.2,69.4,995.47,51.2,481.56,0.489,0
36.4,57.3,1001.3,49.5,448.63,0.734,1
16.9,79.8,993.2,46.3,475.75,0.457,0
6.3,62.1,1000.35,84.5,504.61,0.437,0
23.9,50.4,1013.53,94.0,462.25,0.75,1
5.3,70.2,1023.78,93.9,492.23,0.488,0
30.0,54.3,995.79,52.5,463.3,0.648,1
18.4,57.2,1019.08,68.6,484.43,0.544,0
18.1,38.4,996.47,38.0,487.15,0.413,0
30.8,79.4,1020.16,32.8,453.03,0.598,0
18.4,69.0,1018.71,55.8,481.02,0.5,0
32.1,38.9,1007.71,32.5,465.5,0.586,0
32.8,54.0,1005.17,69.1,450.46,0.771,1
25.6,60.3,1016.48,41.3,472.86,0.536,0
29.9,29.8,1022.72,95.4,453.19,0.839,1
29.9,58.3,997.82,46.7,462.62,0.624,1
19.1,53.1,1018.17,81.8,474.41,0.624,1
6.9,51.5,997.48,54.6,503.33,0.326,0
22.6,42.6,1001.27,41.1,486.9,0.475,0
29.1,38.2,1015.78,72.1,466.06,0.712,1
19.2,62.3,1002.77,60.5,471.71,0.546,0
21.9,39.9,1001.41,68.1,475.22,0.599,0
4.3,29.9,999.14,89.2,512.36,0.419,0
20.8,63.5,1017.64,100.1,473.27,0.719,1
6.4,76.4,1029.17,71.0,496.92,0.399,0
18.1,36.5,995.21,29.1,489.73,0.372,0
31.4,49.7,1016.47,72.9,453.66,0.763,1
17.7,71.4,1026.81,84.1,477.88,0.612,1
36.4,70.2,1016.61,65.9,438.88,0.82,1
5.4,75.1,1011.1,51.4,506.12,0.292,0
15.7,68.6,1009.07,38.0,492.05,0.377,0
32.9,72.4,996.77,65.8,452.58,0.754,1
20.6,43.3,1015.54,60.3,476.7,0.551,0
35.6,29.3,1005.54,60.3,450.99,0.764,1
6.7,41.0,1011.84,92.1,496.64,0.487,0
6.4,58.7,992.14,84.1,503.12,0.439,0
35.9,52.4,1007.24,98.4,442.99,0.936,1
31.3,62.5,1003.7,83.4,445.26,0.822,1
2.7,32.4,1014.84,81.3,515.77,0.363,0
12.3,78.7,1016.75,78.6,484.52,0.519,0
16.6,75.9,1029.31,84.2,472.91,0.61,1
23.6,30.8,1021.18,90.5,474.11,0.709,1
36.8,77.6,1005.95,58.5,443.69,0.784,1
31.9,34.4,996.07,65.0,459.64,0.725,1
26.6,36.8,1003.21,63.0,475.11,0.629,1
9.6,44.9,1002.92,30.1,509.13,0.246,0
18.0,73.9,1007.72,41.2,480.83,0.438,0
24.9,53.3,1021.66,89.4,463.71,0.739,1
2.0,25.8,998.66,49.2,518.9,0.221,0
3.4,81.1,1027.17,80.5,505.22,0.389,0
31.4,60.8,1003.01,34.2,459.61,0.597,0
4.4,67.0,995.33,39.4,499.51,0.246,0
29.0,63.2,1028.97,91.9,456.25,0.809,1
18.7,42.1,1024.14,51.8,479.9,0.49,0
28.6,70.8,1019.83,84.4,458.16,0.771,1
21.7,67.7,1010.48,97.2,457.24,0.749,1
15.3,63.9,1031.76,96.4,479.3,0.632,1
11.6,72.8,1011.29,36.6,492.03,0.328,0
17.0,29.9,1009.21,76.0,485.52,0.557,0
7.2,71.9,1027.14,75.2,501.14,0.416,0
25.5,75.3,1003.38,50.9,467.31,0.585,0
19.1,68.2,1009.46,93.3,469.98,0.68,1
33.9,45.1,1007.11,97.9,445.93,0.906,1
26.2,47.0,1024.59,76.7,469.94,0.69,1
23.7,45.6,1012.05,45.8,474.97,0.53,0
11.8,39.5,1012.28,35.8,497.74,0.315,0
20.8,65.8,1024.07,43.0,479.79,0.477,0
19.2,34.1,1018.5,50.1,490.96,0.466,0
21.6,62.4,1022.29,59.3,474.88,0.56,0
32.7,38.7,1010.17,48.8,457.06,0.674,1
28.0,73.7,997.75,81.8,456.82,0.756,1
27.4,33.2,997.59,56.3,461.12,0.639,1
21.6,34.9,1011.08,96.8,476.27,0.708,1
24.0,68.8,1024.75,63.0,464.83,0.621,1
6.5,54.4,1031.29,61.5,504.69,0.347,0
6.0,62.9,1023.4,30.4,508.4,0.209,0
5.2,54.7,993.28,87.5,499.3,0.448,0
37.0,66.2,1000.73,67.0,438.77,0.83,1
35.8,45.0,1022.0,54.8,453.09,0.74,1
36.2,47.4,1015.6,69.5,452.59,0.804,1
12.1,75.5,1001.94,54.9,488.53,0.413,0
24.4,48.3,995.1,29.8,480.61,0.462,0
31.8,69.8,1001.04,83.1,446.77,0.823,1
12.4,76.1,1026.73,44.7,489.73,0.374,0
7.4,76.9,994.99,40.8,499.96,0.283,0
14.6,58.8,1026.08,55.9,486.69,0.448,0
15.5,35.2,1009.32,79.6,490.92,0.544,0
14.1,58.0,1029.26,93.3,481.69,0.602,1
4.2,63.9,1020.08,39.6,515.05,0.213,0
36.4,48.5,993.9,77.3,450.49,0.842,1
